<?xml version="1.0" encoding="UTF-8"?>
<Datasets xmlns="http://rs.tdwg.org/UBIF/2006/" xmlns:xsi="http://www.w3.org/2001/XMLSchema-instance" xsi:schemaLocation="http://rs.tdwg.org/UBIF/2006/ http://rs.tdwg.org/UBIF/2006/Schema/1.1/SDD.xsd">
  <TechnicalMetadata created="2014-12-08T01:23:22">
    <Generator name="KeyBase SDD export" version="0"/>
  </TechnicalMetadata>
  <Dataset xml:lang="en-au">
    <Representation>
      <Label xml:lang="en">Abutilon</Label>
    </Representation>
    <TaxonNames>
      <TaxonName id="i0">
        <Representation>
          <Label>Abutilon fraseri</Label>
        </Representation>
      </TaxonName>
      <TaxonName id="i1">
        <Representation>
          <Label>Abutilon otocarpum</Label>
        </Representation>
      </TaxonName>
      <TaxonName id="i2">
        <Representation>
          <Label>Abutilon oxycarpum</Label>
        </Representation>
      </TaxonName>
      <TaxonName id="i3">
        <Representation>
          <Label>Abutilon theophrasti</Label>
        </Representation>
      </TaxonName>
    </TaxonNames>
    <IdentificationKeys>
      <IdentificationKey id="k1">
        <Representation>
          <Label xml:lang="en">Abutilon</Label>
        </Representation>
        <Leads>
          <Lead id="k1l1">
            <Statement>Fruitlets more than 10, remaining attached basally or soon dissociating; plants upright or sprawling; leaves ovate to broadly ovate, never subsagittate at base</Statement>
          </Lead>
          <Lead id="k1l6">
            <Statement>Fruitlets 5–8, remaining attached basally; plants prostrate with leaves broadly ovate and sometimes 3–5-lobed, or erect twiggy herbs with narrowly ovate leaves with subsagittate bases</Statement>
            <TaxonName ref="i2"/>
          </Lead>
          <Lead id="k1l2">
            <Parent ref="k1l1"/>
            <Statement>Plants spreading or sprawling; leaves ovate to broadly ovate, to 8 cm long; stems with simple hairs longer than rest of indumentum; mericarps usually green or brown, less than 7 mm high, shorter than or subequal to calyx-lobes, not noticeably awned; adjacent mericarps adhering to each other for less than a quarter of their length</Statement>
          </Lead>
          <Lead id="k1l5">
            <Parent ref="k1l1"/>
            <Statement>Plants erect; leaves broadly ovate, to 18 cm long; stems lacking any simple hairs longer than rest of indumentum; mericarps black, c. 13 mm high, exceeding calyx-lobes, clearly awned apically; adjacent mericarps adhering to each other for over three-quarters of their length</Statement>
            <TaxonName ref="i3"/>
          </Lead>
          <Lead id="k1l3">
            <Parent ref="k1l2"/>
            <Statement>Calyx-lobes not keeled at base but with darker midline at apex of each lobe, not enclosing fruit; calyx campanulate in open flower; mericarps rounded at point of basal attachment to columella</Statement>
            <TaxonName ref="i0"/>
          </Lead>
          <Lead id="k1l4">
            <Parent ref="k1l2"/>
            <Statement>Calyx-lobes distinctly keeled at base, without darker midline at apex of each lobe, enclosing fruit; calyx urceolate in open flower; mericarps notched at point of basal attachment to columella</Statement>
            <TaxonName ref="i1"/>
          </Lead>
        </Leads>
      </IdentificationKey>
    </IdentificationKeys>
  </Dataset>
</Datasets>
