<?xml version="1.0" encoding="UTF-8"?>
<Datasets xmlns="http://rs.tdwg.org/UBIF/2006/" xmlns:xsi="http://www.w3.org/2001/XMLSchema-instance" xsi:schemaLocation="http://rs.tdwg.org/UBIF/2006/ http://rs.tdwg.org/UBIF/2006/Schema/1.1/SDD.xsd">
  <TechnicalMetadata created="2014-12-08T01:23:25">
    <Generator name="KeyBase SDD export" version="0"/>
  </TechnicalMetadata>
  <Dataset xml:lang="en-au">
    <Representation>
      <Label xml:lang="en">Acacia longifolia</Label>
    </Representation>
    <TaxonNames>
      <TaxonName id="i0">
        <Representation>
          <Label>Acacia longifolia var. longifolia</Label>
        </Representation>
      </TaxonName>
      <TaxonName id="i1">
        <Representation>
          <Label>Acacia longifolia var. sophorae</Label>
        </Representation>
      </TaxonName>
    </TaxonNames>
    <IdentificationKeys>
      <IdentificationKey id="k1">
        <Representation>
          <Label xml:lang="en">Acacia longifolia</Label>
        </Representation>
        <Leads>
          <Lead id="k1l1">
            <Statement>Phyllodes 5–20 cm long, 5–15 mm wide, more than 7 times as long as broad, mostly thin and pliable, mostly dark-green; pods mostly straight; near-coastal and hinterland</Statement>
            <TaxonName ref="i0"/>
          </Lead>
          <Lead id="k1l2">
            <Statement>Phyllodes 5–12 cm long, 10–30 mm wide, less than 5 times as long as broad, often thick and sometimes fleshy, usually yellow-green; pods mostly coiled or contorted; mostly coastal</Statement>
            <TaxonName ref="i1"/>
          </Lead>
        </Leads>
      </IdentificationKey>
    </IdentificationKeys>
  </Dataset>
</Datasets>
