<?xml version="1.0" encoding="UTF-8"?>
<Datasets xmlns="http://rs.tdwg.org/UBIF/2006/" xmlns:xsi="http://www.w3.org/2001/XMLSchema-instance" xsi:schemaLocation="http://rs.tdwg.org/UBIF/2006/ http://rs.tdwg.org/UBIF/2006/Schema/1.1/SDD.xsd">
  <TechnicalMetadata created="2014-12-08T01:23:25">
    <Generator name="KeyBase SDD export" version="0"/>
  </TechnicalMetadata>
  <Dataset xml:lang="en-au">
    <Representation>
      <Label xml:lang="en">Acacia</Label>
    </Representation>
    <TaxonNames>
      <TaxonName id="i0">
        <Representation>
          <Label>Acacia acanthoclada</Label>
        </Representation>
      </TaxonName>
      <TaxonName id="i1">
        <Representation>
          <Label>Acacia acinacea</Label>
        </Representation>
      </TaxonName>
      <TaxonName id="i2">
        <Representation>
          <Label>Acacia aculeatissima</Label>
        </Representation>
      </TaxonName>
      <TaxonName id="i3">
        <Representation>
          <Label>Acacia alpina</Label>
        </Representation>
      </TaxonName>
      <TaxonName id="i4">
        <Representation>
          <Label>Acacia amoena</Label>
        </Representation>
      </TaxonName>
      <TaxonName id="i5">
        <Representation>
          <Label>Acacia ancistrophylla</Label>
        </Representation>
      </TaxonName>
      <TaxonName id="i6">
        <Representation>
          <Label>Acacia argyrophylla</Label>
        </Representation>
      </TaxonName>
      <TaxonName id="i7">
        <Representation>
          <Label>Acacia aspera</Label>
        </Representation>
      </TaxonName>
      <TaxonName id="i8">
        <Representation>
          <Label>Acacia ausfeldii</Label>
        </Representation>
      </TaxonName>
      <TaxonName id="i9">
        <Representation>
          <Label>Acacia baileyana</Label>
        </Representation>
      </TaxonName>
      <TaxonName id="i10">
        <Representation>
          <Label>Acacia binervia</Label>
        </Representation>
      </TaxonName>
      <TaxonName id="i11">
        <Representation>
          <Label>Acacia boormanii</Label>
        </Representation>
      </TaxonName>
      <TaxonName id="i12">
        <Representation>
          <Label>Acacia brachybotrya</Label>
        </Representation>
      </TaxonName>
      <TaxonName id="i13">
        <Representation>
          <Label>Acacia brownii</Label>
        </Representation>
      </TaxonName>
      <TaxonName id="i14">
        <Representation>
          <Label>Acacia buxifolia</Label>
        </Representation>
      </TaxonName>
      <TaxonName id="i15">
        <Representation>
          <Label>Acacia caerulescens</Label>
        </Representation>
      </TaxonName>
      <TaxonName id="i16">
        <Representation>
          <Label>Acacia calamifolia</Label>
        </Representation>
      </TaxonName>
      <TaxonName id="i17">
        <Representation>
          <Label>Acacia cardiophylla</Label>
        </Representation>
      </TaxonName>
      <TaxonName id="i18">
        <Representation>
          <Label>Acacia cognata</Label>
        </Representation>
      </TaxonName>
      <TaxonName id="i19">
        <Representation>
          <Label>Acacia colletioides</Label>
        </Representation>
      </TaxonName>
      <TaxonName id="i20">
        <Representation>
          <Label>Acacia cupularis</Label>
        </Representation>
      </TaxonName>
      <TaxonName id="i21">
        <Representation>
          <Label>Acacia cyclops</Label>
        </Representation>
      </TaxonName>
      <TaxonName id="i22">
        <Representation>
          <Label>Acacia dallachiana</Label>
        </Representation>
      </TaxonName>
      <TaxonName id="i23">
        <Representation>
          <Label>Acacia dawsonii</Label>
        </Representation>
      </TaxonName>
      <TaxonName id="i24">
        <Representation>
          <Label>Acacia dealbata</Label>
        </Representation>
      </TaxonName>
      <TaxonName id="i25">
        <Representation>
          <Label>Acacia deanei</Label>
        </Representation>
      </TaxonName>
      <TaxonName id="i26">
        <Representation>
          <Label>Acacia decora</Label>
        </Representation>
      </TaxonName>
      <TaxonName id="i27">
        <Representation>
          <Label>Acacia decurrens</Label>
        </Representation>
      </TaxonName>
      <TaxonName id="i28">
        <Representation>
          <Label>Acacia difformis</Label>
        </Representation>
      </TaxonName>
      <TaxonName id="i29">
        <Representation>
          <Label>Acacia dodonaeifolia</Label>
        </Representation>
      </TaxonName>
      <TaxonName id="i30">
        <Representation>
          <Label>Acacia doratoxylon</Label>
        </Representation>
      </TaxonName>
      <TaxonName id="i31">
        <Representation>
          <Label>Acacia elata</Label>
        </Representation>
      </TaxonName>
      <TaxonName id="i32">
        <Representation>
          <Label>Acacia elongata</Label>
        </Representation>
      </TaxonName>
      <TaxonName id="i33">
        <Representation>
          <Label>Acacia enterocarpa</Label>
        </Representation>
      </TaxonName>
      <TaxonName id="i34">
        <Representation>
          <Label>Acacia falciformis</Label>
        </Representation>
      </TaxonName>
      <TaxonName id="i35">
        <Representation>
          <Label>Acacia farinosa</Label>
        </Representation>
      </TaxonName>
      <TaxonName id="i36">
        <Representation>
          <Label>Acacia flexifolia</Label>
        </Representation>
      </TaxonName>
      <TaxonName id="i37">
        <Representation>
          <Label>Acacia floribunda</Label>
        </Representation>
      </TaxonName>
      <TaxonName id="i38">
        <Representation>
          <Label>Acacia frigescens</Label>
        </Representation>
      </TaxonName>
      <TaxonName id="i39">
        <Representation>
          <Label>Acacia genistifolia</Label>
        </Representation>
      </TaxonName>
      <TaxonName id="i40">
        <Representation>
          <Label>Acacia glandulicarpa</Label>
        </Representation>
      </TaxonName>
      <TaxonName id="i41">
        <Representation>
          <Label>Acacia gunnii</Label>
        </Representation>
      </TaxonName>
      <TaxonName id="i42">
        <Representation>
          <Label>Acacia hakeoides</Label>
        </Representation>
      </TaxonName>
      <TaxonName id="i43">
        <Representation>
          <Label>Acacia halliana</Label>
        </Representation>
      </TaxonName>
      <TaxonName id="i44">
        <Representation>
          <Label>Acacia havilandiorum</Label>
        </Representation>
      </TaxonName>
      <TaxonName id="i45">
        <Representation>
          <Label>Acacia howittii</Label>
        </Representation>
      </TaxonName>
      <TaxonName id="i46">
        <Representation>
          <Label>Acacia implexa</Label>
        </Representation>
      </TaxonName>
      <TaxonName id="i47">
        <Representation>
          <Label>Acacia irrorata</Label>
        </Representation>
      </TaxonName>
      <TaxonName id="i48">
        <Representation>
          <Label>Acacia kettlewelliae</Label>
        </Representation>
      </TaxonName>
      <TaxonName id="i49">
        <Representation>
          <Label>Acacia kybeanensis</Label>
        </Representation>
      </TaxonName>
      <TaxonName id="i50">
        <Representation>
          <Label>Acacia lanigera</Label>
        </Representation>
      </TaxonName>
      <TaxonName id="i51">
        <Representation>
          <Label>Acacia leprosa</Label>
        </Representation>
      </TaxonName>
      <TaxonName id="i52">
        <Representation>
          <Label>Acacia ligulata</Label>
        </Representation>
      </TaxonName>
      <TaxonName id="i53">
        <Representation>
          <Label>Acacia lineata</Label>
        </Representation>
      </TaxonName>
      <TaxonName id="i54">
        <Representation>
          <Label>Acacia loderi</Label>
        </Representation>
      </TaxonName>
      <TaxonName id="i55">
        <Representation>
          <Label>Acacia longifolia</Label>
        </Representation>
      </TaxonName>
      <TaxonName id="i56">
        <Representation>
          <Label>Acacia lucasii</Label>
        </Representation>
      </TaxonName>
      <TaxonName id="i57">
        <Representation>
          <Label>Acacia maidenii</Label>
        </Representation>
      </TaxonName>
      <TaxonName id="i58">
        <Representation>
          <Label>Acacia mearnsii</Label>
        </Representation>
      </TaxonName>
      <TaxonName id="i59">
        <Representation>
          <Label>Acacia melanoxylon</Label>
        </Representation>
      </TaxonName>
      <TaxonName id="i60">
        <Representation>
          <Label>Acacia melvillei</Label>
        </Representation>
      </TaxonName>
      <TaxonName id="i61">
        <Representation>
          <Label>Acacia microcarpa</Label>
        </Representation>
      </TaxonName>
      <TaxonName id="i62">
        <Representation>
          <Label>Acacia mitchellii</Label>
        </Representation>
      </TaxonName>
      <TaxonName id="i63">
        <Representation>
          <Label>Acacia montana</Label>
        </Representation>
      </TaxonName>
      <TaxonName id="i64">
        <Representation>
          <Label>Acacia mucronata</Label>
        </Representation>
      </TaxonName>
      <TaxonName id="i65">
        <Representation>
          <Label>Acacia myrtifolia</Label>
        </Representation>
      </TaxonName>
      <TaxonName id="i66">
        <Representation>
          <Label>Acacia nanodealbata</Label>
        </Representation>
      </TaxonName>
      <TaxonName id="i67">
        <Representation>
          <Label>Acacia notabilis</Label>
        </Representation>
      </TaxonName>
      <TaxonName id="i68">
        <Representation>
          <Label>Acacia nyssophylla</Label>
        </Representation>
      </TaxonName>
      <TaxonName id="i69">
        <Representation>
          <Label>Acacia obliquinervia</Label>
        </Representation>
      </TaxonName>
      <TaxonName id="i70">
        <Representation>
          <Label>Acacia obtusifolia</Label>
        </Representation>
      </TaxonName>
      <TaxonName id="i71">
        <Representation>
          <Label>Acacia omalophylla</Label>
        </Representation>
      </TaxonName>
      <TaxonName id="i72">
        <Representation>
          <Label>Acacia oswaldii</Label>
        </Representation>
      </TaxonName>
      <TaxonName id="i73">
        <Representation>
          <Label>Acacia oxycedrus</Label>
        </Representation>
      </TaxonName>
      <TaxonName id="i74">
        <Representation>
          <Label>Acacia paradoxa</Label>
        </Representation>
      </TaxonName>
      <TaxonName id="i75">
        <Representation>
          <Label>Acacia pendula</Label>
        </Representation>
      </TaxonName>
      <TaxonName id="i76">
        <Representation>
          <Label>Acacia penninervis</Label>
        </Representation>
      </TaxonName>
      <TaxonName id="i77">
        <Representation>
          <Label>Acacia phasmoides</Label>
        </Representation>
      </TaxonName>
      <TaxonName id="i78">
        <Representation>
          <Label>Acacia phlebophylla</Label>
        </Representation>
      </TaxonName>
      <TaxonName id="i79">
        <Representation>
          <Label>Acacia pravissima</Label>
        </Representation>
      </TaxonName>
      <TaxonName id="i80">
        <Representation>
          <Label>Acacia prominens</Label>
        </Representation>
      </TaxonName>
      <TaxonName id="i81">
        <Representation>
          <Label>Acacia pycnantha</Label>
        </Representation>
      </TaxonName>
      <TaxonName id="i82">
        <Representation>
          <Label>Acacia retinodes</Label>
        </Representation>
      </TaxonName>
      <TaxonName id="i83">
        <Representation>
          <Label>Acacia rigens</Label>
        </Representation>
      </TaxonName>
      <TaxonName id="i84">
        <Representation>
          <Label>Acacia rubida</Label>
        </Representation>
      </TaxonName>
      <TaxonName id="i85">
        <Representation>
          <Label>Acacia rupicola</Label>
        </Representation>
      </TaxonName>
      <TaxonName id="i86">
        <Representation>
          <Label>Acacia salicina</Label>
        </Representation>
      </TaxonName>
      <TaxonName id="i87">
        <Representation>
          <Label>Acacia saligna</Label>
        </Representation>
      </TaxonName>
      <TaxonName id="i88">
        <Representation>
          <Label>Acacia sclerophylla</Label>
        </Representation>
      </TaxonName>
      <TaxonName id="i89">
        <Representation>
          <Label>Acacia siculiformis</Label>
        </Representation>
      </TaxonName>
      <TaxonName id="i90">
        <Representation>
          <Label>Acacia silvestris</Label>
        </Representation>
      </TaxonName>
      <TaxonName id="i91">
        <Representation>
          <Label>Acacia spinescens</Label>
        </Representation>
      </TaxonName>
      <TaxonName id="i92">
        <Representation>
          <Label>Acacia stenophylla</Label>
        </Representation>
      </TaxonName>
      <TaxonName id="i93">
        <Representation>
          <Label>Acacia stricta</Label>
        </Representation>
      </TaxonName>
      <TaxonName id="i94">
        <Representation>
          <Label>Acacia suaveolens</Label>
        </Representation>
      </TaxonName>
      <TaxonName id="i95">
        <Representation>
          <Label>Acacia subporosa</Label>
        </Representation>
      </TaxonName>
      <TaxonName id="i96">
        <Representation>
          <Label>Acacia subtilinervis</Label>
        </Representation>
      </TaxonName>
      <TaxonName id="i97">
        <Representation>
          <Label>Acacia terminalis</Label>
        </Representation>
      </TaxonName>
      <TaxonName id="i98">
        <Representation>
          <Label>Acacia trineura</Label>
        </Representation>
      </TaxonName>
      <TaxonName id="i99">
        <Representation>
          <Label>Acacia triptera</Label>
        </Representation>
      </TaxonName>
      <TaxonName id="i100">
        <Representation>
          <Label>Acacia ulicifolia</Label>
        </Representation>
      </TaxonName>
      <TaxonName id="i101">
        <Representation>
          <Label>Acacia verniciflua</Label>
        </Representation>
      </TaxonName>
      <TaxonName id="i102">
        <Representation>
          <Label>Acacia verticillata</Label>
        </Representation>
      </TaxonName>
      <TaxonName id="i103">
        <Representation>
          <Label>Acacia victoriae</Label>
        </Representation>
      </TaxonName>
      <TaxonName id="i104">
        <Representation>
          <Label>Acacia wilhelmiana</Label>
        </Representation>
      </TaxonName>
      <TaxonName id="i105">
        <Representation>
          <Label>Acacia williamsonii</Label>
        </Representation>
      </TaxonName>
      <TaxonName id="i106">
        <Representation>
          <Label>Acacia Ã—grayana</Label>
        </Representation>
      </TaxonName>
    </TaxonNames>
    <IdentificationKeys>
      <IdentificationKey id="k1">
        <Representation>
          <Label xml:lang="en">Acacia</Label>
        </Representation>
        <Leads>
          <Lead id="k1l1">
            <Statement>Mature leaves modified into phyllodes (either flat, spiny or needle-like) or absent</Statement>
          </Lead>
          <Lead id="k1l224">
            <Statement>Mature leaves bipinnate</Statement>
          </Lead>
          <Lead id="k1l2">
            <Parent ref="k1l1"/>
            <Statement>Flowers in globular (rarely obloid) heads</Statement>
          </Lead>
          <Lead id="k1l195">
            <Parent ref="k1l1"/>
            <Statement>Flowers in cylindric spikes</Statement>
          </Lead>
          <Lead id="k1l3">
            <Parent ref="k1l2"/>
            <Statement>Phyllodes with more than 1 main vein or veins obscure</Statement>
          </Lead>
          <Lead id="k1l70">
            <Parent ref="k1l2"/>
            <Statement>Phyllodes with 1 main vein per face (if 4-angled in cross-section then 4-veined overall)</Statement>
          </Lead>
          <Lead id="k1l4">
            <Parent ref="k1l3"/>
            <Statement>Flower heads in a raceme</Statement>
          </Lead>
          <Lead id="k1l31">
            <Parent ref="k1l3"/>
            <Statement>Flower heads on axillary peduncles or at least appearing so (rachis not more than 1 mm long)</Statement>
          </Lead>
          <Lead id="k1l5">
            <Parent ref="k1l4"/>
            <Statement>Phyllodes not triangular, more than 2 cm long</Statement>
          </Lead>
          <Lead id="k1l30">
            <Parent ref="k1l4"/>
            <Statement>Phyllodes triangular, less than 2 cm long</Statement>
            <TaxonName ref="i79"/>
          </Lead>
          <Lead id="k1l6">
            <Parent ref="k1l5"/>
            <Statement>Phyllodes pinnately veined with 2 main longitudinal veins (in A. difformis one is weaker and merges with the upper margin)</Statement>
          </Lead>
          <Lead id="k1l9">
            <Parent ref="k1l5"/>
            <Statement>Phyllodes with longitudinal veins, with or without anastomosing veins between them</Statement>
          </Lead>
          <Lead id="k1l7">
            <Parent ref="k1l6"/>
            <Statement>Flower heads in raceme with rachis 10–60 mm long; phyllodes dull, apex obtuse</Statement>
            <TaxonName ref="i28"/>
          </Lead>
          <Lead id="k1l8">
            <Parent ref="k1l6"/>
            <Statement>Flower heads on axillary peduncles or in short raceme with rachis to 3 mm long; phyllodes often shiny, apex acute to mucronate</Statement>
            <TaxonName ref="i101"/>
          </Lead>
          <Lead id="k1l10">
            <Parent ref="k1l9"/>
            <Statement>Phyllodes less than 5 (rarely to 10) mm wide, more than 25 times as long as wide (or if slightly stouter then always less than 4 mm wide)</Statement>
          </Lead>
          <Lead id="k1l13">
            <Parent ref="k1l9"/>
            <Statement>Phyllodes more than 4 mm wide, less than 25 times as long as wide</Statement>
          </Lead>
          <Lead id="k1l11">
            <Parent ref="k1l10"/>
            <Statement>Phyllodes less than 14 cm long</Statement>
            <TaxonName ref="i32"/>
          </Lead>
          <Lead id="k1l12">
            <Parent ref="k1l10"/>
            <Statement>Phyllodes more than 14 cm long; Murray River floodplain in north-west</Statement>
            <TaxonName ref="i92"/>
          </Lead>
          <Lead id="k1l14">
            <Parent ref="k1l13"/>
            <Statement>Phyllodes with anastomosing veins</Statement>
          </Lead>
          <Lead id="k1l25">
            <Parent ref="k1l13"/>
            <Statement>Phyllodes with non-anastomosing veins or veins obscure</Statement>
          </Lead>
          <Lead id="k1l15">
            <Parent ref="k1l14"/>
            <Statement>Phyllodes 3–11 cm long, 3–11 mm wide; peduncles 1–5 mm long (inflorescence spike-like)</Statement>
          </Lead>
          <Lead id="k1l18">
            <Parent ref="k1l14"/>
            <Statement>Phyllodes 4–20 cm long, 6–50 mm wide; peduncles 4.5–16 mm long</Statement>
          </Lead>
          <Lead id="k1l16">
            <Parent ref="k1l15"/>
            <Statement>Phyllodes linear; branchlets minutely pubescent between ridges only; north-east and far east Victoria</Statement>
            <TaxonName ref="i23"/>
          </Lead>
          <Lead id="k1l17">
            <Parent ref="k1l15"/>
            <Statement>Phyllodes obovate to oblanceolate; branchlets minutely pubescent on and between ridges; north-west Victoria</Statement>
            <TaxonName ref="i98"/>
          </Lead>
          <Lead id="k1l19">
            <Parent ref="k1l18"/>
            <Statement>Peduncles glabrous or with resin cells and sometimes scattered hairs; funicle, if restricted to apex of seed, looped only 1 or 2 times; phyllodes less than 25 mm wide</Statement>
          </Lead>
          <Lead id="k1l24">
            <Parent ref="k1l18"/>
            <Statement>Peduncles white pubescent; funicle in 3 loops over apex of seed; phyllodes more than 15 mm wide</Statement>
            <TaxonName ref="i38"/>
          </Lead>
          <Lead id="k1l20">
            <Parent ref="k1l19"/>
            <Statement>Funicle red, looped twice around entire seed; flowering mostly Aug.-Oct.; leaves straight to slightly curved, rarely strongly falcate, usually broadest near or above centre</Statement>
          </Lead>
          <Lead id="k1l23">
            <Parent ref="k1l19"/>
            <Statement>Funicle white, looped 1 or 2 times around apex of seed; flowering Dec.-Mar.; leaves usually falcate, mostly broadest near or below centre</Statement>
            <TaxonName ref="i46"/>
          </Lead>
          <Lead id="k1l21">
            <Parent ref="k1l20"/>
            <Statement>Phyllodes 4–12 mm wide, lateral veins somewhat obscure; peduncles glabrous; coastal only</Statement>
            <TaxonName ref="i21"/>
          </Lead>
          <Lead id="k1l22">
            <Parent ref="k1l20"/>
            <Statement>Phyllodes 6–25 wide, lateral veins prominent; peduncles scurfy with resin cells and sometimes hairs</Statement>
            <TaxonName ref="i59"/>
          </Lead>
          <Lead id="k1l26">
            <Parent ref="k1l25"/>
            <Statement>Pods less than 6 mm wide, seed transverse; phyllodes covered with minute hairs (difficult to see even with hand lens); flower heads up to 5 mm diam</Statement>
          </Lead>
          <Lead id="k1l29">
            <Parent ref="k1l25"/>
            <Statement>Pods more than 8 mm wide, seed longitudinal; phyllodes glabrous or with a few minute hairs towards base; flower heads 5–8 mm diam</Statement>
            <TaxonName ref="i71"/>
          </Lead>
          <Lead id="k1l27">
            <Parent ref="k1l26"/>
            <Statement>Pod thin and almost papery, not winged; flowers 25–50 per head; phyllodes usually rigid, always with spaces between hairs</Statement>
            <TaxonName ref="i60"/>
          </Lead>
          <Lead id="k1l28">
            <Parent ref="k1l26"/>
            <Statement>Pod thick and almost woody, margin with 2–3 mm wing; flowers 12–25 per head; phyllodes usually flexible, with dense cover of hairs</Statement>
            <TaxonName ref="i75"/>
          </Lead>
          <Lead id="k1l32">
            <Parent ref="k1l31"/>
            <Statement>Phyllodes alternate</Statement>
          </Lead>
          <Lead id="k1l69">
            <Parent ref="k1l31"/>
            <Statement>Phyllodes in whorls or fascicles</Statement>
            <TaxonName ref="i102"/>
          </Lead>
          <Lead id="k1l33">
            <Parent ref="k1l32"/>
            <Statement>Phyllodes flattened, with anastomosing veins</Statement>
          </Lead>
          <Lead id="k1l52">
            <Parent ref="k1l32"/>
            <Statement>Phyllodes flattened or terete, with non-anastomosing veins</Statement>
          </Lead>
          <Lead id="k1l34">
            <Parent ref="k1l33"/>
            <Statement>Phyllodes usually pungent; pods covered in minute or long hairs</Statement>
          </Lead>
          <Lead id="k1l37">
            <Parent ref="k1l33"/>
            <Statement>Phyllodes not pungent (but may have a hardened mucro); pods glabrous, or if hairy then phyllodes with obtuse apex</Statement>
          </Lead>
          <Lead id="k1l35">
            <Parent ref="k1l34"/>
            <Statement>Flower heads bright yellow, with 20–30 flowers per head; peduncles 2–9 mm long</Statement>
            <TaxonName ref="i50"/>
          </Lead>
          <Lead id="k1l36">
            <Parent ref="k1l34"/>
            <Statement>Flower heads pale yellow, with 8–15 flowers per head; peduncles less than 1 mm long</Statement>
            <TaxonName ref="i72"/>
          </Lead>
          <Lead id="k1l38">
            <Parent ref="k1l37"/>
            <Statement>Phyllodes dotted with oil glands (resinous-punctate)</Statement>
          </Lead>
          <Lead id="k1l43">
            <Parent ref="k1l37"/>
            <Statement>Phyllodes not dotted with oil glands, but sometimes viscid</Statement>
          </Lead>
          <Lead id="k1l39">
            <Parent ref="k1l38"/>
            <Statement>Phyllodes with 2–5 main veins; flowers pale lemon-yellow, 10–25 per head; East Gippsland only</Statement>
          </Lead>
          <Lead id="k1l42">
            <Parent ref="k1l38"/>
            <Statement>Phyllodes with 2 main veins; flowers creamy-yellow to golden, 30–60 per head; widespread</Statement>
            <TaxonName ref="i51"/>
          </Lead>
          <Lead id="k1l40">
            <Parent ref="k1l39"/>
            <Statement>Phyllodes less than 4 mm wide; heads with 10–17 flowers</Statement>
            <TaxonName ref="i18"/>
          </Lead>
          <Lead id="k1l41">
            <Parent ref="k1l39"/>
            <Statement>Phyllodes 4–11 mm wide; heads with 20–25 flowers</Statement>
            <TaxonName ref="i95"/>
          </Lead>
          <Lead id="k1l44">
            <Parent ref="k1l43"/>
            <Statement>Peduncles glabrous or pubescent</Statement>
          </Lead>
          <Lead id="k1l51">
            <Parent ref="k1l43"/>
            <Statement>Peduncles densely tomentose; south-west Victoria only</Statement>
            <TaxonName ref="i101"/>
          </Lead>
          <Lead id="k1l45">
            <Parent ref="k1l44"/>
            <Statement>Branchlets not viscid</Statement>
          </Lead>
          <Lead id="k1l50">
            <Parent ref="k1l44"/>
            <Statement>Branchlets viscid</Statement>
            <TaxonName ref="i63"/>
          </Lead>
          <Lead id="k1l46">
            <Parent ref="k1l45"/>
            <Statement>Inflorescence globular, c. 3–4 mm diam</Statement>
          </Lead>
          <Lead id="k1l49">
            <Parent ref="k1l45"/>
            <Statement>Inflorescence cylindric to obloid, up to 15 mm long; alpine and subalpine areas</Statement>
            <TaxonName ref="i3"/>
          </Lead>
          <Lead id="k1l47">
            <Parent ref="k1l46"/>
            <Statement>Phyllodes oblanceolate, 2–7 cm long, branchlets mostly glabrous (with minute hairs only at nodes); western Victoria</Statement>
            <TaxonName ref="i35"/>
          </Lead>
          <Lead id="k1l48">
            <Parent ref="k1l46"/>
            <Statement>Phyllodes elliptic to lanceolate, less than 3 cm long, branchlets with pubescent ribs; eastern Victoria</Statement>
            <TaxonName ref="i45"/>
          </Lead>
          <Lead id="k1l53">
            <Parent ref="k1l52"/>
            <Statement>Phyllodes 3–14 cm long, not pungent, narrow-linear to needle-like</Statement>
          </Lead>
          <Lead id="k1l58">
            <Parent ref="k1l52"/>
            <Statement>Phyllodes 1–5 cm long, if not pungent then either sigmoid or flattened and stiff</Statement>
          </Lead>
          <Lead id="k1l54">
            <Parent ref="k1l53"/>
            <Statement>Branchlets ribbed and minutely pubescent; phyllodes usually minutely pubescent</Statement>
          </Lead>
          <Lead id="k1l57">
            <Parent ref="k1l53"/>
            <Statement>Branchlets terete and glabrous; phyllodes glabrous</Statement>
            <TaxonName ref="i44"/>
          </Lead>
          <Lead id="k1l55">
            <Parent ref="k1l54"/>
            <Statement>Branchlets without yellow ridges</Statement>
            <TaxonName ref="i54"/>
          </Lead>
          <Lead id="k1l56">
            <Parent ref="k1l54"/>
            <Statement>Branchlet ridges yellowish</Statement>
            <TaxonName ref="i83"/>
          </Lead>
          <Lead id="k1l59">
            <Parent ref="k1l58"/>
            <Statement>Phyllodes not pungent</Statement>
          </Lead>
          <Lead id="k1l62">
            <Parent ref="k1l58"/>
            <Statement>Phyllodes pungent</Statement>
          </Lead>
          <Lead id="k1l60">
            <Parent ref="k1l59"/>
            <Statement>Phyllodes linear-oblanceolate, straight or slightly curved; peduncles glabrous</Statement>
            <TaxonName ref="i88"/>
          </Lead>
          <Lead id="k1l61">
            <Parent ref="k1l59"/>
            <Statement>Phyllodes linear to oblong-elliptic, more or less sigmoid; peduncles minutely hairy</Statement>
            <TaxonName ref="i104"/>
          </Lead>
          <Lead id="k1l63">
            <Parent ref="k1l62"/>
            <Statement>Phyllodes and branches not roughened</Statement>
          </Lead>
          <Lead id="k1l68">
            <Parent ref="k1l62"/>
            <Statement>Phyllodes and branches roughened</Statement>
            <TaxonName ref="i33"/>
          </Lead>
          <Lead id="k1l64">
            <Parent ref="k1l63"/>
            <Statement>Phyllodes more or less terete or slightly compressed</Statement>
          </Lead>
          <Lead id="k1l67">
            <Parent ref="k1l63"/>
            <Statement>Phyllodes flat (sometimes thick, but not terete)</Statement>
            <TaxonName ref="i5"/>
          </Lead>
          <Lead id="k1l65">
            <Parent ref="k1l64"/>
            <Statement>Phyllodes with 8 strongly raised veins, gland on basal swelling</Statement>
            <TaxonName ref="i19"/>
          </Lead>
          <Lead id="k1l66">
            <Parent ref="k1l64"/>
            <Statement>Phyllodes with c. 20 hardly raised veins, gland 2–7 mm above pulvinus</Statement>
            <TaxonName ref="i68"/>
          </Lead>
          <Lead id="k1l71">
            <Parent ref="k1l70"/>
            <Statement>Flower heads on axillary peduncles or at least appearing so (rachis not more than 1 mm long)</Statement>
          </Lead>
          <Lead id="k1l126">
            <Parent ref="k1l70"/>
            <Statement>Flower heads in a raceme</Statement>
          </Lead>
          <Lead id="k1l72">
            <Parent ref="k1l71"/>
            <Statement>Phyllodes alternate</Statement>
          </Lead>
          <Lead id="k1l125">
            <Parent ref="k1l71"/>
            <Statement>Phyllodes in whorls or fascicles</Statement>
            <TaxonName ref="i102"/>
          </Lead>
          <Lead id="k1l73">
            <Parent ref="k1l72"/>
            <Statement>Phyllodes 4-angled in cross-section or terete, pungent or with hardened mucro</Statement>
          </Lead>
          <Lead id="k1l84">
            <Parent ref="k1l72"/>
            <Statement>Phyllodes flat, pungent or not (in A. calamifolia the phyllodes may be terete but the tip is always non-pungent and curved)</Statement>
          </Lead>
          <Lead id="k1l74">
            <Parent ref="k1l73"/>
            <Statement>Phyllodes 0.5–2.5 cm long, 0.5–1.5 mm wide; flowers 4- or 5-merous</Statement>
          </Lead>
          <Lead id="k1l79">
            <Parent ref="k1l73"/>
            <Statement>Phyllodes 0.5–11 cm long, 1–3 mm wide; flowers 4-merous</Statement>
          </Lead>
          <Lead id="k1l75">
            <Parent ref="k1l74"/>
            <Statement>Phyllodes not reflexed; flowers 5-merou</Statement>
          </Lead>
          <Lead id="k1l78">
            <Parent ref="k1l74"/>
            <Statement>At least some phyllodes reflexed; flowers 4-merous</Statement>
            <TaxonName ref="i2"/>
          </Lead>
          <Lead id="k1l76">
            <Parent ref="k1l75"/>
            <Statement>Phyllodes not broadening at base (without ?gland-angle?), often distant; stipules usually less than 1 mm long, often deciduous; flowers golden</Statement>
            <TaxonName ref="i13"/>
          </Lead>
          <Lead id="k1l77">
            <Parent ref="k1l75"/>
            <Statement>Phyllodes broader at base, often crowded; stipules usually more than 1 mm long, persistent; flowers creamy-yellow</Statement>
            <TaxonName ref="i100"/>
          </Lead>
          <Lead id="k1l80">
            <Parent ref="k1l79"/>
            <Statement>Branchlets and phyllodes not viscid</Statement>
          </Lead>
          <Lead id="k1l83">
            <Parent ref="k1l79"/>
            <Statement>Branchlets and phyllodes viscid</Statement>
            <TaxonName ref="i85"/>
          </Lead>
          <Lead id="k1l81">
            <Parent ref="k1l80"/>
            <Statement>Phyllodes less than 4 cm long (rarely to 8 cm); widespread but not in Pine Mountain area</Statement>
            <TaxonName ref="i39"/>
          </Lead>
          <Lead id="k1l82">
            <Parent ref="k1l80"/>
            <Statement>Phyllodes more than 4 cm long; restricted to Pine Mountain</Statement>
            <TaxonName ref="i77"/>
          </Lead>
          <Lead id="k1l85">
            <Parent ref="k1l84"/>
            <Statement>Phyllodes not pungent (but may have hardened mucro)</Statement>
          </Lead>
          <Lead id="k1l124">
            <Parent ref="k1l84"/>
            <Statement>Phyllodes pungent; north-eastern Victoria only</Statement>
            <TaxonName ref="i89"/>
          </Lead>
          <Lead id="k1l86">
            <Parent ref="k1l85"/>
            <Statement>Branchlets spinescent</Statement>
          </Lead>
          <Lead id="k1l89">
            <Parent ref="k1l85"/>
            <Statement>Branchlets not spinescent</Statement>
          </Lead>
          <Lead id="k1l87">
            <Parent ref="k1l86"/>
            <Statement>Phyllodes always present; peduncles 5–15 mm long</Statement>
            <TaxonName ref="i0"/>
          </Lead>
          <Lead id="k1l88">
            <Parent ref="k1l86"/>
            <Statement>Phyllodes almost always absent; flower heads usually sessile (peduncles rarely to 6 mm long)</Statement>
            <TaxonName ref="i91"/>
          </Lead>
          <Lead id="k1l90">
            <Parent ref="k1l89"/>
            <Statement>Phyllodes with lateral veins obscure or sparse and diverging widely from midrib; branchlets with or without resin-ribs</Statement>
          </Lead>
          <Lead id="k1l123">
            <Parent ref="k1l89"/>
            <Statement>Phyllodes with numerous, closely spaced lateral veins making small angle with midrib; smaller branchlets with prominent yellowish resin-ribs</Statement>
            <TaxonName ref="i93"/>
          </Lead>
          <Lead id="k1l91">
            <Parent ref="k1l90"/>
            <Statement>Young branchlets and phyllodes viscid</Statement>
          </Lead>
          <Lead id="k1l106">
            <Parent ref="k1l90"/>
            <Statement>Branchlets and phyllodes not viscid</Statement>
          </Lead>
          <Lead id="k1l92">
            <Parent ref="k1l91"/>
            <Statement>Phyllodes 2–15 cm long, dotted with glands</Statement>
          </Lead>
          <Lead id="k1l99">
            <Parent ref="k1l91"/>
            <Statement>Phyllodes up to 3 cm long, not dotted with glands</Statement>
          </Lead>
          <Lead id="k1l93">
            <Parent ref="k1l92"/>
            <Statement>Branchlet ribs not tuberculate, phyllodes with surface not roughened and 1 marginal gland</Statement>
          </Lead>
          <Lead id="k1l98">
            <Parent ref="k1l92"/>
            <Statement>Branchlet ribs tuberculate, phyllodes with surface roughened and 2 or 3 marginal glands</Statement>
            <TaxonName ref="i29"/>
          </Lead>
          <Lead id="k1l94">
            <Parent ref="k1l93"/>
            <Statement>Branchlets viscid all over, glabrous or hairy</Statement>
          </Lead>
          <Lead id="k1l97">
            <Parent ref="k1l93"/>
            <Statement>Smaller branchlets with resin-ribs, glabrous</Statement>
            <TaxonName ref="i8"/>
          </Lead>
          <Lead id="k1l95">
            <Parent ref="k1l94"/>
            <Statement>Phyllodes with only one main vein (lateral veins may occasionally coalesce to form an intra-marginal vein on either side of midrib)</Statement>
            <TaxonName ref="i51"/>
          </Lead>
          <Lead id="k1l96">
            <Parent ref="k1l94"/>
            <Statement>Phyllodes with second, sometimes less prominent, longitudinal vein</Statement>
            <TaxonName ref="i101"/>
          </Lead>
          <Lead id="k1l100">
            <Parent ref="k1l99"/>
            <Statement>Midrib more or less in middle of phyllode</Statement>
          </Lead>
          <Lead id="k1l103">
            <Parent ref="k1l99"/>
            <Statement>Midrib close to one margin</Statement>
          </Lead>
          <Lead id="k1l101">
            <Parent ref="k1l100"/>
            <Statement>Phyllodes more than 3 times as long as wide, covered in erect, stiff hairs (some glandular)</Statement>
            <TaxonName ref="i7"/>
          </Lead>
          <Lead id="k1l102">
            <Parent ref="k1l100"/>
            <Statement>Phyllodes less than 2 times as long as wide, glabrous</Statement>
            <TaxonName ref="i40"/>
          </Lead>
          <Lead id="k1l104">
            <Parent ref="k1l103"/>
            <Statement>Phyllodes kinked near base; brachlet ribs coated with a thick layer of resin</Statement>
            <TaxonName ref="i36"/>
          </Lead>
          <Lead id="k1l105">
            <Parent ref="k1l103"/>
            <Statement>Phyllodes not kinked near base; branchlet ribs viscid but not coated with resin</Statement>
            <TaxonName ref="i53"/>
          </Lead>
          <Lead id="k1l107">
            <Parent ref="k1l106"/>
            <Statement>Stipules less than 1 cm long or absent, not spinescent</Statement>
          </Lead>
          <Lead id="k1l122">
            <Parent ref="k1l106"/>
            <Statement>Stipules more than 1 cm long, spinescent</Statement>
            <TaxonName ref="i74"/>
          </Lead>
          <Lead id="k1l108">
            <Parent ref="k1l107"/>
            <Statement>Phyllodes linear, elliptic, ovate or obovate</Statement>
          </Lead>
          <Lead id="k1l121">
            <Parent ref="k1l107"/>
            <Statement>Phyllodes more or less triangular in shape, with prominent expansion at gland</Statement>
            <TaxonName ref="i41"/>
          </Lead>
          <Lead id="k1l109">
            <Parent ref="k1l108"/>
            <Statement>Phyllodes more than 2.5 times as long as wide, 0.4–11 cm long</Statement>
          </Lead>
          <Lead id="k1l120">
            <Parent ref="k1l108"/>
            <Statement>Phyllodes less than 2.5 times as long as wide, 1–3 cm long</Statement>
            <TaxonName ref="i12"/>
          </Lead>
          <Lead id="k1l110">
            <Parent ref="k1l109"/>
            <Statement>Plant glabrous or with minute hairs (not woolly)</Statement>
          </Lead>
          <Lead id="k1l119">
            <Parent ref="k1l109"/>
            <Statement>Phyllodes covered in soft, woolly hairs; new growth and pods densely covered in rusty-brown, woolly hairs; Nunniong Plateau in far north-east</Statement>
            <TaxonName ref="i56"/>
          </Lead>
          <Lead id="k1l111">
            <Parent ref="k1l110"/>
            <Statement>Phyllodes more than 2 cm long</Statement>
          </Lead>
          <Lead id="k1l118">
            <Parent ref="k1l110"/>
            <Statement>Phyllodes less than 2 cm long</Statement>
            <TaxonName ref="i1"/>
          </Lead>
          <Lead id="k1l112">
            <Parent ref="k1l111"/>
            <Statement>Peduncles glabrous</Statement>
          </Lead>
          <Lead id="k1l117">
            <Parent ref="k1l111"/>
            <Statement>Peduncles minutely hairy</Statement>
            <TaxonName ref="i106"/>
          </Lead>
          <Lead id="k1l113">
            <Parent ref="k1l112"/>
            <Statement>Phyllodes firm, 4–15 mm wide, apex mucronate or notched</Statement>
          </Lead>
          <Lead id="k1l116">
            <Parent ref="k1l112"/>
            <Statement>Phyllodes flexible, 1–6 mm wide, apex usually tapering and always curved</Statement>
            <TaxonName ref="i16"/>
          </Lead>
          <Lead id="k1l114">
            <Parent ref="k1l113"/>
            <Statement>Phyllodes acute, without apical gland</Statement>
            <TaxonName ref="i43"/>
          </Lead>
          <Lead id="k1l115">
            <Parent ref="k1l113"/>
            <Statement>Phyllodes obtuse, with apical gland</Statement>
            <TaxonName ref="i61"/>
          </Lead>
          <Lead id="k1l127">
            <Parent ref="k1l126"/>
            <Statement>Stipules absent or not spinescent</Statement>
          </Lead>
          <Lead id="k1l194">
            <Parent ref="k1l126"/>
            <Statement>Stipules spinescent</Statement>
            <TaxonName ref="i103"/>
          </Lead>
          <Lead id="k1l128">
            <Parent ref="k1l127"/>
            <Statement>Phyllodes elliptic to linear, more than 1 cm long</Statement>
          </Lead>
          <Lead id="k1l193">
            <Parent ref="k1l127"/>
            <Statement>Phyllodes more or less triangular, less than 1.5 cm long</Statement>
            <TaxonName ref="i79"/>
          </Lead>
          <Lead id="k1l129">
            <Parent ref="k1l128"/>
            <Statement>Phyllodes always on raised stem projections (phyllodes elliptic to oblanceolate, sometimes narrowly so, 2–10 cm long, 2–17 mm wide); eastern and northeastern Victoria only</Statement>
          </Lead>
          <Lead id="k1l134">
            <Parent ref="k1l128"/>
            <Statement>Phyllodes rarely on raised stem projections</Statement>
          </Lead>
          <Lead id="k1l130">
            <Parent ref="k1l129"/>
            <Statement>Phyllodes 2–10 mm wide, with 1 gland and margins not thickened and veinlike</Statement>
          </Lead>
          <Lead id="k1l133">
            <Parent ref="k1l129"/>
            <Statement>Phyllodes 5–17 mm wide, with 1–3 glands and vein-like margins; upper reaches of Snowy River in East Gippslan</Statement>
            <TaxonName ref="i4"/>
          </Lead>
          <Lead id="k1l131">
            <Parent ref="k1l130"/>
            <Statement>Branchlets minutely hairy; peduncles covered in white or yellow minute hairs; between Shepparton and Wangaratta, and near Wodonga</Statement>
            <TaxonName ref="i26"/>
          </Lead>
          <Lead id="k1l132">
            <Parent ref="k1l130"/>
            <Statement>Branchlets and usually peduncles glabrous; higher parts of Great Dividing Range in north-east Victoria</Statement>
            <TaxonName ref="i48"/>
          </Lead>
          <Lead id="k1l135">
            <Parent ref="k1l134"/>
            <Statement>Branchlets acutely angled or flat, at least at extremities</Statement>
          </Lead>
          <Lead id="k1l146">
            <Parent ref="k1l134"/>
            <Statement>Branchlets terete or ribbed, but not acutely angled (except sometimes near phyllode attachment)</Statement>
          </Lead>
          <Lead id="k1l136">
            <Parent ref="k1l135"/>
            <Statement>Phyllodes more or less acute or mucronate, with a single longitudinal vein</Statement>
          </Lead>
          <Lead id="k1l145">
            <Parent ref="k1l135"/>
            <Statement>Phyllodes obtuse, with a midrib and a second fainter longitudinal vein close to the upper margin</Statement>
            <TaxonName ref="i28"/>
          </Lead>
          <Lead id="k1l137">
            <Parent ref="k1l136"/>
            <Statement>Young inflorescence not covered by overlapping bracts; seeds longitudinal in pod</Statement>
          </Lead>
          <Lead id="k1l144">
            <Parent ref="k1l136"/>
            <Statement>Young inflorescence covered by prominent overlapping bracts; seeds transverse in pod</Statement>
            <TaxonName ref="i94"/>
          </Lead>
          <Lead id="k1l138">
            <Parent ref="k1l137"/>
            <Statement>Phyllodes with margins not thickened; flowers 5-merous, 7–50 per head</Statement>
          </Lead>
          <Lead id="k1l143">
            <Parent ref="k1l137"/>
            <Statement>Phyllodes with pale, thickened margins; flowers 4-merous, 2–5 (–8) per head</Statement>
            <TaxonName ref="i65"/>
          </Lead>
          <Lead id="k1l139">
            <Parent ref="k1l138"/>
            <Statement>Phyllodes with obscure gland; heads with 18–50 flowers</Statement>
          </Lead>
          <Lead id="k1l142">
            <Parent ref="k1l138"/>
            <Statement>Phyllodes with prominent, often exserted gland; heads with 7–16 flowers</Statement>
            <TaxonName ref="i80"/>
          </Lead>
          <Lead id="k1l140">
            <Parent ref="k1l139"/>
            <Statement>Phyllodes 3–22 cm long; inflorescence rachis 7–40 mm long</Statement>
            <TaxonName ref="i82"/>
          </Lead>
          <Lead id="k1l141">
            <Parent ref="k1l139"/>
            <Statement>Phyllodes 2.5–5.5 cm long; inflorescence rachis 1–5 mm long; north-western Victoria only</Statement>
            <TaxonName ref="i106"/>
          </Lead>
          <Lead id="k1l147">
            <Parent ref="k1l146"/>
            <Statement>Pods thick and woody; heads 15–25-flowered; phyllodes with 2–5 glands; north-western Victoria and along Murray River</Statement>
          </Lead>
          <Lead id="k1l152">
            <Parent ref="k1l146"/>
            <Statement>Pods not thick and woody</Statement>
          </Lead>
          <Lead id="k1l148">
            <Parent ref="k1l147"/>
            <Statement>Phyllodes thick or moderately so, ascending, erect or patent; flowers golden; pods usually brittle and snapping readily between seeds</Statement>
          </Lead>
          <Lead id="k1l151">
            <Parent ref="k1l147"/>
            <Statement>Phyllodes flaccid, pendulous; flowers cream; pods tough, not snapping easily</Statement>
            <TaxonName ref="i86"/>
          </Lead>
          <Lead id="k1l149">
            <Parent ref="k1l148"/>
            <Statement>Branchlets usually red-brown, not ribbed; phyllodes 1–4 mm wide, moderately thick (with fine wrinkles when dry)</Statement>
            <TaxonName ref="i20"/>
          </Lead>
          <Lead id="k1l150">
            <Parent ref="k1l148"/>
            <Statement>Branchlets light brown and distinctly yellow-ribbed; phyllodes 4–14 mm wide, thick (with coarse wrinkles when dry)</Statement>
            <TaxonName ref="i52"/>
          </Lead>
          <Lead id="k1l153">
            <Parent ref="k1l152"/>
            <Statement>Branchlets, phyllodes and pods entirely covered in woolly or silky hairs</Statement>
          </Lead>
          <Lead id="k1l156">
            <Parent ref="k1l152"/>
            <Statement>Phyllodes glabrous or rarely with scattered hairs, other parts glabrous or hairy</Statement>
          </Lead>
          <Lead id="k1l154">
            <Parent ref="k1l153"/>
            <Statement>Phyllodes obtuse, silvery blue-grey due to silky cover of silvery white hairs; Murtoa area only, presumed extinct</Statement>
            <TaxonName ref="i6"/>
          </Lead>
          <Lead id="k1l155">
            <Parent ref="k1l153"/>
            <Statement>Phyllodes acute to obtuse-mucronate, grey-green and covered in rusty-brown or silvery-white, woolly hairs; Nunniong Plateau only</Statement>
            <TaxonName ref="i56"/>
          </Lead>
          <Lead id="k1l157">
            <Parent ref="k1l156"/>
            <Statement>Branchlets and peduncles densely hairy all over (if phyllodes 1–3 cm long and inflorescence rachis less than 5 mm long, branchlets and peduncles rarely glabrous)</Statement>
          </Lead>
          <Lead id="k1l160">
            <Parent ref="k1l156"/>
            <Statement>Branchlets glabrous, sparsely hairy or hairy between glabrous ridges; peduncles glabrous or hairy; plants never with combination of phyllodes 1–3 cm long and inflorescence rachis less than 5 mm long</Statement>
          </Lead>
          <Lead id="k1l158">
            <Parent ref="k1l157"/>
            <Statement>Phyllodes 1–3 cm long; inflorescence rachis less than 5 mm long; pods 4–8 mm wide, seeds longitudinal; western and northern Victoria</Statement>
            <TaxonName ref="i12"/>
          </Lead>
          <Lead id="k1l159">
            <Parent ref="k1l157"/>
            <Statement>Phyllodes (l–) 2.5–5 cm long; inflorescence rachis 10–40 mm long; pod 10–20 mm wide, seeds oblique or transverse; Suggan Buggan-Gelantipy area in northern East Gippsland only</Statement>
            <TaxonName ref="i49"/>
          </Lead>
          <Lead id="k1l161">
            <Parent ref="k1l160"/>
            <Statement>Phyllodes 3 cm or more long</Statement>
          </Lead>
          <Lead id="k1l192">
            <Parent ref="k1l160"/>
            <Statement>Phyllodes up to 3 cm long, mostly elliptic, upper margin more or less straight</Statement>
            <TaxonName ref="i14"/>
          </Lead>
          <Lead id="k1l162">
            <Parent ref="k1l161"/>
            <Statement>Branchlets with minute, appressed hairs between glabrous ridges</Statement>
          </Lead>
          <Lead id="k1l165">
            <Parent ref="k1l161"/>
            <Statement>Branchlets glabrous or rarely sparsely hairy all over</Statement>
          </Lead>
          <Lead id="k1l163">
            <Parent ref="k1l162"/>
            <Statement>Phyllodes not dotted with glands; inflorescence rachis 5–25 mm long</Statement>
            <TaxonName ref="i23"/>
          </Lead>
          <Lead id="k1l164">
            <Parent ref="k1l162"/>
            <Statement>Phyllodes dotted with glands; inflorescence rachis 2–4 mm long</Statement>
            <TaxonName ref="i51"/>
          </Lead>
          <Lead id="k1l166">
            <Parent ref="k1l165"/>
            <Statement>Branchlets terete or ridged but ridges not viscid</Statement>
          </Lead>
          <Lead id="k1l191">
            <Parent ref="k1l165"/>
            <Statement>Branchlets with viscid ridges; inflorescence rachis never more than 5 mm long</Statement>
            <TaxonName ref="i29"/>
          </Lead>
          <Lead id="k1l167">
            <Parent ref="k1l166"/>
            <Statement>Phyllodes more than 5 mm wide</Statement>
          </Lead>
          <Lead id="k1l184">
            <Parent ref="k1l166"/>
            <Statement>Phyllodes up to 5 mm wide</Statement>
          </Lead>
          <Lead id="k1l168">
            <Parent ref="k1l167"/>
            <Statement>Heads with more than 40 flowers</Statement>
          </Lead>
          <Lead id="k1l173">
            <Parent ref="k1l167"/>
            <Statement>Heads with fewer than 40 flowers</Statement>
          </Lead>
          <Lead id="k1l169">
            <Parent ref="k1l168"/>
            <Statement>Gland 0–3 mm above pulvinus; pulvinus 1–6 mm long</Statement>
          </Lead>
          <Lead id="k1l172">
            <Parent ref="k1l168"/>
            <Statement>Gland 3–45 mm above pulvinus; pulvinus 4–7 mm long</Statement>
            <TaxonName ref="i81"/>
          </Lead>
          <Lead id="k1l170">
            <Parent ref="k1l169"/>
            <Statement>Phyllodes stiff; seed transverse in pod; rare native species of north-western and north-central Victoria</Statement>
            <TaxonName ref="i67"/>
          </Lead>
          <Lead id="k1l171">
            <Parent ref="k1l169"/>
            <Statement>Phyllodes pliant; seed longitudinal in pod; widespread garden-escape</Statement>
            <TaxonName ref="i87"/>
          </Lead>
          <Lead id="k1l174">
            <Parent ref="k1l173"/>
            <Statement>Phyllode margins and veins not reddish</Statement>
          </Lead>
          <Lead id="k1l183">
            <Parent ref="k1l173"/>
            <Statement>Phyllode margins and veins reddish (especially when dry)</Statement>
            <TaxonName ref="i84"/>
          </Lead>
          <Lead id="k1l175">
            <Parent ref="k1l174"/>
            <Statement>Peduncles glabrous (or rarely with scattered hairs); phyllodes 4–17 cm long</Statement>
          </Lead>
          <Lead id="k1l182">
            <Parent ref="k1l174"/>
            <Statement>Peduncles covered in appressed, golden hairs; phyllodes 10–22 cm long</Statement>
            <TaxonName ref="i34"/>
          </Lead>
          <Lead id="k1l176">
            <Parent ref="k1l175"/>
            <Statement>Pods oblong, 10–25 mm wide; phyllodes 5–50 mm wide</Statement>
          </Lead>
          <Lead id="k1l181">
            <Parent ref="k1l175"/>
            <Statement>Pods linear, 4–6 mm wide; phyllodes 4.5–12 mm wide</Statement>
            <TaxonName ref="i42"/>
          </Lead>
          <Lead id="k1l177">
            <Parent ref="k1l176"/>
            <Statement>Phyllodes not indented at gland, with or without connecting vein; phyllode apex obtuse</Statement>
          </Lead>
          <Lead id="k1l180">
            <Parent ref="k1l176"/>
            <Statement>Phyllodes indented at gland with vein connecting it to midrib; phyllode apex acute or obtuse</Statement>
            <TaxonName ref="i76"/>
          </Lead>
          <Lead id="k1l178">
            <Parent ref="k1l177"/>
            <Statement>Phyllodes 4–8 cm long, with fine vein connecting gland to midrib; peduncles somewhat slender, 6–8 mm long</Statement>
            <TaxonName ref="i15"/>
          </Lead>
          <Lead id="k1l179">
            <Parent ref="k1l177"/>
            <Statement>Phyllodes 5–17 cm long, without vein connecting gland to midrib; peduncles stout, 1.5–5 mm long</Statement>
            <TaxonName ref="i69"/>
          </Lead>
          <Lead id="k1l185">
            <Parent ref="k1l184"/>
            <Statement>Phyllodes 3–10 cm long, gland 2–25 mm above pulvinus; native species</Statement>
          </Lead>
          <Lead id="k1l190">
            <Parent ref="k1l184"/>
            <Statement>Phyllodes 8–25 cm long, gland at or near distal end of pulvinus; widespread garden-escape</Statement>
            <TaxonName ref="i87"/>
          </Lead>
          <Lead id="k1l186">
            <Parent ref="k1l185"/>
            <Statement>Heads with 5–20 flowers</Statement>
          </Lead>
          <Lead id="k1l189">
            <Parent ref="k1l185"/>
            <Statement>Heads with 25–40 flowers; north-western Victoria</Statement>
            <TaxonName ref="i16"/>
          </Lead>
          <Lead id="k1l187">
            <Parent ref="k1l186"/>
            <Statement>Phyllodes green to grey-green; heads with 5–10 flowers; pods 4–6 mm wide; mostly Snowy River area, also near Myrtleford</Statement>
            <TaxonName ref="i11"/>
          </Lead>
          <Lead id="k1l188">
            <Parent ref="k1l186"/>
            <Statement>Phyllodes glaucous (except at ends of flowering branches); heads with 15–20 flowers; pods 3–3.5 mm wide; north-central from Inglewood to Rushworth</Statement>
            <TaxonName ref="i105"/>
          </Lead>
          <Lead id="k1l196">
            <Parent ref="k1l195"/>
            <Statement>Phyllodes pungent, up to 4 cm long</Statement>
          </Lead>
          <Lead id="k1l201">
            <Parent ref="k1l195"/>
            <Statement>Phyllodes innocuous, over 4 cm long (except A. alpina)</Statement>
          </Lead>
          <Lead id="k1l197">
            <Parent ref="k1l196"/>
            <Statement>Phyllodes articulate on stem</Statement>
          </Lead>
          <Lead id="k1l200">
            <Parent ref="k1l196"/>
            <Statement>Phyllodes decurrent on stem</Statement>
            <TaxonName ref="i99"/>
          </Lead>
          <Lead id="k1l198">
            <Parent ref="k1l197"/>
            <Statement>Phyllodes alternate, with more than 1 nerve on each face</Statement>
            <TaxonName ref="i73"/>
          </Lead>
          <Lead id="k1l199">
            <Parent ref="k1l197"/>
            <Statement>Phyllodes in whorls or fascicles, with 1 nerve on each face</Statement>
            <TaxonName ref="i102"/>
          </Lead>
          <Lead id="k1l202">
            <Parent ref="k1l201"/>
            <Statement>Phyllodes not reticulate, with all veins separate (rarely a few anastomosing minor veins); if phyllodes more than 20 times as long as wide then rachis not visible when flowers opened; far north-east and upper Snowy River area only</Statement>
          </Lead>
          <Lead id="k1l209">
            <Parent ref="k1l201"/>
            <Statement>Phyllodes reticulate, with few to numerous anastomosing minor veins; if phyllodes more than 20 times as long as wide then rachis usually visible when flowers opened</Statement>
          </Lead>
          <Lead id="k1l203">
            <Parent ref="k1l202"/>
            <Statement>Leaves glabrous, rarely glaucous</Statement>
          </Lead>
          <Lead id="k1l208">
            <Parent ref="k1l202"/>
            <Statement>Leaves covered with fine, white-grey appressed hairs, glaucous</Statement>
            <TaxonName ref="i10"/>
          </Lead>
          <Lead id="k1l204">
            <Parent ref="k1l203"/>
            <Statement>Phyllodes linear (usually more than 20 times as long as broad); margins of phyllodes never transparent</Statement>
          </Lead>
          <Lead id="k1l207">
            <Parent ref="k1l203"/>
            <Statement>Phyllodes narrow-elliptic to oblong (usually less than 20 times as long as broad); margins of young phyllodes transparent</Statement>
            <TaxonName ref="i96"/>
          </Lead>
          <Lead id="k1l205">
            <Parent ref="k1l204"/>
            <Statement>Phyllodes 3–8 mm wide; inflorescence cylindric; near Beechworth and Suggan Buggan</Statement>
            <TaxonName ref="i30"/>
          </Lead>
          <Lead id="k1l206">
            <Parent ref="k1l204"/>
            <Statement>Phyllodes 1–2 mm wide; inflorescence obloid to globular; Pine Mountain</Statement>
            <TaxonName ref="i77"/>
          </Lead>
          <Lead id="k1l210">
            <Parent ref="k1l209"/>
            <Statement>Phyllodes over 4 cm long, linear, elliptic or obovate</Statement>
          </Lead>
          <Lead id="k1l223">
            <Parent ref="k1l209"/>
            <Statement>Phyllodes less than 4 cm long, obovate or suborbicular</Statement>
            <TaxonName ref="i3"/>
          </Lead>
          <Lead id="k1l211">
            <Parent ref="k1l210"/>
            <Statement>Phyllode margins uneven and resinous</Statement>
          </Lead>
          <Lead id="k1l214">
            <Parent ref="k1l210"/>
            <Statement>Phyllode margins even</Statement>
          </Lead>
          <Lead id="k1l212">
            <Parent ref="k1l211"/>
            <Statement>Flowers creamy to pale yellow; phyllodes 7–23 mm wide; East Gippsland (and naturalized in upper Yarra River area)</Statement>
            <TaxonName ref="i70"/>
          </Lead>
          <Lead id="k1l213">
            <Parent ref="k1l211"/>
            <Statement>Flowers deep yellow; phyllodes 15–60 mm wide; Buffalo Range</Statement>
            <TaxonName ref="i78"/>
          </Lead>
          <Lead id="k1l215">
            <Parent ref="k1l214"/>
            <Statement>Phyllodes up to 10 (rarely to 12) mm wide</Statement>
          </Lead>
          <Lead id="k1l218">
            <Parent ref="k1l214"/>
            <Statement>Phyllodes over 10 mm wide</Statement>
          </Lead>
          <Lead id="k1l216">
            <Parent ref="k1l215"/>
            <Statement>Phyllodes without gland; sepals often ciliate</Statement>
            <TaxonName ref="i37"/>
          </Lead>
          <Lead id="k1l217">
            <Parent ref="k1l215"/>
            <Statement>Phyllodes with gland c. 5–10 mm above pulvinus; sepals always glabrous</Statement>
            <TaxonName ref="i64"/>
          </Lead>
          <Lead id="k1l219">
            <Parent ref="k1l218"/>
            <Statement>Flowers Jun.-Dec., mid to bright yellow; rachis glabrous</Statement>
          </Lead>
          <Lead id="k1l222">
            <Parent ref="k1l218"/>
            <Statement>Flowers May-Jul., pale yellow; rachis densely pubescent; Orbost area only</Statement>
            <TaxonName ref="i57"/>
          </Lead>
          <Lead id="k1l220">
            <Parent ref="k1l219"/>
            <Statement>Tree to 15 m; phyllodes falcate, secondary veins obscure; subalpine and montane forests</Statement>
            <TaxonName ref="i22"/>
          </Lead>
          <Lead id="k1l221">
            <Parent ref="k1l219"/>
            <Statement>Shrub or small tree to 10 m; phyllodes mostly straight, secondary veins prominent; mostly coastal areas and foothills</Statement>
            <TaxonName ref="i55"/>
          </Lead>
          <Lead id="k1l225">
            <Parent ref="k1l224"/>
            <Statement>Flower heads in racemes; pinnae in 2–25 pairs, each pinna with 10 or more pairs of pinnules</Statement>
          </Lead>
          <Lead id="k1l246">
            <Parent ref="k1l224"/>
            <Statement>Flower heads single on an unbranched peduncle; pinnae with 2–6 pairs of pinnules</Statement>
            <TaxonName ref="i62"/>
          </Lead>
          <Lead id="k1l226">
            <Parent ref="k1l225"/>
            <Statement>Pinnules 2–12 mm wide, 8–60 mm long</Statement>
          </Lead>
          <Lead id="k1l229">
            <Parent ref="k1l225"/>
            <Statement>Pinnules 0.5–1.5 mm wide, 1–15 mm long</Statement>
          </Lead>
          <Lead id="k1l227">
            <Parent ref="k1l226"/>
            <Statement>Pinnules 30–60 mm long; tree 8 m high or more, escaped from cultivation</Statement>
            <TaxonName ref="i31"/>
          </Lead>
          <Lead id="k1l228">
            <Parent ref="k1l226"/>
            <Statement>Pinnules 8–14 mm long; native shrub (rarely small tree)</Statement>
            <TaxonName ref="i97"/>
          </Lead>
          <Lead id="k1l230">
            <Parent ref="k1l229"/>
            <Statement>Leaf rachis with glands only at the junction of at least some pinna pairs (jugary)</Statement>
          </Lead>
          <Lead id="k1l241">
            <Parent ref="k1l229"/>
            <Statement>Leaf rachis with glands at the junction of each pinna pair (jugary) and also between each successive pair (interjugary)</Statement>
          </Lead>
          <Lead id="k1l231">
            <Parent ref="k1l230"/>
            <Statement>Leaves with at least 5 pairs of pinnae; branchlets terete or with wing-like ridges; pinnules of more or less equal length throughout pinna</Statement>
          </Lead>
          <Lead id="k1l240">
            <Parent ref="k1l230"/>
            <Statement>Leaves with up to 6 pairs of pinnae; branchlets more or less terete (at most slightly angled or furrowed); pinnules shorter towards ends of pinna</Statement>
            <TaxonName ref="i9"/>
          </Lead>
          <Lead id="k1l232">
            <Parent ref="k1l231"/>
            <Statement>Branchlets ridged but not winged nor conspicuously angled; pinnules 1–5 mm long</Statement>
          </Lead>
          <Lead id="k1l239">
            <Parent ref="k1l231"/>
            <Statement>Branchlets with prominent wing-like ridges; pinnules 5–15 mm long</Statement>
            <TaxonName ref="i27"/>
          </Lead>
          <Lead id="k1l233">
            <Parent ref="k1l232"/>
            <Statement>Ridges of branchlets smooth, with soft hairs; rachis gland at junction of all pinnae</Statement>
          </Lead>
          <Lead id="k1l238">
            <Parent ref="k1l232"/>
            <Statement>Ridges of branchlets usually scabrous, with tufted hairs; rachis gland at junction of uppermost 1–3 pairs of pinnae only; localized in Cann River area</Statement>
            <TaxonName ref="i47"/>
          </Lead>
          <Lead id="k1l234">
            <Parent ref="k1l233"/>
            <Statement>Pinnules oblong to linear-oblong, 0.5–1 mm wide, 1–5 mm long; branchlets glaucous</Statement>
          </Lead>
          <Lead id="k1l237">
            <Parent ref="k1l233"/>
            <Statement>Pinnules ovate to obovate, 1–1.5 mm wide, 1–3 mm long; branchlets not glaucous</Statement>
            <TaxonName ref="i17"/>
          </Lead>
          <Lead id="k1l235">
            <Parent ref="k1l234"/>
            <Statement>Pinnules more than 2 mm long, minutely hairy, apex more or less acute</Statement>
            <TaxonName ref="i24"/>
          </Lead>
          <Lead id="k1l236">
            <Parent ref="k1l234"/>
            <Statement>Pinnules up to 2.5 mm long, almost glabrous, apex obtuse</Statement>
            <TaxonName ref="i66"/>
          </Lead>
          <Lead id="k1l242">
            <Parent ref="k1l241"/>
            <Statement>Pinnules linear to oblong, 1–10 mm long</Statement>
          </Lead>
          <Lead id="k1l245">
            <Parent ref="k1l241"/>
            <Statement>Pinnules lanceolate (broadest below centre), 5–8 mm long; East Gippsland</Statement>
            <TaxonName ref="i90"/>
          </Lead>
          <Lead id="k1l243">
            <Parent ref="k1l242"/>
            <Statement>Leaves with 2–8 pairs of pinnae; pinnae with 10–30 pinnules; pinnules 3.5–10 mm long</Statement>
            <TaxonName ref="i25"/>
          </Lead>
          <Lead id="k1l244">
            <Parent ref="k1l242"/>
            <Statement>Leaves with 8–25 pairs of pinnae; pinnae with 30–70 pinnules; pinnules 1–5 mm long</Statement>
            <TaxonName ref="i58"/>
          </Lead>
        </Leads>
      </IdentificationKey>
    </IdentificationKeys>
  </Dataset>
</Datasets>
