<?xml version="1.0" encoding="UTF-8"?>
<Datasets xmlns="http://rs.tdwg.org/UBIF/2006/" xmlns:xsi="http://www.w3.org/2001/XMLSchema-instance" xsi:schemaLocation="http://rs.tdwg.org/UBIF/2006/ http://rs.tdwg.org/UBIF/2006/Schema/1.1/SDD.xsd">
  <TechnicalMetadata created="2014-12-08T01:23:25">
    <Generator name="KeyBase SDD export" version="0"/>
  </TechnicalMetadata>
  <Dataset xml:lang="en-au">
    <Representation>
      <Label xml:lang="en">Acacia leprosa</Label>
    </Representation>
    <TaxonNames>
      <TaxonName id="i0">
        <Representation>
          <Label>Acacia leprosa (Dandenong Range variant)</Label>
        </Representation>
      </TaxonName>
      <TaxonName id="i1">
        <Representation>
          <Label>Acacia leprosa (Seymour variant)</Label>
        </Representation>
      </TaxonName>
      <TaxonName id="i2">
        <Representation>
          <Label>Acacia leprosa (large phyllode variant)</Label>
        </Representation>
      </TaxonName>
      <TaxonName id="i3">
        <Representation>
          <Label>Acacia leprosa (type variant)</Label>
        </Representation>
      </TaxonName>
    </TaxonNames>
    <IdentificationKeys>
      <IdentificationKey id="k1">
        <Representation>
          <Label xml:lang="en">Acacia leprosa</Label>
        </Representation>
        <Leads>
          <Lead id="k1l1">
            <Statement>Phyllodes narrower and/or shorter than above; gland 0–2 mm above pulvinus</Statement>
          </Lead>
          <Lead id="k1l6">
            <Statement>Phyllodes mostly 7–15 mm wide and 6–12 cm long; gland 2–8 mm above pulvinus</Statement>
            <TaxonName ref="i2"/>
          </Lead>
          <Lead id="k1l2">
            <Parent ref="k1l1"/>
            <Statement>Peduncles with appressed, minute hairs; branchlets glabrous or ribs with appressed, minute hairs; phyllodes 5–10 cm long, straight to shallowly curved</Statement>
          </Lead>
          <Lead id="k1l5">
            <Parent ref="k1l1"/>
            <Statement>Peduncles and branchlets glabrous; phyllodes 3–5 cm long, moderately to strongly curved</Statement>
            <TaxonName ref="i1"/>
          </Lead>
          <Lead id="k1l3">
            <Parent ref="k1l2"/>
            <Statement>Bracteoles shortly acuminate; lateral veins of phyllodes very indistinct or absent</Statement>
            <TaxonName ref="i0"/>
          </Lead>
          <Lead id="k1l4">
            <Parent ref="k1l2"/>
            <Statement>Bracteoles not acuminate; lateral veins of phyllodes fine, coalescing distally</Statement>
            <TaxonName ref="i3"/>
          </Lead>
        </Leads>
      </IdentificationKey>
    </IdentificationKeys>
  </Dataset>
</Datasets>
