<?xml version="1.0" encoding="UTF-8"?>
<Datasets xmlns="http://rs.tdwg.org/UBIF/2006/" xmlns:xsi="http://www.w3.org/2001/XMLSchema-instance" xsi:schemaLocation="http://rs.tdwg.org/UBIF/2006/ http://rs.tdwg.org/UBIF/2006/Schema/1.1/SDD.xsd">
  <TechnicalMetadata created="2014-12-08T01:23:46">
    <Generator name="KeyBase SDD export" version="0"/>
  </TechnicalMetadata>
  <Dataset xml:lang="en-au">
    <Representation>
      <Label xml:lang="en">Acaulon</Label>
    </Representation>
    <TaxonNames>
      <TaxonName id="i0">
        <Representation>
          <Label>Acaulon rufescens</Label>
        </Representation>
      </TaxonName>
      <TaxonName id="i1">
        <Representation>
          <Label>Acaulon triquetrum</Label>
        </Representation>
      </TaxonName>
      <TaxonName id="i2">
        <Representation>
          <Label>Aphanorrhegma serratum</Label>
        </Representation>
      </TaxonName>
      <TaxonName id="i3">
        <Representation>
          <Label>Archidium alternifolium</Label>
        </Representation>
      </TaxonName>
      <TaxonName id="i4">
        <Representation>
          <Label>Archidium donnellii</Label>
        </Representation>
      </TaxonName>
      <TaxonName id="i5">
        <Representation>
          <Label>Ephemerum serratum</Label>
        </Representation>
      </TaxonName>
      <TaxonName id="i6">
        <Representation>
          <Label>Lorentziella imbricata</Label>
        </Representation>
      </TaxonName>
      <TaxonName id="i7">
        <Representation>
          <Label>Phascum cuspidatum</Label>
        </Representation>
      </TaxonName>
      <TaxonName id="i8">
        <Representation>
          <Label>Physcomitrella readeri</Label>
        </Representation>
      </TaxonName>
      <TaxonName id="i9">
        <Representation>
          <Label>Physcomitrium immersum</Label>
        </Representation>
      </TaxonName>
      <TaxonName id="i10">
        <Representation>
          <Label>Stegonia hyalinotricha</Label>
        </Representation>
      </TaxonName>
    </TaxonNames>
    <IdentificationKeys>
      <IdentificationKey id="k1">
        <Representation>
          <Label xml:lang="en">Acaulon</Label>
        </Representation>
        <Leads>
          <Lead id="k1l1">
            <Statement>Leaves ecostate and strap-shaped with margins coarsely dentate; plant with a very conspicuous felt-like protonema</Statement>
            <TaxonName ref="i5"/>
          </Lead>
          <Lead id="k1l2">
            <Statement>Leaves costate, lanceolate to ovate-lanceolate with margins entire to serrulate or serrate, rarely dentate; protonema seldom obvious</Statement>
          </Lead>
          <Lead id="k1l3">
            <Parent ref="k1l2"/>
            <Statement>Median leaf cells mostly papillose with C-shaped papillae; abaxial walls of median laminal cells not markedly different in thickness from the adaxial walls; leaf margins mostly rather broadly recurved near the middle</Statement>
            <TaxonName ref="i7"/>
          </Lead>
          <Lead id="k1l4">
            <Parent ref="k1l2"/>
            <Statement>Median leaf cells smooth; leaf margins plane or minutely recurved near the extreme base</Statement>
          </Lead>
          <Lead id="k1l5">
            <Parent ref="k1l4"/>
            <Statement>Spores larger than 100 Âµm in diameter</Statement>
          </Lead>
          <Lead id="k1l10">
            <Parent ref="k1l4"/>
            <Statement>Spores markedly smaller, mostly about 20 Âµm in diameter</Statement>
          </Lead>
          <Lead id="k1l6">
            <Parent ref="k1l5"/>
            <Statement>Costa cross-section without stereid bands; leaves appearing bleached and hyaline, at least above the middle; plant with inconspicuous rhizomatous branches arising from basal portions of the upright stem</Statement>
            <TaxonName ref="i6"/>
          </Lead>
          <Lead id="k1l7">
            <Parent ref="k1l5"/>
            <Statement>Costa cross-section with a well-developed abaxial stereid band; leaves of healthy plants not bleached; plant without rhizomatous growths</Statement>
          </Lead>
          <Lead id="k1l8">
            <Parent ref="k1l7"/>
            <Statement>Median cells of larger leaves extremely variable in size and shape, often with quadrate cells adjacent to long elliptic cells; perigonia on lateral branches with fully defined bracts</Statement>
            <TaxonName ref="i4"/>
          </Lead>
          <Lead id="k1l9">
            <Parent ref="k1l7"/>
            <Statement>Median cells of larger leaves uniformly short rectangular to rhombic; antheridia usually naked in axils of lower perichaetial leaves</Statement>
            <TaxonName ref="i3"/>
          </Lead>
          <Lead id="k1l11">
            <Parent ref="k1l10"/>
            <Statement>Leaves subtending the sessile sporophyte spreading and easily revealing the sporophyte whether moist or dry; median laminal cells rectangular and thin-walled</Statement>
          </Lead>
          <Lead id="k1l16">
            <Parent ref="k1l10"/>
            <Statement>Leaves erect around the sessile sporophyte hiding most or all of it without dissection; median laminal cells otherwise</Statement>
          </Lead>
          <Lead id="k1l12">
            <Parent ref="k1l11"/>
            <Statement>Capsules irregularly and tardily dehiscent; exothecial cells very thin-walled throughout</Statement>
            <TaxonName ref="i8"/>
          </Lead>
          <Lead id="k1l13">
            <Parent ref="k1l11"/>
            <Statement>Capsules with a well-defined operculum; exothecial cells with collenchymatous or regular thickenings</Statement>
          </Lead>
          <Lead id="k1l14">
            <Parent ref="k1l13"/>
            <Statement>Exothecial cells strongly collenchymatous; operculum conic-apiculate to rostellate</Statement>
            <TaxonName ref="i2"/>
          </Lead>
          <Lead id="k1l15">
            <Parent ref="k1l13"/>
            <Statement>Exothecial cells thick-walled, not collenchymatous; operculum rostrate</Statement>
            <TaxonName ref="i9"/>
          </Lead>
          <Lead id="k1l17">
            <Parent ref="k1l16"/>
            <Statement>Leaves with a prominent awn, often somewhat hyaline; sporophyte immersed but not completely hidden by the enclosing perichaetial leaves</Statement>
            <TaxonName ref="i10"/>
          </Lead>
          <Lead id="k1l18">
            <Parent ref="k1l16"/>
            <Statement>Leaves without an awn or with that awn short and not hyaline; sporophyte so immersed as to require removal of perichaetial leaves to enable visibility</Statement>
          </Lead>
          <Lead id="k1l19">
            <Parent ref="k1l18"/>
            <Statement>Upper (perichaetial) leaves keeled but slightly spreading so that some part of the urn of the mature sporophyte can usually be seen without dissection; plant tristichous in vertical view; seta arcuate</Statement>
            <TaxonName ref="i1"/>
          </Lead>
          <Lead id="k1l20">
            <Parent ref="k1l18"/>
            <Statement>Upper leaves closely enclosing and hiding the mature sporophyte; plant roughly pentastichous in vertical view; seta straight</Statement>
            <TaxonName ref="i0"/>
          </Lead>
        </Leads>
      </IdentificationKey>
    </IdentificationKeys>
  </Dataset>
</Datasets>
