<?xml version="1.0" encoding="UTF-8"?>
<Datasets xmlns="http://rs.tdwg.org/UBIF/2006/" xmlns:xsi="http://www.w3.org/2001/XMLSchema-instance" xsi:schemaLocation="http://rs.tdwg.org/UBIF/2006/ http://rs.tdwg.org/UBIF/2006/Schema/1.1/SDD.xsd">
  <TechnicalMetadata created="2014-12-08T01:23:12">
    <Generator name="KeyBase SDD export" version="0"/>
  </TechnicalMetadata>
  <Dataset xml:lang="en-au">
    <Representation>
      <Label xml:lang="en">Adiantum</Label>
    </Representation>
    <TaxonNames>
      <TaxonName id="i0">
        <Representation>
          <Label>Adiantum aethiopicum</Label>
        </Representation>
      </TaxonName>
      <TaxonName id="i1">
        <Representation>
          <Label>Adiantum capillus-veneris</Label>
        </Representation>
      </TaxonName>
      <TaxonName id="i2">
        <Representation>
          <Label>Adiantum diaphanum</Label>
        </Representation>
      </TaxonName>
      <TaxonName id="i3">
        <Representation>
          <Label>Adiantum formosum</Label>
        </Representation>
      </TaxonName>
      <TaxonName id="i4">
        <Representation>
          <Label>Adiantum hispidulum var. hispidulum</Label>
        </Representation>
      </TaxonName>
      <TaxonName id="i5">
        <Representation>
          <Label>Adiantum hispidulum var. hypoglaucum</Label>
        </Representation>
      </TaxonName>
    </TaxonNames>
    <IdentificationKeys>
      <IdentificationKey id="k1">
        <Representation>
          <Label xml:lang="en">Adiantum</Label>
        </Representation>
        <Leads>
          <Lead id="k1l1">
            <Statement>Pinnules with long (1 mm or more), fine stalks attached near centre of wedge-shaped base</Statement>
          </Lead>
          <Lead id="k1l4">
            <Statement>Pinnules with short (usually less than 1 mm) stalks at one corner of approximately rhomboid pinnules</Statement>
          </Lead>
          <Lead id="k1l2">
            <Parent ref="k1l1"/>
            <Statement>Sori 1–4 per pinnule, kidney-shaped, outer margin deeply concave</Statement>
            <TaxonName ref="i0"/>
          </Lead>
          <Lead id="k1l3">
            <Parent ref="k1l1"/>
            <Statement>Sori 3–7 per pinnule, oblong, with outer margin flat or slightly concave (if sori 3–7 per pinnule and kidney-shaped, and pinnules deeply dissected between sori, see notes under A. aethiopicum)</Statement>
            <TaxonName ref="i1"/>
          </Lead>
          <Lead id="k1l5">
            <Parent ref="k1l4"/>
            <Statement>Rhizome short; fronds tufted, less than 45 cm tall; sori in deep notches between lobes</Statement>
          </Lead>
          <Lead id="k1l10">
            <Parent ref="k1l4"/>
            <Statement>Rhizome long; fronds well-separated, more than 45 cm tall; sori in shallow hollows of lobes (4–8 per pinnule)</Statement>
            <TaxonName ref="i3"/>
          </Lead>
          <Lead id="k1l6">
            <Parent ref="k1l5"/>
            <Statement>Fronds soft; pinnules with numerous small, stiff reddish-brown hairs on under-surface; rachises glabrous; sori 5–10 per pinnule</Statement>
            <TaxonName ref="i2"/>
          </Lead>
          <Lead id="k1l7">
            <Parent ref="k1l5"/>
            <Statement>Fronds relatively harsh; pinnules and rachises with numerous soft white hairs on undersurface; sori mostly more than 10 per pinnule</Statement>
          </Lead>
          <Lead id="k1l8">
            <Parent ref="k1l7"/>
            <Statement>Pinnules dark green, not noticeably paler beneath; abaxial pinnule surfaces with sparse to dense pale setose hairs</Statement>
            <TaxonName ref="i4"/>
          </Lead>
          <Lead id="k1l9">
            <Parent ref="k1l7"/>
            <Statement>Pinnules blue-green, paler beneath; abaxial pinnule surfaces with crowded pale lax hairs</Statement>
            <TaxonName ref="i5"/>
          </Lead>
        </Leads>
      </IdentificationKey>
    </IdentificationKeys>
  </Dataset>
</Datasets>
