<?xml version="1.0" encoding="UTF-8"?>
<Datasets xmlns="http://rs.tdwg.org/UBIF/2006/" xmlns:xsi="http://www.w3.org/2001/XMLSchema-instance" xsi:schemaLocation="http://rs.tdwg.org/UBIF/2006/ http://rs.tdwg.org/UBIF/2006/Schema/1.1/SDD.xsd">
  <TechnicalMetadata created="2014-12-08T01:23:29">
    <Generator name="KeyBase SDD export" version="0"/>
  </TechnicalMetadata>
  <Dataset xml:lang="en-au">
    <Representation>
      <Label xml:lang="en">Adriana tomentosa</Label>
    </Representation>
    <TaxonNames>
      <TaxonName id="i0">
        <Representation>
          <Label>Adriana tomentosa var. hookeri</Label>
        </Representation>
      </TaxonName>
      <TaxonName id="i1">
        <Representation>
          <Label>Adriana tomentosa var. tomentosa</Label>
        </Representation>
      </TaxonName>
    </TaxonNames>
    <IdentificationKeys>
      <IdentificationKey id="k1">
        <Representation>
          <Label xml:lang="en">Adriana tomentosa</Label>
        </Representation>
        <Leads>
          <Lead id="k1l1">
            <Statement>Leaf margins usually crenate, wavy or entire, occasionally bluntly serrate; leaf bases never cordate; lamina never 2-, 4- or 5-lobed; petiole not more than half lamina length; north-western Victoria only</Statement>
            <TaxonName ref="i0"/>
          </Lead>
          <Lead id="k1l2">
            <Statement>Leaf margins usually sharply or bluntly serrate, sometimes more or less crenate (but then bases cordate), rarely entire; lamina sometimes 2–5-lobed; petiole to more than half lamina length; south-western Victoria and East Gippsland only</Statement>
            <TaxonName ref="i1"/>
          </Lead>
        </Leads>
      </IdentificationKey>
    </IdentificationKeys>
  </Dataset>
</Datasets>
