<?xml version="1.0" encoding="UTF-8"?>
<Datasets xmlns="http://rs.tdwg.org/UBIF/2006/" xmlns:xsi="http://www.w3.org/2001/XMLSchema-instance" xsi:schemaLocation="http://rs.tdwg.org/UBIF/2006/ http://rs.tdwg.org/UBIF/2006/Schema/1.1/SDD.xsd">
  <TechnicalMetadata created="2014-12-08T01:23:16">
    <Generator name="KeyBase SDD export" version="0"/>
  </TechnicalMetadata>
  <Dataset xml:lang="en-au">
    <Representation>
      <Label xml:lang="en">Agrostis</Label>
    </Representation>
    <TaxonNames>
      <TaxonName id="i0">
        <Representation>
          <Label>Agrostis adamsonii</Label>
        </Representation>
      </TaxonName>
      <TaxonName id="i1">
        <Representation>
          <Label>Agrostis aemula</Label>
        </Representation>
      </TaxonName>
      <TaxonName id="i2">
        <Representation>
          <Label>Agrostis australiensis</Label>
        </Representation>
      </TaxonName>
      <TaxonName id="i3">
        <Representation>
          <Label>Agrostis avenacea</Label>
        </Representation>
      </TaxonName>
      <TaxonName id="i4">
        <Representation>
          <Label>Agrostis billardierei</Label>
        </Representation>
      </TaxonName>
      <TaxonName id="i5">
        <Representation>
          <Label>Agrostis capillaris var. aristata</Label>
        </Representation>
      </TaxonName>
      <TaxonName id="i6">
        <Representation>
          <Label>Agrostis capillaris var. capillaris</Label>
        </Representation>
      </TaxonName>
      <TaxonName id="i7">
        <Representation>
          <Label>Agrostis gigantea</Label>
        </Representation>
      </TaxonName>
      <TaxonName id="i8">
        <Representation>
          <Label>Agrostis meionectes</Label>
        </Representation>
      </TaxonName>
      <TaxonName id="i9">
        <Representation>
          <Label>Agrostis muelleriana</Label>
        </Representation>
      </TaxonName>
      <TaxonName id="i10">
        <Representation>
          <Label>Agrostis parviflora</Label>
        </Representation>
      </TaxonName>
      <TaxonName id="i11">
        <Representation>
          <Label>Agrostis rudis</Label>
        </Representation>
      </TaxonName>
      <TaxonName id="i12">
        <Representation>
          <Label>Agrostis sp. aff. hiemalis</Label>
        </Representation>
      </TaxonName>
      <TaxonName id="i13">
        <Representation>
          <Label>Agrostis stolonifera</Label>
        </Representation>
      </TaxonName>
      <TaxonName id="i14">
        <Representation>
          <Label>Agrostis venusta</Label>
        </Representation>
      </TaxonName>
    </TaxonNames>
    <IdentificationKeys>
      <IdentificationKey id="k1">
        <Representation>
          <Label xml:lang="en">Agrostis</Label>
        </Representation>
        <Leads>
          <Lead id="k1l1">
            <Statement>Palea absent or minute (less than one-third the length of the lemma); fine, chiefly montane to alpine grasses</Statement>
          </Lead>
          <Lead id="k1l10">
            <Statement>Palea present, at least half as long as lemma</Statement>
          </Lead>
          <Lead id="k1l2">
            <Parent ref="k1l1"/>
            <Statement>Lemma not awned (or sometimes, in A. muelleriana, with a short, fine awn attached shortly below the apex)</Statement>
          </Lead>
          <Lead id="k1l9">
            <Parent ref="k1l1"/>
            <Statement>Lemma conspicuously awned from near the middle</Statement>
            <TaxonName ref="i14"/>
          </Lead>
          <Lead id="k1l3">
            <Parent ref="k1l2"/>
            <Statement>Inflorescence branches spreading or contracted, but panicle hardly diffuse; culms less than 30 cm high; leaf-blades filiform or flat, mostly less than 2 mm wide; alpine grasses</Statement>
          </Lead>
          <Lead id="k1l8">
            <Parent ref="k1l2"/>
            <Statement>Inflorescence a diffuse panicle; culms mostly more than 30 cm high; leaf-blades mostly flat, 2 mm wide or more; typically a weak, slender grass of moist sites in mountain forests</Statement>
            <TaxonName ref="i12"/>
          </Lead>
          <Lead id="k1l4">
            <Parent ref="k1l3"/>
            <Statement>Panicle branches spreading; anthers 0.3–0.5 mm long</Statement>
          </Lead>
          <Lead id="k1l7">
            <Parent ref="k1l3"/>
            <Statement>Panicle contracted with branches remaining semi-erect at maturity; anthers 0.6–0.8 mm long</Statement>
            <TaxonName ref="i9"/>
          </Lead>
          <Lead id="k1l5">
            <Parent ref="k1l4"/>
            <Statement>Longer panicle branches more than 3 cm long, remaining somewhat inclined to culm at maturity; spikelets 2–2.7 mm long, lemma at least 0.5 mm shorter than spikelet</Statement>
            <TaxonName ref="i2"/>
          </Lead>
          <Lead id="k1l6">
            <Parent ref="k1l4"/>
            <Statement>Panicle branches no more than 3 cm long, soon spreading divaricately from culm; spikelets 1.5–2 mm long, lemma subequal to spikelet</Statement>
            <TaxonName ref="i10"/>
          </Lead>
          <Lead id="k1l11">
            <Parent ref="k1l10"/>
            <Statement>Lemma conspicuously awned</Statement>
          </Lead>
          <Lead id="k1l22">
            <Parent ref="k1l10"/>
            <Statement>Lemma awnless (or sometimes minutely awned in A. rudis)</Statement>
          </Lead>
          <Lead id="k1l12">
            <Parent ref="k1l11"/>
            <Statement>Lemma (excluding callus) hairy</Statement>
          </Lead>
          <Lead id="k1l17">
            <Parent ref="k1l11"/>
            <Statement>Lemma (excluding callus) glabrous</Statement>
          </Lead>
          <Lead id="k1l13">
            <Parent ref="k1l12"/>
            <Statement>Plants usually more than 30 cm high (occasionally less in harsh sites); panicle mostly longer than 10 cm; awns disinctly bent, clearly exceeding spikelets; widespread grasses but rarely alpine</Statement>
          </Lead>
          <Lead id="k1l16">
            <Parent ref="k1l12"/>
            <Statement>Plants less than 30 cm high; panicle up to 10 cm long; awn fine and almost straight, not or barely exceeding spikelet; anthers c. 1 mm long; alpine grass, commonly growing at edges of damp depressions</Statement>
            <TaxonName ref="i8"/>
          </Lead>
          <Lead id="k1l14">
            <Parent ref="k1l13"/>
            <Statement>Leaves usually 3 mm wide or more (except in var. setifolia); spikelets dark purple at maturity, 3.6–6 mm long (usually c. 5) mm long; pedicels often longer than spikelets; anthers mostly 0.6–1.2 mm long; lower branches of panicle rather stiff</Statement>
            <TaxonName ref="i1"/>
          </Lead>
          <Lead id="k1l15">
            <Parent ref="k1l13"/>
            <Statement>Leaves mostly less than 3 mm wide; spikelets green or slightly purplish, 2–4.5 (usually c. 3) mm long; most pedicels about as long as spikelets or shorter; anthers mostly 0.2–0.5 mm long; lower branches of panicle weak and capillary</Statement>
            <TaxonName ref="i3"/>
          </Lead>
          <Lead id="k1l18">
            <Parent ref="k1l17"/>
            <Statement>Awn attached at or below middle of lemma</Statement>
          </Lead>
          <Lead id="k1l21">
            <Parent ref="k1l17"/>
            <Statement>Awn attached above the middle of the lemma</Statement>
            <TaxonName ref="i0"/>
          </Lead>
          <Lead id="k1l19">
            <Parent ref="k1l18"/>
            <Statement>Spikelets 5–8 mm long; ligule 4–8 mm long; a tufted, mostly coastal grass</Statement>
            <TaxonName ref="i4"/>
          </Lead>
          <Lead id="k1l20">
            <Parent ref="k1l18"/>
            <Statement>Spikelets 2–3.5 mm long; ligule to 2.5 mm long; a widespread rhizomatous grass</Statement>
            <TaxonName ref="i5"/>
          </Lead>
          <Lead id="k1l23">
            <Parent ref="k1l22"/>
            <Statement>Callus glabrous; rachilla bristle absent; panicle usually somewhat contracted with semi-rigid branches</Statement>
          </Lead>
          <Lead id="k1l28">
            <Parent ref="k1l22"/>
            <Statement>Callus bearded; rachilla bristle present; panicle sparse, open, with very fine, spreading branches; a weak, shade-loving grass of near-coastal lowlands</Statement>
            <TaxonName ref="i11"/>
          </Lead>
          <Lead id="k1l24">
            <Parent ref="k1l23"/>
            <Statement>Plants rhizomatous; ligule longer or shorter than wide; panicle remaining more or less open, longer branches more than 3 cm long, devoid of spikelets toward their bases</Statement>
          </Lead>
          <Lead id="k1l27">
            <Parent ref="k1l23"/>
            <Statement>Plants stoloniferous; ligule longer than wide; panicle contracted, branches 3 cm long or less, with spikelets to near their bases</Statement>
            <TaxonName ref="i13"/>
          </Lead>
          <Lead id="k1l25">
            <Parent ref="k1l24"/>
            <Statement>Clavate apex of pedicel smooth; ligule of lower leaves mostly wider than long (to 1, rarely 2 mm long); glumes smooth along keel or minutely scabrous in upper half</Statement>
            <TaxonName ref="i6"/>
          </Lead>
          <Lead id="k1l26">
            <Parent ref="k1l24"/>
            <Statement>Clavate apex of pedicel scabrous; ligule of lower leaves mostly longer than wide (up to 6 mm long); glumes scabrous along keel from near base to apex</Statement>
            <TaxonName ref="i7"/>
          </Lead>
        </Leads>
      </IdentificationKey>
    </IdentificationKeys>
  </Dataset>
</Datasets>
