<?xml version="1.0" encoding="UTF-8"?>
<Datasets xmlns="http://rs.tdwg.org/UBIF/2006/" xmlns:xsi="http://www.w3.org/2001/XMLSchema-instance" xsi:schemaLocation="http://rs.tdwg.org/UBIF/2006/ http://rs.tdwg.org/UBIF/2006/Schema/1.1/SDD.xsd">
  <TechnicalMetadata created="2014-12-08T01:23:20">
    <Generator name="KeyBase SDD export" version="0"/>
  </TechnicalMetadata>
  <Dataset xml:lang="en-au">
    <Representation>
      <Label xml:lang="en">Aizoaceae</Label>
    </Representation>
    <TaxonNames>
      <TaxonName id="i0">
        <Representation>
          <Label>Aizoon</Label>
        </Representation>
      </TaxonName>
      <TaxonName id="i1">
        <Representation>
          <Label>Aptenia</Label>
        </Representation>
      </TaxonName>
      <TaxonName id="i2">
        <Representation>
          <Label>Carpobrotus</Label>
        </Representation>
      </TaxonName>
      <TaxonName id="i3">
        <Representation>
          <Label>Conicosia</Label>
        </Representation>
      </TaxonName>
      <TaxonName id="i4">
        <Representation>
          <Label>Disphyma</Label>
        </Representation>
      </TaxonName>
      <TaxonName id="i5">
        <Representation>
          <Label>Galenia</Label>
        </Representation>
      </TaxonName>
      <TaxonName id="i6">
        <Representation>
          <Label>Lampranthus</Label>
        </Representation>
      </TaxonName>
      <TaxonName id="i7">
        <Representation>
          <Label>Mesembryanthemum</Label>
        </Representation>
      </TaxonName>
      <TaxonName id="i8">
        <Representation>
          <Label>Psilocaulon</Label>
        </Representation>
      </TaxonName>
      <TaxonName id="i9">
        <Representation>
          <Label>Rosa</Label>
        </Representation>
      </TaxonName>
      <TaxonName id="i10">
        <Representation>
          <Label>Ruschia</Label>
        </Representation>
      </TaxonName>
      <TaxonName id="i11">
        <Representation>
          <Label>Sarcozona</Label>
        </Representation>
      </TaxonName>
      <TaxonName id="i12">
        <Representation>
          <Label>Tetragonia</Label>
        </Representation>
      </TaxonName>
      <TaxonName id="i13">
        <Representation>
          <Label>Zaleya</Label>
        </Representation>
      </TaxonName>
    </TaxonNames>
    <IdentificationKeys>
      <IdentificationKey id="k1">
        <Representation>
          <Label xml:lang="en">Aizoaceae</Label>
        </Representation>
        <Leads>
          <Lead id="k1l1">
            <Statement>Flowers with several to numerous petaloid staminodes; ovules more than 3 perlocule; seeds usually more than 15 per fruit</Statement>
          </Lead>
          <Lead id="k1l23">
            <Statement>Flowers without petaloid staminodes; ovules 1 or 2 per locule; seeds fewer than 10 per fruit</Statement>
          </Lead>
          <Lead id="k1l2">
            <Parent ref="k1l1"/>
            <Statement>Leaves relatively broad, flat on both surfaces</Statement>
          </Lead>
          <Lead id="k1l5">
            <Parent ref="k1l1"/>
            <Statement>Leaves terete to trigonous or triquetrous</Statement>
          </Lead>
          <Lead id="k1l3">
            <Parent ref="k1l2"/>
            <Statement>Sepals 4; leaves opposite throughout</Statement>
            <TaxonName ref="i1"/>
          </Lead>
          <Lead id="k1l4">
            <Parent ref="k1l2"/>
            <Statement>Sepals 5; leaves alternate on flowering stems</Statement>
            <TaxonName ref="i7"/>
          </Lead>
          <Lead id="k1l6">
            <Parent ref="k1l5"/>
            <Statement>Leaves terete to trigonous (then faces usually convex); flowers not enclosed within involucre; fruit a dehiscent capsule</Statement>
          </Lead>
          <Lead id="k1l20">
            <Parent ref="k1l5"/>
            <Statement>Leaves trigonous to triquetrous, with ± flat or concave faces and acute angles; flowers sometimes partly enclosed within 2-lobed involucre; fruit fleshy, indehiscent</Statement>
          </Lead>
          <Lead id="k1l7">
            <Parent ref="k1l6"/>
            <Statement>Leaves persistent; surface smooth or papillate</Statement>
          </Lead>
          <Lead id="k1l19">
            <Parent ref="k1l6"/>
            <Statement>Leaves withering and soon deciduous, branches retaining only the persistent leaf bases; surface smooth; annual or biennial</Statement>
            <TaxonName ref="i8"/>
          </Lead>
          <Lead id="k1l8">
            <Parent ref="k1l7"/>
            <Statement>Leaves opposite throughout (sometimes appearing rosetted at base)</Statement>
          </Lead>
          <Lead id="k1l18">
            <Parent ref="k1l7"/>
            <Statement>Leaves opposite on lower branches, alternate above</Statement>
            <TaxonName ref="i7"/>
          </Lead>
          <Lead id="k1l9">
            <Parent ref="k1l8"/>
            <Statement>Plant prostrate, rooting at nodes</Statement>
          </Lead>
          <Lead id="k1l15">
            <Parent ref="k1l8"/>
            <Statement>Plant erect or trailing, not rooting at nodes</Statement>
          </Lead>
          <Lead id="k1l10">
            <Parent ref="k1l9"/>
            <Statement>Leaves mostly 15 mm long or more; petaloid staminodes pink or yellow</Statement>
          </Lead>
          <Lead id="k1l14">
            <Parent ref="k1l9"/>
            <Statement>Leaves c. 10 mm long; petaloid staminodes pink</Statement>
            <TaxonName ref="i6"/>
          </Lead>
          <Lead id="k1l11">
            <Parent ref="k1l10"/>
            <Statement>Petaloid staminodes yellow; leaves rosetted at base</Statement>
            <TaxonName ref="i3"/>
          </Lead>
          <Lead id="k1l12">
            <Parent ref="k1l10"/>
            <Statement>Petaloid staminodes pink; leaves opposite throughout</Statement>
            <TaxonName ref="i4"/>
          </Lead>
          <Lead id="k1l13">
            <Parent ref="k1l10"/>
            <Statement>Petaloid staminodes pink; leaves opposite throughout</Statement>
            <TaxonName ref="i4"/>
          </Lead>
          <Lead id="k1l16">
            <Parent ref="k1l15"/>
            <Statement>Leaves clavate, densely papillose</Statement>
            <TaxonName ref="i9"/>
          </Lead>
          <Lead id="k1l17">
            <Parent ref="k1l15"/>
            <Statement>Leaves trigonous (the dorsal angle sometimes obscure), ± smooth</Statement>
            <TaxonName ref="i10"/>
          </Lead>
          <Lead id="k1l21">
            <Parent ref="k1l20"/>
            <Statement>Surfaces of leaves smooth; styles 6–14</Statement>
            <TaxonName ref="i2"/>
          </Lead>
          <Lead id="k1l22">
            <Parent ref="k1l20"/>
            <Statement>Surfaces of leaves minutely warty; styles 4 or 5</Statement>
            <TaxonName ref="i11"/>
          </Lead>
          <Lead id="k1l24">
            <Parent ref="k1l23"/>
            <Statement>Leaves alternate or clustered; fruit indehiscent or opening by slits or valves</Statement>
          </Lead>
          <Lead id="k1l30">
            <Parent ref="k1l23"/>
            <Statement>Leaves opposite; fruit a circumsciss capsule</Statement>
            <TaxonName ref="i13"/>
          </Lead>
          <Lead id="k1l25">
            <Parent ref="k1l24"/>
            <Statement>Fruit a capsule; plants variably covered by hairs or hair-like scales; leaves hardly succulent</Statement>
          </Lead>
          <Lead id="k1l29">
            <Parent ref="k1l24"/>
            <Statement>Fruit indehiscent, with hard, woody endocarp; plant glabrous or with vesicular hairs on young stems only; leaves succulent</Statement>
            <TaxonName ref="i12"/>
          </Lead>
          <Lead id="k1l26">
            <Parent ref="k1l25"/>
            <Statement>Stamens numerous; perianth segments c. 10 mm long</Statement>
            <TaxonName ref="i0"/>
          </Lead>
          <Lead id="k1l27">
            <Parent ref="k1l25"/>
            <Statement>Stamens 10; perianth segments 2–3 mm long</Statement>
            <TaxonName ref="i5"/>
          </Lead>
          <Lead id="k1l28">
            <Parent ref="k1l25"/>
            <Statement>Stamens 10; perianth segments 2–3 mm long</Statement>
            <TaxonName ref="i5"/>
          </Lead>
        </Leads>
      </IdentificationKey>
    </IdentificationKeys>
  </Dataset>
</Datasets>
