<?xml version="1.0" encoding="UTF-8"?>
<Datasets xmlns="http://rs.tdwg.org/UBIF/2006/" xmlns:xsi="http://www.w3.org/2001/XMLSchema-instance" xsi:schemaLocation="http://rs.tdwg.org/UBIF/2006/ http://rs.tdwg.org/UBIF/2006/Schema/1.1/SDD.xsd">
  <TechnicalMetadata created="2014-12-08T01:23:20">
    <Generator name="KeyBase SDD export" version="0"/>
  </TechnicalMetadata>
  <Dataset xml:lang="en-au">
    <Representation>
      <Label xml:lang="en">Allocasuarina mackliniana</Label>
    </Representation>
    <TaxonNames>
      <TaxonName id="i0">
        <Representation>
          <Label>Allocasuarina mackliniana subsp. xerophila</Label>
        </Representation>
      </TaxonName>
      <TaxonName id="i1">
        <Representation>
          <Label>Ambrosia tenuifolia</Label>
        </Representation>
      </TaxonName>
      <TaxonName id="i2">
        <Representation>
          <Label>Iva</Label>
        </Representation>
      </TaxonName>
    </TaxonNames>
    <IdentificationKeys>
      <IdentificationKey id="k1">
        <Representation>
          <Label xml:lang="en">Allocasuarina mackliniana</Label>
        </Representation>
        <Leads>
          <Lead id="k1l1">
            <Statement>Branchlets with furrows obviously pubescent at least when young; ribs flat or only slightly rounded; Grampians northward</Statement>
          </Lead>
          <Lead id="k1l5">
            <Statement>Branchlets with furrows usually glabrous; ribs rounded; south-west corner of Victoria</Statement>
            <TaxonName ref="i1"/>
          </Lead>
          <Lead id="k1l2">
            <Parent ref="k1l1"/>
            <Statement>Branchlets with furrows pubescent only when young; ribs nearly flat to slightly rounded; Little Desert to Wyperfeld National Park</Statement>
            <TaxonName ref="i0"/>
          </Lead>
          <Lead id="k1l3">
            <Parent ref="k1l1"/>
            <Statement>Branchlets with furrows pubescent, often strongly so; ribs slightly rounded; Grampians</Statement>
            <TaxonName ref="i2"/>
          </Lead>
          <Lead id="k1l4">
            <Parent ref="k1l1"/>
            <Statement>Branchlets with furrows pubescent, often strongly so; ribs slightly rounded; Grampians</Statement>
            <TaxonName ref="i2"/>
          </Lead>
        </Leads>
      </IdentificationKey>
    </IdentificationKeys>
  </Dataset>
</Datasets>
