<?xml version="1.0" encoding="UTF-8"?>
<Datasets xmlns="http://rs.tdwg.org/UBIF/2006/" xmlns:xsi="http://www.w3.org/2001/XMLSchema-instance" xsi:schemaLocation="http://rs.tdwg.org/UBIF/2006/ http://rs.tdwg.org/UBIF/2006/Schema/1.1/SDD.xsd">
  <TechnicalMetadata created="2014-12-08T01:23:20">
    <Generator name="KeyBase SDD export" version="0"/>
  </TechnicalMetadata>
  <Dataset xml:lang="en-au">
    <Representation>
      <Label xml:lang="en">Allocasuarina</Label>
    </Representation>
    <TaxonNames>
      <TaxonName id="i0">
        <Representation>
          <Label>Allocasuarina grampiana</Label>
        </Representation>
      </TaxonName>
      <TaxonName id="i1">
        <Representation>
          <Label>Allocasuarina littoralis</Label>
        </Representation>
      </TaxonName>
      <TaxonName id="i2">
        <Representation>
          <Label>Allocasuarina luehmannii</Label>
        </Representation>
      </TaxonName>
      <TaxonName id="i3">
        <Representation>
          <Label>Allocasuarina mackliniana</Label>
        </Representation>
      </TaxonName>
      <TaxonName id="i4">
        <Representation>
          <Label>Allocasuarina media</Label>
        </Representation>
      </TaxonName>
      <TaxonName id="i5">
        <Representation>
          <Label>Allocasuarina misera</Label>
        </Representation>
      </TaxonName>
      <TaxonName id="i6">
        <Representation>
          <Label>Allocasuarina muelleriana</Label>
        </Representation>
      </TaxonName>
      <TaxonName id="i7">
        <Representation>
          <Label>Allocasuarina nana</Label>
        </Representation>
      </TaxonName>
      <TaxonName id="i8">
        <Representation>
          <Label>Allocasuarina paludosa</Label>
        </Representation>
      </TaxonName>
      <TaxonName id="i9">
        <Representation>
          <Label>Allocasuarina paradoxa</Label>
        </Representation>
      </TaxonName>
      <TaxonName id="i10">
        <Representation>
          <Label>Allocasuarina pusilla</Label>
        </Representation>
      </TaxonName>
      <TaxonName id="i11">
        <Representation>
          <Label>Allocasuarina verticillata</Label>
        </Representation>
      </TaxonName>
    </TaxonNames>
    <IdentificationKeys>
      <IdentificationKey id="k1">
        <Representation>
          <Label xml:lang="en">Allocasuarina</Label>
        </Representation>
        <Leads>
          <Lead id="k1l1">
            <Statement>Bark smooth, fissured or furrowed; cone valves usually with a single abaxial protuberance (occasionally with 2 lateral bodies)</Statement>
          </Lead>
          <Lead id="k1l30">
            <Statement>Bark smooth or finely striate; cone valves subdivided into 3–5 parts (giving cones a smoothish outline with a chequered surface); East Gippsland only</Statement>
            <TaxonName ref="i7"/>
          </Lead>
          <Lead id="k1l2">
            <Parent ref="k1l1"/>
            <Statement>Trees; branchlets minutely roughened; teeth 9–14 per whorl</Statement>
          </Lead>
          <Lead id="k1l5">
            <Parent ref="k1l1"/>
            <Statement>Shrubs or trees; branchlets smooth or rib minutely serrate in profile; teeth 4–11 per whorl</Statement>
          </Lead>
          <Lead id="k1l3">
            <Parent ref="k1l2"/>
            <Statement>Branchlets ascending; teeth erect, tightly appressed; cones broader than long, with valves in 2 or 3 wheel-like rows</Statement>
            <TaxonName ref="i2"/>
          </Lead>
          <Lead id="k1l4">
            <Parent ref="k1l2"/>
            <Statement>Branchlets drooping; teeth spreading; cones longer than broad, with valves in several rows</Statement>
            <TaxonName ref="i11"/>
          </Lead>
          <Lead id="k1l6">
            <Parent ref="k1l5"/>
            <Statement>Branchlet ribs with median groove</Statement>
          </Lead>
          <Lead id="k1l9">
            <Parent ref="k1l5"/>
            <Statement>Branchlet ribs without median groove</Statement>
          </Lead>
          <Lead id="k1l7">
            <Parent ref="k1l6"/>
            <Statement>Teeth not overlapping</Statement>
            <TaxonName ref="i8"/>
          </Lead>
          <Lead id="k1l8">
            <Parent ref="k1l6"/>
            <Statement>Teeth overlapping; Big and Little Deserts only</Statement>
            <TaxonName ref="i10"/>
          </Lead>
          <Lead id="k1l10">
            <Parent ref="k1l9"/>
            <Statement>Teeth overlapping at least at base when young</Statement>
          </Lead>
          <Lead id="k1l21">
            <Parent ref="k1l9"/>
            <Statement>Teeth not overlapping (mostly not withered)</Statement>
          </Lead>
          <Lead id="k1l11">
            <Parent ref="k1l10"/>
            <Statement>Branchlet ribs flat or slightly rounded</Statement>
          </Lead>
          <Lead id="k1l14">
            <Parent ref="k1l10"/>
            <Statement>Branchlet ribs angular or strongly rounded, with keel or convexity continued onto teeth</Statement>
          </Lead>
          <Lead id="k1l12">
            <Parent ref="k1l11"/>
            <Statement>Teeth 7–10, more than 0.5 mm long, spreading to recurved, strongly withered; branchlet furrows pubescent or glabrous</Statement>
            <TaxonName ref="i3"/>
          </Lead>
          <Lead id="k1l13">
            <Parent ref="k1l11"/>
            <Statement>Teeth 5–7, 0.5 mm long or less, erect to spreading, not withered or slightly so at apex; branchlet furrows glabrous</Statement>
            <TaxonName ref="i10"/>
          </Lead>
          <Lead id="k1l15">
            <Parent ref="k1l14"/>
            <Statement>Branchlet internodes without a waxy bloom; teeth 5–11, recurved to erect, often withered; cones sessile or on peduncle to 5 mm long</Statement>
          </Lead>
          <Lead id="k1l20">
            <Parent ref="k1l14"/>
            <Statement>Branchlet internodes with a waxy bloom at least when dry; teeth 6 or 7, erect, not withered; cones on peduncle 2–12 mm long; Grampians only</Statement>
            <TaxonName ref="i0"/>
          </Lead>
          <Lead id="k1l16">
            <Parent ref="k1l15"/>
            <Statement>Teeth 7–11, recurved to spreading</Statement>
          </Lead>
          <Lead id="k1l19">
            <Parent ref="k1l15"/>
            <Statement>Teeth 5–7, erect and appressed to occasionally spreading</Statement>
            <TaxonName ref="i5"/>
          </Lead>
          <Lead id="k1l17">
            <Parent ref="k1l16"/>
            <Statement>Teeth strongly withered; branchlet ribs only slightly rounded, furrows pubescent or glabrous, but always pubescent if in the Grampians; west of Melbourne</Statement>
            <TaxonName ref="i3"/>
          </Lead>
          <Lead id="k1l18">
            <Parent ref="k1l16"/>
            <Statement>Teeth mostly somewhat withered; branchlet ribs rounded, furrows glabrous; Grampians and allied mountains, and east of Melbourne</Statement>
            <TaxonName ref="i9"/>
          </Lead>
          <Lead id="k1l22">
            <Parent ref="k1l21"/>
            <Statement>Branchlet furrows glabrous or if pubescent, ribs with minutely serrate central keel</Statement>
          </Lead>
          <Lead id="k1l29">
            <Parent ref="k1l21"/>
            <Statement>Branchlet furrows obviously pubescent, ribs without minutely serrate central keel; mostly tree 5–15 m, but sometimes smaller shrub</Statement>
            <TaxonName ref="i1"/>
          </Lead>
          <Lead id="k1l23">
            <Parent ref="k1l22"/>
            <Statement>Branchlet ribs angular, rounded or flat</Statement>
          </Lead>
          <Lead id="k1l28">
            <Parent ref="k1l22"/>
            <Statement>Branchlet ribs sharply angular with minutely serrate keel, often whitish; teeth erect and appressed; west of Melbourne only</Statement>
            <TaxonName ref="i6"/>
          </Lead>
          <Lead id="k1l24">
            <Parent ref="k1l23"/>
            <Statement>Branchlet ribs rounded or angular; teeth erect but not appressed; winged seed 5–8 mm long</Statement>
          </Lead>
          <Lead id="k1l27">
            <Parent ref="k1l23"/>
            <Statement>Branchlet ribs flat to rounded; teeth usually appressed; winged seed c. 4 mm long</Statement>
            <TaxonName ref="i5"/>
          </Lead>
          <Lead id="k1l25">
            <Parent ref="k1l24"/>
            <Statement>Branchlets with strong waxy bloom; Grampians</Statement>
            <TaxonName ref="i0"/>
          </Lead>
          <Lead id="k1l26">
            <Parent ref="k1l24"/>
            <Statement>Branchlets with waxy bloom faint or absent; east of Melbourne only</Statement>
            <TaxonName ref="i4"/>
          </Lead>
        </Leads>
      </IdentificationKey>
    </IdentificationKeys>
  </Dataset>
</Datasets>
