<div style="border:1px solid #990000;padding-left:20px;margin:0 0 10px 0;">

<h4>A PHP Error was encountered</h4>

<p>Severity: Warning</p>
<p>Message:  Invalid argument supplied for foreach()</p>
<p>Filename: models/exportmodel.php</p>
<p>Line Number: 85</p>

</div><div style="border:1px solid #990000;padding-left:20px;margin:0 0 10px 0;">

<h4>A PHP Error was encountered</h4>

<p>Severity: Notice</p>
<p>Message:  Undefined index: Items</p>
<p>Filename: libraries/Export.php</p>
<p>Line Number: 172</p>

</div><div style="border:1px solid #990000;padding-left:20px;margin:0 0 10px 0;">

<h4>A PHP Error was encountered</h4>

<p>Severity: Warning</p>
<p>Message:  Invalid argument supplied for foreach()</p>
<p>Filename: libraries/Export.php</p>
<p>Line Number: 172</p>

</div><div style="border:1px solid #990000;padding-left:20px;margin:0 0 10px 0;">

<h4>A PHP Error was encountered</h4>

<p>Severity: Notice</p>
<p>Message:  Undefined index: Steps</p>
<p>Filename: libraries/Export.php</p>
<p>Line Number: 254</p>

</div><div style="border:1px solid #990000;padding-left:20px;margin:0 0 10px 0;">

<h4>A PHP Error was encountered</h4>

<p>Severity: Warning</p>
<p>Message:  Invalid argument supplied for foreach()</p>
<p>Filename: libraries/Export.php</p>
<p>Line Number: 254</p>

</div><?xml version="1.0" encoding="UTF-8"?>
<Datasets xmlns="http://rs.tdwg.org/UBIF/2006/" xmlns:xsi="http://www.w3.org/2001/XMLSchema-instance" xsi:schemaLocation="http://rs.tdwg.org/UBIF/2006/ http://rs.tdwg.org/UBIF/2006/Schema/1.1/SDD.xsd">
  <TechnicalMetadata created="2014-12-08T01:23:49">
    <Generator name="KeyBase SDD export" version="0"/>
  </TechnicalMetadata>
  <Dataset xml:lang="en-au">
    <Representation>
      <Label xml:lang="en">Alpha numeric</Label>
    </Representation>
    <TaxonNames/>
    <IdentificationKeys>
      <IdentificationKey id="k1">
        <Representation>
          <Label xml:lang="en">Alpha numeric</Label>
        </Representation>
        <Leads/>
      </IdentificationKey>
    </IdentificationKeys>
  </Dataset>
</Datasets>
