<?xml version="1.0" encoding="UTF-8"?>
<Datasets xmlns="http://rs.tdwg.org/UBIF/2006/" xmlns:xsi="http://www.w3.org/2001/XMLSchema-instance" xsi:schemaLocation="http://rs.tdwg.org/UBIF/2006/ http://rs.tdwg.org/UBIF/2006/Schema/1.1/SDD.xsd">
  <TechnicalMetadata created="2014-12-08T01:23:21">
    <Generator name="KeyBase SDD export" version="0"/>
  </TechnicalMetadata>
  <Dataset xml:lang="en-au">
    <Representation>
      <Label xml:lang="en">Amaranthus</Label>
    </Representation>
    <TaxonNames>
      <TaxonName id="i0">
        <Representation>
          <Label>Amaranthus albus</Label>
        </Representation>
      </TaxonName>
      <TaxonName id="i1">
        <Representation>
          <Label>Amaranthus caudatus</Label>
        </Representation>
      </TaxonName>
      <TaxonName id="i2">
        <Representation>
          <Label>Amaranthus cruentus</Label>
        </Representation>
      </TaxonName>
      <TaxonName id="i3">
        <Representation>
          <Label>Amaranthus deflexus</Label>
        </Representation>
      </TaxonName>
      <TaxonName id="i4">
        <Representation>
          <Label>Amaranthus graecizans</Label>
        </Representation>
      </TaxonName>
      <TaxonName id="i5">
        <Representation>
          <Label>Amaranthus grandiflorus</Label>
        </Representation>
      </TaxonName>
      <TaxonName id="i6">
        <Representation>
          <Label>Amaranthus hybridus</Label>
        </Representation>
      </TaxonName>
      <TaxonName id="i7">
        <Representation>
          <Label>Amaranthus macrocarpus</Label>
        </Representation>
      </TaxonName>
      <TaxonName id="i8">
        <Representation>
          <Label>Amaranthus muricatus</Label>
        </Representation>
      </TaxonName>
      <TaxonName id="i9">
        <Representation>
          <Label>Amaranthus powellii</Label>
        </Representation>
      </TaxonName>
      <TaxonName id="i10">
        <Representation>
          <Label>Amaranthus retroflexus</Label>
        </Representation>
      </TaxonName>
      <TaxonName id="i11">
        <Representation>
          <Label>Amaranthus viridis</Label>
        </Representation>
      </TaxonName>
    </TaxonNames>
    <IdentificationKeys>
      <IdentificationKey id="k1">
        <Representation>
          <Label xml:lang="en">Amaranthus</Label>
        </Representation>
        <Leads>
          <Lead id="k1l1">
            <Statement>Fruit circumsciss; bracts and bracteoles (except in A. graecizans) rigid and spinescent, subequal to or exceeding perianth</Statement>
          </Lead>
          <Lead id="k1l14">
            <Statement>Fruit not or irregularly dehiscent; bracts and bracteoles (except in rare forms of A. albus) shorter than perianth, generally not spinescent</Statement>
          </Lead>
          <Lead id="k1l2">
            <Parent ref="k1l1"/>
            <Statement>Flowers in small axillary clusters; tepals 2 or 3</Statement>
          </Lead>
          <Lead id="k1l5">
            <Parent ref="k1l1"/>
            <Statement>Flowers in dense spikes or spike-like panicles, terminal and in upper axils; tepals 3–5</Statement>
          </Lead>
          <Lead id="k1l3">
            <Parent ref="k1l2"/>
            <Statement>Bracts and bracteoles spinescent, c. twice as long as perianth</Statement>
            <TaxonName ref="i0"/>
          </Lead>
          <Lead id="k1l4">
            <Parent ref="k1l2"/>
            <Statement>Bracteoles not spinescent, shorter than perianth</Statement>
            <TaxonName ref="i4"/>
          </Lead>
          <Lead id="k1l6">
            <Parent ref="k1l5"/>
            <Statement>Inflorescence greenish (rarely reddish), spikes erect or spreading but not drooping</Statement>
          </Lead>
          <Lead id="k1l13">
            <Parent ref="k1l5"/>
            <Statement>Inflorescence reddish, purplish or yellowish, usually with long drooping spikes 15 cm long or more</Statement>
            <TaxonName ref="i1"/>
          </Lead>
          <Lead id="k1l7">
            <Parent ref="k1l6"/>
            <Statement>Tepals of female flowers acute, not mucronate</Statement>
          </Lead>
          <Lead id="k1l12">
            <Parent ref="k1l6"/>
            <Statement>Tepals of female flowers obtuse, truncate or emarginate, usually shortly mucronate</Statement>
            <TaxonName ref="i10"/>
          </Lead>
          <Lead id="k1l8">
            <Parent ref="k1l7"/>
            <Statement>Inflorescence somewhat lax, usually with many short branches arising at near right-angles from main axis, branches typically 5–8 mm diam. at midway; longest bracts 2–3.5 mm long; tepals 5, 1.5–2 mm long</Statement>
          </Lead>
          <Lead id="k1l11">
            <Parent ref="k1l7"/>
            <Statement>Inflorescence stiff, relatively few-branched, branches typically 1 cm diam. or more at midway; longest bracts 4–6 mm long; tepals 3–5 (often within one inflorescence) 2.5–3 mm long</Statement>
            <TaxonName ref="i9"/>
          </Lead>
          <Lead id="k1l9">
            <Parent ref="k1l8"/>
            <Statement>Utricle globoid to slightly compressed, distinctly longer than perianth</Statement>
            <TaxonName ref="i2"/>
          </Lead>
          <Lead id="k1l10">
            <Parent ref="k1l8"/>
            <Statement>Utricle distinctly compressed, shorter than or equal to perianth</Statement>
            <TaxonName ref="i6"/>
          </Lead>
          <Lead id="k1l15">
            <Parent ref="k1l14"/>
            <Statement>Tepals 2 or 3</Statement>
          </Lead>
          <Lead id="k1l22">
            <Parent ref="k1l14"/>
            <Statement>Tepals 5 (rarely 4)</Statement>
          </Lead>
          <Lead id="k1l16">
            <Parent ref="k1l15"/>
            <Statement>Bracts and bracteoles not spinescent</Statement>
          </Lead>
          <Lead id="k1l21">
            <Parent ref="k1l15"/>
            <Statement>Bracts and bracteoles spinescent</Statement>
            <TaxonName ref="i0"/>
          </Lead>
          <Lead id="k1l17">
            <Parent ref="k1l16"/>
            <Statement>Flowers in spikes or spike-like panicles (all terminal or sometimes also in upper axils); mature utricles brownish or green</Statement>
          </Lead>
          <Lead id="k1l20">
            <Parent ref="k1l16"/>
            <Statement>Flowers in globular axillary clusters; mature utricles blackish</Statement>
            <TaxonName ref="i7"/>
          </Lead>
          <Lead id="k1l18">
            <Parent ref="k1l17"/>
            <Statement>Prostrate perennial with ± hairy stems; seed much smaller than utricle; perianth segments mostly 2</Statement>
            <TaxonName ref="i3"/>
          </Lead>
          <Lead id="k1l19">
            <Parent ref="k1l17"/>
            <Statement>Ascending to erect annual, almost glabrous; seed almost filling utricle; perianth segments mostly 3</Statement>
            <TaxonName ref="i11"/>
          </Lead>
          <Lead id="k1l23">
            <Parent ref="k1l22"/>
            <Statement>Tepals c. 2 mm long in fruit; ± prostrate plants; inflorescence spicate or axillary</Statement>
          </Lead>
          <Lead id="k1l26">
            <Parent ref="k1l22"/>
            <Statement>Tepals 4–7 mm long in fruit; erect plants with inflorescence of axillary clusters</Statement>
            <TaxonName ref="i5"/>
          </Lead>
          <Lead id="k1l24">
            <Parent ref="k1l23"/>
            <Statement>Utricle c. twice as long as perianth; flowers in dense axillary clusters</Statement>
            <TaxonName ref="i7"/>
          </Lead>
          <Lead id="k1l25">
            <Parent ref="k1l23"/>
            <Statement>Utricle slightly exceeding perianth; inflorescence spicate, terminal</Statement>
            <TaxonName ref="i8"/>
          </Lead>
        </Leads>
      </IdentificationKey>
    </IdentificationKeys>
  </Dataset>
</Datasets>
