<?xml version="1.0" encoding="UTF-8"?>
<Datasets xmlns="http://rs.tdwg.org/UBIF/2006/" xmlns:xsi="http://www.w3.org/2001/XMLSchema-instance" xsi:schemaLocation="http://rs.tdwg.org/UBIF/2006/ http://rs.tdwg.org/UBIF/2006/Schema/1.1/SDD.xsd">
  <TechnicalMetadata created="2014-12-08T01:23:21">
    <Generator name="KeyBase SDD export" version="0"/>
  </TechnicalMetadata>
  <Dataset xml:lang="en-au">
    <Representation>
      <Label xml:lang="en">Amaranthaceae</Label>
    </Representation>
    <TaxonNames>
      <TaxonName id="i0">
        <Representation>
          <Label>Alternanthera</Label>
        </Representation>
      </TaxonName>
      <TaxonName id="i1">
        <Representation>
          <Label>Amaranthus</Label>
        </Representation>
      </TaxonName>
      <TaxonName id="i2">
        <Representation>
          <Label>Gomphrena</Label>
        </Representation>
      </TaxonName>
      <TaxonName id="i3">
        <Representation>
          <Label>Hemichroa</Label>
        </Representation>
      </TaxonName>
      <TaxonName id="i4">
        <Representation>
          <Label>Lotus</Label>
        </Representation>
      </TaxonName>
    </TaxonNames>
    <IdentificationKeys>
      <IdentificationKey id="k1">
        <Representation>
          <Label xml:lang="en">Amaranthaceae</Label>
        </Representation>
        <Leads>
          <Lead id="k1l1">
            <Statement>Leaves opposite; flowers in compact heads or short spikes</Statement>
          </Lead>
          <Lead id="k1l4">
            <Statement>Leaves alternate or ± rosetted at base; flowers in spikes, racemes or panicles, or solitary in axils</Statement>
          </Lead>
          <Lead id="k1l2">
            <Parent ref="k1l1"/>
            <Statement>Flowers in dense axillary clusters</Statement>
            <TaxonName ref="i0"/>
          </Lead>
          <Lead id="k1l3">
            <Parent ref="k1l1"/>
            <Statement>Flowers in terminal head or short spike, sessile between 2 leaves</Statement>
            <TaxonName ref="i2"/>
          </Lead>
          <Lead id="k1l5">
            <Parent ref="k1l4"/>
            <Statement>Perianth inconspicuous, glabrous or nearly so; stamens free or shortly united at base; flowers usually unisexual</Statement>
          </Lead>
          <Lead id="k1l8">
            <Parent ref="k1l4"/>
            <Statement>Perianth with copious silky or woolly hairs; stamens connate; flowers bisexual</Statement>
            <TaxonName ref="i4"/>
          </Lead>
          <Lead id="k1l6">
            <Parent ref="k1l5"/>
            <Statement>Flowers in cymes in axillary clusters or aggregated into terminal and/or axillary spikes; leaves not fleshy</Statement>
            <TaxonName ref="i1"/>
          </Lead>
          <Lead id="k1l7">
            <Parent ref="k1l5"/>
            <Statement>Flowers solitary in axils of fleshy leaves; subshrubs of saltmarsh or samphire communities</Statement>
            <TaxonName ref="i3"/>
          </Lead>
        </Leads>
      </IdentificationKey>
    </IdentificationKeys>
  </Dataset>
</Datasets>
