<?xml version="1.0" encoding="UTF-8"?>
<Datasets xmlns="http://rs.tdwg.org/UBIF/2006/" xmlns:xsi="http://www.w3.org/2001/XMLSchema-instance" xsi:schemaLocation="http://rs.tdwg.org/UBIF/2006/ http://rs.tdwg.org/UBIF/2006/Schema/1.1/SDD.xsd">
  <TechnicalMetadata created="2014-12-08T01:23:15">
    <Generator name="KeyBase SDD export" version="0"/>
  </TechnicalMetadata>
  <Dataset xml:lang="en-au">
    <Representation>
      <Label xml:lang="en">Amphibromus</Label>
    </Representation>
    <TaxonNames>
      <TaxonName id="i0">
        <Representation>
          <Label>Amphibromus archeri</Label>
        </Representation>
      </TaxonName>
      <TaxonName id="i1">
        <Representation>
          <Label>Amphibromus fluitans</Label>
        </Representation>
      </TaxonName>
      <TaxonName id="i2">
        <Representation>
          <Label>Amphibromus macrorhinus</Label>
        </Representation>
      </TaxonName>
      <TaxonName id="i3">
        <Representation>
          <Label>Amphibromus neesii</Label>
        </Representation>
      </TaxonName>
      <TaxonName id="i4">
        <Representation>
          <Label>Amphibromus nervosus</Label>
        </Representation>
      </TaxonName>
      <TaxonName id="i5">
        <Representation>
          <Label>Amphibromus pithogastrus</Label>
        </Representation>
      </TaxonName>
      <TaxonName id="i6">
        <Representation>
          <Label>Amphibromus recurvatus</Label>
        </Representation>
      </TaxonName>
      <TaxonName id="i7">
        <Representation>
          <Label>Amphibromus sinuatus</Label>
        </Representation>
      </TaxonName>
    </TaxonNames>
    <IdentificationKeys>
      <IdentificationKey id="k1">
        <Representation>
          <Label xml:lang="en">Amphibromus</Label>
        </Representation>
        <Leads>
          <Lead id="k1l1">
            <Statement>Apical teeth of lemma not bristle-tippe</Statement>
          </Lead>
          <Lead id="k1l14">
            <Statement>Lemmas with at least the inner pair of apical teeth ending in a bristle 2–4 mm long</Statement>
            <TaxonName ref="i0"/>
          </Lead>
          <Lead id="k1l2">
            <Parent ref="k1l1"/>
            <Statement>Plants usually stoloniferous; awns straight or gently curved</Statement>
          </Lead>
          <Lead id="k1l5">
            <Parent ref="k1l1"/>
            <Statement>Plants tufted; awns with a strong bend at or below midway</Statement>
          </Lead>
          <Lead id="k1l3">
            <Parent ref="k1l2"/>
            <Statement>Lemma less than 6 mm long; spikelets (excluding awns) 9–15 mm long; florets 6- 10 per spikelet</Statement>
            <TaxonName ref="i1"/>
          </Lead>
          <Lead id="k1l4">
            <Parent ref="k1l2"/>
            <Statement>Lemma more than 6 mm long; spikelets (excluding awns) 12–21 mm long; florets 5- 7 per spikelet</Statement>
            <TaxonName ref="i7"/>
          </Lead>
          <Lead id="k1l6">
            <Parent ref="k1l5"/>
            <Statement>Lemma scabrous or papillose, apical teeth 2 or 4, if 4 then the outer pair usually poorly developed; awn twisted near base; lemma more than 5 mm long; spikelet more than 10 mm long</Statement>
          </Lead>
          <Lead id="k1l13">
            <Parent ref="k1l5"/>
            <Statement>Lemma densely hispid, the 4 apical teeth more or less equal; awn scarcely twisted; lemma mostly less than 5 mm long; spikelet mostly less than 10 mm long</Statement>
            <TaxonName ref="i6"/>
          </Lead>
          <Lead id="k1l7">
            <Parent ref="k1l6"/>
            <Statement>Ligule more than 6 mm long (rarely as short as 4.5 mm in A. neesii); lemma not obviously swollen</Statement>
          </Lead>
          <Lead id="k1l12">
            <Parent ref="k1l6"/>
            <Statement>Ligule less than 5 mm long; lemma swollen in lower half</Statement>
            <TaxonName ref="i5"/>
          </Lead>
          <Lead id="k1l8">
            <Parent ref="k1l7"/>
            <Statement>Awn inserted in middle one-third of lemma which is not abruptly tapered above the point of insertion</Statement>
          </Lead>
          <Lead id="k1l11">
            <Parent ref="k1l7"/>
            <Statement>Awn inserted in the upper one-third of lemma which is rather abruptly tapered above the point of insertion</Statement>
            <TaxonName ref="i3"/>
          </Lead>
          <Lead id="k1l9">
            <Parent ref="k1l8"/>
            <Statement>Apex of lemma elongate, papery, (2–) 4-toothed; lemma strongly scabous on back in lower half; awn inserted at or below midway on lemma (50–60% of the total lemma length from apex)</Statement>
            <TaxonName ref="i2"/>
          </Lead>
          <Lead id="k1l10">
            <Parent ref="k1l8"/>
            <Statement>Apex of lemma evenly tapered from widest part, 2-toothed (sometimes with an outer pair of much reduced teeth); lemma smooth to scabrous on back in lower half; awn inserted at or slightly above midway (40–55% of lemma length from apex)</Statement>
            <TaxonName ref="i4"/>
          </Lead>
        </Leads>
      </IdentificationKey>
    </IdentificationKeys>
  </Dataset>
</Datasets>
