<?xml version="1.0" encoding="UTF-8"?>
<Datasets xmlns="http://rs.tdwg.org/UBIF/2006/" xmlns:xsi="http://www.w3.org/2001/XMLSchema-instance" xsi:schemaLocation="http://rs.tdwg.org/UBIF/2006/ http://rs.tdwg.org/UBIF/2006/Schema/1.1/SDD.xsd">
  <TechnicalMetadata created="2014-12-08T01:23:46">
    <Generator name="KeyBase SDD export" version="0"/>
  </TechnicalMetadata>
  <Dataset xml:lang="en-au">
    <Representation>
      <Label xml:lang="en">Amphidium</Label>
    </Representation>
    <TaxonNames>
      <TaxonName id="i0">
        <Representation>
          <Label>Amphidium californicum</Label>
        </Representation>
      </TaxonName>
      <TaxonName id="i1">
        <Representation>
          <Label>Amphidium lapponicum</Label>
        </Representation>
      </TaxonName>
      <TaxonName id="i2">
        <Representation>
          <Label>Amphidium mougeotii</Label>
        </Representation>
      </TaxonName>
      <TaxonName id="i3">
        <Representation>
          <Label>Dicranoweisia contermina</Label>
        </Representation>
      </TaxonName>
      <TaxonName id="i4">
        <Representation>
          <Label>Grimmia anomala</Label>
        </Representation>
      </TaxonName>
    </TaxonNames>
    <IdentificationKeys>
      <IdentificationKey id="k1">
        <Representation>
          <Label xml:lang="en">Amphidium</Label>
        </Representation>
        <Leads>
          <Lead id="k1l1">
            <Statement>Leaf margins bistratose at mid-leaf; costa short-excurrent; immediate supra-basal marginal cells with thin lateral walls compared to the thick transverse walls</Statement>
            <TaxonName ref="i3"/>
          </Lead>
          <Lead id="k1l2">
            <Statement>Leaf margins unistratose throughout; costa ending within one or more cells of leaf apex; immediate suprabasal marginal cells without strong difference between lateral and transverse wall thickness</Statement>
          </Lead>
          <Lead id="k1l3">
            <Parent ref="k1l2"/>
            <Statement>Leaves not crispate; leaf apices with clusters of green gemmae; basal marginal cells quadrate with transverse walls thicker than lateral walls</Statement>
            <TaxonName ref="i4"/>
          </Lead>
          <Lead id="k1l4">
            <Parent ref="k1l2"/>
            <Statement>Leaves strongly crispate; gemmae absent; basal marginal cells elongate with lateral and transverse walls evenly thin</Statement>
          </Lead>
          <Lead id="k1l5">
            <Parent ref="k1l4"/>
            <Statement>Margin serrulate with teeth remote from one another; basal juxtacostal cells primarily about 3-5:1; restricted to low elevations</Statement>
            <TaxonName ref="i0"/>
          </Lead>
          <Lead id="k1l6">
            <Parent ref="k1l4"/>
            <Statement>Margin entire; basal juxtacostal cells primarily about 2-3:1; typically montane in California</Statement>
          </Lead>
          <Lead id="k1l7">
            <Parent ref="k1l6"/>
            <Statement>Perichaetial leaves sheathing with apex abruptly contracted into a short apiculus; seta about as long as capsule; synoicous; leaves a bit shorter (more lanceolate than linear) and more strongly crisped when dry; leaf margins only slightly recurved; supposedly with cuticular papillae larger but one would have to standardize the part of the leaf under observation</Statement>
            <TaxonName ref="i1"/>
          </Lead>
          <Lead id="k1l8">
            <Parent ref="k1l6"/>
            <Statement>Perichaetial leaves longer and only gradually tapering; seta longer; dioicous; leaf margins more consistently recurved throughout a greater length of the leaf; leaves longer (more linear than lanceolate) and less strongly crisped when dry; cuticular papillae smaller</Statement>
            <TaxonName ref="i2"/>
          </Lead>
        </Leads>
      </IdentificationKey>
    </IdentificationKeys>
  </Dataset>
</Datasets>
