<?xml version="1.0" encoding="UTF-8"?>
<Datasets xmlns="http://rs.tdwg.org/UBIF/2006/" xmlns:xsi="http://www.w3.org/2001/XMLSchema-instance" xsi:schemaLocation="http://rs.tdwg.org/UBIF/2006/ http://rs.tdwg.org/UBIF/2006/Schema/1.1/SDD.xsd">
  <TechnicalMetadata created="2014-12-08T01:23:32">
    <Generator name="KeyBase SDD export" version="0"/>
  </TechnicalMetadata>
  <Dataset xml:lang="en-au">
    <Representation>
      <Label xml:lang="en">Amsinckia</Label>
    </Representation>
    <TaxonNames>
      <TaxonName id="i0">
        <Representation>
          <Label>Amsinckia calycina</Label>
        </Representation>
      </TaxonName>
      <TaxonName id="i1">
        <Representation>
          <Label>Amsinckia intermedia</Label>
        </Representation>
      </TaxonName>
      <TaxonName id="i2">
        <Representation>
          <Label>Amsinckia lycopsoides</Label>
        </Representation>
      </TaxonName>
      <TaxonName id="i3">
        <Representation>
          <Label>Amsinckia menziesii</Label>
        </Representation>
      </TaxonName>
      <TaxonName id="i4">
        <Representation>
          <Label>Amsinckia spectabilis</Label>
        </Representation>
      </TaxonName>
    </TaxonNames>
    <IdentificationKeys>
      <IdentificationKey id="k1">
        <Representation>
          <Label xml:lang="en">Amsinckia</Label>
        </Representation>
        <Leads>
          <Lead id="k1l1">
            <Statement>Sepals 5, free to the base in all flowers; corolla pale yellow or orange, longer than or about as long as calyx at anthesis</Statement>
          </Lead>
          <Lead id="k1l8">
            <Statement>Sepals 5, but often apparently 4 by total or partial union of the axial pair in at least some flowers; corolla orange, much longer than calyx at anthesis</Statement>
            <TaxonName ref="i4"/>
          </Lead>
          <Lead id="k1l2">
            <Parent ref="k1l1"/>
            <Statement>Corolla throat open and glabrous; stamens inserted in corolla throat</Statement>
          </Lead>
          <Lead id="k1l7">
            <Parent ref="k1l1"/>
            <Statement>Corolla throat constricted and closed by hairy saccate scales; stamens inserted low in corolla-tube</Statement>
            <TaxonName ref="i2"/>
          </Lead>
          <Lead id="k1l3">
            <Parent ref="k1l2"/>
            <Statement>Corolla pale yellow, not or scarcely longer than calyx at anthesis; stems hairy as well as strigose; mericarps not or only weakly transversely wrinkled</Statement>
          </Lead>
          <Lead id="k1l6">
            <Parent ref="k1l2"/>
            <Statement>Corolla orange or orange-yellow, much longer than calyx at anthesis; stems strigose only, often almost glabrous; mericarps transversely wrinkled</Statement>
            <TaxonName ref="i1"/>
          </Lead>
          <Lead id="k1l4">
            <Parent ref="k1l3"/>
            <Statement>Mericarps 2–2.5 mm long, surface covered with rounded to pointed (but not spine- tipped) tubercles</Statement>
            <TaxonName ref="i0"/>
          </Lead>
          <Lead id="k1l5">
            <Parent ref="k1l3"/>
            <Statement>Mericarps 2.5–3.5 mm long, surface covered with spine-tipped tubercles</Statement>
            <TaxonName ref="i3"/>
          </Lead>
        </Leads>
      </IdentificationKey>
    </IdentificationKeys>
  </Dataset>
</Datasets>
