<?xml version="1.0" encoding="UTF-8"?>
<Datasets xmlns="http://rs.tdwg.org/UBIF/2006/" xmlns:xsi="http://www.w3.org/2001/XMLSchema-instance" xsi:schemaLocation="http://rs.tdwg.org/UBIF/2006/ http://rs.tdwg.org/UBIF/2006/Schema/1.1/SDD.xsd">
  <TechnicalMetadata created="2014-12-08T01:23:28">
    <Generator name="KeyBase SDD export" version="0"/>
  </TechnicalMetadata>
  <Dataset xml:lang="en-au">
    <Representation>
      <Label xml:lang="en">Amyema</Label>
    </Representation>
    <TaxonNames>
      <TaxonName id="i0">
        <Representation>
          <Label>Amyema linophylla</Label>
        </Representation>
      </TaxonName>
      <TaxonName id="i1">
        <Representation>
          <Label>Amyema miquelii</Label>
        </Representation>
      </TaxonName>
      <TaxonName id="i2">
        <Representation>
          <Label>Amyema miraculosa</Label>
        </Representation>
      </TaxonName>
      <TaxonName id="i3">
        <Representation>
          <Label>Amyema pendula</Label>
        </Representation>
      </TaxonName>
      <TaxonName id="i4">
        <Representation>
          <Label>Amyema preissii</Label>
        </Representation>
      </TaxonName>
      <TaxonName id="i5">
        <Representation>
          <Label>Amyema quandang</Label>
        </Representation>
      </TaxonName>
    </TaxonNames>
    <IdentificationKeys>
      <IdentificationKey id="k1">
        <Representation>
          <Label xml:lang="en">Amyema</Label>
        </Representation>
        <Leads>
          <Lead id="k1l1">
            <Statement>Leaves terete</Statement>
          </Lead>
          <Lead id="k1l4">
            <Statement>Leaves flat</Statement>
          </Lead>
          <Lead id="k1l2">
            <Parent ref="k1l1"/>
            <Statement>Inflorescence tomentose; host plants Casuarinaceae</Statement>
            <TaxonName ref="i0"/>
          </Lead>
          <Lead id="k1l3">
            <Parent ref="k1l1"/>
            <Statement>Inflorescence glabrous; host plants Acacia and Senna</Statement>
            <TaxonName ref="i4"/>
          </Lead>
          <Lead id="k1l5">
            <Parent ref="k1l4"/>
            <Statement>Rays of inflorescence 2</Statement>
          </Lead>
          <Lead id="k1l8">
            <Parent ref="k1l4"/>
            <Statement>Rays of inflorescence mostly 3–7</Statement>
          </Lead>
          <Lead id="k1l6">
            <Parent ref="k1l5"/>
            <Statement>Corolla in mature bud glabrous or with few scattered hairs; leaves greenish; host plants commonly Santalaceae or other mistletoes</Statement>
            <TaxonName ref="i2"/>
          </Lead>
          <Lead id="k1l7">
            <Parent ref="k1l5"/>
            <Statement>Corolla in mature bud tomentose; leaves greyish; host plants Acacia</Statement>
            <TaxonName ref="i5"/>
          </Lead>
          <Lead id="k1l9">
            <Parent ref="k1l8"/>
            <Statement>At least central flower(s) of triad or tetrad sessile</Statement>
          </Lead>
          <Lead id="k1l12">
            <Parent ref="k1l8"/>
            <Statement>All flowers usually pedicellate; host plants Eucalyptus and Acacia</Statement>
            <TaxonName ref="i1"/>
          </Lead>
          <Lead id="k1l10">
            <Parent ref="k1l9"/>
            <Statement>Corolla in mature bud glabrous or with few scattered hairs; host plants commonly Santalaceae or other mistletoes</Statement>
            <TaxonName ref="i2"/>
          </Lead>
          <Lead id="k1l11">
            <Parent ref="k1l9"/>
            <Statement>Corolla in mature bud tomentose; host plants Eucalyptus and Acacia</Statement>
            <TaxonName ref="i3"/>
          </Lead>
        </Leads>
      </IdentificationKey>
    </IdentificationKeys>
  </Dataset>
</Datasets>
