<?xml version="1.0" encoding="UTF-8"?>
<Datasets xmlns="http://rs.tdwg.org/UBIF/2006/" xmlns:xsi="http://www.w3.org/2001/XMLSchema-instance" xsi:schemaLocation="http://rs.tdwg.org/UBIF/2006/ http://rs.tdwg.org/UBIF/2006/Schema/1.1/SDD.xsd">
  <TechnicalMetadata created="2014-12-08T01:23:32">
    <Generator name="KeyBase SDD export" version="0"/>
  </TechnicalMetadata>
  <Dataset xml:lang="en-au">
    <Representation>
      <Label xml:lang="en">Anchusa</Label>
    </Representation>
    <TaxonNames>
      <TaxonName id="i0">
        <Representation>
          <Label>Anchusa arvensis</Label>
        </Representation>
      </TaxonName>
      <TaxonName id="i1">
        <Representation>
          <Label>Anchusa azurea</Label>
        </Representation>
      </TaxonName>
      <TaxonName id="i2">
        <Representation>
          <Label>Anchusa capensis</Label>
        </Representation>
      </TaxonName>
    </TaxonNames>
    <IdentificationKeys>
      <IdentificationKey id="k1">
        <Representation>
          <Label xml:lang="en">Anchusa</Label>
        </Representation>
        <Leads>
          <Lead id="k1l1">
            <Statement>Plant annual or biennial, usually less than 60 cm high; corolla pale blue or white, less than 15 mm diam.; mericarps less than 5 mm long, attached obliquely; sepals elongating to no more than c. 12 mm in fruit</Statement>
          </Lead>
          <Lead id="k1l4">
            <Statement>Plant perennial, often more than 1 m high; corolla bright blue, 15–25 mm diam.; mericarps more than 6 mm long, attached at base; sepals elongating to c. 20 mm in fruit</Statement>
            <TaxonName ref="i1"/>
          </Lead>
          <Lead id="k1l2">
            <Parent ref="k1l1"/>
            <Statement>Corolla zygomorphic; sepals free nearly to base, elongating markedly in fruit; leaf- margins undulate-dentate; mericarps with areole narrower than its base</Statement>
            <TaxonName ref="i0"/>
          </Lead>
          <Lead id="k1l3">
            <Parent ref="k1l1"/>
            <Statement>Corolla regular; sepals joined for at least half their length, scarcely elongating in fruit; leaf-margins entire; mericarps with areole about as wide as or wider than its base</Statement>
            <TaxonName ref="i2"/>
          </Lead>
        </Leads>
      </IdentificationKey>
    </IdentificationKeys>
  </Dataset>
</Datasets>
