<?xml version="1.0" encoding="UTF-8"?>
<Datasets xmlns="http://rs.tdwg.org/UBIF/2006/" xmlns:xsi="http://www.w3.org/2001/XMLSchema-instance" xsi:schemaLocation="http://rs.tdwg.org/UBIF/2006/ http://rs.tdwg.org/UBIF/2006/Schema/1.1/SDD.xsd">
  <TechnicalMetadata created="2014-12-08T01:23:47">
    <Generator name="KeyBase SDD export" version="0"/>
  </TechnicalMetadata>
  <Dataset xml:lang="en-au">
    <Representation>
      <Label xml:lang="en">Andreaea</Label>
    </Representation>
    <TaxonNames>
      <TaxonName id="i0">
        <Representation>
          <Label>Andreaea alpestris</Label>
        </Representation>
      </TaxonName>
      <TaxonName id="i1">
        <Representation>
          <Label>Andreaea blyttii</Label>
        </Representation>
      </TaxonName>
      <TaxonName id="i2">
        <Representation>
          <Label>Andreaea heinemannii</Label>
        </Representation>
      </TaxonName>
      <TaxonName id="i3">
        <Representation>
          <Label>Andreaea nivalis</Label>
        </Representation>
      </TaxonName>
      <TaxonName id="i4">
        <Representation>
          <Label>Andreaea rothii</Label>
        </Representation>
      </TaxonName>
      <TaxonName id="i5">
        <Representation>
          <Label>Andreaea rupestris</Label>
        </Representation>
      </TaxonName>
      <TaxonName id="i6">
        <Representation>
          <Label>Andreaea schofieldiana</Label>
        </Representation>
      </TaxonName>
    </TaxonNames>
    <IdentificationKeys>
      <IdentificationKey id="k1">
        <Representation>
          <Label xml:lang="en">Andreaea</Label>
        </Representation>
        <Leads>
          <Lead id="k1l1">
            <Statement>Leaves ecostate; perichaetial leaves convolute-sheathing, much larger than adjacent vegetative leaves</Statement>
          </Lead>
          <Lead id="k1l4">
            <Statement>Costa present, at least above leaf base; perichaetial leaves not strongly convolute-sheathing</Statement>
          </Lead>
          <Lead id="k1l2">
            <Parent ref="k1l1"/>
            <Statement>Leaves somewhat secund; papillar salients on dorsal portion of mid-leaf mostly higher than leaf thickness</Statement>
            <TaxonName ref="i5"/>
          </Lead>
          <Lead id="k1l3">
            <Parent ref="k1l1"/>
            <Statement>Leaves nearly straight and symmetrical; papillar salients low to inconspicuous throughout leaf</Statement>
            <TaxonName ref="i0"/>
          </Lead>
          <Lead id="k1l5">
            <Parent ref="k1l4"/>
            <Statement>Median laminal cells sharply papillose; leaf margins crenulate to minutely serrate</Statement>
            <TaxonName ref="i3"/>
          </Lead>
          <Lead id="k1l6">
            <Parent ref="k1l4"/>
            <Statement>Median laminal cells smooth; leaf margins entire or nearly so</Statement>
          </Lead>
          <Lead id="k1l7">
            <Parent ref="k1l6"/>
            <Statement>Costa in extreme base of leaf only 1-3 cells thick, or not visible; plant dioicous; cells of lamina and abaxial cells of costa smooth; leaf limb moderately or not at all differentiated from the leaf base</Statement>
          </Lead>
          <Lead id="k1l10">
            <Parent ref="k1l6"/>
            <Statement>Costa present and not much flattened toward leaf base; plant autoicous; leaf at least somewhat constricted above an oblong-ovate base to a subulate or lanceolate limb</Statement>
          </Lead>
          <Lead id="k1l8">
            <Parent ref="k1l7"/>
            <Statement>At least some of the leaves bluntly rounded at apex; costa missing in extreme leaf base; median basal cells of leaf quadrate; spores mostly less than 18 Âµm</Statement>
            <TaxonName ref="i2"/>
          </Lead>
          <Lead id="k1l9">
            <Parent ref="k1l7"/>
            <Statement>Leaves subulate, not bluntly rounded; costa at least two cells thick to base; median basal cells of leaf rectangular with unpitted, straight lateral walls; spores mostly 25-30 Âµm in diameter</Statement>
            <TaxonName ref="i1"/>
          </Lead>
          <Lead id="k1l11">
            <Parent ref="k1l10"/>
            <Statement>Leaf limb more than twice as long as the leaf base; spores 35-50 Âµm in diameter</Statement>
            <TaxonName ref="i4"/>
          </Lead>
          <Lead id="k1l12">
            <Parent ref="k1l10"/>
            <Statement>Leaf limb less than twice as long as the leaf base; spores 20-30 Âµm in diameter</Statement>
            <TaxonName ref="i6"/>
          </Lead>
        </Leads>
      </IdentificationKey>
    </IdentificationKeys>
  </Dataset>
</Datasets>
