<?xml version="1.0" encoding="UTF-8"?>
<Datasets xmlns="http://rs.tdwg.org/UBIF/2006/" xmlns:xsi="http://www.w3.org/2001/XMLSchema-instance" xsi:schemaLocation="http://rs.tdwg.org/UBIF/2006/ http://rs.tdwg.org/UBIF/2006/Schema/1.1/SDD.xsd">
  <TechnicalMetadata created="2014-12-08T01:23:36">
    <Generator name="KeyBase SDD export" version="0"/>
  </TechnicalMetadata>
  <Dataset xml:lang="en-au">
    <Representation>
      <Label xml:lang="en">Angianthus</Label>
    </Representation>
    <TaxonNames>
      <TaxonName id="i0">
        <Representation>
          <Label>Angianthus brachypappus</Label>
        </Representation>
      </TaxonName>
      <TaxonName id="i1">
        <Representation>
          <Label>Angianthus preissianus</Label>
        </Representation>
      </TaxonName>
      <TaxonName id="i2">
        <Representation>
          <Label>Angianthus tomentosus</Label>
        </Representation>
      </TaxonName>
    </TaxonNames>
    <IdentificationKeys>
      <IdentificationKey id="k1">
        <Representation>
          <Label xml:lang="en">Angianthus</Label>
        </Representation>
        <Leads>
          <Lead id="k1l1">
            <Statement>Bracts subtending the compound heads no more than c. one-quarter as long as the heads; compound heads c. ellipsoid to ovoid (often narrowly so); pappus present</Statement>
          </Lead>
          <Lead id="k1l4">
            <Statement>Bracts subtending the compound heads c. as long as or exceeding the heads; com- pound heads broadly ovoid to depressed ovoid; pappus absent</Statement>
            <TaxonName ref="i1"/>
          </Lead>
          <Lead id="k1l2">
            <Parent ref="k1l1"/>
            <Statement>Pappus cup-shaped, variably jagged, often with 1 or 2 smooth bristles which are distinctly shorter than the corolla</Statement>
            <TaxonName ref="i0"/>
          </Lead>
          <Lead id="k1l3">
            <Parent ref="k1l1"/>
            <Statement>Pappus of 2–3 jagged scales, each scale terminating in 1 or 2 terminally subplumose bristles about the length of the corolla</Statement>
            <TaxonName ref="i2"/>
          </Lead>
        </Leads>
      </IdentificationKey>
    </IdentificationKeys>
  </Dataset>
</Datasets>
