<?xml version="1.0" encoding="UTF-8"?>
<Datasets xmlns="http://rs.tdwg.org/UBIF/2006/" xmlns:xsi="http://www.w3.org/2001/XMLSchema-instance" xsi:schemaLocation="http://rs.tdwg.org/UBIF/2006/ http://rs.tdwg.org/UBIF/2006/Schema/1.1/SDD.xsd">
  <TechnicalMetadata created="2014-12-08T01:23:47">
    <Generator name="KeyBase SDD export" version="0"/>
  </TechnicalMetadata>
  <Dataset xml:lang="en-au">
    <Representation>
      <Label xml:lang="en">Antitrichia</Label>
    </Representation>
    <TaxonNames>
      <TaxonName id="i0">
        <Representation>
          <Label>Alsia californica</Label>
        </Representation>
      </TaxonName>
      <TaxonName id="i1">
        <Representation>
          <Label>Antitrichia californica</Label>
        </Representation>
      </TaxonName>
      <TaxonName id="i2">
        <Representation>
          <Label>Antitrichia gigantea</Label>
        </Representation>
      </TaxonName>
      <TaxonName id="i3">
        <Representation>
          <Label>Bestia longipes</Label>
        </Representation>
      </TaxonName>
      <TaxonName id="i4">
        <Representation>
          <Label>Dendroalsia abietina</Label>
        </Representation>
      </TaxonName>
      <TaxonName id="i5">
        <Representation>
          <Label>Pseudoleskeella serpentinensis</Label>
        </Representation>
      </TaxonName>
      <TaxonName id="i6">
        <Representation>
          <Label>Pterogonium gracile</Label>
        </Representation>
      </TaxonName>
    </TaxonNames>
    <IdentificationKeys>
      <IdentificationKey id="k1">
        <Representation>
          <Label xml:lang="en">Antitrichia</Label>
        </Representation>
        <Leads>
          <Lead id="k1l1">
            <Statement>Paraphyllia present, usually densely inserted on stems and larger branches; costae single, ending above mid-leaf</Statement>
          </Lead>
          <Lead id="k1l4">
            <Statement>Paraphyllia absent; plants mostly julaceous; costa weak, or basally flattened and forking into subsidiary costae</Statement>
          </Lead>
          <Lead id="k1l2">
            <Parent ref="k1l1"/>
            <Statement>Cells strongly prorate; plant plumose and tending to curl into a ball upon drying; branch leaves conspicuously 5-ranked</Statement>
            <TaxonName ref="i4"/>
          </Lead>
          <Lead id="k1l3">
            <Parent ref="k1l1"/>
            <Statement>Cells smooth; plant plumose or not, never strongly distorted on drying; branch leaves not conspicuously ranked</Statement>
            <TaxonName ref="i0"/>
          </Lead>
          <Lead id="k1l5">
            <Parent ref="k1l4"/>
            <Statement>Cells strongly prorate; costa mostly ending near leaf middle, often distally forked; branches sometimes strongly attenuate with the entire branching system resembling a bird's foot</Statement>
            <TaxonName ref="i6"/>
          </Lead>
          <Lead id="k1l6">
            <Parent ref="k1l4"/>
            <Statement>Cells smooth; costa mostly stronger; branches usually not strongly attenuate</Statement>
          </Lead>
          <Lead id="k1l7">
            <Parent ref="k1l6"/>
            <Statement>Leaves with costa extending above the leaf middle with its distal portion of costa cloaked with dorsal spines or cristae</Statement>
            <TaxonName ref="i3"/>
          </Lead>
          <Lead id="k1l8">
            <Parent ref="k1l6"/>
            <Statement>Leaves with costa of various lengths but not cloaked with dorsal spines or cristae</Statement>
          </Lead>
          <Lead id="k1l9">
            <Parent ref="k1l8"/>
            <Statement>Leaves with costa strong and terete near base but forking distally and disappearing around mid-leaf</Statement>
            <TaxonName ref="i5"/>
          </Lead>
          <Lead id="k1l10">
            <Parent ref="k1l8"/>
            <Statement>Leaves with costa flattened at the base, mostly forked at that base into supplementary costae</Statement>
          </Lead>
          <Lead id="k1l11">
            <Parent ref="k1l10"/>
            <Statement>Plant julaceous; cell walls little pitted; supplementary costae less than 5 cells long</Statement>
            <TaxonName ref="i1"/>
          </Lead>
          <Lead id="k1l12">
            <Parent ref="k1l10"/>
            <Statement>Plant not julaceous; cell walls strongly pitted throughout leaf; supplementary costae much stronger</Statement>
            <TaxonName ref="i2"/>
          </Lead>
        </Leads>
      </IdentificationKey>
    </IdentificationKeys>
  </Dataset>
</Datasets>
