<?xml version="1.0" encoding="UTF-8"?>
<Datasets xmlns="http://rs.tdwg.org/UBIF/2006/" xmlns:xsi="http://www.w3.org/2001/XMLSchema-instance" xsi:schemaLocation="http://rs.tdwg.org/UBIF/2006/ http://rs.tdwg.org/UBIF/2006/Schema/1.1/SDD.xsd">
  <TechnicalMetadata created="2014-12-08T01:23:31">
    <Generator name="KeyBase SDD export" version="0"/>
  </TechnicalMetadata>
  <Dataset xml:lang="en-au">
    <Representation>
      <Label xml:lang="en">Apocynaceae</Label>
    </Representation>
    <TaxonNames>
      <TaxonName id="i0">
        <Representation>
          <Label>Alyxia</Label>
        </Representation>
      </TaxonName>
      <TaxonName id="i1">
        <Representation>
          <Label>Catharanthus</Label>
        </Representation>
      </TaxonName>
      <TaxonName id="i2">
        <Representation>
          <Label>Nerium</Label>
        </Representation>
      </TaxonName>
      <TaxonName id="i3">
        <Representation>
          <Label>Parsonsia</Label>
        </Representation>
      </TaxonName>
      <TaxonName id="i4">
        <Representation>
          <Label>Vinca</Label>
        </Representation>
      </TaxonName>
    </TaxonNames>
    <IdentificationKeys>
      <IdentificationKey id="k1">
        <Representation>
          <Label xml:lang="en">Apocynaceae</Label>
        </Representation>
        <Leads>
          <Lead id="k1l1">
            <Statement>Plant a woody shrub or climber; flowers white, pink, red, or yellow</Statement>
          </Lead>
          <Lead id="k1l6">
            <Statement>Plant an erect or trailing herb or subshrub; flowers blue or purplish (rarely white)</Statement>
          </Lead>
          <Lead id="k1l2">
            <Parent ref="k1l1"/>
            <Statement>Plant a woody shrub to 6 m high; fruit a drupe or a woody follicle</Statement>
          </Lead>
          <Lead id="k1l5">
            <Parent ref="k1l1"/>
            <Statement>Plant a vigorous woody climber to 10 m long or more; fruit a leathery capsule; mainly in wet forests</Statement>
            <TaxonName ref="i3"/>
          </Lead>
          <Lead id="k1l3">
            <Parent ref="k1l2"/>
            <Statement>Corolla less than 15 mm long; plant a procumbent to medium shrub to 2.5 m high; fruit a drupe; restricted to coastal areas</Statement>
            <TaxonName ref="i0"/>
          </Lead>
          <Lead id="k1l4">
            <Parent ref="k1l2"/>
            <Statement>Corolla 25 mm long or more; plant a large shrub to 6 m high; fruit a woody follicle</Statement>
            <TaxonName ref="i2"/>
          </Lead>
          <Lead id="k1l7">
            <Parent ref="k1l6"/>
            <Statement>Plant an erect herb or subshrub; corolla usually rosy-purple; style head glabrous; seeds many per follicle</Statement>
            <TaxonName ref="i1"/>
          </Lead>
          <Lead id="k1l8">
            <Parent ref="k1l6"/>
            <Statement>Plant trailing; corolla blue or white; style head crowned by a hair-tuft; seeds 1–4 per follicle</Statement>
            <TaxonName ref="i4"/>
          </Lead>
        </Leads>
      </IdentificationKey>
    </IdentificationKeys>
  </Dataset>
</Datasets>
