<?xml version="1.0" encoding="UTF-8"?>
<Datasets xmlns="http://rs.tdwg.org/UBIF/2006/" xmlns:xsi="http://www.w3.org/2001/XMLSchema-instance" xsi:schemaLocation="http://rs.tdwg.org/UBIF/2006/ http://rs.tdwg.org/UBIF/2006/Schema/1.1/SDD.xsd">
  <TechnicalMetadata created="2014-12-08T01:23:21">
    <Generator name="KeyBase SDD export" version="0"/>
  </TechnicalMetadata>
  <Dataset xml:lang="en-au">
    <Representation>
      <Label xml:lang="en">Arenaria</Label>
    </Representation>
    <TaxonNames>
      <TaxonName id="i0">
        <Representation>
          <Label>Arenaria leptoclados</Label>
        </Representation>
      </TaxonName>
      <TaxonName id="i1">
        <Representation>
          <Label>Arenaria serpyllifolia</Label>
        </Representation>
      </TaxonName>
    </TaxonNames>
    <IdentificationKeys>
      <IdentificationKey id="k1">
        <Representation>
          <Label xml:lang="en">Arenaria</Label>
        </Representation>
        <Leads>
          <Lead id="k1l1">
            <Statement>Flowers 3–5 mm diam.; capsule more or less conical, the base hardly swollen, 1.2–1.4 (rarely to 1.5) mm diam.; fruiting pedicel often curved above; seeds 0.3–0.45 mm diam., more or less sharply tuberculate</Statement>
            <TaxonName ref="i0"/>
          </Lead>
          <Lead id="k1l2">
            <Statement>Flowers 5–8 mm diam.; capsule urceolate with distinctly swollen base, 1.5–2 mm diam.; fruiting pedicel more or less erect; seeds 0.5–0.7 mm diam., usually bluntly tuberculate</Statement>
            <TaxonName ref="i1"/>
          </Lead>
        </Leads>
      </IdentificationKey>
    </IdentificationKeys>
  </Dataset>
</Datasets>
