<?xml version="1.0" encoding="UTF-8"?>
<Datasets xmlns="http://rs.tdwg.org/UBIF/2006/" xmlns:xsi="http://www.w3.org/2001/XMLSchema-instance" xsi:schemaLocation="http://rs.tdwg.org/UBIF/2006/ http://rs.tdwg.org/UBIF/2006/Schema/1.1/SDD.xsd">
  <TechnicalMetadata created="2014-12-08T01:23:37">
    <Generator name="KeyBase SDD export" version="0"/>
  </TechnicalMetadata>
  <Dataset xml:lang="en-au">
    <Representation>
      <Label xml:lang="en">Artemisia</Label>
    </Representation>
    <TaxonNames>
      <TaxonName id="i0">
        <Representation>
          <Label>Artemisia arborescens</Label>
        </Representation>
      </TaxonName>
      <TaxonName id="i1">
        <Representation>
          <Label>Artemisia verlotiorum</Label>
        </Representation>
      </TaxonName>
      <TaxonName id="i2">
        <Representation>
          <Label>Artemisia vulgaris</Label>
        </Representation>
      </TaxonName>
    </TaxonNames>
    <IdentificationKeys>
      <IdentificationKey id="k1">
        <Representation>
          <Label xml:lang="en">Artemisia</Label>
        </Representation>
        <Leads>
          <Lead id="k1l1">
            <Statement>Leaves more or less glabrous on upper surface; receptacle glabrous</Statement>
          </Lead>
          <Lead id="k1l4">
            <Statement>Leaves densely hairy on upper surface; receptacle hairy</Statement>
            <TaxonName ref="i0"/>
          </Lead>
          <Lead id="k1l2">
            <Parent ref="k1l1"/>
            <Statement>Plant with underground rhizomes; bisexual florets mostly 2–6 per capitulum, with corollas 0.4–0.5 mm diam. at base; bracts distinctly longer than capitula through- out inflorescence</Statement>
            <TaxonName ref="i1"/>
          </Lead>
          <Lead id="k1l3">
            <Parent ref="k1l1"/>
            <Statement>Plant lacking underground rhizomes; bisexual florets mostly 5–22 per capitulum, with corollas c. 0.25 mm diam. at base; bracts mostly shorter than capitula except on lower part of inflorescence</Statement>
            <TaxonName ref="i2"/>
          </Lead>
        </Leads>
      </IdentificationKey>
    </IdentificationKeys>
  </Dataset>
</Datasets>
