<?xml version="1.0" encoding="UTF-8"?>
<Datasets xmlns="http://rs.tdwg.org/UBIF/2006/" xmlns:xsi="http://www.w3.org/2001/XMLSchema-instance" xsi:schemaLocation="http://rs.tdwg.org/UBIF/2006/ http://rs.tdwg.org/UBIF/2006/Schema/1.1/SDD.xsd">
  <TechnicalMetadata created="2014-12-08T01:23:31">
    <Generator name="KeyBase SDD export" version="0"/>
  </TechnicalMetadata>
  <Dataset xml:lang="en-au">
    <Representation>
      <Label xml:lang="en">Asclepiadaceae</Label>
    </Representation>
    <TaxonNames>
      <TaxonName id="i0">
        <Representation>
          <Label>Araujia</Label>
        </Representation>
      </TaxonName>
      <TaxonName id="i1">
        <Representation>
          <Label>Asclepias</Label>
        </Representation>
      </TaxonName>
      <TaxonName id="i2">
        <Representation>
          <Label>Gomphocarpus</Label>
        </Representation>
      </TaxonName>
      <TaxonName id="i3">
        <Representation>
          <Label>Marsdenia</Label>
        </Representation>
      </TaxonName>
      <TaxonName id="i4">
        <Representation>
          <Label>Rhyncharrhena</Label>
        </Representation>
      </TaxonName>
      <TaxonName id="i5">
        <Representation>
          <Label>Tylophora</Label>
        </Representation>
      </TaxonName>
    </TaxonNames>
    <IdentificationKeys>
      <IdentificationKey id="k1">
        <Representation>
          <Label xml:lang="en">Asclepiadaceae</Label>
        </Representation>
        <Leads>
          <Lead id="k1l1">
            <Statement>Plant an erect herb or shrub; corolla-lobes strongly reflexed at anthesis</Statement>
          </Lead>
          <Lead id="k1l4">
            <Statement>Plant climbing or twining; corolla-lobes never reflexed</Statement>
          </Lead>
          <Lead id="k1l2">
            <Parent ref="k1l1"/>
            <Statement>Corolla red; corona yellow, segments each with a horn-like appendage; follicle elongate, without spines</Statement>
            <TaxonName ref="i1"/>
          </Lead>
          <Lead id="k1l3">
            <Parent ref="k1l1"/>
            <Statement>Corolla white, at least inside; corona white, segments without horn-like appendages; follicle ovoid or globose, soft, inflated, with numerous soft spines</Statement>
            <TaxonName ref="i2"/>
          </Lead>
          <Lead id="k1l5">
            <Parent ref="k1l4"/>
            <Statement>Corolla white, green, yellowish or pale pink</Statement>
          </Lead>
          <Lead id="k1l8">
            <Parent ref="k1l4"/>
            <Statement>Corolla finally dark purple (rarely yellow-green when immature)</Statement>
          </Lead>
          <Lead id="k1l6">
            <Parent ref="k1l5"/>
            <Statement>Stems and leaves more or less glaucous; corolla-tube white to pink, 10–15 mm long; pollinia pendulous</Statement>
            <TaxonName ref="i0"/>
          </Lead>
          <Lead id="k1l7">
            <Parent ref="k1l5"/>
            <Statement>Stems and leaves green; corolla-tube yellowish, less than 5 mm long; pollinia erect</Statement>
            <TaxonName ref="i3"/>
          </Lead>
          <Lead id="k1l9">
            <Parent ref="k1l8"/>
            <Statement>Leaves narrow-linear; corolla-lobes acute, c. 6 mm long; follicles 8–18 cm long; slender mallee twiner</Statement>
            <TaxonName ref="i4"/>
          </Lead>
          <Lead id="k1l10">
            <Parent ref="k1l8"/>
            <Statement>Leaves ovate or elliptic; corolla-lobes obtuse, 2–3 mm long; follicles 5–7 cm long; slender twiner of eastern forests</Statement>
            <TaxonName ref="i5"/>
          </Lead>
        </Leads>
      </IdentificationKey>
    </IdentificationKeys>
  </Dataset>
</Datasets>
