<?xml version="1.0" encoding="UTF-8"?>
<Datasets xmlns="http://rs.tdwg.org/UBIF/2006/" xmlns:xsi="http://www.w3.org/2001/XMLSchema-instance" xsi:schemaLocation="http://rs.tdwg.org/UBIF/2006/ http://rs.tdwg.org/UBIF/2006/Schema/1.1/SDD.xsd">
  <TechnicalMetadata created="2014-12-08T01:23:41">
    <Generator name="KeyBase SDD export" version="0"/>
  </TechnicalMetadata>
  <Dataset xml:lang="en-au">
    <Representation>
      <Label xml:lang="en">Asparagales-Liliales complex </Label>
    </Representation>
    <TaxonNames>
      <TaxonName id="i0">
        <Representation>
          <Label>Agapanthaceae</Label>
        </Representation>
      </TaxonName>
      <TaxonName id="i1">
        <Representation>
          <Label>Alliaceae</Label>
        </Representation>
      </TaxonName>
      <TaxonName id="i2">
        <Representation>
          <Label>Alstroemeriaceae</Label>
        </Representation>
      </TaxonName>
      <TaxonName id="i3">
        <Representation>
          <Label>Amaryllidaceae</Label>
        </Representation>
      </TaxonName>
      <TaxonName id="i4">
        <Representation>
          <Label>Asparagaceae</Label>
        </Representation>
      </TaxonName>
      <TaxonName id="i5">
        <Representation>
          <Label>Asphodelaceae</Label>
        </Representation>
      </TaxonName>
      <TaxonName id="i6">
        <Representation>
          <Label>Asteliaceae</Label>
        </Representation>
      </TaxonName>
      <TaxonName id="i7">
        <Representation>
          <Label>Boryaceae</Label>
        </Representation>
      </TaxonName>
      <TaxonName id="i8">
        <Representation>
          <Label>Colchicaceae</Label>
        </Representation>
      </TaxonName>
      <TaxonName id="i9">
        <Representation>
          <Label>Dasypogonaceae</Label>
        </Representation>
      </TaxonName>
      <TaxonName id="i10">
        <Representation>
          <Label>Hypoxidaceae</Label>
        </Representation>
      </TaxonName>
      <TaxonName id="i11">
        <Representation>
          <Label>Iridaceae</Label>
        </Representation>
      </TaxonName>
      <TaxonName id="i12">
        <Representation>
          <Label>Liliaceae</Label>
        </Representation>
      </TaxonName>
      <TaxonName id="i13">
        <Representation>
          <Label>Luzuriagaceae</Label>
        </Representation>
      </TaxonName>
      <TaxonName id="i14">
        <Representation>
          <Label>Orchidaceae</Label>
        </Representation>
      </TaxonName>
      <TaxonName id="i15">
        <Representation>
          <Label>Ripogonaceae</Label>
        </Representation>
      </TaxonName>
      <TaxonName id="i16">
        <Representation>
          <Label>Smilacaceae</Label>
        </Representation>
      </TaxonName>
      <TaxonName id="i17">
        <Representation>
          <Label>Xanthorrheaceae</Label>
        </Representation>
      </TaxonName>
      <TaxonName id="i18">
        <Representation>
          <Label>Xanthorrhoeaceae</Label>
        </Representation>
      </TaxonName>
    </TaxonNames>
    <IdentificationKeys>
      <IdentificationKey id="k1">
        <Representation>
          <Label xml:lang="en">Asparagales-Liliales complex </Label>
        </Representation>
        <Leads>
          <Lead id="k1l1">
            <Statement>Ovary inferior or half-inferior</Statement>
          </Lead>
          <Lead id="k1l22">
            <Statement>Ovary superior</Statement>
          </Lead>
          <Lead id="k1l2">
            <Parent ref="k1l1"/>
            <Statement>Plants dioecious; inflorescence umbellate; petioles commonly subtended by tendrils; stems twining, usually bearing prickles; leaves broad, with conspicuous reticulate venation; climber of rainforests in far east</Statement>
            <TaxonName ref="i16"/>
          </Lead>
          <Lead id="k1l3">
            <Parent ref="k1l1"/>
            <Statement>Plants not combining the above features</Statement>
          </Lead>
          <Lead id="k1l4">
            <Parent ref="k1l3"/>
            <Statement>Stamens 1 or 3</Statement>
          </Lead>
          <Lead id="k1l7">
            <Parent ref="k1l3"/>
            <Statement>Stamens 6</Statement>
          </Lead>
          <Lead id="k1l5">
            <Parent ref="k1l4"/>
            <Statement>Stamens 3, free from style</Statement>
            <TaxonName ref="i11"/>
          </Lead>
          <Lead id="k1l6">
            <Parent ref="k1l4"/>
            <Statement>Stamen solitary, united with style distal to stigma</Statement>
            <TaxonName ref="i14"/>
          </Lead>
          <Lead id="k1l8">
            <Parent ref="k1l7"/>
            <Statement>Flowers with a corona</Statement>
          </Lead>
          <Lead id="k1l11">
            <Parent ref="k1l7"/>
            <Statement>Flowers without a corona</Statement>
          </Lead>
          <Lead id="k1l9">
            <Parent ref="k1l8"/>
            <Statement>Corona not extending beyond the floral tube, formed from expanded stamen filaments</Statement>
            <TaxonName ref="i3"/>
          </Lead>
          <Lead id="k1l10">
            <Parent ref="k1l8"/>
            <Statement>Corona yellow, extending beyond the floral tube, distinct from the filaments</Statement>
            <TaxonName ref="i3"/>
          </Lead>
          <Lead id="k1l12">
            <Parent ref="k1l11"/>
            <Statement>Leaves basal, massive, fleshy, up to 2 m long or more, wthi marginal and terminal spines; inflorescence a panicle on a stout, fleshy scape 3–6 m high</Statement>
            <TaxonName ref="i4"/>
          </Lead>
          <Lead id="k1l13">
            <Parent ref="k1l11"/>
            <Statement>Plants not combining the above features</Statement>
          </Lead>
          <Lead id="k1l14">
            <Parent ref="k1l13"/>
            <Statement>Tepals united; rootstock a bulb</Statement>
          </Lead>
          <Lead id="k1l21">
            <Parent ref="k1l13"/>
            <Statement>Tepals free; rootstock a rhizome</Statement>
            <TaxonName ref="i2"/>
          </Lead>
          <Lead id="k1l15">
            <Parent ref="k1l14"/>
            <Statement>Inflorescence otherwise</Statement>
          </Lead>
          <Lead id="k1l18">
            <Parent ref="k1l14"/>
            <Statement>Inflorescence an umbel</Statement>
          </Lead>
          <Lead id="k1l16">
            <Parent ref="k1l15"/>
            <Statement>Flowers borne singly, rarely in pairs; tepals yellow</Statement>
            <TaxonName ref="i10"/>
          </Lead>
          <Lead id="k1l17">
            <Parent ref="k1l15"/>
            <Statement>Inflorescence racemose; tepals white with green tips</Statement>
            <TaxonName ref="i3"/>
          </Lead>
          <Lead id="k1l19">
            <Parent ref="k1l18"/>
            <Statement>Leaves absent at anthesis</Statement>
            <TaxonName ref="i3"/>
          </Lead>
          <Lead id="k1l20">
            <Parent ref="k1l18"/>
            <Statement>Plants leafy at anthesis</Statement>
            <TaxonName ref="i3"/>
          </Lead>
          <Lead id="k1l23">
            <Parent ref="k1l22"/>
            <Statement>Inflorescence an umbel</Statement>
          </Lead>
          <Lead id="k1l37">
            <Parent ref="k1l22"/>
            <Statement>Inflorescence otherwise or flowers solitary</Statement>
          </Lead>
          <Lead id="k1l24">
            <Parent ref="k1l23"/>
            <Statement>Buds enclosed by 2 inflated bracts</Statement>
          </Lead>
          <Lead id="k1l30">
            <Parent ref="k1l23"/>
            <Statement>Buds not enclosed by 2 inflated bracts</Statement>
          </Lead>
          <Lead id="k1l25">
            <Parent ref="k1l24"/>
            <Statement>Rootstock a bulb; flowers less than 2.5 cm long; tepals free</Statement>
          </Lead>
          <Lead id="k1l28">
            <Parent ref="k1l24"/>
            <Statement>Rootstock a thick creeping rhizome; flowers more than 2.5 cm long; tepals united basally</Statement>
            <TaxonName ref="i0"/>
          </Lead>
          <Lead id="k1l29">
            <Parent ref="k1l24"/>
            <Statement>Rootstock a thick creeping rhizome; flowers more than 2.5 cm long; tepals united basally</Statement>
            <TaxonName ref="i0"/>
          </Lead>
          <Lead id="k1l26">
            <Parent ref="k1l25"/>
            <Statement>Plant without milky-yellow sap; onion-odoured</Statement>
            <TaxonName ref="i1"/>
          </Lead>
          <Lead id="k1l27">
            <Parent ref="k1l25"/>
            <Statement>Plant with milky-yellow sap; not onion-odoured</Statement>
            <TaxonName ref="i1"/>
          </Lead>
          <Lead id="k1l31">
            <Parent ref="k1l30"/>
            <Statement>Leaves herbaceous, basal; flowers on scapes mostly 30 cm high or more</Statement>
          </Lead>
          <Lead id="k1l34">
            <Parent ref="k1l30"/>
            <Statement>Leaves rigid, somewhat pungent, borne on branching stems; flowers sessile or on scapes mostly less than 30 cm high</Statement>
          </Lead>
          <Lead id="k1l32">
            <Parent ref="k1l31"/>
            <Statement>Flowers white or tinged pink; stamens 6; seeds brown; widespread throughout lowlands</Statement>
            <TaxonName ref="i8"/>
          </Lead>
          <Lead id="k1l33">
            <Parent ref="k1l31"/>
            <Statement>Flowers bright pink to mauve; stamens 3; seeds black; plant of damp lowland heaths in east</Statement>
            <TaxonName ref="i4"/>
          </Lead>
          <Lead id="k1l35">
            <Parent ref="k1l34"/>
            <Statement>Tepals fused into a distinct basal tube; stems rather stout, covered by sheathing bases of fallen leaves, lacking aerial stilt-roots; extremely rare plant of Grampians</Statement>
            <TaxonName ref="i7"/>
          </Lead>
          <Lead id="k1l36">
            <Parent ref="k1l34"/>
            <Statement>Tepals free; stems slender, wiry, often stilt-rooted; leaves persistent; scattered, mostly in lowland heaths</Statement>
            <TaxonName ref="i4"/>
          </Lead>
          <Lead id="k1l38">
            <Parent ref="k1l37"/>
            <Statement>Plants with or without a distinct trunk, leaves tufted, wiry, at least 50 cm long; inflorescence an erect spike of 100s of flowers on a woody axis usually much exceeding leaves</Statement>
            <TaxonName ref="i17"/>
          </Lead>
          <Lead id="k1l39">
            <Parent ref="k1l37"/>
            <Statement>Plants not as above</Statement>
          </Lead>
          <Lead id="k1l40">
            <Parent ref="k1l39"/>
            <Statement>Rootstock a bulb or corm</Statement>
          </Lead>
          <Lead id="k1l55">
            <Parent ref="k1l39"/>
            <Statement>Rootstock otherwise</Statement>
          </Lead>
          <Lead id="k1l41">
            <Parent ref="k1l40"/>
            <Statement>Inflorescence racemose</Statement>
          </Lead>
          <Lead id="k1l54">
            <Parent ref="k1l40"/>
            <Statement>Flowers single in leaf axils</Statement>
            <TaxonName ref="i1"/>
          </Lead>
          <Lead id="k1l42">
            <Parent ref="k1l41"/>
            <Statement>Flowers ebracteate</Statement>
          </Lead>
          <Lead id="k1l45">
            <Parent ref="k1l41"/>
            <Statement>Flowers subtended by bracts</Statement>
          </Lead>
          <Lead id="k1l43">
            <Parent ref="k1l42"/>
            <Statement>Flowers pedicellate</Statement>
            <TaxonName ref="i8"/>
          </Lead>
          <Lead id="k1l44">
            <Parent ref="k1l42"/>
            <Statement>Flowers sessile</Statement>
            <TaxonName ref="i8"/>
          </Lead>
          <Lead id="k1l46">
            <Parent ref="k1l45"/>
            <Statement>Stamen filaments not bearded; flowers white or bluish</Statement>
          </Lead>
          <Lead id="k1l53">
            <Parent ref="k1l45"/>
            <Statement>Stamen filaments bearded; flowers yellow</Statement>
            <TaxonName ref="i5"/>
          </Lead>
          <Lead id="k1l47">
            <Parent ref="k1l46"/>
            <Statement>Scape leafless; flowers less than 5 cm long</Statement>
          </Lead>
          <Lead id="k1l52">
            <Parent ref="k1l46"/>
            <Statement>Scape leafy; flowers more than 5 cm long</Statement>
            <TaxonName ref="i12"/>
          </Lead>
          <Lead id="k1l48">
            <Parent ref="k1l47"/>
            <Statement>Petals and sepals free from shortly above base</Statement>
          </Lead>
          <Lead id="k1l51">
            <Parent ref="k1l47"/>
            <Statement>Petals and sepals fused for c. half their length or more</Statement>
            <TaxonName ref="i4"/>
          </Lead>
          <Lead id="k1l49">
            <Parent ref="k1l48"/>
            <Statement>Flowers blue or mauve {rarely white}, deciduous</Statement>
            <TaxonName ref="i4"/>
          </Lead>
          <Lead id="k1l50">
            <Parent ref="k1l48"/>
            <Statement>Flowers white {sometimes with green medial stripe}, persisting in fruit</Statement>
            <TaxonName ref="i4"/>
          </Lead>
          <Lead id="k1l56">
            <Parent ref="k1l55"/>
            <Statement>Petals and sepals spirally twisting after anthesis</Statement>
          </Lead>
          <Lead id="k1l65">
            <Parent ref="k1l55"/>
            <Statement>Petals and sepals not twisting</Statement>
          </Lead>
          <Lead id="k1l57">
            <Parent ref="k1l56"/>
            <Statement>Stamen filaments bearded</Statement>
          </Lead>
          <Lead id="k1l60">
            <Parent ref="k1l56"/>
            <Statement>Stamen filaments not bearded</Statement>
          </Lead>
          <Lead id="k1l58">
            <Parent ref="k1l57"/>
            <Statement>Inflorescence racemose; leaves basal; stems unbranched</Statement>
            <TaxonName ref="i5"/>
          </Lead>
          <Lead id="k1l59">
            <Parent ref="k1l57"/>
            <Statement>Flowers clustered in bract axils; leaves bract-like on erect, branched stems</Statement>
            <TaxonName ref="i18"/>
          </Lead>
          <Lead id="k1l61">
            <Parent ref="k1l60"/>
            <Statement>Scape unbranched or with few, ascending branches; leaves dull, present at time of flowering; widespread, but not in far north-west</Statement>
          </Lead>
          <Lead id="k1l64">
            <Parent ref="k1l60"/>
            <Statement>Scape widely branched; leaves shining, often absent at time of flowering; rare lily of sandhills in far north-west</Statement>
            <TaxonName ref="i18"/>
          </Lead>
          <Lead id="k1l62">
            <Parent ref="k1l61"/>
            <Statement>Inflorescence racemose; ovules 1 or 2 per locule</Statement>
            <TaxonName ref="i18"/>
          </Lead>
          <Lead id="k1l63">
            <Parent ref="k1l61"/>
            <Statement>Inflorescence corymbose; ovules several per locule</Statement>
            <TaxonName ref="i4"/>
          </Lead>
          <Lead id="k1l66">
            <Parent ref="k1l65"/>
            <Statement>Plants dioecious, male and female inflorescences usually markedly dissimilar; leaves basal, harsh-textured, isolateral, usually exceeding inflorescence</Statement>
            <TaxonName ref="i4"/>
          </Lead>
          <Lead id="k1l67">
            <Parent ref="k1l65"/>
            <Statement>Flowers bisexual, or if ever dioecious, male and female inflorescences similar; plants not otherwise as above</Statement>
          </Lead>
          <Lead id="k1l68">
            <Parent ref="k1l67"/>
            <Statement>Stamens bearded, or with filament swellings or anther appendages</Statement>
          </Lead>
          <Lead id="k1l77">
            <Parent ref="k1l67"/>
            <Statement>Stamens without appendages or hairs</Statement>
          </Lead>
          <Lead id="k1l69">
            <Parent ref="k1l68"/>
            <Statement>Filaments bearded or anthers with papillate appendages; fruit a capsule</Statement>
          </Lead>
          <Lead id="k1l76">
            <Parent ref="k1l68"/>
            <Statement>Filaments glabrous but with a conspicuous swelling below the anther; fruit a berry</Statement>
            <TaxonName ref="i18"/>
          </Lead>
          <Lead id="k1l70">
            <Parent ref="k1l69"/>
            <Statement>Leaves not distichous, encircling the scape</Statement>
          </Lead>
          <Lead id="k1l73">
            <Parent ref="k1l69"/>
            <Statement>Leaves strongly distichous with overlapping bases</Statement>
          </Lead>
          <Lead id="k1l71">
            <Parent ref="k1l70"/>
            <Statement>Flowers white or pink; leaves flat or channelled</Statement>
            <TaxonName ref="i4"/>
          </Lead>
          <Lead id="k1l72">
            <Parent ref="k1l70"/>
            <Statement>Flowers yellow; leaves terete or subterete</Statement>
            <TaxonName ref="i5"/>
          </Lead>
          <Lead id="k1l74">
            <Parent ref="k1l73"/>
            <Statement>Leaves arranged along erect aerial stems</Statement>
            <TaxonName ref="i18"/>
          </Lead>
          <Lead id="k1l75">
            <Parent ref="k1l73"/>
            <Statement>Leaves basal</Statement>
            <TaxonName ref="i18"/>
          </Lead>
          <Lead id="k1l78">
            <Parent ref="k1l77"/>
            <Statement>leaves reduced to scale-like bracts subtending filiform or ovate, leaf-like cladodes; flowers small, unisexual, pale, solitary or paired, on decurved pedicels; fruit a red or black berry; plants escaped from cultivation</Statement>
            <TaxonName ref="i4"/>
          </Lead>
          <Lead id="k1l79">
            <Parent ref="k1l77"/>
            <Statement>Cladodes absent; leaves not scale-like; if fruit berry-like, then inflorescence a raceme, cyme or panicle</Statement>
          </Lead>
          <Lead id="k1l80">
            <Parent ref="k1l79"/>
            <Statement>Scandent vines or sub-shrubs of eastern rainforests and moist lowland forests; fruit a fleshy capsule or berry</Statement>
          </Lead>
          <Lead id="k1l85">
            <Parent ref="k1l79"/>
            <Statement>Not as above</Statement>
          </Lead>
          <Lead id="k1l81">
            <Parent ref="k1l80"/>
            <Statement>Anthers dehiscing via lateral slits; leaves often more or less ternate, with distinct secondary lateral or reticulate venation; inflorescence spicate; weakly scandent subshrub</Statement>
            <TaxonName ref="i15"/>
          </Lead>
          <Lead id="k1l82">
            <Parent ref="k1l80"/>
            <Statement>Anthers dehiscing via apical pores; leaves alternate, lacking obvious lateral venation; inflorescence a cyme, sometimes reduced to a single flower; twiners</Statement>
          </Lead>
          <Lead id="k1l83">
            <Parent ref="k1l82"/>
            <Statement>Leaves ovate to lanceolate, mostly wider than 10 mm, not resupinate; petals with fringed margins; fruit and orange fleshy capsule</Statement>
            <TaxonName ref="i4"/>
          </Lead>
          <Lead id="k1l84">
            <Parent ref="k1l82"/>
            <Statement>Leaves linear, mostly less than 8 mm wide, resupinate; petal margins entire; fruit a black berry</Statement>
            <TaxonName ref="i18"/>
          </Lead>
          <Lead id="k1l86">
            <Parent ref="k1l85"/>
            <Statement>Inflorescence racemose, cymose or paniculate</Statement>
          </Lead>
          <Lead id="k1l99">
            <Parent ref="k1l85"/>
            <Statement>Flowers borne singly or several in leaf axils</Statement>
          </Lead>
          <Lead id="k1l87">
            <Parent ref="k1l86"/>
            <Statement>Perianth segments fused for most of their length, forming a distinct tube</Statement>
          </Lead>
          <Lead id="k1l90">
            <Parent ref="k1l86"/>
            <Statement>Perianth segments free or very shortly united near base</Statement>
          </Lead>
          <Lead id="k1l88">
            <Parent ref="k1l87"/>
            <Statement>Leaves succulent, margins spinose, midrib smooth</Statement>
            <TaxonName ref="i5"/>
          </Lead>
          <Lead id="k1l89">
            <Parent ref="k1l87"/>
            <Statement>Leaves not succulent; margins and midrib scabrous but not spinose</Statement>
            <TaxonName ref="i5"/>
          </Lead>
          <Lead id="k1l91">
            <Parent ref="k1l90"/>
            <Statement>Plant developing a woody trunk, often several metres tall; leaves harsh-textured, tufted at ends of branches; inflorescence a panicle; garden-escaped</Statement>
            <TaxonName ref="i4"/>
          </Lead>
          <Lead id="k1l92">
            <Parent ref="k1l90"/>
            <Statement>Plant, if ever with trunk, not or hardly woody; inflorescence racemose or cymose</Statement>
          </Lead>
          <Lead id="k1l93">
            <Parent ref="k1l92"/>
            <Statement>Flowers bisexual; leaves less than 1 cm wide, glabrous; fruit a capsule</Statement>
          </Lead>
          <Lead id="k1l98">
            <Parent ref="k1l92"/>
            <Statement>Flowers unisexual; leaves 1 cm or more wide, appressed-silky beneath; fruit a red or orange berry</Statement>
            <TaxonName ref="i6"/>
          </Lead>
          <Lead id="k1l94">
            <Parent ref="k1l93"/>
            <Statement>Petals with entire margins, equal or subequal to sepals</Statement>
          </Lead>
          <Lead id="k1l97">
            <Parent ref="k1l93"/>
            <Statement>Petals with fringed margins, broader than sepals</Statement>
            <TaxonName ref="i4"/>
          </Lead>
          <Lead id="k1l95">
            <Parent ref="k1l94"/>
            <Statement>Leaves terete or subterete; inflorescence exceeding leaves; flowers pale pink; weed of agriculture, particularly in the north and west</Statement>
            <TaxonName ref="i5"/>
          </Lead>
          <Lead id="k1l96">
            <Parent ref="k1l94"/>
            <Statement>Leaves flat or channelled; inflorescence shorter than leaves; flowers tiny, greenish; uncommon plant of damp alpine grasslands</Statement>
            <TaxonName ref="i18"/>
          </Lead>
          <Lead id="k1l100">
            <Parent ref="k1l99"/>
            <Statement>Plant sub-shrubby; leaves ericoid, cauline, stem sheathing; flowers shining metallic blue or purple; lowland sandy heaths of western Victoria</Statement>
            <TaxonName ref="i9"/>
          </Lead>
          <Lead id="k1l101">
            <Parent ref="k1l99"/>
            <Statement>Habit not as above; leaves herbaceous; mostly eastern Victoria, but occasionally moist forests in the west</Statement>
          </Lead>
          <Lead id="k1l102">
            <Parent ref="k1l101"/>
            <Statement>Flowers erect, solitary and terminal; leaves not twisted at base</Statement>
          </Lead>
          <Lead id="k1l105">
            <Parent ref="k1l101"/>
            <Statement>Flowers pendent, single to several in leaf axils; leaves twisted through 180° at base</Statement>
            <TaxonName ref="i13"/>
          </Lead>
          <Lead id="k1l103">
            <Parent ref="k1l102"/>
            <Statement>Plant a small tufted alpine herb; flower sessile, white or pale bluish; leaves grass-like</Statement>
            <TaxonName ref="i18"/>
          </Lead>
          <Lead id="k1l104">
            <Parent ref="k1l102"/>
            <Statement>Plant a semi-prostrate herb of lowland forests in the east; flower pedicellate, pink; leaves ovate, with undulate margins</Statement>
            <TaxonName ref="i8"/>
          </Lead>
        </Leads>
      </IdentificationKey>
    </IdentificationKeys>
  </Dataset>
</Datasets>
