<?xml version="1.0" encoding="UTF-8"?>
<Datasets xmlns="http://rs.tdwg.org/UBIF/2006/" xmlns:xsi="http://www.w3.org/2001/XMLSchema-instance" xsi:schemaLocation="http://rs.tdwg.org/UBIF/2006/ http://rs.tdwg.org/UBIF/2006/Schema/1.1/SDD.xsd">
  <TechnicalMetadata created="2014-12-08T01:23:13">
    <Generator name="KeyBase SDD export" version="0"/>
  </TechnicalMetadata>
  <Dataset xml:lang="en-au">
    <Representation>
      <Label xml:lang="en">Asplenium trichomanes</Label>
    </Representation>
    <TaxonNames>
      <TaxonName id="i0">
        <Representation>
          <Label>Euryops</Label>
        </Representation>
      </TaxonName>
      <TaxonName id="i1">
        <Representation>
          <Label>Euryops abrotanifolius</Label>
        </Representation>
      </TaxonName>
    </TaxonNames>
    <IdentificationKeys>
      <IdentificationKey id="k1">
        <Representation>
          <Label xml:lang="en">Asplenium trichomanes</Label>
        </Representation>
        <Leads>
          <Lead id="k1l1">
            <Statement>Rhizome scales up to 5 mm long, with central dark brown stripe; upper pinnae convex with inrolled margins, or less commonly, flat; spores 32–45 Âµm in diameter (growing on limestone, e.g. at lower Glenelg River, Ensay–Buchan, Limestone Creek near the Cobberas)</Statement>
            <TaxonName ref="i1"/>
          </Lead>
          <Lead id="k1l2">
            <Statement>Rhizome scales up to 3.5 mm long, with central red-brown stripe; upper pinnae concave; spores 24–35 p in diameter (growing on non-calcareous rock, e.g at Mt Buffalo, Benambra, Cudgewa-Pine Mtn area in far north-east)</Statement>
            <TaxonName ref="i0"/>
          </Lead>
        </Leads>
      </IdentificationKey>
    </IdentificationKeys>
  </Dataset>
</Datasets>
