<?xml version="1.0" encoding="UTF-8"?>
<Datasets xmlns="http://rs.tdwg.org/UBIF/2006/" xmlns:xsi="http://www.w3.org/2001/XMLSchema-instance" xsi:schemaLocation="http://rs.tdwg.org/UBIF/2006/ http://rs.tdwg.org/UBIF/2006/Schema/1.1/SDD.xsd">
  <TechnicalMetadata created="2014-12-08T01:23:12">
    <Generator name="KeyBase SDD export" version="0"/>
  </TechnicalMetadata>
  <Dataset xml:lang="en-au">
    <Representation>
      <Label xml:lang="en">Asplenium</Label>
    </Representation>
    <TaxonNames>
      <TaxonName id="i0">
        <Representation>
          <Label>Asplenium aethiopicum</Label>
        </Representation>
      </TaxonName>
      <TaxonName id="i1">
        <Representation>
          <Label>Asplenium appendiculatum subsp. appendiculatum</Label>
        </Representation>
      </TaxonName>
      <TaxonName id="i2">
        <Representation>
          <Label>Asplenium bulbiferum</Label>
        </Representation>
      </TaxonName>
      <TaxonName id="i3">
        <Representation>
          <Label>Asplenium flabellifolium</Label>
        </Representation>
      </TaxonName>
      <TaxonName id="i4">
        <Representation>
          <Label>Asplenium flaccidum</Label>
        </Representation>
      </TaxonName>
      <TaxonName id="i5">
        <Representation>
          <Label>Asplenium hookerianum</Label>
        </Representation>
      </TaxonName>
      <TaxonName id="i6">
        <Representation>
          <Label>Asplenium obtusatum subsp. northlandicum</Label>
        </Representation>
      </TaxonName>
      <TaxonName id="i7">
        <Representation>
          <Label>Asplenium polyodon</Label>
        </Representation>
      </TaxonName>
      <TaxonName id="i8">
        <Representation>
          <Label>Asplenium trichomanes</Label>
        </Representation>
      </TaxonName>
    </TaxonNames>
    <IdentificationKeys>
      <IdentificationKey id="k1">
        <Representation>
          <Label xml:lang="en">Asplenium</Label>
        </Representation>
        <Leads>
          <Lead id="k1l1">
            <Statement>Fronds once pinnate</Statement>
          </Lead>
          <Lead id="k1l8">
            <Statement>Fronds divided more than once (sometimes only basal pinnae divided in A. hookerianum)</Statement>
          </Lead>
          <Lead id="k1l2">
            <Parent ref="k1l1"/>
            <Statement>Pinnae margins with many blunt teeth or entire; apices rounded and obtuse or shortly acute</Statement>
          </Lead>
          <Lead id="k1l7">
            <Parent ref="k1l1"/>
            <Statement>Pinnae margins doubly, and often deeply, toothed; apices finely tapering (presumed extinct in Victoria)</Statement>
            <TaxonName ref="i7"/>
          </Lead>
          <Lead id="k1l3">
            <Parent ref="k1l2"/>
            <Statement>Fronds less than 25 cm long, linear; stipe and rachis without scales; pinnae less than 15 mm long</Statement>
          </Lead>
          <Lead id="k1l6">
            <Parent ref="k1l2"/>
            <Statement>Fronds 15–35 cm long, oblong; stipe and rachis with scales; pinnae mostly more than 15 mm long; coastal</Statement>
            <TaxonName ref="i6"/>
          </Lead>
          <Lead id="k1l4">
            <Parent ref="k1l3"/>
            <Statement>Fronds prostrate or drooping, often taking root at tips of extended rachises; stipe and rachis slender, green or pale brown; pinnae fan-shaped</Statement>
            <TaxonName ref="i3"/>
          </Lead>
          <Lead id="k1l5">
            <Parent ref="k1l3"/>
            <Statement>Fronds erect; stipe and rachis brittle, red-brown to blackish; pinnae broadly oblong, less than 10 mm long; rock dwelling</Statement>
            <TaxonName ref="i8"/>
          </Lead>
          <Lead id="k1l9">
            <Parent ref="k1l8"/>
            <Statement>Fronds more than 10 cm long, 2–3-pinnate, rarely once pinnate; stipe and rachises relatively thick</Statement>
          </Lead>
          <Lead id="k1l16">
            <Parent ref="k1l8"/>
            <Statement>Fronds less than 20 cm long, 1–2-pinnate; stipe and rachises slender; pinnae and pinnules with slender stalks; known only from subalps</Statement>
            <TaxonName ref="i5"/>
          </Lead>
          <Lead id="k1l10">
            <Parent ref="k1l9"/>
            <Statement>Lamina usually 2-pinnate, leathery; pinnules with edges straight, or nearly so</Statement>
          </Lead>
          <Lead id="k1l15">
            <Parent ref="k1l9"/>
            <Statement>Lamina 2–3-pinnate, relatively soft; pinnules or lobes with convex edges; pinnae and pinnules with short coarse stalks or sessile; bulbils often present</Statement>
            <TaxonName ref="i2"/>
          </Lead>
          <Lead id="k1l11">
            <Parent ref="k1l10"/>
            <Statement>Lamina long and narrow; pinnules narrowly oblong or elliptic, not markedly paler below; veins obscure</Statement>
          </Lead>
          <Lead id="k1l14">
            <Parent ref="k1l10"/>
            <Statement>Lamina triangular-oblong; pinnules narrowly wedge-shaped, dark green, paler below; veins conspicuous and close together</Statement>
            <TaxonName ref="i0"/>
          </Lead>
          <Lead id="k1l12">
            <Parent ref="k1l11"/>
            <Statement>Fronds pendent, 1–2-pinnate; primary pinnae linear; epiphytic</Statement>
            <TaxonName ref="i4"/>
          </Lead>
          <Lead id="k1l13">
            <Parent ref="k1l11"/>
            <Statement>Fronds erect, 2–3-pinnate; at least basal primary pinnae more or less narrow-triangular; mostly terrestrial</Statement>
            <TaxonName ref="i1"/>
          </Lead>
        </Leads>
      </IdentificationKey>
    </IdentificationKeys>
  </Dataset>
</Datasets>
