<?xml version="1.0" encoding="UTF-8"?>
<Datasets xmlns="http://rs.tdwg.org/UBIF/2006/" xmlns:xsi="http://www.w3.org/2001/XMLSchema-instance" xsi:schemaLocation="http://rs.tdwg.org/UBIF/2006/ http://rs.tdwg.org/UBIF/2006/Schema/1.1/SDD.xsd">
  <TechnicalMetadata created="2014-12-08T01:23:30">
    <Generator name="KeyBase SDD export" version="0"/>
  </TechnicalMetadata>
  <Dataset xml:lang="en-au">
    <Representation>
      <Label xml:lang="en">Asterolasia</Label>
    </Representation>
    <TaxonNames>
      <TaxonName id="i0">
        <Representation>
          <Label>Asterolasia asteriscophora</Label>
        </Representation>
      </TaxonName>
      <TaxonName id="i1">
        <Representation>
          <Label>Asterolasia phebalioides</Label>
        </Representation>
      </TaxonName>
      <TaxonName id="i2">
        <Representation>
          <Label>Asterolasia trymalioides</Label>
        </Representation>
      </TaxonName>
    </TaxonNames>
    <IdentificationKeys>
      <IdentificationKey id="k1">
        <Representation>
          <Label xml:lang="en">Asterolasia</Label>
        </Representation>
        <Leads>
          <Lead id="k1l1">
            <Statement>Flowers solitary, sessile; follicles rounded</Statement>
          </Lead>
          <Lead id="k1l4">
            <Statement>Inflorescence 1–5-flowered, flowers pedicellate; follicles beaked</Statement>
            <TaxonName ref="i0"/>
          </Lead>
          <Lead id="k1l2">
            <Parent ref="k1l1"/>
            <Statement>Upper surface of leaves dull, margins not recurved and leaves often tending to conduplicate; western Victoria</Statement>
            <TaxonName ref="i1"/>
          </Lead>
          <Lead id="k1l3">
            <Parent ref="k1l1"/>
            <Statement>Upper surface of leaves glossy, margins recurved; eastern alpine areas</Statement>
            <TaxonName ref="i2"/>
          </Lead>
        </Leads>
      </IdentificationKey>
    </IdentificationKeys>
  </Dataset>
</Datasets>
