<?xml version="1.0" encoding="UTF-8"?>
<Datasets xmlns="http://rs.tdwg.org/UBIF/2006/" xmlns:xsi="http://www.w3.org/2001/XMLSchema-instance" xsi:schemaLocation="http://rs.tdwg.org/UBIF/2006/ http://rs.tdwg.org/UBIF/2006/Schema/1.1/SDD.xsd">
  <TechnicalMetadata created="2014-12-08T01:23:24">
    <Generator name="KeyBase SDD export" version="0"/>
  </TechnicalMetadata>
  <Dataset xml:lang="en-au">
    <Representation>
      <Label xml:lang="en">Astroloma</Label>
    </Representation>
    <TaxonNames>
      <TaxonName id="i0">
        <Representation>
          <Label>Astroloma conostephioides</Label>
        </Representation>
      </TaxonName>
      <TaxonName id="i1">
        <Representation>
          <Label>Astroloma humifusum</Label>
        </Representation>
      </TaxonName>
      <TaxonName id="i2">
        <Representation>
          <Label>Astroloma pinifolium</Label>
        </Representation>
      </TaxonName>
    </TaxonNames>
    <IdentificationKeys>
      <IdentificationKey id="k1">
        <Representation>
          <Label xml:lang="en">Astroloma</Label>
        </Representation>
        <Leads>
          <Lead id="k1l1">
            <Statement>Corolla wholly red or greenish at very base of tube; inner surface of corolla tube with tufts or a ring of hairs or with densely pubescent ridge-like outgrowths towards the base; leaves usually broader than narrow-linear, with several veins visible on lower surface</Statement>
          </Lead>
          <Lead id="k1l4">
            <Statement>Corolla tube yellow for greater part (sometimes reddish at base and green towards apex), lobes green; inner surface of corolla with scattered hairs, lacking tufts or a ring of hairs or densely pubescent ridge-like outgrowths towards base; leaves narrow-linear, with usually only the midvein visible on the lower surface</Statement>
            <TaxonName ref="i2"/>
          </Lead>
          <Lead id="k1l2">
            <Parent ref="k1l1"/>
            <Statement>Corolla lobes pubescent externally, rarely almost glabrous; inner surface of corolla tube with densely pubescent ridge-like outgrowths toward base; bracteoles 6.3–15 mm long; bract immediately below bracteoles without rudimentary bud at apex; erect or spreading shrub</Statement>
            <TaxonName ref="i0"/>
          </Lead>
          <Lead id="k1l3">
            <Parent ref="k1l1"/>
            <Statement>Corolla lobes glabrous externally; inner surface of tube with tufts or a ring of hairs slightly above base; bracteoles 2.5–3.5 mm long; bract immediately below bracteoles with a rudimentary bud at apex; variable, prostrate to erect shrub</Statement>
            <TaxonName ref="i1"/>
          </Lead>
        </Leads>
      </IdentificationKey>
    </IdentificationKeys>
  </Dataset>
</Datasets>
