<?xml version="1.0" encoding="UTF-8"?>
<Datasets xmlns="http://rs.tdwg.org/UBIF/2006/" xmlns:xsi="http://www.w3.org/2001/XMLSchema-instance" xsi:schemaLocation="http://rs.tdwg.org/UBIF/2006/ http://rs.tdwg.org/UBIF/2006/Schema/1.1/SDD.xsd">
  <TechnicalMetadata created="2014-12-08T01:23:30">
    <Generator name="KeyBase SDD export" version="0"/>
  </TechnicalMetadata>
  <Dataset xml:lang="en-au">
    <Representation>
      <Label xml:lang="en">Astrotricha</Label>
    </Representation>
    <TaxonNames>
      <TaxonName id="i0">
        <Representation>
          <Label>Astrotricha asperifolia</Label>
        </Representation>
      </TaxonName>
      <TaxonName id="i1">
        <Representation>
          <Label>Astrotricha ledifolia</Label>
        </Representation>
      </TaxonName>
      <TaxonName id="i2">
        <Representation>
          <Label>Astrotricha linearis</Label>
        </Representation>
      </TaxonName>
      <TaxonName id="i3">
        <Representation>
          <Label>Astrotricha parvifolia</Label>
        </Representation>
      </TaxonName>
      <TaxonName id="i4">
        <Representation>
          <Label>Astrotricha sp. 1</Label>
        </Representation>
      </TaxonName>
      <TaxonName id="i5">
        <Representation>
          <Label>Astrotricha sp. 2</Label>
        </Representation>
      </TaxonName>
      <TaxonName id="i6">
        <Representation>
          <Label>Astrotricha sp. 3</Label>
        </Representation>
      </TaxonName>
      <TaxonName id="i7">
        <Representation>
          <Label>Astrotricha sp. 4</Label>
        </Representation>
      </TaxonName>
      <TaxonName id="i8">
        <Representation>
          <Label>Astrotricha sp. 5</Label>
        </Representation>
      </TaxonName>
    </TaxonNames>
    <IdentificationKeys>
      <IdentificationKey id="k1">
        <Representation>
          <Label xml:lang="en">Astrotricha</Label>
        </Representation>
        <Leads>
          <Lead id="k1l1">
            <Statement>Upper surfaces of leaves smooth, lacking granules, asperities, or wrinkles</Statement>
          </Lead>
          <Lead id="k1l6">
            <Statement>Upper surfaces of leaves with granules, asperities, and/or wrinkles</Statement>
          </Lead>
          <Lead id="k1l2">
            <Parent ref="k1l1"/>
            <Statement>Leaves 6–18 mm wide, narrowly elliptic; midvein of lower surface usually evident through indumentum</Statement>
          </Lead>
          <Lead id="k1l5">
            <Parent ref="k1l1"/>
            <Statement>Leaves less than 2 mm wide, linear; midvein of lower surface not detectable through thick indumentum</Statement>
            <TaxonName ref="i7"/>
          </Lead>
          <Lead id="k1l3">
            <Parent ref="k1l2"/>
            <Statement>Leaves 45–95 mm long, 6–11 mm wide; petals of terminal umbels pink to purplish or white to cream or rarely pale green, petals of lateral umbels white to cream or pink to purplish; fruits 2.5–3.5 mm long</Statement>
            <TaxonName ref="i0"/>
          </Lead>
          <Lead id="k1l4">
            <Parent ref="k1l2"/>
            <Statement>Leaves 106–135 mm long, 11–18 mm wide; petals of terminal and lateral umbels concolorous, all white or all pale yellowish-green; fruits 2–2.5 mm long</Statement>
            <TaxonName ref="i5"/>
          </Lead>
          <Lead id="k1l7">
            <Parent ref="k1l6"/>
            <Statement>Leaves 3–10 mm wide, not linear</Statement>
          </Lead>
          <Lead id="k1l16">
            <Parent ref="k1l6"/>
            <Statement>Leaves less than 3 mm wide, more or less linear</Statement>
          </Lead>
          <Lead id="k1l8">
            <Parent ref="k1l7"/>
            <Statement>Upper surfaces of leaves with fine granules only, lacking large acute asperities or protuberances</Statement>
          </Lead>
          <Lead id="k1l11">
            <Parent ref="k1l7"/>
            <Statement>Upper surfaces of leaves with large acute asperities or protuberances (sometimes also with finer granules)</Statement>
          </Lead>
          <Lead id="k1l9">
            <Parent ref="k1l8"/>
            <Statement>Leaves narrowly elliptic or narrowly oblanceolate (widest at or above middle); leaf apex obtuse to subacute</Statement>
            <TaxonName ref="i0"/>
          </Lead>
          <Lead id="k1l10">
            <Parent ref="k1l8"/>
            <Statement>Leaves either narrowly ovate (widest near base) or oblong-elliptic (c. straight- sided); leaf apex obtuse</Statement>
            <TaxonName ref="i1"/>
          </Lead>
          <Lead id="k1l12">
            <Parent ref="k1l11"/>
            <Statement>Leaves narrowly elliptic, narrowly oblong-elliptic, or narrowly ovate, widest at middle or near base, or straight-sided; upper surface of leaf with more or less densely dis- tributed granules and/or robust subtriangular protuberances, surface between dull</Statement>
          </Lead>
          <Lead id="k1l15">
            <Parent ref="k1l11"/>
            <Statement>Leaves narrowly oblanceolate (widest above middle), often a few slightly spathulate (widest just below the obtuse apex); upper surface of leaf with openly distributed very erect and narrow-spiculate protuberances, each usually subtended by a short wrinkle, surface glossy between</Statement>
            <TaxonName ref="i6"/>
          </Lead>
          <Lead id="k1l13">
            <Parent ref="k1l12"/>
            <Statement>Leaves 13–35 (–45) mm long, narrowly ovate or narrowly oblong-elliptic; larger protuberances of leaf surfaces mainly towards the margins</Statement>
            <TaxonName ref="i1"/>
          </Lead>
          <Lead id="k1l14">
            <Parent ref="k1l12"/>
            <Statement>Leaves (20–) 35–70 (–120) mm long, narrowly oblong-elliptic; larger protuber- ances of leaf surfaces more or less uniformly distributed</Statement>
            <TaxonName ref="i4"/>
          </Lead>
          <Lead id="k1l17">
            <Parent ref="k1l16"/>
            <Statement>Leaf upper surface lacking conspicuous wrinkles but with densely to openly distributed fine granules or larger asperities</Statement>
          </Lead>
          <Lead id="k1l30">
            <Parent ref="k1l16"/>
            <Statement>Leaf upper surface with many conspicuous coarse short obtuse wrinkles, often each surmounted by a short subtriangular asperity</Statement>
            <TaxonName ref="i8"/>
          </Lead>
          <Lead id="k1l18">
            <Parent ref="k1l17"/>
            <Statement>Leaf upper surface with very small fine granules only, lacking larger c. erect subtriangular to spiculate protuberances</Statement>
          </Lead>
          <Lead id="k1l23">
            <Parent ref="k1l17"/>
            <Statement>Leaf upper surface with at least some large c. erect subtriangular to spiculate protuberances, often also with smaller granules</Statement>
          </Lead>
          <Lead id="k1l19">
            <Parent ref="k1l18"/>
            <Statement>Leaf upper surface with the midvein deeply channelled; inflorescence axes and pedicels closely to loosely brown- or grey-floccose</Statement>
          </Lead>
          <Lead id="k1l22">
            <Parent ref="k1l18"/>
            <Statement>Leaf upper surface with the midvein shallowly channelled; inflorescence axes and pedicels densely and closely white-lanate</Statement>
            <TaxonName ref="i7"/>
          </Lead>
          <Lead id="k1l20">
            <Parent ref="k1l19"/>
            <Statement>Petals of terminal and lateral umbels of inflorescence discolorous (those of the terminal umbels pale yellow-green, those of the lateral umbels white to cream); inflorescence (100–) 200–300 mm long</Statement>
            <TaxonName ref="i0"/>
          </Lead>
          <Lead id="k1l21">
            <Parent ref="k1l19"/>
            <Statement>Petals of terminal and lateral umbels of inflorescence concolorous, either white to cream or pale yellow-green (petals of the terminal umbels sometimes a darker shade of same colour); inflorescence 30–70 (–170) mm long</Statement>
            <TaxonName ref="i2"/>
          </Lead>
          <Lead id="k1l24">
            <Parent ref="k1l23"/>
            <Statement>Fruit lacking locelli; leaf upper surface with fine granules and large subtriangular to spiculate protuberances, or the latter only</Statement>
          </Lead>
          <Lead id="k1l29">
            <Parent ref="k1l23"/>
            <Statement>Fruit with a hollow locellus on either side of the endosperm in each mericarp; leaf upper surface with large subtriangular protuberances only, lacking granules</Statement>
            <TaxonName ref="i3"/>
          </Lead>
          <Lead id="k1l25">
            <Parent ref="k1l24"/>
            <Statement>Leaves never spathulate at apex; leaf upper surface with dense to openly distributed, robust subtriangular protuberances, often also finer granules</Statement>
          </Lead>
          <Lead id="k1l28">
            <Parent ref="k1l24"/>
            <Statement>Leaves often slightly spathulate at apex; leaf upper surface with well-spaced slender erect-spiculate protuberances</Statement>
            <TaxonName ref="i6"/>
          </Lead>
          <Lead id="k1l26">
            <Parent ref="k1l25"/>
            <Statement>Leaf upper surface with smaller granules more frequent than larger protuberances; inflorescence 30–70 (–170) mm long; petals white to cream or pale yellowish-green</Statement>
            <TaxonName ref="i2"/>
          </Lead>
          <Lead id="k1l27">
            <Parent ref="k1l25"/>
            <Statement>Leaf upper surface with larger protuberances more frequent than smaller granules; inflorescence 60–260 mm long; petals white to cream, occasionally tinged purplish</Statement>
            <TaxonName ref="i4"/>
          </Lead>
        </Leads>
      </IdentificationKey>
    </IdentificationKeys>
  </Dataset>
</Datasets>
