<?xml version="1.0" encoding="UTF-8"?>
<Datasets xmlns="http://rs.tdwg.org/UBIF/2006/" xmlns:xsi="http://www.w3.org/2001/XMLSchema-instance" xsi:schemaLocation="http://rs.tdwg.org/UBIF/2006/ http://rs.tdwg.org/UBIF/2006/Schema/1.1/SDD.xsd">
  <TechnicalMetadata created="2014-12-08T01:23:30">
    <Generator name="KeyBase SDD export" version="0"/>
  </TechnicalMetadata>
  <Dataset xml:lang="en-au">
    <Representation>
      <Label xml:lang="en">Astrotricha asperifolia</Label>
    </Representation>
    <TaxonNames>
      <TaxonName id="i0">
        <Representation>
          <Label>Astrotricha asperifolia subsp. 1</Label>
        </Representation>
      </TaxonName>
      <TaxonName id="i1">
        <Representation>
          <Label>Astrotricha asperifolia subsp. 2</Label>
        </Representation>
      </TaxonName>
    </TaxonNames>
    <IdentificationKeys>
      <IdentificationKey id="k1">
        <Representation>
          <Label xml:lang="en">Astrotricha asperifolia</Label>
        </Representation>
        <Leads>
          <Lead id="k1l1">
            <Statement>Leaves 1–4 (–7) mm wide, upper surface distinctly asperate (fine roughness detectable with fingernail); petals of terminal (primary) umbel pale yellow-green, petals of the other (lateral) umbels white to cream; non-basal bracts of umbels c. linear (1.0–) 2.5–6 mm long; anthers 1.0–1.5 mm long</Statement>
            <TaxonName ref="i0"/>
          </Lead>
          <Lead id="k1l2">
            <Statement>Leaves 6–11 mm wide, upper surface microscopically granulate or very finely wrinkled to almost smooth; petals of the terminal (primary) umbel pale pink to mauve or white, petals of other (lateral) umbels white to cream, occasionally becoming purple; non-basal bracts of umbels linear to subulate or narrowly triangular, 1–2.5 mm long, anthers 0.6–1.3 mm long</Statement>
            <TaxonName ref="i1"/>
          </Lead>
        </Leads>
      </IdentificationKey>
    </IdentificationKeys>
  </Dataset>
</Datasets>
