<?xml version="1.0" encoding="UTF-8"?>
<Datasets xmlns="http://rs.tdwg.org/UBIF/2006/" xmlns:xsi="http://www.w3.org/2001/XMLSchema-instance" xsi:schemaLocation="http://rs.tdwg.org/UBIF/2006/ http://rs.tdwg.org/UBIF/2006/Schema/1.1/SDD.xsd">
  <TechnicalMetadata created="2014-12-08T01:23:13">
    <Generator name="KeyBase SDD export" version="0"/>
  </TechnicalMetadata>
  <Dataset xml:lang="en-au">
    <Representation>
      <Label xml:lang="en">Athyriaceae</Label>
    </Representation>
    <TaxonNames>
      <TaxonName id="i0">
        <Representation>
          <Label>Allantodia</Label>
        </Representation>
      </TaxonName>
      <TaxonName id="i1">
        <Representation>
          <Label>Cystopteris</Label>
        </Representation>
      </TaxonName>
      <TaxonName id="i2">
        <Representation>
          <Label>Deparia</Label>
        </Representation>
      </TaxonName>
    </TaxonNames>
    <IdentificationKeys>
      <IdentificationKey id="k1">
        <Representation>
          <Label xml:lang="en">Athyriaceae</Label>
        </Representation>
        <Leads>
          <Lead id="k1l1">
            <Statement>Fronds more than 30 cm high; sori elongate; indusium elongate, attached along length</Statement>
          </Lead>
          <Lead id="k1l5">
            <Statement>Fronds less than 35 cm high; sori roundish; indusium attached only at swollen base</Statement>
            <TaxonName ref="i1"/>
          </Lead>
          <Lead id="k1l2">
            <Parent ref="k1l1"/>
            <Statement>Fronds 50–150 cm high, 2–3-pinnate; indusium inflated</Statement>
            <TaxonName ref="i0"/>
          </Lead>
          <Lead id="k1l3">
            <Parent ref="k1l1"/>
            <Statement>Fronds 30–80 cm high, once pinnate with pinnae deeply lobed to almost 2-pinnate; indusium flat</Statement>
            <TaxonName ref="i2"/>
          </Lead>
          <Lead id="k1l4">
            <Parent ref="k1l1"/>
            <Statement>Fronds 30–80 cm high, once pinnate with pinnae deeply lobed to almost 2-pinnate; indusium flat</Statement>
            <TaxonName ref="i2"/>
          </Lead>
        </Leads>
      </IdentificationKey>
    </IdentificationKeys>
  </Dataset>
</Datasets>
