<?xml version="1.0" encoding="UTF-8"?>
<Datasets xmlns="http://rs.tdwg.org/UBIF/2006/" xmlns:xsi="http://www.w3.org/2001/XMLSchema-instance" xsi:schemaLocation="http://rs.tdwg.org/UBIF/2006/ http://rs.tdwg.org/UBIF/2006/Schema/1.1/SDD.xsd">
  <TechnicalMetadata created="2014-12-08T01:23:47">
    <Generator name="KeyBase SDD export" version="0"/>
  </TechnicalMetadata>
  <Dataset xml:lang="en-au">
    <Representation>
      <Label xml:lang="en">Atrichum</Label>
    </Representation>
    <TaxonNames>
      <TaxonName id="i0">
        <Representation>
          <Label>Atrichum selwynii</Label>
        </Representation>
      </TaxonName>
      <TaxonName id="i1">
        <Representation>
          <Label>Atrichum species A</Label>
        </Representation>
      </TaxonName>
      <TaxonName id="i2">
        <Representation>
          <Label>Atrichum tenellum</Label>
        </Representation>
      </TaxonName>
      <TaxonName id="i3">
        <Representation>
          <Label>Atrichum undulatum</Label>
        </Representation>
      </TaxonName>
      <TaxonName id="i4">
        <Representation>
          <Label>Bartramiopsis lescurii</Label>
        </Representation>
      </TaxonName>
      <TaxonName id="i5">
        <Representation>
          <Label>Oligotrichum</Label>
        </Representation>
      </TaxonName>
    </TaxonNames>
    <IdentificationKeys>
      <IdentificationKey id="k1">
        <Representation>
          <Label xml:lang="en">Atrichum</Label>
        </Representation>
        <Leads>
          <Lead id="k1l1">
            <Statement>Leaves with a well-defined limbidium of elongate cells and with that limbidium possessing geminate teeth</Statement>
          </Lead>
          <Lead id="k1l8">
            <Statement>Leaves without a limbidium and marginal teeth singly placed</Statement>
          </Lead>
          <Lead id="k1l2">
            <Parent ref="k1l1"/>
            <Statement>Highest photosynthetic lamellae 4-6 or more cells in height; median leaf cells 25-40 Âµm in longest diameter; cell walls thin with minute corner thickenings; calyptra without hairs</Statement>
          </Lead>
          <Lead id="k1l5">
            <Parent ref="k1l1"/>
            <Statement>Highest photosynthetic lamellae 4 or fewer cells in height; median leaf cells to 25 Âµm in longest diameter; cell walls thick with corner thickenings; calyptra with a few hairs on its distal portions</Statement>
          </Lead>
          <Lead id="k1l3">
            <Parent ref="k1l2"/>
            <Statement>Leaves comose distally, normally with a few teeth protruding off the lamina along lines of the undulations; leaves rather blunt at apex; capsule cylindric, more than 4:1, widest near its base</Statement>
            <TaxonName ref="i0"/>
          </Lead>
          <Lead id="k1l4">
            <Parent ref="k1l2"/>
            <Statement>Leaves evenly spaced along the stem, with teeth on lamina absent or few and blunt; leaves acute at apex; capsule oblong, less than 2:1</Statement>
            <TaxonName ref="i2"/>
          </Lead>
          <Lead id="k1l6">
            <Parent ref="k1l5"/>
            <Statement>Leaves evenly spaced around the stem; laminal cells above the leaf middle isodiametric; capsules arcuate, mostly less than 4 mm long</Statement>
            <TaxonName ref="i3"/>
          </Lead>
          <Lead id="k1l7">
            <Parent ref="k1l5"/>
            <Statement>Leaves comosely arranged on stem; laminal cells above the leaf middle transversely elongate; capsules nearly straight, mostly longer</Statement>
            <TaxonName ref="i1"/>
          </Lead>
          <Lead id="k1l9">
            <Parent ref="k1l8"/>
            <Statement>Leaf base with uniseriate, multicellular cilia on leaf shoulders; lamina at mid-leaf bistratose</Statement>
            <TaxonName ref="i4"/>
          </Lead>
          <Lead id="k1l10">
            <Parent ref="k1l8"/>
            <Statement>Leaf shoulders without such cilia; lamina unistratose or with bistratose streaks</Statement>
            <TaxonName ref="i5"/>
          </Lead>
        </Leads>
      </IdentificationKey>
    </IdentificationKeys>
  </Dataset>
</Datasets>
