<?xml version="1.0" encoding="UTF-8"?>
<Datasets xmlns="http://rs.tdwg.org/UBIF/2006/" xmlns:xsi="http://www.w3.org/2001/XMLSchema-instance" xsi:schemaLocation="http://rs.tdwg.org/UBIF/2006/ http://rs.tdwg.org/UBIF/2006/Schema/1.1/SDD.xsd">
  <TechnicalMetadata created="2014-12-08T01:23:27">
    <Generator name="KeyBase SDD export" version="0"/>
  </TechnicalMetadata>
  <Dataset xml:lang="en-au">
    <Representation>
      <Label xml:lang="en">Banksia</Label>
    </Representation>
    <TaxonNames>
      <TaxonName id="i0">
        <Representation>
          <Label>Banksia canei</Label>
        </Representation>
      </TaxonName>
      <TaxonName id="i1">
        <Representation>
          <Label>Banksia integrifolia</Label>
        </Representation>
      </TaxonName>
      <TaxonName id="i2">
        <Representation>
          <Label>Banksia marginata</Label>
        </Representation>
      </TaxonName>
      <TaxonName id="i3">
        <Representation>
          <Label>Banksia ornata</Label>
        </Representation>
      </TaxonName>
      <TaxonName id="i4">
        <Representation>
          <Label>Banksia saxicola</Label>
        </Representation>
      </TaxonName>
      <TaxonName id="i5">
        <Representation>
          <Label>Banksia serrata</Label>
        </Representation>
      </TaxonName>
      <TaxonName id="i6">
        <Representation>
          <Label>Banksia spinulosa</Label>
        </Representation>
      </TaxonName>
    </TaxonNames>
    <IdentificationKeys>
      <IdentificationKey id="k1">
        <Representation>
          <Label xml:lang="en">Banksia</Label>
        </Representation>
        <Leads>
          <Lead id="k1l1">
            <Statement>Style straightening or remaining weakly curved at anthesis, yellowish; perianth creamy-yellow to brownish; cones short-cylindric, ovoid or globose; leaves not as above</Statement>
          </Lead>
          <Lead id="k1l16">
            <Statement>Style remaining hooked below apex after anthesis, purplish-black (rarely yellow); perianth golden-yellow; cones long-cylindric; leaves linear or narrowly oblanceolate</Statement>
            <TaxonName ref="i6"/>
          </Lead>
          <Lead id="k1l2">
            <Parent ref="k1l1"/>
            <Statement>Mature leaves entire</Statement>
          </Lead>
          <Lead id="k1l9">
            <Parent ref="k1l1"/>
            <Statement>Mature leaves dentate</Statement>
          </Lead>
          <Lead id="k1l3">
            <Parent ref="k1l2"/>
            <Statement>Leaves elliptic to obovate or oblanceolate, often whorled</Statement>
          </Lead>
          <Lead id="k1l6">
            <Parent ref="k1l2"/>
            <Statement>Leaves linear, oblong or lanceolate, scattered</Statement>
          </Lead>
          <Lead id="k1l4">
            <Parent ref="k1l3"/>
            <Statement>Perianth 22–25 mm long; follicles opening within a year of anthesis, lip of open valves 0.5–1.5 mm wide; widespread, mostly coastal</Statement>
            <TaxonName ref="i1"/>
          </Lead>
          <Lead id="k1l5">
            <Parent ref="k1l3"/>
            <Statement>Perianth 19–22 mm long; follicles often remaining closed for several years, lip of open valves 2–3 mm wide; Grampians and Wilsons Promontory only</Statement>
            <TaxonName ref="i4"/>
          </Lead>
          <Lead id="k1l7">
            <Parent ref="k1l6"/>
            <Statement>Perianth and style deciduous; leaves acute or obtuse; follicles densely tomentose, remaining closed for many years; montane shrub of eastern Victoria</Statement>
            <TaxonName ref="i0"/>
          </Lead>
          <Lead id="k1l8">
            <Parent ref="k1l6"/>
            <Statement>Perianth and style persistent; leaves obtuse, truncate or indented at apex; follicles hirsute, becoming glabrous, often opening when mature; widespread shrub or small tree</Statement>
            <TaxonName ref="i2"/>
          </Lead>
          <Lead id="k1l10">
            <Parent ref="k1l9"/>
            <Statement>Perianth 30–45 mm long; leaves obovate to oblanceolate, closely and regularly toothed</Statement>
          </Lead>
          <Lead id="k1l13">
            <Parent ref="k1l9"/>
            <Statement>Perianth 15–24 mm long; leaves linear, oblong or lanceolate, usually distantly and/or irregularly toothed</Statement>
          </Lead>
          <Lead id="k1l11">
            <Parent ref="k1l10"/>
            <Statement>Leaves mostly less than 10 cm long; branchlets and perianth with loose shaggy hairs; shrub to c. 2 m high from far western inland Victoria</Statement>
            <TaxonName ref="i3"/>
          </Lead>
          <Lead id="k1l12">
            <Parent ref="k1l10"/>
            <Statement>Leaves mostly more than 10 cm long; branchlets and perianth with close appressed velvety hairs; tree 3–15 m high mainly from near-coastal areas east of Waratah Bay</Statement>
            <TaxonName ref="i5"/>
          </Lead>
          <Lead id="k1l14">
            <Parent ref="k1l13"/>
            <Statement>Perianth and style deciduous; leaves mucronate; follicles densely tomentose, remaining closed for many years; montane shrub of eastern Victoria</Statement>
            <TaxonName ref="i0"/>
          </Lead>
          <Lead id="k1l15">
            <Parent ref="k1l13"/>
            <Statement>Perianth and style persistent; leaves acute or truncate; follicles hirsute, becoming glabrous, often opening when mature; widespread shrub or small tree</Statement>
            <TaxonName ref="i2"/>
          </Lead>
        </Leads>
      </IdentificationKey>
    </IdentificationKeys>
  </Dataset>
</Datasets>
