<?xml version="1.0" encoding="UTF-8"?>
<Datasets xmlns="http://rs.tdwg.org/UBIF/2006/" xmlns:xsi="http://www.w3.org/2001/XMLSchema-instance" xsi:schemaLocation="http://rs.tdwg.org/UBIF/2006/ http://rs.tdwg.org/UBIF/2006/Schema/1.1/SDD.xsd">
  <TechnicalMetadata created="2014-12-08T01:23:47">
    <Generator name="KeyBase SDD export" version="0"/>
  </TechnicalMetadata>
  <Dataset xml:lang="en-au">
    <Representation>
      <Label xml:lang="en">Barbula</Label>
    </Representation>
    <TaxonNames>
      <TaxonName id="i0">
        <Representation>
          <Label>Barbula convoluta</Label>
        </Representation>
      </TaxonName>
      <TaxonName id="i1">
        <Representation>
          <Label>Barbula ehrenbergii</Label>
        </Representation>
      </TaxonName>
      <TaxonName id="i2">
        <Representation>
          <Label>Barbula eustegia</Label>
        </Representation>
      </TaxonName>
      <TaxonName id="i3">
        <Representation>
          <Label>Barbula orizabensis</Label>
        </Representation>
      </TaxonName>
      <TaxonName id="i4">
        <Representation>
          <Label>Barbula unguiculata</Label>
        </Representation>
      </TaxonName>
      <TaxonName id="i5">
        <Representation>
          <Label>Bryoerythrophyllum: B recurvirostrum</Label>
        </Representation>
      </TaxonName>
      <TaxonName id="i6">
        <Representation>
          <Label>Pseudocrossidium crinitum</Label>
        </Representation>
      </TaxonName>
      <TaxonName id="i7">
        <Representation>
          <Label>Pseudocrossidium obtusulum</Label>
        </Representation>
      </TaxonName>
    </TaxonNames>
    <IdentificationKeys>
      <IdentificationKey id="k1">
        <Representation>
          <Label xml:lang="en">Barbula</Label>
        </Representation>
        <Leads>
          <Lead id="k1l1">
            <Statement>Leaves with hyaline to yellowish awns; juxtalaminal, abaxial cells of the costa surface usually enlarged and yellowish-brown to orange in a pair of uniseriate rows on each side of costa</Statement>
            <TaxonName ref="i6"/>
          </Lead>
          <Lead id="k1l2">
            <Statement>Leaves without hyaline awns; juxtacostal, abaxial cells along distal portion of costa not differentiated</Statement>
          </Lead>
          <Lead id="k1l3">
            <Parent ref="k1l2"/>
            <Statement>Margins of leaves very strongly revolute in one or more spirals; thin walled cells with hollow papillae present within the spiralled margin; abaxial costal epidermis differentiated in cross-sectional view</Statement>
            <TaxonName ref="i7"/>
          </Lead>
          <Lead id="k1l4">
            <Parent ref="k1l2"/>
            <Statement>Margins of leaves not so strongly revolute and differentiated; costa without a differentiated abaxial epidermis</Statement>
          </Lead>
          <Lead id="k1l5">
            <Parent ref="k1l4"/>
            <Statement>Leaf margins recurved almost to leaf apex; costa percurrent to shortly excurrent and mucronate</Statement>
          </Lead>
          <Lead id="k1l8">
            <Parent ref="k1l4"/>
            <Statement>Leaf margins with recurvature restricted to base or sometimes extending nearly to leaf middle; costa various</Statement>
          </Lead>
          <Lead id="k1l6">
            <Parent ref="k1l5"/>
            <Statement>Leaves ovate to ovate-lanceolate, mostly less than 3:1; costa on at least some leaves mucronate in the rather blunt apex; plant green to brownish-green without any reddish blush; margin at leaf apex crenulate papillose but without any trace of toothing; median leaf cells less than 10 Âµm in diameter</Statement>
            <TaxonName ref="i3"/>
          </Lead>
          <Lead id="k1l7">
            <Parent ref="k1l5"/>
            <Statement>Leaves lanceolate to ligulate-lanceolate; mostly more than 4:1; costa mostly subpercurrent but not mucronate; plant usually with a reddish blush; margin at leaf apex often with enlarged cells giving a hint of toothing; median leaf cells more than 10 Âµm in diameter</Statement>
            <TaxonName ref="i5"/>
          </Lead>
          <Lead id="k1l9">
            <Parent ref="k1l8"/>
            <Statement>Costa very shortly excurrent in the mucronate apex; median leaf cells so papillose as to obscure the outlines of the cell lumen; plant mostly of disturbed habitats; leaf margins recurved to near apex</Statement>
            <TaxonName ref="i4"/>
          </Lead>
          <Lead id="k1l10">
            <Parent ref="k1l8"/>
            <Statement>Costa mostly subpercurrent; median cells only lightly and inconspicuously papillose; leaf margins plane, or recurved only in proximal half</Statement>
          </Lead>
          <Lead id="k1l11">
            <Parent ref="k1l10"/>
            <Statement>Costa percurrent in the rounded to obtuse apex; median leaf cells nearly smooth or obscurely papillose; plant of calcareous semiaquatic habitats often associated with tufa deposits</Statement>
            <TaxonName ref="i1"/>
          </Lead>
          <Lead id="k1l12">
            <Parent ref="k1l10"/>
            <Statement>Costa ending before the rounded apex; median leaf cells papillose with lobed papillae which are inserted over the central lumen and thus not obscuring the cell outlines; plant of disturbed areas especially along streams</Statement>
          </Lead>
          <Lead id="k1l13">
            <Parent ref="k1l12"/>
            <Statement>Perichaetial leaves, at least in part, rounded-obtuse or bluntly acute with these leaves convolute-sheathing</Statement>
            <TaxonName ref="i0"/>
          </Lead>
          <Lead id="k1l14">
            <Parent ref="k1l12"/>
            <Statement>Perichaetial leaves acute with the inner ones abruptly contracted to a subulum, these leaves loosely ascending</Statement>
            <TaxonName ref="i2"/>
          </Lead>
        </Leads>
      </IdentificationKey>
    </IdentificationKeys>
  </Dataset>
</Datasets>
