<?xml version="1.0" encoding="UTF-8"?>
<Datasets xmlns="http://rs.tdwg.org/UBIF/2006/" xmlns:xsi="http://www.w3.org/2001/XMLSchema-instance" xsi:schemaLocation="http://rs.tdwg.org/UBIF/2006/ http://rs.tdwg.org/UBIF/2006/Schema/1.1/SDD.xsd">
  <TechnicalMetadata created="2014-12-08T01:23:14">
    <Generator name="KeyBase SDD export" version="0"/>
  </TechnicalMetadata>
  <Dataset xml:lang="en-au">
    <Representation>
      <Label xml:lang="en">Baumea</Label>
    </Representation>
    <TaxonNames>
      <TaxonName id="i0">
        <Representation>
          <Label>Baumea acuta</Label>
        </Representation>
      </TaxonName>
      <TaxonName id="i1">
        <Representation>
          <Label>Baumea arthrophylla</Label>
        </Representation>
      </TaxonName>
      <TaxonName id="i2">
        <Representation>
          <Label>Baumea articulata</Label>
        </Representation>
      </TaxonName>
      <TaxonName id="i3">
        <Representation>
          <Label>Baumea gunnii</Label>
        </Representation>
      </TaxonName>
      <TaxonName id="i4">
        <Representation>
          <Label>Baumea juncea</Label>
        </Representation>
      </TaxonName>
      <TaxonName id="i5">
        <Representation>
          <Label>Baumea laxa</Label>
        </Representation>
      </TaxonName>
      <TaxonName id="i6">
        <Representation>
          <Label>Baumea planifolia</Label>
        </Representation>
      </TaxonName>
      <TaxonName id="i7">
        <Representation>
          <Label>Baumea rubiginosa</Label>
        </Representation>
      </TaxonName>
      <TaxonName id="i8">
        <Representation>
          <Label>Baumea tetragona</Label>
        </Representation>
      </TaxonName>
    </TaxonNames>
    <IdentificationKeys>
      <IdentificationKey id="k1">
        <Representation>
          <Label xml:lang="en">Baumea</Label>
        </Representation>
        <Leads>
          <Lead id="k1l1">
            <Statement>Leaf-blades flat or 4-angled in cross-section, or all reduced to flattened mucros on sheaths</Statement>
          </Lead>
          <Lead id="k1l12">
            <Statement>Leaf-blades terete or oval in cross-section (rarely somewhat angular or flattened at apex)</Statement>
          </Lead>
          <Lead id="k1l2">
            <Parent ref="k1l1"/>
            <Statement>Basal leaves well-developed (cauline leaves reduced if present); culms nodeless or 1-(rarely 2)-noded</Statement>
          </Lead>
          <Lead id="k1l11">
            <Parent ref="k1l1"/>
            <Statement>All leaves reduced to flattened mucros; culms 1–3-noded</Statement>
            <TaxonName ref="i4"/>
          </Lead>
          <Lead id="k1l3">
            <Parent ref="k1l2"/>
            <Statement>Leaves flattened (at least near apex in B. rubiginosa) or narrow-rhomboid, faces flat or convex</Statement>
          </Lead>
          <Lead id="k1l10">
            <Parent ref="k1l2"/>
            <Statement>Leaves square to rhomboid (occasionally narrowly so) in cross-section, faces concave or occasionally flat</Statement>
            <TaxonName ref="i8"/>
          </Lead>
          <Lead id="k1l4">
            <Parent ref="k1l3"/>
            <Statement>Leaves smooth, without a raised 'midrib'</Statement>
          </Lead>
          <Lead id="k1l9">
            <Parent ref="k1l3"/>
            <Statement>Leaves scabrous, with raised'midrib'even if otherwise flat</Statement>
            <TaxonName ref="i6"/>
          </Lead>
          <Lead id="k1l5">
            <Parent ref="k1l4"/>
            <Statement>Spikelets 2–5-flowered; glumes 4 or 5; inflorescence usually 15–40 cm long (occasionally as short as 7 cm), 1–2.5 cm dia</Statement>
          </Lead>
          <Lead id="k1l8">
            <Parent ref="k1l4"/>
            <Statement>Spikelets 1-flowered; glumes 3 or 4; inflorescence 2–6 cm long (rarely to 14 cm), no more than 1 cm dia</Statement>
            <TaxonName ref="i0"/>
          </Lead>
          <Lead id="k1l6">
            <Parent ref="k1l5"/>
            <Statement>Nut straw-coloured to red-brown; culms nodeless; leaves flat throughout; spikelets ± few, spread out on long branches</Statement>
            <TaxonName ref="i5"/>
          </Lead>
          <Lead id="k1l7">
            <Parent ref="k1l5"/>
            <Statement>Nut bright orange (paler red-brown when immature); culms 1–2-noded (rarely nodeless); leaves often terete near base; spikelets numerous, in dense discrete clusters</Statement>
            <TaxonName ref="i7"/>
          </Lead>
          <Lead id="k1l13">
            <Parent ref="k1l12"/>
            <Statement>Leaves pith-filled, occasionally irregularly transversely septate</Statement>
          </Lead>
          <Lead id="k1l18">
            <Parent ref="k1l12"/>
            <Statement>Leaves hollow, perfectly transversely septate</Statement>
            <TaxonName ref="i2"/>
          </Lead>
          <Lead id="k1l14">
            <Parent ref="k1l13"/>
            <Statement>Spikelets numerous, often clustered, 1–4-flowered; glumes 4–6</Statement>
          </Lead>
          <Lead id="k1l17">
            <Parent ref="k1l13"/>
            <Statement>Spikelets few, not in dense clusters, 1-flowered; glumes 2–4 (mostly 3)</Statement>
            <TaxonName ref="i3"/>
          </Lead>
          <Lead id="k1l15">
            <Parent ref="k1l14"/>
            <Statement>Nut straw-coloured to whitish, with acute apex, triquetrous, 2.0–2.5 mm long, 1.0–1.3 mm diam.; spikelets spaced ± evenly along branches; leaf-blades and involucral bracts terete and transversely septate when dry</Statement>
            <TaxonName ref="i1"/>
          </Lead>
          <Lead id="k1l16">
            <Parent ref="k1l14"/>
            <Statement>Nut pale red-brown to bright orange at maturity, with obtuse apex, obscurely trigonous, 2.2–4.0 mm long, 1.2–2.0 mm diam.; spikelets usually in dense, discrete clusters on inflorescence branches; leaf-blades and involucral bracts flattened at least at apex, not septat</Statement>
            <TaxonName ref="i7"/>
          </Lead>
        </Leads>
      </IdentificationKey>
    </IdentificationKeys>
  </Dataset>
</Datasets>
