<?xml version="1.0" encoding="UTF-8"?>
<Datasets xmlns="http://rs.tdwg.org/UBIF/2006/" xmlns:xsi="http://www.w3.org/2001/XMLSchema-instance" xsi:schemaLocation="http://rs.tdwg.org/UBIF/2006/ http://rs.tdwg.org/UBIF/2006/Schema/1.1/SDD.xsd">
  <TechnicalMetadata created="2014-12-08T01:23:29">
    <Generator name="KeyBase SDD export" version="0"/>
  </TechnicalMetadata>
  <Dataset xml:lang="en-au">
    <Representation>
      <Label xml:lang="en">Bertya</Label>
    </Representation>
    <TaxonNames>
      <TaxonName id="i0">
        <Representation>
          <Label>Bertya cunninghamii</Label>
        </Representation>
      </TaxonName>
      <TaxonName id="i1">
        <Representation>
          <Label>Bertya findlayi</Label>
        </Representation>
      </TaxonName>
      <TaxonName id="i2">
        <Representation>
          <Label>Bertya mitchellii</Label>
        </Representation>
      </TaxonName>
    </TaxonNames>
    <IdentificationKeys>
      <IdentificationKey id="k1">
        <Representation>
          <Label xml:lang="en">Bertya</Label>
        </Representation>
        <Leads>
          <Lead id="k1l1">
            <Statement>Leaves narrow-linear with revolute margins, mostly less than 2 cm long and less than 3 mm wide; female flowers sessile</Statement>
          </Lead>
          <Lead id="k1l4">
            <Statement>Leaves oblong-linear, flat, 2–7 cm long, 3–8 mm wide; female flowers on stout peduncles 1–5 mm long; Corryong area and western Grampians only</Statement>
            <TaxonName ref="i1"/>
          </Lead>
          <Lead id="k1l2">
            <Parent ref="k1l1"/>
            <Statement>Branchlets and young foliage more or less glabrous; leaves resinous and sticky; male perianth lobes c. 2 mm long; ovary glabrous; upper Mitchell, Snowy and Wellington Rivers</Statement>
            <TaxonName ref="i0"/>
          </Lead>
          <Lead id="k1l3">
            <Parent ref="k1l1"/>
            <Statement>Branchlets and young foliage greyish or yellowish from the stellate indumentum; leaves non-resinous; male perianth lobes c. 4 mm long; ovary usually densely stellate-hairy; north-west Victoria and upper Mitta Mitta River</Statement>
            <TaxonName ref="i2"/>
          </Lead>
        </Leads>
      </IdentificationKey>
    </IdentificationKeys>
  </Dataset>
</Datasets>
