<?xml version="1.0" encoding="UTF-8"?>
<Datasets xmlns="http://rs.tdwg.org/UBIF/2006/" xmlns:xsi="http://www.w3.org/2001/XMLSchema-instance" xsi:schemaLocation="http://rs.tdwg.org/UBIF/2006/ http://rs.tdwg.org/UBIF/2006/Schema/1.1/SDD.xsd">
  <TechnicalMetadata created="2014-12-08T01:23:13">
    <Generator name="KeyBase SDD export" version="0"/>
  </TechnicalMetadata>
  <Dataset xml:lang="en-au">
    <Representation>
      <Label xml:lang="en">Blechnum</Label>
    </Representation>
    <TaxonNames>
      <TaxonName id="i0">
        <Representation>
          <Label>Blechnum cartilagineum</Label>
        </Representation>
      </TaxonName>
      <TaxonName id="i1">
        <Representation>
          <Label>Blechnum chambersii</Label>
        </Representation>
      </TaxonName>
      <TaxonName id="i2">
        <Representation>
          <Label>Blechnum fluviatile</Label>
        </Representation>
      </TaxonName>
      <TaxonName id="i3">
        <Representation>
          <Label>Blechnum minus</Label>
        </Representation>
      </TaxonName>
      <TaxonName id="i4">
        <Representation>
          <Label>Blechnum nudum</Label>
        </Representation>
      </TaxonName>
      <TaxonName id="i5">
        <Representation>
          <Label>Blechnum patersonii</Label>
        </Representation>
      </TaxonName>
      <TaxonName id="i6">
        <Representation>
          <Label>Blechnum penna-marina</Label>
        </Representation>
      </TaxonName>
      <TaxonName id="i7">
        <Representation>
          <Label>Blechnum vulcanicum</Label>
        </Representation>
      </TaxonName>
      <TaxonName id="i8">
        <Representation>
          <Label>Blechnum wattsii</Label>
        </Representation>
      </TaxonName>
    </TaxonNames>
    <IdentificationKeys>
      <IdentificationKey id="k1">
        <Representation>
          <Label xml:lang="en">Blechnum</Label>
        </Representation>
        <Leads>
          <Lead id="k1l1">
            <Statement>Fertile and sterile fronds markedly different; lamina hardly extending beyond sori</Statement>
          </Lead>
          <Lead id="k1l16">
            <Statement>Fertile and sterile fronds similar; lamina extending well beyond sori; pinnae attached by broad bases and not markedly reduced in size towards base</Statement>
            <TaxonName ref="i0"/>
          </Lead>
          <Lead id="k1l2">
            <Parent ref="k1l1"/>
            <Statement>Fronds regularly pinnate, with numerous pinnae</Statement>
          </Lead>
          <Lead id="k1l15">
            <Parent ref="k1l1"/>
            <Statement>Fronds undivided, strap-like, or with few irregular, long lobes</Statement>
            <TaxonName ref="i5"/>
          </Lead>
          <Lead id="k1l3">
            <Parent ref="k1l2"/>
            <Statement>Sterile fronds with some pinnae shortly stalked or narrowed at base almost to midrib; adjacent pinnae usually separated along rachis</Statement>
          </Lead>
          <Lead id="k1l8">
            <Parent ref="k1l2"/>
            <Statement>Sterile fronds with all pinnae attached by wide bases; most adjacent pinnae close-set, or contiguous</Statement>
          </Lead>
          <Lead id="k1l4">
            <Parent ref="k1l3"/>
            <Statement>Most pinnae shortly stalked (only few near apex sessile); rachis bare or with scattered scales; sterile fronds generally erect</Statement>
          </Lead>
          <Lead id="k1l7">
            <Parent ref="k1l3"/>
            <Statement>Lower pinnae shortly stalked, the remainder sessile; rachis with numerous scales and hairs; sterile fronds normally forming flattened rosette, fertile fronds erect</Statement>
            <TaxonName ref="i2"/>
          </Lead>
          <Lead id="k1l5">
            <Parent ref="k1l4"/>
            <Statement>Lower pinnae greatly reduced and widely separated; frond texture variable</Statement>
            <TaxonName ref="i3"/>
          </Lead>
          <Lead id="k1l6">
            <Parent ref="k1l4"/>
            <Statement>Lower pinnae not markedly shorter than upper pinnae; fronds harsh</Statement>
            <TaxonName ref="i8"/>
          </Lead>
          <Lead id="k1l9">
            <Parent ref="k1l8"/>
            <Statement>Sterile fronds with pinnae more than 1 cm long, straight or curved, apices acute or rounded; rhizome short, fronds tufted</Statement>
          </Lead>
          <Lead id="k1l14">
            <Parent ref="k1l8"/>
            <Statement>Sterile fronds with pinnae less than 1 cm long, straight, apices blunt; rhizome creeping; fertile frond longer than sterile one and pinnae shorter and curved; alpine</Statement>
            <TaxonName ref="i6"/>
          </Lead>
          <Lead id="k1l10">
            <Parent ref="k1l9"/>
            <Statement>Sterile fronds with lower pinnae reduced and rounded, not deflexed</Statement>
          </Lead>
          <Lead id="k1l13">
            <Parent ref="k1l9"/>
            <Statement>Sterile fronds with lower pinnae not reduced in length; lowermost pair curved and slightly deflexed</Statement>
            <TaxonName ref="i7"/>
          </Lead>
          <Lead id="k1l11">
            <Parent ref="k1l10"/>
            <Statement>Stipe pale to brown; pinnae of sterile fronds falcate, tips toothed; fertile fronds flaccid with narrow, wiry pinnae</Statement>
            <TaxonName ref="i1"/>
          </Lead>
          <Lead id="k1l12">
            <Parent ref="k1l10"/>
            <Statement>Stipe shiny, black; pinnae of sterile fronds linear, tips entire; fertile fronds erect with coarse pinnae</Statement>
            <TaxonName ref="i4"/>
          </Lead>
        </Leads>
      </IdentificationKey>
    </IdentificationKeys>
  </Dataset>
</Datasets>
