<?xml version="1.0" encoding="UTF-8"?>
<Datasets xmlns="http://rs.tdwg.org/UBIF/2006/" xmlns:xsi="http://www.w3.org/2001/XMLSchema-instance" xsi:schemaLocation="http://rs.tdwg.org/UBIF/2006/ http://rs.tdwg.org/UBIF/2006/Schema/1.1/SDD.xsd">
  <TechnicalMetadata created="2014-12-08T01:23:32">
    <Generator name="KeyBase SDD export" version="0"/>
  </TechnicalMetadata>
  <Dataset xml:lang="en-au">
    <Representation>
      <Label xml:lang="en">Boraginaceae</Label>
    </Representation>
    <TaxonNames>
      <TaxonName id="i0">
        <Representation>
          <Label>Amsinckia</Label>
        </Representation>
      </TaxonName>
      <TaxonName id="i1">
        <Representation>
          <Label>Anchusa</Label>
        </Representation>
      </TaxonName>
      <TaxonName id="i2">
        <Representation>
          <Label>Austrocynoglossum</Label>
        </Representation>
      </TaxonName>
      <TaxonName id="i3">
        <Representation>
          <Label>Borago</Label>
        </Representation>
      </TaxonName>
      <TaxonName id="i4">
        <Representation>
          <Label>Buglossoides</Label>
        </Representation>
      </TaxonName>
      <TaxonName id="i5">
        <Representation>
          <Label>Cynoglossum</Label>
        </Representation>
      </TaxonName>
      <TaxonName id="i6">
        <Representation>
          <Label>Echium</Label>
        </Representation>
      </TaxonName>
      <TaxonName id="i7">
        <Representation>
          <Label>Halgania</Label>
        </Representation>
      </TaxonName>
      <TaxonName id="i8">
        <Representation>
          <Label>Heliotropium</Label>
        </Representation>
      </TaxonName>
      <TaxonName id="i9">
        <Representation>
          <Label>Myosotis</Label>
        </Representation>
      </TaxonName>
      <TaxonName id="i10">
        <Representation>
          <Label>Neatostema</Label>
        </Representation>
      </TaxonName>
      <TaxonName id="i11">
        <Representation>
          <Label>Nonea</Label>
        </Representation>
      </TaxonName>
      <TaxonName id="i12">
        <Representation>
          <Label>Omphalolappula</Label>
        </Representation>
      </TaxonName>
      <TaxonName id="i13">
        <Representation>
          <Label>Pentaglottis</Label>
        </Representation>
      </TaxonName>
      <TaxonName id="i14">
        <Representation>
          <Label>Plagiobothrys</Label>
        </Representation>
      </TaxonName>
      <TaxonName id="i15">
        <Representation>
          <Label>Symphytum</Label>
        </Representation>
      </TaxonName>
    </TaxonNames>
    <IdentificationKeys>
      <IdentificationKey id="k1">
        <Representation>
          <Label xml:lang="en">Boraginaceae</Label>
        </Representation>
        <Leads>
          <Lead id="k1l1">
            <Statement>Corolla zygomorphic</Statement>
          </Lead>
          <Lead id="k1l4">
            <Statement>Corolla regular</Statement>
          </Lead>
          <Lead id="k1l2">
            <Parent ref="k1l1"/>
            <Statement>Stamens included in corolla; corolla with scales in throat; stigma entire</Statement>
            <TaxonName ref="i1"/>
          </Lead>
          <Lead id="k1l3">
            <Parent ref="k1l1"/>
            <Statement>At least 2 stamens exserted from corolla; corolla without scales in throat; stigma bilobed</Statement>
            <TaxonName ref="i6"/>
          </Lead>
          <Lead id="k1l5">
            <Parent ref="k1l4"/>
            <Statement>Anthers exserted, appressed to style; anther appendages present</Statement>
          </Lead>
          <Lead id="k1l8">
            <Parent ref="k1l4"/>
            <Statement>Anthers included or, if exserted, then not appressed to style; anther appendages absent</Statement>
          </Lead>
          <Lead id="k1l6">
            <Parent ref="k1l5"/>
            <Statement>Ovary 4-lobed; fruit a schizocarp; hispid herb, garden-escape</Statement>
            <TaxonName ref="i3"/>
          </Lead>
          <Lead id="k1l7">
            <Parent ref="k1l5"/>
            <Statement>Ovary entire; fruit a drupe; scabrous or viscid shrubs from north-western Victoria</Statement>
            <TaxonName ref="i7"/>
          </Lead>
          <Lead id="k1l9">
            <Parent ref="k1l8"/>
            <Statement>Ovary 4-lobed; stigma small, capitate or shortly 2-lobed</Statement>
          </Lead>
          <Lead id="k1l32">
            <Parent ref="k1l8"/>
            <Statement>Ovary entire; stigma large, more or less conical</Statement>
            <TaxonName ref="i8"/>
          </Lead>
          <Lead id="k1l10">
            <Parent ref="k1l9"/>
            <Statement>Mericarps bearing barbed spines</Statement>
          </Lead>
          <Lead id="k1l15">
            <Parent ref="k1l9"/>
            <Statement>Mericarps smooth, wrinkled, reticulate or rugose</Statement>
          </Lead>
          <Lead id="k1l11">
            <Parent ref="k1l10"/>
            <Statement>Spines on mericarps numerous, more or less equal in size, occurring on margins and outer face; perennials</Statement>
          </Lead>
          <Lead id="k1l14">
            <Parent ref="k1l10"/>
            <Statement>Spines on mericarps 8–10, varying in size, occurring only on margins; annual</Statement>
            <TaxonName ref="i12"/>
          </Lead>
          <Lead id="k1l12">
            <Parent ref="k1l11"/>
            <Statement>Flowers mostly solitary, usually borne below leaves; plants weak and straggling;</Statement>
            <TaxonName ref="i2"/>
          </Lead>
          <Lead id="k1l13">
            <Parent ref="k1l11"/>
            <Statement>Flowers in terminal monochasial scorpioid cymes; plants erect or spreading;</Statement>
            <TaxonName ref="i5"/>
          </Lead>
          <Lead id="k1l16">
            <Parent ref="k1l15"/>
            <Statement>Gynobase conical</Statement>
          </Lead>
          <Lead id="k1l19">
            <Parent ref="k1l15"/>
            <Statement>Gynobase flat or concave</Statement>
          </Lead>
          <Lead id="k1l17">
            <Parent ref="k1l16"/>
            <Statement>Inflorescences ebracteate; corolla yellow, more than 4 mm long</Statement>
            <TaxonName ref="i0"/>
          </Lead>
          <Lead id="k1l18">
            <Parent ref="k1l16"/>
            <Statement>Inflorescence bracteate; corolla white, 2–3 mm long</Statement>
            <TaxonName ref="i14"/>
          </Lead>
          <Lead id="k1l20">
            <Parent ref="k1l19"/>
            <Statement>Corolla often blue; corolla scales conspicuous in throat</Statement>
          </Lead>
          <Lead id="k1l27">
            <Parent ref="k1l19"/>
            <Statement>Corolla white or pale yellow; corolla scales absent or much reduced and incon- spicuous in throat</Statement>
          </Lead>
          <Lead id="k1l21">
            <Parent ref="k1l20"/>
            <Statement>Corolla tubular or funnel-shaped, less than 10 mm long, lobes erect or spreading</Statement>
          </Lead>
          <Lead id="k1l26">
            <Parent ref="k1l20"/>
            <Statement>Corolla-tube c. 13 mm long, more or less campanulate, lobes recurved</Statement>
            <TaxonName ref="i15"/>
          </Lead>
          <Lead id="k1l22">
            <Parent ref="k1l21"/>
            <Statement>Floral bracts present; mericarps rugose, wrinkled or reticulate, attached by a broad or narrow concave base; corolla scales papillose</Statement>
          </Lead>
          <Lead id="k1l25">
            <Parent ref="k1l21"/>
            <Statement>Floral bracts absent; mericarps smooth and shiny, attached by a small basal areole; corolla scales smooth</Statement>
            <TaxonName ref="i9"/>
          </Lead>
          <Lead id="k1l23">
            <Parent ref="k1l22"/>
            <Statement>Flowers subsessile; mericarps wrinkled, with a swollen ring at base and attached by a broad concave areole</Statement>
            <TaxonName ref="i1"/>
          </Lead>
          <Lead id="k1l24">
            <Parent ref="k1l22"/>
            <Statement>Flowers on slender pedicels; mericarps reticulate, attached by a small stalk within a saccate areole</Statement>
            <TaxonName ref="i13"/>
          </Lead>
          <Lead id="k1l28">
            <Parent ref="k1l27"/>
            <Statement>Sepals free or fused only at base; corolla yellow or white; mericarps beaked</Statement>
          </Lead>
          <Lead id="k1l31">
            <Parent ref="k1l27"/>
            <Statement>Sepals fused at least to middle; corolla yellow; mericarps hardly beaked</Statement>
            <TaxonName ref="i11"/>
          </Lead>
          <Lead id="k1l29">
            <Parent ref="k1l28"/>
            <Statement>Mericarps tuberculate all over; corolla with internal longitudinal hairy ridges from throat to just above anthers; flowers white to cream</Statement>
            <TaxonName ref="i4"/>
          </Lead>
          <Lead id="k1l30">
            <Parent ref="k1l28"/>
            <Statement>Mericarps smooth on outer face; corolla with hair tufts in throat; flowers yellow</Statement>
            <TaxonName ref="i10"/>
          </Lead>
        </Leads>
      </IdentificationKey>
    </IdentificationKeys>
  </Dataset>
</Datasets>
