<?xml version="1.0" encoding="UTF-8"?>
<Datasets xmlns="http://rs.tdwg.org/UBIF/2006/" xmlns:xsi="http://www.w3.org/2001/XMLSchema-instance" xsi:schemaLocation="http://rs.tdwg.org/UBIF/2006/ http://rs.tdwg.org/UBIF/2006/Schema/1.1/SDD.xsd">
  <TechnicalMetadata created="2014-12-08T01:23:30">
    <Generator name="KeyBase SDD export" version="0"/>
  </TechnicalMetadata>
  <Dataset xml:lang="en-au">
    <Representation>
      <Label xml:lang="en">Boronia anemonifolia</Label>
    </Representation>
    <TaxonNames>
      <TaxonName id="i0">
        <Representation>
          <Label>Boronia anemonifolia subsp. 1</Label>
        </Representation>
      </TaxonName>
      <TaxonName id="i1">
        <Representation>
          <Label>Boronia anemonifolia subsp. 2</Label>
        </Representation>
      </TaxonName>
      <TaxonName id="i2">
        <Representation>
          <Label>Boronia anemonifolia subsp. 3</Label>
        </Representation>
      </TaxonName>
    </TaxonNames>
    <IdentificationKeys>
      <IdentificationKey id="k1">
        <Representation>
          <Label xml:lang="en">Boronia anemonifolia</Label>
        </Representation>
        <Leads>
          <Lead id="k1l1">
            <Statement>Leaves glabrous to indumented; leaflets terete, or if flattened, narrow-cuneate with tridentate tips; sepals 2–3 mm long, (one-quarter to) half as long as petals; petals persistent</Statement>
          </Lead>
          <Lead id="k1l4">
            <Statement>Leaves glabrous; leaflets flattened, entire or slightly tridentate; sepals to 2 mm long, one-quarter to one-third as long as petals; petals deciduous</Statement>
            <TaxonName ref="i2"/>
          </Lead>
          <Lead id="k1l2">
            <Parent ref="k1l1"/>
            <Statement>Leaves compound, petiole shorter than leaflets; central and eastern Victoria</Statement>
            <TaxonName ref="i0"/>
          </Lead>
          <Lead id="k1l3">
            <Parent ref="k1l1"/>
            <Statement>Leaves simple or if trifoliolate petiole very much longer than leaflets; central Victoria</Statement>
            <TaxonName ref="i1"/>
          </Lead>
        </Leads>
      </IdentificationKey>
    </IdentificationKeys>
  </Dataset>
</Datasets>
