<?xml version="1.0" encoding="UTF-8"?>
<Datasets xmlns="http://rs.tdwg.org/UBIF/2006/" xmlns:xsi="http://www.w3.org/2001/XMLSchema-instance" xsi:schemaLocation="http://rs.tdwg.org/UBIF/2006/ http://rs.tdwg.org/UBIF/2006/Schema/1.1/SDD.xsd">
  <TechnicalMetadata created="2014-12-08T01:23:30">
    <Generator name="KeyBase SDD export" version="0"/>
  </TechnicalMetadata>
  <Dataset xml:lang="en-au">
    <Representation>
      <Label xml:lang="en">Boronia</Label>
    </Representation>
    <TaxonNames>
      <TaxonName id="i0">
        <Representation>
          <Label>Boronia algida</Label>
        </Representation>
      </TaxonName>
      <TaxonName id="i1">
        <Representation>
          <Label>Boronia anemonifolia</Label>
        </Representation>
      </TaxonName>
      <TaxonName id="i2">
        <Representation>
          <Label>Boronia citrata</Label>
        </Representation>
      </TaxonName>
      <TaxonName id="i3">
        <Representation>
          <Label>Boronia coerulescens</Label>
        </Representation>
      </TaxonName>
      <TaxonName id="i4">
        <Representation>
          <Label>Boronia filifolia</Label>
        </Representation>
      </TaxonName>
      <TaxonName id="i5">
        <Representation>
          <Label>Boronia galbraithiae</Label>
        </Representation>
      </TaxonName>
      <TaxonName id="i6">
        <Representation>
          <Label>Boronia inornata</Label>
        </Representation>
      </TaxonName>
      <TaxonName id="i7">
        <Representation>
          <Label>Boronia latipinna</Label>
        </Representation>
      </TaxonName>
      <TaxonName id="i8">
        <Representation>
          <Label>Boronia ledifolia</Label>
        </Representation>
      </TaxonName>
      <TaxonName id="i9">
        <Representation>
          <Label>Boronia muelleri</Label>
        </Representation>
      </TaxonName>
      <TaxonName id="i10">
        <Representation>
          <Label>Boronia nana</Label>
        </Representation>
      </TaxonName>
      <TaxonName id="i11">
        <Representation>
          <Label>Boronia parviflora</Label>
        </Representation>
      </TaxonName>
      <TaxonName id="i12">
        <Representation>
          <Label>Boronia pilosa</Label>
        </Representation>
      </TaxonName>
    </TaxonNames>
    <IdentificationKeys>
      <IdentificationKey id="k1">
        <Representation>
          <Label xml:lang="en">Boronia</Label>
        </Representation>
        <Leads>
          <Lead id="k1l1">
            <Statement>Leaves not or slightly discolorous, stellate hairs absent, indumentum never velvet- like; petals imbricate, without obvious raised midrib; widespread</Statement>
          </Lead>
          <Lead id="k1l30">
            <Statement>Leaves strongly discolorous, abaxial surface with dense, velvety, off-white indumentum of stellate hairs; petals valvate, with obviously raised midrib on the abaxial surface; rare, in East Gippsland</Statement>
            <TaxonName ref="i8"/>
          </Lead>
          <Lead id="k1l2">
            <Parent ref="k1l1"/>
            <Statement>Leaves simple</Statement>
          </Lead>
          <Lead id="k1l9">
            <Parent ref="k1l1"/>
            <Statement>Leaves pinnate, or leaves simple but distinctly tridentate at tip</Statement>
          </Lead>
          <Lead id="k1l3">
            <Parent ref="k1l2"/>
            <Statement>Leaves subterete to terete; western Victoria</Statement>
          </Lead>
          <Lead id="k1l6">
            <Parent ref="k1l2"/>
            <Statement>Leaves plane; widespread</Statement>
          </Lead>
          <Lead id="k1l4">
            <Parent ref="k1l3"/>
            <Statement>Flowers white to purplish, sometimes drying blue; plant glabrous to pubescent; leaves less than 9 mm long</Statement>
            <TaxonName ref="i3"/>
          </Lead>
          <Lead id="k1l5">
            <Parent ref="k1l3"/>
            <Statement>Flowers bright pink; plant glabrous; leaves more than 10 mm long</Statement>
            <TaxonName ref="i4"/>
          </Lead>
          <Lead id="k1l7">
            <Parent ref="k1l6"/>
            <Statement>Flowers axillary; sepals imbricate, much smaller than petals; filaments hirsute</Statement>
            <TaxonName ref="i10"/>
          </Lead>
          <Lead id="k1l8">
            <Parent ref="k1l6"/>
            <Statement>Flowers terminal; sepals valvate, slightly smaller to slightly longer than petals; filaments glabrous</Statement>
            <TaxonName ref="i11"/>
          </Lead>
          <Lead id="k1l10">
            <Parent ref="k1l9"/>
            <Statement>Inflorescence terminal, sometimes terminal on short axillary branches and/or in upper axils as well</Statement>
          </Lead>
          <Lead id="k1l17">
            <Parent ref="k1l9"/>
            <Statement>Inflorescence always axillary, never terminal</Statement>
          </Lead>
          <Lead id="k1l11">
            <Parent ref="k1l10"/>
            <Statement>Branches not glandular warty</Statement>
          </Lead>
          <Lead id="k1l14">
            <Parent ref="k1l10"/>
            <Statement>Branches glandular warty</Statement>
          </Lead>
          <Lead id="k1l12">
            <Parent ref="k1l11"/>
            <Statement>Leaves, ovary and fruit hispidulous; plant strongly lemon-scented; Eastern Highlands and Snowfields</Statement>
            <TaxonName ref="i2"/>
          </Lead>
          <Lead id="k1l13">
            <Parent ref="k1l11"/>
            <Statement>Leaves, ovary and fruit glabrous; Lowan Mallee</Statement>
            <TaxonName ref="i4"/>
          </Lead>
          <Lead id="k1l15">
            <Parent ref="k1l14"/>
            <Statement>Leaves (3–) 5–9-foliolate, glabrous, leaflets oblanceolate; petals valvate; Snowfields</Statement>
            <TaxonName ref="i0"/>
          </Lead>
          <Lead id="k1l16">
            <Parent ref="k1l14"/>
            <Statement>Leaves 3 (–5)-foliolate, glabrous or pubescent, leaflets terete to narrowly clavate; petals imbricate</Statement>
            <TaxonName ref="i6"/>
          </Lead>
          <Lead id="k1l18">
            <Parent ref="k1l17"/>
            <Statement>Branches obviously glandular</Statement>
          </Lead>
          <Lead id="k1l23">
            <Parent ref="k1l17"/>
            <Statement>Branches not obviously glandular</Statement>
          </Lead>
          <Lead id="k1l19">
            <Parent ref="k1l18"/>
            <Statement>Branches glabrous, or rarely sparsely pubescent between decurrent leaf-bases</Statement>
          </Lead>
          <Lead id="k1l22">
            <Parent ref="k1l18"/>
            <Statement>Branches densely pilose between decurrent leaf-bases</Statement>
            <TaxonName ref="i1"/>
          </Lead>
          <Lead id="k1l20">
            <Parent ref="k1l19"/>
            <Statement>Longest leaflets less than 10 mm long, margins distinctly serrulate</Statement>
            <TaxonName ref="i5"/>
          </Lead>
          <Lead id="k1l21">
            <Parent ref="k1l19"/>
            <Statement>Longest leaflets greater than 10 mm long, margins smooth to slightly serrulate</Statement>
            <TaxonName ref="i9"/>
          </Lead>
          <Lead id="k1l24">
            <Parent ref="k1l23"/>
            <Statement>Style glabrous or pilose, long, not hidden by small stigma</Statement>
          </Lead>
          <Lead id="k1l29">
            <Parent ref="k1l23"/>
            <Statement>Style densely pilose, short and almost hidden by large stigma</Statement>
            <TaxonName ref="i12"/>
          </Lead>
          <Lead id="k1l25">
            <Parent ref="k1l24"/>
            <Statement>Erect shrub; branchlets glabrous</Statement>
          </Lead>
          <Lead id="k1l28">
            <Parent ref="k1l24"/>
            <Statement>Weak, sprawling subshrub; branchlets pubescent between decurrent leaf-bases</Statement>
            <TaxonName ref="i10"/>
          </Lead>
          <Lead id="k1l26">
            <Parent ref="k1l25"/>
            <Statement>Leaflets less than 2 mm wide, terete to plane (Little Desert)</Statement>
            <TaxonName ref="i4"/>
          </Lead>
          <Lead id="k1l27">
            <Parent ref="k1l25"/>
            <Statement>Leaflets 2–7 mm wide, plane (Grampians)</Statement>
            <TaxonName ref="i7"/>
          </Lead>
        </Leads>
      </IdentificationKey>
    </IdentificationKeys>
  </Dataset>
</Datasets>
