<?xml version="1.0" encoding="UTF-8"?>
<Datasets xmlns="http://rs.tdwg.org/UBIF/2006/" xmlns:xsi="http://www.w3.org/2001/XMLSchema-instance" xsi:schemaLocation="http://rs.tdwg.org/UBIF/2006/ http://rs.tdwg.org/UBIF/2006/Schema/1.1/SDD.xsd">
  <TechnicalMetadata created="2014-12-08T01:23:27">
    <Generator name="KeyBase SDD export" version="0"/>
  </TechnicalMetadata>
  <Dataset xml:lang="en-au">
    <Representation>
      <Label xml:lang="en">Bossiaea</Label>
    </Representation>
    <TaxonNames>
      <TaxonName id="i0">
        <Representation>
          <Label>Bossiaea bracteosa</Label>
        </Representation>
      </TaxonName>
      <TaxonName id="i1">
        <Representation>
          <Label>Bossiaea buxifolia</Label>
        </Representation>
      </TaxonName>
      <TaxonName id="i2">
        <Representation>
          <Label>Bossiaea cinerea</Label>
        </Representation>
      </TaxonName>
      <TaxonName id="i3">
        <Representation>
          <Label>Bossiaea cordigera</Label>
        </Representation>
      </TaxonName>
      <TaxonName id="i4">
        <Representation>
          <Label>Bossiaea ensata</Label>
        </Representation>
      </TaxonName>
      <TaxonName id="i5">
        <Representation>
          <Label>Bossiaea foliosa</Label>
        </Representation>
      </TaxonName>
      <TaxonName id="i6">
        <Representation>
          <Label>Bossiaea heterophylla</Label>
        </Representation>
      </TaxonName>
      <TaxonName id="i7">
        <Representation>
          <Label>Bossiaea obcordata</Label>
        </Representation>
      </TaxonName>
      <TaxonName id="i8">
        <Representation>
          <Label>Bossiaea prostrata</Label>
        </Representation>
      </TaxonName>
      <TaxonName id="i9">
        <Representation>
          <Label>Bossiaea riparia</Label>
        </Representation>
      </TaxonName>
      <TaxonName id="i10">
        <Representation>
          <Label>Bossiaea rosmarinifolia</Label>
        </Representation>
      </TaxonName>
      <TaxonName id="i11">
        <Representation>
          <Label>Bossiaea walkeri</Label>
        </Representation>
      </TaxonName>
    </TaxonNames>
    <IdentificationKeys>
      <IdentificationKey id="k1">
        <Representation>
          <Label xml:lang="en">Bossiaea</Label>
        </Representation>
        <Leads>
          <Lead id="k1l1">
            <Statement>Leaves always present; branches terete or sometimes slightly flattened, rarely (B. heterophylla) winged</Statement>
          </Lead>
          <Lead id="k1l20">
            <Statement>Plants leafless (except for exstipulate scales and sometimes some juvenile leaves on young growth or at base of stems); branches flat and distinctly winged (i.e. cladodes)</Statement>
          </Lead>
          <Lead id="k1l2">
            <Parent ref="k1l1"/>
            <Statement>Leaves opposite</Statement>
          </Lead>
          <Lead id="k1l7">
            <Parent ref="k1l1"/>
            <Statement>Leaves alternate</Statement>
          </Lead>
          <Lead id="k1l3">
            <Parent ref="k1l2"/>
            <Statement>Leaves trullate or triangular to ovate, linear or linear-lanceolate, 5–28 mm long</Statement>
          </Lead>
          <Lead id="k1l6">
            <Parent ref="k1l2"/>
            <Statement>Leaves ovate, 3–6 mm long</Statement>
            <TaxonName ref="i3"/>
          </Lead>
          <Lead id="k1l4">
            <Parent ref="k1l3"/>
            <Statement>Leaves trullate or triangular to ovate or lanceolate, 2–5 mm wide, sessile or almost so; widespread</Statement>
            <TaxonName ref="i2"/>
          </Lead>
          <Lead id="k1l5">
            <Parent ref="k1l3"/>
            <Statement>Leaves linear to linear-lanceolate, 1–3 mm wide, on distinct petiolules to 1.5 mm long; Grampians only</Statement>
            <TaxonName ref="i10"/>
          </Lead>
          <Lead id="k1l8">
            <Parent ref="k1l7"/>
            <Statement>Lateral branches not terminating in spines</Statement>
          </Lead>
          <Lead id="k1l19">
            <Parent ref="k1l7"/>
            <Statement>Lateral branches terminating in spines</Statement>
            <TaxonName ref="i7"/>
          </Lead>
          <Lead id="k1l9">
            <Parent ref="k1l8"/>
            <Statement>Leaves not as above; flowers on pedicels 5–20 mm long; corolla usually yellow and red to purplish-brown; ovary glabrous or with ciliate margins; pods ovate to oblong, 1–2 cm long, glabrous or almost so</Statement>
          </Lead>
          <Lead id="k1l18">
            <Parent ref="k1l8"/>
            <Statement>Leaves transversely elliptic, obcordate or cordate, to 3 mm long; flowers on pedicels to 3 mm long; corolla usually uniformly bright yellow; ovary densely clothed with ferruginous hairs; pods almost circular, to 1 cm diam., densely clothed with rusty hairs</Statement>
            <TaxonName ref="i5"/>
          </Lead>
          <Lead id="k1l10">
            <Parent ref="k1l9"/>
            <Statement>Leaves variously shaped, 3–28 mm long; unifoliolate</Statement>
          </Lead>
          <Lead id="k1l17">
            <Parent ref="k1l9"/>
            <Statement>Leaves elliptic to ovate or rotund, 2–5 mm long; apparently simple</Statement>
            <TaxonName ref="i1"/>
          </Lead>
          <Lead id="k1l11">
            <Parent ref="k1l10"/>
            <Statement>Stems terete or oval to rarely slightly flattened</Statement>
          </Lead>
          <Lead id="k1l16">
            <Parent ref="k1l10"/>
            <Statement>Stems distinctly flattened and slightly winged</Statement>
            <TaxonName ref="i6"/>
          </Lead>
          <Lead id="k1l12">
            <Parent ref="k1l11"/>
            <Statement>Stems erect and spreading; leaves trullate or triangular to ovate, lanceolate or linear to linear-lanceolate, acute and usually pungent apically, sessile or on distinct petiolules up to 1.5 mm long; calyx glabrous or almost so outside; pods on a stipe that exceeds the calyx</Statement>
          </Lead>
          <Lead id="k1l15">
            <Parent ref="k1l11"/>
            <Statement>Stems procumbent; leaves circular to narrow-ovate or oblong, obtuse or acute apically but not pungent, on distinct petiolules up to 5 mm long; calyx pubescent outside; pods on a stipe that is shorter than the calyx</Statement>
            <TaxonName ref="i8"/>
          </Lead>
          <Lead id="k1l13">
            <Parent ref="k1l12"/>
            <Statement>Leaves trullate or triangular to ovate or lanceolate, 2–5 mm wide, sessile or almost so; widespread</Statement>
            <TaxonName ref="i2"/>
          </Lead>
          <Lead id="k1l14">
            <Parent ref="k1l12"/>
            <Statement>Leaves linear to linear-lanceolate, 1–3 mm wide, on distinct petiolules up to 1.5 mm long; Grampians only</Statement>
            <TaxonName ref="i10"/>
          </Lead>
          <Lead id="k1l21">
            <Parent ref="k1l20"/>
            <Statement>Flowers mostly yellow or orange with red or brown markings, less than 15 mm long; the standard as long as or longer than the lower petals</Statement>
          </Lead>
          <Lead id="k1l26">
            <Parent ref="k1l20"/>
            <Statement>Flowers pinkish-red, over 15 mm long; the standard much shorter than the lower petals</Statement>
            <TaxonName ref="i11"/>
          </Lead>
          <Lead id="k1l22">
            <Parent ref="k1l21"/>
            <Statement>Flowering pedicels exceeding the basal bracts; bracteoles persistent; upper 2 calyx lobes distinctly broader than the lower 3, truncate or obtuse apically; erect or procumbent shrub with ultimate branches of the cladodes 2–7 mm wide; young growth lacking large conspicuous scales as above</Statement>
          </Lead>
          <Lead id="k1l25">
            <Parent ref="k1l21"/>
            <Statement>Flowering pedicels shorter than or scarcely exceeding the basal bracts; bracteoles soon deciduous; calyx-lobes ± equal in length, the upper 2 slightly broader than the lower 3, acute or obtuse apically; rigid erect shrub with ultimate branches of the cladodes 5–14 mm wide; young growth with conspicuous brown scarious ovate scales to 5 mm long at the nodes</Statement>
            <TaxonName ref="i0"/>
          </Lead>
          <Lead id="k1l23">
            <Parent ref="k1l22"/>
            <Statement>Lax, decumbent or sprawling, sparingly branched shrub; ultimate branches of cladodes 2–7 mm wide; pods 2.5–4.5 cm long; coastal heathlands of far East Gippsland</Statement>
            <TaxonName ref="i4"/>
          </Lead>
          <Lead id="k1l24">
            <Parent ref="k1l22"/>
            <Statement>Erect much-branched shrub; ultimate branches of cladodes 2–4 mm wide; pods to 2.5 cm long; widespread, often riparian</Statement>
            <TaxonName ref="i9"/>
          </Lead>
        </Leads>
      </IdentificationKey>
    </IdentificationKeys>
  </Dataset>
</Datasets>
