<?xml version="1.0" encoding="UTF-8"?>
<Datasets xmlns="http://rs.tdwg.org/UBIF/2006/" xmlns:xsi="http://www.w3.org/2001/XMLSchema-instance" xsi:schemaLocation="http://rs.tdwg.org/UBIF/2006/ http://rs.tdwg.org/UBIF/2006/Schema/1.1/SDD.xsd">
  <TechnicalMetadata created="2014-12-08T01:23:24">
    <Generator name="KeyBase SDD export" version="0"/>
  </TechnicalMetadata>
  <Dataset xml:lang="en-au">
    <Representation>
      <Label xml:lang="en">Brachyloma</Label>
    </Representation>
    <TaxonNames>
      <TaxonName id="i0">
        <Representation>
          <Label>Brachyloma ciliatum</Label>
        </Representation>
      </TaxonName>
      <TaxonName id="i1">
        <Representation>
          <Label>Brachyloma daphnoides</Label>
        </Representation>
      </TaxonName>
      <TaxonName id="i2">
        <Representation>
          <Label>Brachyloma depressum</Label>
        </Representation>
      </TaxonName>
      <TaxonName id="i3">
        <Representation>
          <Label>Brachyloma ericoides</Label>
        </Representation>
      </TaxonName>
    </TaxonNames>
    <IdentificationKeys>
      <IdentificationKey id="k1">
        <Representation>
          <Label xml:lang="en">Brachyloma</Label>
        </Representation>
        <Leads>
          <Lead id="k1l1">
            <Statement>Corolla white to cream, occasionally pink- or red-tinged in bud, the tube with 5 tufts of long reflexed hairs in the throat between the anthers; bract solitary, boat-shaped and caducous to leaf-like and persistent, distant from the two bracteoles</Statement>
          </Lead>
          <Lead id="k1l6">
            <Statement>Corolla wholly pink (albino flowers rare), the tube with 5 reflexed pubescent fringed scales inserted below the anthers; bracts several, grading in size to the two bracteoles</Statement>
            <TaxonName ref="i3"/>
          </Lead>
          <Lead id="k1l2">
            <Parent ref="k1l1"/>
            <Statement>Leaf apex with a pungent tip; corolla tube less than 3.5 mm long; mature leaves serrulate</Statement>
          </Lead>
          <Lead id="k1l5">
            <Parent ref="k1l1"/>
            <Statement>Leaf apex with a blunt callus tip; corolla tube 4–6 mm long; mature leaves usually entire</Statement>
            <TaxonName ref="i1"/>
          </Lead>
          <Lead id="k1l3">
            <Parent ref="k1l2"/>
            <Statement>Sepals ovate, 1.5–2 (–2.5) mm long, half to two-thirds the length of the corolla tube; corolla lobes 1.2–2.5 mm long; low suckering shrub rarely exceeding 30 cm high</Statement>
            <TaxonName ref="i0"/>
          </Lead>
          <Lead id="k1l4">
            <Parent ref="k1l2"/>
            <Statement>Sepals lanceolate to lanceolate-ovate, 2.8–3.5 mm long, about as long as the corolla tube; corolla lobes 2.5–4 mm long; erect or spreading shrub to c. lm high</Statement>
            <TaxonName ref="i2"/>
          </Lead>
        </Leads>
      </IdentificationKey>
    </IdentificationKeys>
  </Dataset>
</Datasets>
