<?xml version="1.0" encoding="UTF-8"?>
<Datasets xmlns="http://rs.tdwg.org/UBIF/2006/" xmlns:xsi="http://www.w3.org/2001/XMLSchema-instance" xsi:schemaLocation="http://rs.tdwg.org/UBIF/2006/ http://rs.tdwg.org/UBIF/2006/Schema/1.1/SDD.xsd">
  <TechnicalMetadata created="2014-12-08T01:23:36">
    <Generator name="KeyBase SDD export" version="0"/>
  </TechnicalMetadata>
  <Dataset xml:lang="en-au">
    <Representation>
      <Label xml:lang="en">Bracteantha</Label>
    </Representation>
    <TaxonNames>
      <TaxonName id="i0">
        <Representation>
          <Label>Bracteantha bracteata</Label>
        </Representation>
      </TaxonName>
      <TaxonName id="i1">
        <Representation>
          <Label>Bracteantha palustris</Label>
        </Representation>
      </TaxonName>
      <TaxonName id="i2">
        <Representation>
          <Label>Bracteantha papillosa</Label>
        </Representation>
      </TaxonName>
      <TaxonName id="i3">
        <Representation>
          <Label>Bracteantha subundulata</Label>
        </Representation>
      </TaxonName>
      <TaxonName id="i4">
        <Representation>
          <Label>Bracteantha viscosa</Label>
        </Representation>
      </TaxonName>
    </TaxonNames>
    <IdentificationKeys>
      <IdentificationKey id="k1">
        <Representation>
          <Label xml:lang="en">Bracteantha</Label>
        </Representation>
        <Leads>
          <Lead id="k1l1">
            <Statement>Rhizomatous perennials, usually with a single capitulum</Statement>
          </Lead>
          <Lead id="k1l4">
            <Statement>Taprooted annuals or perennials, usually with several to many capitula</Statement>
          </Lead>
          <Lead id="k1l2">
            <Parent ref="k1l1"/>
            <Statement>Stems with arachnoid hairs confined to upper 5–15 cm; bract tips smooth; lowlands</Statement>
            <TaxonName ref="i1"/>
          </Lead>
          <Lead id="k1l3">
            <Parent ref="k1l1"/>
            <Statement>Stems with arachnoid hairs throughout; bract tips scabrous; mostly alpine</Statement>
            <TaxonName ref="i3"/>
          </Lead>
          <Lead id="k1l5">
            <Parent ref="k1l4"/>
            <Statement>Involucral bracts and florets yellow; widespread</Statement>
          </Lead>
          <Lead id="k1l8">
            <Parent ref="k1l4"/>
            <Statement>Involucral bracts white, florets orange; offshore islands near (and possibly on) Wilsons Promontory</Statement>
            <TaxonName ref="i2"/>
          </Lead>
          <Lead id="k1l6">
            <Parent ref="k1l5"/>
            <Statement>Leaves not viscid, elliptic, to 3.0 cm wide</Statement>
            <TaxonName ref="i0"/>
          </Lead>
          <Lead id="k1l7">
            <Parent ref="k1l5"/>
            <Statement>Leaves viscid, linear, to 0.4 cm wide</Statement>
            <TaxonName ref="i4"/>
          </Lead>
        </Leads>
      </IdentificationKey>
    </IdentificationKeys>
  </Dataset>
</Datasets>
