<?xml version="1.0" encoding="UTF-8"?>
<Datasets xmlns="http://rs.tdwg.org/UBIF/2006/" xmlns:xsi="http://www.w3.org/2001/XMLSchema-instance" xsi:schemaLocation="http://rs.tdwg.org/UBIF/2006/ http://rs.tdwg.org/UBIF/2006/Schema/1.1/SDD.xsd">
  <TechnicalMetadata created="2014-12-08T01:23:47">
    <Generator name="KeyBase SDD export" version="0"/>
  </TechnicalMetadata>
  <Dataset xml:lang="en-au">
    <Representation>
      <Label xml:lang="en">Brachythecium</Label>
    </Representation>
    <TaxonNames>
      <TaxonName id="i0">
        <Representation>
          <Label>Brachythecium albicans</Label>
        </Representation>
      </TaxonName>
      <TaxonName id="i1">
        <Representation>
          <Label>Brachythecium asperrimum</Label>
        </Representation>
      </TaxonName>
      <TaxonName id="i2">
        <Representation>
          <Label>Brachythecium bolanderi</Label>
        </Representation>
      </TaxonName>
      <TaxonName id="i3">
        <Representation>
          <Label>Brachythecium calcareum</Label>
        </Representation>
      </TaxonName>
      <TaxonName id="i4">
        <Representation>
          <Label>Brachythecium collinum</Label>
        </Representation>
      </TaxonName>
      <TaxonName id="i5">
        <Representation>
          <Label>Brachythecium erythrorrhizon</Label>
        </Representation>
      </TaxonName>
      <TaxonName id="i6">
        <Representation>
          <Label>Brachythecium fendleri</Label>
        </Representation>
      </TaxonName>
      <TaxonName id="i7">
        <Representation>
          <Label>Brachythecium frigidum</Label>
        </Representation>
      </TaxonName>
      <TaxonName id="i8">
        <Representation>
          <Label>Brachythecium holzingeri</Label>
        </Representation>
      </TaxonName>
      <TaxonName id="i9">
        <Representation>
          <Label>Brachythecium hylotapetum</Label>
        </Representation>
      </TaxonName>
      <TaxonName id="i10">
        <Representation>
          <Label>Brachythecium laetum</Label>
        </Representation>
      </TaxonName>
      <TaxonName id="i11">
        <Representation>
          <Label>Brachythecium leibergii</Label>
        </Representation>
      </TaxonName>
      <TaxonName id="i12">
        <Representation>
          <Label>Brachythecium nelsonii</Label>
        </Representation>
      </TaxonName>
      <TaxonName id="i13">
        <Representation>
          <Label>Brachythecium occidentale</Label>
        </Representation>
      </TaxonName>
      <TaxonName id="i14">
        <Representation>
          <Label>Brachythecium oedipodium</Label>
        </Representation>
      </TaxonName>
      <TaxonName id="i15">
        <Representation>
          <Label>Brachythecium plumosum</Label>
        </Representation>
      </TaxonName>
      <TaxonName id="i16">
        <Representation>
          <Label>Brachythecium populeum</Label>
        </Representation>
      </TaxonName>
      <TaxonName id="i17">
        <Representation>
          <Label>Brachythecium reflexum</Label>
        </Representation>
      </TaxonName>
      <TaxonName id="i18">
        <Representation>
          <Label>Brachythecium rivulare</Label>
        </Representation>
      </TaxonName>
      <TaxonName id="i19">
        <Representation>
          <Label>Brachythecium rutabulum</Label>
        </Representation>
      </TaxonName>
      <TaxonName id="i20">
        <Representation>
          <Label>Brachythecium salebrosum</Label>
        </Representation>
      </TaxonName>
      <TaxonName id="i21">
        <Representation>
          <Label>Brachythecium starkei</Label>
        </Representation>
      </TaxonName>
      <TaxonName id="i22">
        <Representation>
          <Label>Brachythecium velutinum</Label>
        </Representation>
      </TaxonName>
      <TaxonName id="i23">
        <Representation>
          <Label>Brachythecium venustum</Label>
        </Representation>
      </TaxonName>
      <TaxonName id="i24">
        <Representation>
          <Label>Cirriphyllum cirrosum</Label>
        </Representation>
      </TaxonName>
      <TaxonName id="i25">
        <Representation>
          <Label>Leptodictyum riparium</Label>
        </Representation>
      </TaxonName>
      <TaxonName id="i26">
        <Representation>
          <Label>Pseudoscleropodium purum</Label>
        </Representation>
      </TaxonName>
    </TaxonNames>
    <IdentificationKeys>
      <IdentificationKey id="k1">
        <Representation>
          <Label xml:lang="en">Brachythecium</Label>
        </Representation>
        <Leads>
          <Lead id="k1l1">
            <Statement>Costa reaching into acumen, often nearly percurrent; seta papillose; plant autoicous</Statement>
          </Lead>
          <Lead id="k1l6">
            <Statement>Costa shorter, usually ending at 1/2-3/4 of the leaf length</Statement>
          </Lead>
          <Lead id="k1l2">
            <Parent ref="k1l1"/>
            <Statement>Apex twisted on at least some leaves; leaves cordate-deltoid, 1.5-2:1</Statement>
            <TaxonName ref="i21"/>
          </Lead>
          <Lead id="k1l3">
            <Parent ref="k1l1"/>
            <Statement>Apex never twisted; leaves ovate-lanceolate, 3-5:1</Statement>
          </Lead>
          <Lead id="k1l4">
            <Parent ref="k1l3"/>
            <Statement>Leaves somewhat spreading and rather distantly inserted so that the stems can be seen without dissection; decurrency extending several cells down stem</Statement>
            <TaxonName ref="i17"/>
          </Lead>
          <Lead id="k1l5">
            <Parent ref="k1l3"/>
            <Statement>Leaves more appressed and imbricate, typically obscuring the stems, almost not decurrent</Statement>
            <TaxonName ref="i16"/>
          </Lead>
          <Lead id="k1l7">
            <Parent ref="k1l6"/>
            <Statement>Leaves plicate, often with plicae defining the alar region and thus ignored but with those plicae extending more than 1/4 up the leaf</Statement>
          </Lead>
          <Lead id="k1l24">
            <Parent ref="k1l6"/>
            <Statement>Leaves not plicate or plicae restricted to leaf base</Statement>
          </Lead>
          <Lead id="k1l8">
            <Parent ref="k1l7"/>
            <Statement>Alar cells quadrate to irregular, in a large group extending more than 5 cells up the margin; branches mostly prostrate to decumbent</Statement>
          </Lead>
          <Lead id="k1l17">
            <Parent ref="k1l7"/>
            <Statement>Alar cells fewer, mostly rectangular, somewhat inflated and decurrent; branches erect or ascending</Statement>
          </Lead>
          <Lead id="k1l9">
            <Parent ref="k1l8"/>
            <Statement>Leaves contracted to a linear, nearly entire awn, when dry imbricate and homomallous</Statement>
          </Lead>
          <Lead id="k1l12">
            <Parent ref="k1l8"/>
            <Statement>Leaves acuminate but with that acumen neither filiform nor entire; acumen serrulate to serrate</Statement>
          </Lead>
          <Lead id="k1l10">
            <Parent ref="k1l9"/>
            <Statement>Acumen filiform with several of its terminal cells arranged in a uniseriate fashion; alar region rather dense</Statement>
            <TaxonName ref="i3"/>
          </Lead>
          <Lead id="k1l11">
            <Parent ref="k1l9"/>
            <Statement>Acumen narrowly linear but not uniseriate distally; alar region pellucid</Statement>
            <TaxonName ref="i0"/>
          </Lead>
          <Lead id="k1l13">
            <Parent ref="k1l12"/>
            <Statement>Alar region opaque and appearing darker than adjacent lamina</Statement>
            <TaxonName ref="i10"/>
          </Lead>
          <Lead id="k1l14">
            <Parent ref="k1l12"/>
            <Statement>Alar region pellucid with constituent cells of larger diameter than those of adjacent lamina</Statement>
          </Lead>
          <Lead id="k1l15">
            <Parent ref="k1l14"/>
            <Statement>Leaves strongly falcate-secund; decurrent with cells of the decurrency rectangular, abruptly differentiated from the quadrate cells of the alar region; leaves with acumen well-demarcated; plant dioicous</Statement>
            <TaxonName ref="i5"/>
          </Lead>
          <Lead id="k1l16">
            <Parent ref="k1l14"/>
            <Statement>Leaves straight or only obscurely falcate; short decurrent with cells of the decurrency only gradually different from cells of the alar region; leaves mostly only gradually contracted to apex; plant autoicous</Statement>
            <TaxonName ref="i20"/>
          </Lead>
          <Lead id="k1l18">
            <Parent ref="k1l17"/>
            <Statement>Leaves lightly to strongly falcate, sometimes with this falcation best seen as asymmetry when detached; upper leaf margin serrulate with the teeth comprised primarily of thickening of the walls on the distal end of the cells; leaves mostly less than 2.25 mm long</Statement>
            <TaxonName ref="i11"/>
          </Lead>
          <Lead id="k1l19">
            <Parent ref="k1l17"/>
            <Statement>Leaves not falcate; upper leaf margin various but with teeth not so incrassate; leaves mostly more than 2.5 mm long</Statement>
          </Lead>
          <Lead id="k1l20">
            <Parent ref="k1l19"/>
            <Statement>Plant sparingly branched with leaves closely appressed, concave between the plications; alar and basal cells little or not at all inflated, not extending across the leaf base; margin serrate near apex, serrulate nearly to base; plant autoicous; seta mostly smooth</Statement>
            <TaxonName ref="i13"/>
          </Lead>
          <Lead id="k1l21">
            <Parent ref="k1l19"/>
            <Statement>Plants with leaves erect-spreading to loosely imbricate, not keeled along costa; alar cells inflated in the decurrent auricle; margin serrulate to serrate; plant dioicous; seta papillose</Statement>
          </Lead>
          <Lead id="k1l22">
            <Parent ref="k1l21"/>
            <Statement>Leaves acute to bluntly acute, mostly only lightly plicate; inflated cells; region of inflated cells often occupying a well-demarcated basal auricle and the very long decurrency; seldom with inflation of interior basal cells</Statement>
            <TaxonName ref="i18"/>
          </Lead>
          <Lead id="k1l23">
            <Parent ref="k1l21"/>
            <Statement>Leaves acuminate with apex of some leaves laterally twisted, strongly plicate; region of inflated cells including both the decurrency and one or more rows of basal cells extending inwards to costa</Statement>
            <TaxonName ref="i7"/>
          </Lead>
          <Lead id="k1l25">
            <Parent ref="k1l24"/>
            <Statement>Alar cells, especially within the decurrency, strongly inflated in several series</Statement>
          </Lead>
          <Lead id="k1l28">
            <Parent ref="k1l24"/>
            <Statement>Cells of alar and decurrency region only gradually or not at all inflated, seldom more than twice as wide as upper laminal cells</Statement>
          </Lead>
          <Lead id="k1l26">
            <Parent ref="k1l25"/>
            <Statement>Leaves broadly ovate to oblong-ovate, abruptly contracted to a blunt apiculus; alar region not extending to costa</Statement>
            <TaxonName ref="i18"/>
          </Lead>
          <Lead id="k1l27">
            <Parent ref="k1l25"/>
            <Statement>Leaves deltoid-triangular, gradually contracted to a short or long acumen; alar region broad, reaching to costa</Statement>
            <TaxonName ref="i12"/>
          </Lead>
          <Lead id="k1l29">
            <Parent ref="k1l28"/>
            <Statement>Plant small with leaves less than 1.5 mm long; margin serrate to serrulate throughout</Statement>
          </Lead>
          <Lead id="k1l38">
            <Parent ref="k1l28"/>
            <Statement>Plant mostly larger; alar group poorly defined with cells short-rectangular to irregular; leaves mostly entire to low serrulate below the middle</Statement>
          </Lead>
          <Lead id="k1l30">
            <Parent ref="k1l29"/>
            <Statement>Leaves deeply concave with the plants somewhat julaceous; alar cells in a large group extending more than 10 cells up the margin</Statement>
            <TaxonName ref="i4"/>
          </Lead>
          <Lead id="k1l31">
            <Parent ref="k1l29"/>
            <Statement>Leaves not concave, or the plants larger</Statement>
          </Lead>
          <Lead id="k1l32">
            <Parent ref="k1l31"/>
            <Statement>Leaf cells mostly less than 6:1; plant dioicous; seta papillose throughout</Statement>
            <TaxonName ref="i2"/>
          </Lead>
          <Lead id="k1l33">
            <Parent ref="k1l31"/>
            <Statement>Leaf cells longer; plant monoicous; seta variable</Statement>
          </Lead>
          <Lead id="k1l34">
            <Parent ref="k1l33"/>
            <Statement>Leaves appressed, not at all plicate; plant synoicous; seta smooth</Statement>
            <TaxonName ref="i6"/>
          </Lead>
          <Lead id="k1l35">
            <Parent ref="k1l33"/>
            <Statement>Leaves erect-spreading to loosely ascending; plant autoicous; seta papillose</Statement>
          </Lead>
          <Lead id="k1l36">
            <Parent ref="k1l35"/>
            <Statement>Seta rough throughout</Statement>
            <TaxonName ref="i22"/>
          </Lead>
          <Lead id="k1l37">
            <Parent ref="k1l35"/>
            <Statement>Seta smooth, or somewhat papillose at immediate base</Statement>
            <TaxonName ref="i23"/>
          </Lead>
          <Lead id="k1l39">
            <Parent ref="k1l38"/>
            <Statement>Leaves falcate-secund with short basal plications; alar cells short-rectangular, decurrent in a rather broad, triangular group</Statement>
            <TaxonName ref="i5"/>
          </Lead>
          <Lead id="k1l40">
            <Parent ref="k1l38"/>
            <Statement>Leaves not falcate-secund; decurrency various</Statement>
          </Lead>
          <Lead id="k1l41">
            <Parent ref="k1l40"/>
            <Statement>Stem leaves deeply concave, abruptly narrowed to an apiculus or an acumen, often with the apices of some or all leaves twisted or reflexed</Statement>
          </Lead>
          <Lead id="k1l46">
            <Parent ref="k1l40"/>
            <Statement>Stem leaves not abruptly apiculate from a concave base; apices of leaves not twisted</Statement>
          </Lead>
          <Lead id="k1l42">
            <Parent ref="k1l41"/>
            <Statement>Stem and branch leaves abruptly narrowed to a very narrow acumen which is at least 1/4 as long as the rest of the leaf</Statement>
            <TaxonName ref="i24"/>
          </Lead>
          <Lead id="k1l43">
            <Parent ref="k1l41"/>
            <Statement>Leaves without such a narrow acumen</Statement>
          </Lead>
          <Lead id="k1l44">
            <Parent ref="k1l43"/>
            <Statement>Plant strongly julaceous with branching regular and in a single plane; leaves with an abrupt short and reflexed acumen; plant restricted to lawns and similar disturbed areas</Statement>
            <TaxonName ref="i26"/>
          </Lead>
          <Lead id="k1l45">
            <Parent ref="k1l43"/>
            <Statement>Plant neither julaceous nor with planar branching; leaves with acumen twisted; plant of medium to high elevations in the Cascades</Statement>
            <TaxonName ref="i9"/>
          </Lead>
          <Lead id="k1l47">
            <Parent ref="k1l46"/>
            <Statement>Alar region poorly defined with the cells not at all inflated, quadrate to short-rectangular at least some of the plant often with a red-brown cast</Statement>
          </Lead>
          <Lead id="k1l50">
            <Parent ref="k1l46"/>
            <Statement>Alar region moderately well-defined with the cells short rectangular, often somewhat inflated plants green</Statement>
          </Lead>
          <Lead id="k1l48">
            <Parent ref="k1l47"/>
            <Statement>Leaves with a well-defined acumen filled with elongate cells, ascending and somewhat homomallous; plant mostly mesic, on soil, logs or rocks</Statement>
            <TaxonName ref="i15"/>
          </Lead>
          <Lead id="k1l49">
            <Parent ref="k1l47"/>
            <Statement>Leaves acute to bluntly acute, without a defined acumen, with distal cell typical very short; leaves obliquely inserted, appearing somewhat complanate; plant aquatic or on very wet soil</Statement>
            <TaxonName ref="i25"/>
          </Lead>
          <Lead id="k1l51">
            <Parent ref="k1l50"/>
            <Statement>Some leaves 3-5 cells decurrent with rectangular cells; median cells mostly with straight walls</Statement>
          </Lead>
          <Lead id="k1l54">
            <Parent ref="k1l50"/>
            <Statement>Leaves less decurrent with cells of the decurrency slightly inflated; median cells vermicular</Statement>
          </Lead>
          <Lead id="k1l52">
            <Parent ref="k1l51"/>
            <Statement>Stem leaves ovate lanceolate, broadest at about 1/3; acumen long but only gradually defined; seta nearly smooth</Statement>
            <TaxonName ref="i8"/>
          </Lead>
          <Lead id="k1l53">
            <Parent ref="k1l51"/>
            <Statement>Stem leaves deltoid, broadest near the base; acumen mostly rather abruptly defined; seta coarsely papillose</Statement>
            <TaxonName ref="i14"/>
          </Lead>
          <Lead id="k1l55">
            <Parent ref="k1l54"/>
            <Statement>Plant dioicous; dry leaves little distorted, appearing acuminate; leaves typically with a single short plica on each side</Statement>
            <TaxonName ref="i1"/>
          </Lead>
          <Lead id="k1l56">
            <Parent ref="k1l54"/>
            <Statement>Plant autoicous; dry leaves with the margins ascending and thus appearing apiculate at apex; leaves often irregularly wrinkled but not plicate even at the base</Statement>
            <TaxonName ref="i19"/>
          </Lead>
        </Leads>
      </IdentificationKey>
    </IdentificationKeys>
  </Dataset>
</Datasets>
