<?xml version="1.0" encoding="UTF-8"?>
<Datasets xmlns="http://rs.tdwg.org/UBIF/2006/" xmlns:xsi="http://www.w3.org/2001/XMLSchema-instance" xsi:schemaLocation="http://rs.tdwg.org/UBIF/2006/ http://rs.tdwg.org/UBIF/2006/Schema/1.1/SDD.xsd">
  <TechnicalMetadata created="2014-12-08T01:23:37">
    <Generator name="KeyBase SDD export" version="0"/>
  </TechnicalMetadata>
  <Dataset xml:lang="en-au">
    <Representation>
      <Label xml:lang="en">Brachyscome</Label>
    </Representation>
    <TaxonNames>
      <TaxonName id="i0">
        <Representation>
          <Label>Brachyscome aculeata</Label>
        </Representation>
      </TaxonName>
      <TaxonName id="i1">
        <Representation>
          <Label>Brachyscome basaltica</Label>
        </Representation>
      </TaxonName>
      <TaxonName id="i2">
        <Representation>
          <Label>Brachyscome cardiocarpa</Label>
        </Representation>
      </TaxonName>
      <TaxonName id="i3">
        <Representation>
          <Label>Brachyscome chrysoglossa</Label>
        </Representation>
      </TaxonName>
      <TaxonName id="i4">
        <Representation>
          <Label>Brachyscome ciliaris</Label>
        </Representation>
      </TaxonName>
      <TaxonName id="i5">
        <Representation>
          <Label>Brachyscome cuneifolia</Label>
        </Representation>
      </TaxonName>
      <TaxonName id="i6">
        <Representation>
          <Label>Brachyscome debilis</Label>
        </Representation>
      </TaxonName>
      <TaxonName id="i7">
        <Representation>
          <Label>Brachyscome decipiens</Label>
        </Representation>
      </TaxonName>
      <TaxonName id="i8">
        <Representation>
          <Label>Brachyscome dentata</Label>
        </Representation>
      </TaxonName>
      <TaxonName id="i9">
        <Representation>
          <Label>Brachyscome diversifolia</Label>
        </Representation>
      </TaxonName>
      <TaxonName id="i10">
        <Representation>
          <Label>Brachyscome exilis</Label>
        </Representation>
      </TaxonName>
      <TaxonName id="i11">
        <Representation>
          <Label>Brachyscome goniocarpa</Label>
        </Representation>
      </TaxonName>
      <TaxonName id="i12">
        <Representation>
          <Label>Brachyscome gracilis</Label>
        </Representation>
      </TaxonName>
      <TaxonName id="i13">
        <Representation>
          <Label>Brachyscome graminea</Label>
        </Representation>
      </TaxonName>
      <TaxonName id="i14">
        <Representation>
          <Label>Brachyscome lineariloba</Label>
        </Representation>
      </TaxonName>
      <TaxonName id="i15">
        <Representation>
          <Label>Brachyscome melanocarpa</Label>
        </Representation>
      </TaxonName>
      <TaxonName id="i16">
        <Representation>
          <Label>Brachyscome muelleroides</Label>
        </Representation>
      </TaxonName>
      <TaxonName id="i17">
        <Representation>
          <Label>Brachyscome multifida</Label>
        </Representation>
      </TaxonName>
      <TaxonName id="i18">
        <Representation>
          <Label>Brachyscome nivalis</Label>
        </Representation>
      </TaxonName>
      <TaxonName id="i19">
        <Representation>
          <Label>Brachyscome obovata</Label>
        </Representation>
      </TaxonName>
      <TaxonName id="i20">
        <Representation>
          <Label>Brachyscome parvula</Label>
        </Representation>
      </TaxonName>
      <TaxonName id="i21">
        <Representation>
          <Label>Brachyscome perpusilla</Label>
        </Representation>
      </TaxonName>
      <TaxonName id="i22">
        <Representation>
          <Label>Brachyscome petrophila</Label>
        </Representation>
      </TaxonName>
      <TaxonName id="i23">
        <Representation>
          <Label>Brachyscome ptychocarpa</Label>
        </Representation>
      </TaxonName>
      <TaxonName id="i24">
        <Representation>
          <Label>Brachyscome radicans</Label>
        </Representation>
      </TaxonName>
      <TaxonName id="i25">
        <Representation>
          <Label>Brachyscome readeri</Label>
        </Representation>
      </TaxonName>
      <TaxonName id="i26">
        <Representation>
          <Label>Brachyscome rigidula</Label>
        </Representation>
      </TaxonName>
      <TaxonName id="i27">
        <Representation>
          <Label>Brachyscome riparia</Label>
        </Representation>
      </TaxonName>
      <TaxonName id="i28">
        <Representation>
          <Label>Brachyscome scapigera</Label>
        </Representation>
      </TaxonName>
      <TaxonName id="i29">
        <Representation>
          <Label>Brachyscome sp. 1</Label>
        </Representation>
      </TaxonName>
      <TaxonName id="i30">
        <Representation>
          <Label>Brachyscome sp. 2</Label>
        </Representation>
      </TaxonName>
      <TaxonName id="i31">
        <Representation>
          <Label>Brachyscome sp. 3</Label>
        </Representation>
      </TaxonName>
      <TaxonName id="i32">
        <Representation>
          <Label>Brachyscome spathulata</Label>
        </Representation>
      </TaxonName>
      <TaxonName id="i33">
        <Representation>
          <Label>Brachyscome tadgellii</Label>
        </Representation>
      </TaxonName>
      <TaxonName id="i34">
        <Representation>
          <Label>Brachyscome trachycarpa</Label>
        </Representation>
      </TaxonName>
      <TaxonName id="i35">
        <Representation>
          <Label>Brachyscome uliginosa</Label>
        </Representation>
      </TaxonName>
    </TaxonNames>
    <IdentificationKeys>
      <IdentificationKey id="k1">
        <Representation>
          <Label xml:lang="en">Brachyscome</Label>
        </Representation>
        <Leads>
          <Lead id="k1l1">
            <Statement>Cypselas 4 or 6-angular, straight or curved, with 1 or 2 variably swollen ridges on each lateral face, lacking wings or wing-like extensions (but sometime coarsely tuberculate)</Statement>
          </Lead>
          <Lead id="k1l10">
            <Statement>Cypselas not strongly angular, thin or compressed, longitudinal ridges absent or not swollen (if at all swollen the fruit not manifestly curved and the plants stoloniferous); wings or wing-like extensions present or absent</Statement>
          </Lead>
          <Lead id="k1l2">
            <Parent ref="k1l1"/>
            <Statement>Lateral faces of cypselas (at least of disc florets) each with 2 longitudinal ridges, not densely hairy, often the faces tuberculate; leaf segments not linear</Statement>
          </Lead>
          <Lead id="k1l9">
            <Parent ref="k1l1"/>
            <Statement>Lateral faces of cypselas each with a single, swollen longitudinal ridge, and a dense, unbroken line of c. 2 mm long, eglandular hairs; leaf segments linear</Statement>
            <TaxonName ref="i14"/>
          </Lead>
          <Lead id="k1l3">
            <Parent ref="k1l2"/>
            <Statement>Ligules more than 4 mm long; cypselas brown, reddish-brown, dark green or black</Statement>
          </Lead>
          <Lead id="k1l8">
            <Parent ref="k1l2"/>
            <Statement>Ligules 1.7–2.7 mm long; cypselas black</Statement>
            <TaxonName ref="i11"/>
          </Lead>
          <Lead id="k1l4">
            <Parent ref="k1l3"/>
            <Statement>Leaves all or mostly lobed and/or the cypselas manifestly curved</Statement>
          </Lead>
          <Lead id="k1l7">
            <Parent ref="k1l3"/>
            <Statement>Leaves mostly entire, linear or narrowly obovate and the cypselas straight and the pappus centrally placed</Statement>
            <TaxonName ref="i25"/>
          </Lead>
          <Lead id="k1l5">
            <Parent ref="k1l4"/>
            <Statement>Bracts 6.5–10.5 mm long; ligules 9–18 mm long</Statement>
            <TaxonName ref="i9"/>
          </Lead>
          <Lead id="k1l6">
            <Parent ref="k1l4"/>
            <Statement>Bracts 1.6–4.1 mm long; ligules less than 6 mm long</Statement>
            <TaxonName ref="i12"/>
          </Lead>
          <Lead id="k1l11">
            <Parent ref="k1l10"/>
            <Statement>Cypselas of disc florets strongly compressed laterally, thin and with entire or lobed wing-like margins which are not demarcated from cypsela body by ridges</Statement>
          </Lead>
          <Lead id="k1l34">
            <Parent ref="k1l10"/>
            <Statement>Cypselas of disc florets not laterally compressed or if so then wings either absent or demarcated from cypselas body by longitudinal ridges</Statement>
          </Lead>
          <Lead id="k1l12">
            <Parent ref="k1l11"/>
            <Statement>Tufted herbs (i.e. leaves basal) with long, coarse, brownish hairs at bases of leaves</Statement>
          </Lead>
          <Lead id="k1l15">
            <Parent ref="k1l11"/>
            <Statement>Herbs not tufted or if so then leaves lacking coarse, brownish hairs at base</Statement>
          </Lead>
          <Lead id="k1l13">
            <Parent ref="k1l12"/>
            <Statement>Leaves entire</Statement>
            <TaxonName ref="i2"/>
          </Lead>
          <Lead id="k1l14">
            <Parent ref="k1l12"/>
            <Statement>Leaves entire and pinnatisect, the latter 1–6-lobed</Statement>
            <TaxonName ref="i35"/>
          </Lead>
          <Lead id="k1l16">
            <Parent ref="k1l15"/>
            <Statement>Annual or perennial herbs, not glabrous, or if so then then ligules more than 4 mm long; pappus present (but may be inconspicuous)</Statement>
          </Lead>
          <Lead id="k1l33">
            <Parent ref="k1l15"/>
            <Statement>Annual, glabrous herbs with ligules inconspicuous (0.7–1.3 mm long); pappus absent</Statement>
            <TaxonName ref="i21"/>
          </Lead>
          <Lead id="k1l17">
            <Parent ref="k1l16"/>
            <Statement>Cypselas homomorphic, ligules more than 4 mm long</Statement>
          </Lead>
          <Lead id="k1l32">
            <Parent ref="k1l16"/>
            <Statement>Cypselas dimorphic, those of disc florets thin and with wing-like margins and those of ray florets lacking wing-like margins or if more or less similar then ligules inconspicuous and less than 2 mm long</Statement>
            <TaxonName ref="i4"/>
          </Lead>
          <Lead id="k1l18">
            <Parent ref="k1l17"/>
            <Statement>Perennial herb, or if appearing annual, then with yellow ligules or an indumen- tum of cottony hairs</Statement>
          </Lead>
          <Lead id="k1l31">
            <Parent ref="k1l17"/>
            <Statement>Weak, glandular-hairy annual; ligules white</Statement>
            <TaxonName ref="i6"/>
          </Lead>
          <Lead id="k1l19">
            <Parent ref="k1l18"/>
            <Statement>Leaves mostly toothed or shallowly lobed</Statement>
          </Lead>
          <Lead id="k1l30">
            <Parent ref="k1l18"/>
            <Statement>Leaves highly and deeply divided, 1- or 2-pinnatisect</Statement>
            <TaxonName ref="i26"/>
          </Lead>
          <Lead id="k1l20">
            <Parent ref="k1l19"/>
            <Statement>Stoloniferous perennial herbs, or if seemingly not stoloniferous, then ligules not yellow and cypselas not tuberculate or strongly incurved; ligules white, mauve or blue; pappus to 0.5 mm long</Statement>
          </Lead>
          <Lead id="k1l27">
            <Parent ref="k1l19"/>
            <Statement>Non-stoloniferous herbs; ligules yellow, at least in bud, if fading to white or pale mauve on opening, then pappus at least 0.5 mm long</Statement>
          </Lead>
          <Lead id="k1l21">
            <Parent ref="k1l20"/>
            <Statement>Leaves mostly cauline, basal ones not persistent</Statement>
          </Lead>
          <Lead id="k1l24">
            <Parent ref="k1l20"/>
            <Statement>Leaves mostly basal</Statement>
          </Lead>
          <Lead id="k1l22">
            <Parent ref="k1l21"/>
            <Statement>Cypsela with the wing-like margins entire or irregularly dissected; indumentum below involucre of coarse (broad-based) glandular hairs</Statement>
            <TaxonName ref="i0"/>
          </Lead>
          <Lead id="k1l23">
            <Parent ref="k1l21"/>
            <Statement>Cypsela wth the wing-like margins deeply dissected; indumentum below involucre of fine glandular hairs (riparian plant)</Statement>
            <TaxonName ref="i27"/>
          </Lead>
          <Lead id="k1l25">
            <Parent ref="k1l24"/>
            <Statement>Ray florets white (sometimes mauve beneath); involucral bracts rounded to acute</Statement>
            <TaxonName ref="i5"/>
          </Lead>
          <Lead id="k1l26">
            <Parent ref="k1l24"/>
            <Statement>Ray florets mauve or blue; involucral bracts acute to attenuate</Statement>
            <TaxonName ref="i32"/>
          </Lead>
          <Lead id="k1l28">
            <Parent ref="k1l27"/>
            <Statement>Ligules yellow; indumentum beneath involucre not cottony but of glandular hairs; pappus to 0.3 mm long</Statement>
            <TaxonName ref="i3"/>
          </Lead>
          <Lead id="k1l29">
            <Parent ref="k1l27"/>
            <Statement>Ligules white; indumentum beneath involucre usually conspicuously cottony; pappus 0.5 mm long or more</Statement>
            <TaxonName ref="i8"/>
          </Lead>
          <Lead id="k1l35">
            <Parent ref="k1l34"/>
            <Statement>Anthers lacking terminal appendages; cypselas without longitudinal ridges on lateral faces (but margins sometimes thickened)</Statement>
          </Lead>
          <Lead id="k1l40">
            <Parent ref="k1l34"/>
            <Statement>Anthers with terminal appendages; cypselas with or without longitudinal ridges on lateral faces</Statement>
          </Lead>
          <Lead id="k1l36">
            <Parent ref="k1l35"/>
            <Statement>Annual or non-woody perennial; lateral faces of cypselas smooth or minutely papillate</Statement>
          </Lead>
          <Lead id="k1l39">
            <Parent ref="k1l35"/>
            <Statement>Woody herb or subshrub; lateral faces of cypselas conspicuously tuberculate</Statement>
            <TaxonName ref="i34"/>
          </Lead>
          <Lead id="k1l37">
            <Parent ref="k1l36"/>
            <Statement>Cypselas with broad margins and somewhat concave lateral faces, more or less concolorous, minutely papillate</Statement>
            <TaxonName ref="i10"/>
          </Lead>
          <Lead id="k1l38">
            <Parent ref="k1l36"/>
            <Statement>Cypselas somewhat flattened, obovate, discolorous, margins manifestly paler than the body</Statement>
            <TaxonName ref="i20"/>
          </Lead>
          <Lead id="k1l41">
            <Parent ref="k1l40"/>
            <Statement>Lateral faces of cypselas with 2 longitudinal ridges per face</Statement>
          </Lead>
          <Lead id="k1l58">
            <Parent ref="k1l40"/>
            <Statement>Lateral faces of cypselas lacking longitudinal ridges</Statement>
          </Lead>
          <Lead id="k1l42">
            <Parent ref="k1l41"/>
            <Statement>Non-stoloniferous perennial or annual</Statement>
          </Lead>
          <Lead id="k1l45">
            <Parent ref="k1l41"/>
            <Statement>Stoloniferous perennials</Statement>
          </Lead>
          <Lead id="k1l43">
            <Parent ref="k1l42"/>
            <Statement>Cypselas more or less uniformly brown throughout, the wings strongly curved</Statement>
            <TaxonName ref="i16"/>
          </Lead>
          <Lead id="k1l44">
            <Parent ref="k1l42"/>
            <Statement>Cypselas discolorous, with somewhat flat to manifestly curved yellow-brown wings and a dark brown body</Statement>
            <TaxonName ref="i23"/>
          </Lead>
          <Lead id="k1l46">
            <Parent ref="k1l45"/>
            <Statement>Pappus a short crown of bristles; leaves mostly basal (entire or lobed), if mostly cauline then leaves lobed</Statement>
          </Lead>
          <Lead id="k1l57">
            <Parent ref="k1l45"/>
            <Statement>Pappus a minute entire crown; leaves mostly cauline and entire (plant of swampy lowlands)</Statement>
            <TaxonName ref="i1"/>
          </Lead>
          <Lead id="k1l47">
            <Parent ref="k1l46"/>
            <Statement>Leaves mostly basal, linear or linear-oblanceolate in outline, entire or 1–3-pinnatifid or -pinnatisect; body of cypselas not coarsely tuberculate but small tubercles may occur in a mid-line of the cypsela body; marshy lowlands or alpine</Statement>
          </Lead>
          <Lead id="k1l56">
            <Parent ref="k1l46"/>
            <Statement>Leaves basal and/or cauline, largest leaves obovate to oblanceolate in outline, toothed or lobed; body of cypselas usually manifestly and coarsely tuberculate, lateral ridges sometimes tuberculate; temperate forest or woodland</Statement>
            <TaxonName ref="i22"/>
          </Lead>
          <Lead id="k1l48">
            <Parent ref="k1l47"/>
            <Statement>Cypsela margins thin and wing-like</Statement>
          </Lead>
          <Lead id="k1l55">
            <Parent ref="k1l47"/>
            <Statement>Cypsela margins inflated and wing-like</Statement>
            <TaxonName ref="i24"/>
          </Lead>
          <Lead id="k1l49">
            <Parent ref="k1l48"/>
            <Statement>Leaves entire or mostly so</Statement>
          </Lead>
          <Lead id="k1l52">
            <Parent ref="k1l48"/>
            <Statement>Leaves all or mostly toothed or lobed</Statement>
          </Lead>
          <Lead id="k1l50">
            <Parent ref="k1l49"/>
            <Statement>Scapes with glandular hairs</Statement>
            <TaxonName ref="i29"/>
          </Lead>
          <Lead id="k1l51">
            <Parent ref="k1l49"/>
            <Statement>Scapes glabrous</Statement>
            <TaxonName ref="i33"/>
          </Lead>
          <Lead id="k1l53">
            <Parent ref="k1l52"/>
            <Statement>Scapes glabrous</Statement>
            <TaxonName ref="i18"/>
          </Lead>
          <Lead id="k1l54">
            <Parent ref="k1l52"/>
            <Statement>Scapes with glandular hairs</Statement>
            <TaxonName ref="i30"/>
          </Lead>
          <Lead id="k1l59">
            <Parent ref="k1l58"/>
            <Statement>Perennial, often stoloniferous herb, if apparently annual then cypselas black</Statement>
          </Lead>
          <Lead id="k1l72">
            <Parent ref="k1l58"/>
            <Statement>Annual herb; cypselas brown (margins broadly ribbed, lateral faces beset with apically curled eglandular hairs)</Statement>
            <TaxonName ref="i6"/>
          </Lead>
          <Lead id="k1l60">
            <Parent ref="k1l59"/>
            <Statement>Cypselas prominently tuberculate, often black</Statement>
          </Lead>
          <Lead id="k1l63">
            <Parent ref="k1l59"/>
            <Statement>Cypselas not tuberculate</Statement>
          </Lead>
          <Lead id="k1l61">
            <Parent ref="k1l60"/>
            <Statement>Annual or non-woody perennial herb with a usually dense indumentum of glan- dular and eglandular hairs</Statement>
            <TaxonName ref="i15"/>
          </Lead>
          <Lead id="k1l62">
            <Parent ref="k1l60"/>
            <Statement>Woody-based herb or subshrub, glabrous or almost so</Statement>
            <TaxonName ref="i17"/>
          </Lead>
          <Lead id="k1l64">
            <Parent ref="k1l63"/>
            <Statement>Cypselas dark brown or brownish-black, margins rib-like</Statement>
          </Lead>
          <Lead id="k1l67">
            <Parent ref="k1l63"/>
            <Statement>Cypselas pale brown or yellowish-brown, sometime slightly inflated, margins not forming an obvious rib</Statement>
          </Lead>
          <Lead id="k1l65">
            <Parent ref="k1l64"/>
            <Statement>Leaves entire or the upper margins somewhat serrate; non-stoloniferous, scapi- form perennial; cypselas with eglandular hairs</Statement>
            <TaxonName ref="i7"/>
          </Lead>
          <Lead id="k1l66">
            <Parent ref="k1l64"/>
            <Statement>Leaves lobed; stoloniferous perennial; cypselas lacking eglandular hairs</Statement>
            <TaxonName ref="i31"/>
          </Lead>
          <Lead id="k1l68">
            <Parent ref="k1l67"/>
            <Statement>Cypselas not obviously inflated, not sticky, glabrous</Statement>
          </Lead>
          <Lead id="k1l71">
            <Parent ref="k1l67"/>
            <Statement>Cypselas somewhat inflated (particularly on the margins), often sticky and beset with prominent glandular hairs</Statement>
            <TaxonName ref="i13"/>
          </Lead>
          <Lead id="k1l69">
            <Parent ref="k1l68"/>
            <Statement>Leaves linear or linear-oblanceolate, 1–2.5 mm wide; pappus a crown of scale-like bristles 0.1–0.3 mm long; remains of old leaves usually not retained at base of plant</Statement>
            <TaxonName ref="i19"/>
          </Lead>
          <Lead id="k1l70">
            <Parent ref="k1l68"/>
            <Statement>Leaves oblanceolate, 4–12 mm wide; pappus a crown of scale-like bristles barely 0.1 mm high; remains of old leaves retained at base of plant</Statement>
            <TaxonName ref="i28"/>
          </Lead>
        </Leads>
      </IdentificationKey>
    </IdentificationKeys>
  </Dataset>
</Datasets>
