<?xml version="1.0" encoding="UTF-8"?>
<Datasets xmlns="http://rs.tdwg.org/UBIF/2006/" xmlns:xsi="http://www.w3.org/2001/XMLSchema-instance" xsi:schemaLocation="http://rs.tdwg.org/UBIF/2006/ http://rs.tdwg.org/UBIF/2006/Schema/1.1/SDD.xsd">
  <TechnicalMetadata created="2014-12-08T01:23:23">
    <Generator name="KeyBase SDD export" version="0"/>
  </TechnicalMetadata>
  <Dataset xml:lang="en-au">
    <Representation>
      <Label xml:lang="en">Brassicaceae</Label>
    </Representation>
    <TaxonNames>
      <TaxonName id="i0">
        <Representation>
          <Label>Alyssum</Label>
        </Representation>
      </TaxonName>
      <TaxonName id="i1">
        <Representation>
          <Label>Arabidella</Label>
        </Representation>
      </TaxonName>
      <TaxonName id="i2">
        <Representation>
          <Label>Ballantinia</Label>
        </Representation>
      </TaxonName>
      <TaxonName id="i3">
        <Representation>
          <Label>Barbarea</Label>
        </Representation>
      </TaxonName>
      <TaxonName id="i4">
        <Representation>
          <Label>Brassica</Label>
        </Representation>
      </TaxonName>
      <TaxonName id="i5">
        <Representation>
          <Label>Cakile</Label>
        </Representation>
      </TaxonName>
      <TaxonName id="i6">
        <Representation>
          <Label>Camelina</Label>
        </Representation>
      </TaxonName>
      <TaxonName id="i7">
        <Representation>
          <Label>Capsella</Label>
        </Representation>
      </TaxonName>
      <TaxonName id="i8">
        <Representation>
          <Label>Cardamine</Label>
        </Representation>
      </TaxonName>
      <TaxonName id="i9">
        <Representation>
          <Label>Cardaria</Label>
        </Representation>
      </TaxonName>
      <TaxonName id="i10">
        <Representation>
          <Label>Carrichtera</Label>
        </Representation>
      </TaxonName>
      <TaxonName id="i11">
        <Representation>
          <Label>Chorispora</Label>
        </Representation>
      </TaxonName>
      <TaxonName id="i12">
        <Representation>
          <Label>Conringia</Label>
        </Representation>
      </TaxonName>
      <TaxonName id="i13">
        <Representation>
          <Label>Coronopus</Label>
        </Representation>
      </TaxonName>
      <TaxonName id="i14">
        <Representation>
          <Label>Diplotaxis</Label>
        </Representation>
      </TaxonName>
      <TaxonName id="i15">
        <Representation>
          <Label>Drabastrum</Label>
        </Representation>
      </TaxonName>
      <TaxonName id="i16">
        <Representation>
          <Label>Erophila</Label>
        </Representation>
      </TaxonName>
      <TaxonName id="i17">
        <Representation>
          <Label>Eruca</Label>
        </Representation>
      </TaxonName>
      <TaxonName id="i18">
        <Representation>
          <Label>Erysimum</Label>
        </Representation>
      </TaxonName>
      <TaxonName id="i19">
        <Representation>
          <Label>Geococcus</Label>
        </Representation>
      </TaxonName>
      <TaxonName id="i20">
        <Representation>
          <Label>Harmsiodoxa</Label>
        </Representation>
      </TaxonName>
      <TaxonName id="i21">
        <Representation>
          <Label>Hirschfeldia</Label>
        </Representation>
      </TaxonName>
      <TaxonName id="i22">
        <Representation>
          <Label>Hymenolobus</Label>
        </Representation>
      </TaxonName>
      <TaxonName id="i23">
        <Representation>
          <Label>Irenepharsus</Label>
        </Representation>
      </TaxonName>
      <TaxonName id="i24">
        <Representation>
          <Label>Lepidium</Label>
        </Representation>
      </TaxonName>
      <TaxonName id="i25">
        <Representation>
          <Label>Lobularia</Label>
        </Representation>
      </TaxonName>
      <TaxonName id="i26">
        <Representation>
          <Label>Matthiola</Label>
        </Representation>
      </TaxonName>
      <TaxonName id="i27">
        <Representation>
          <Label>Menkea</Label>
        </Representation>
      </TaxonName>
      <TaxonName id="i28">
        <Representation>
          <Label>Microlepidium</Label>
        </Representation>
      </TaxonName>
      <TaxonName id="i29">
        <Representation>
          <Label>Myagrum</Label>
        </Representation>
      </TaxonName>
      <TaxonName id="i30">
        <Representation>
          <Label>Neslia</Label>
        </Representation>
      </TaxonName>
      <TaxonName id="i31">
        <Representation>
          <Label>Pachymitus</Label>
        </Representation>
      </TaxonName>
      <TaxonName id="i32">
        <Representation>
          <Label>Phlegmatospermum</Label>
        </Representation>
      </TaxonName>
      <TaxonName id="i33">
        <Representation>
          <Label>Raphanus</Label>
        </Representation>
      </TaxonName>
      <TaxonName id="i34">
        <Representation>
          <Label>Rapistrum</Label>
        </Representation>
      </TaxonName>
      <TaxonName id="i35">
        <Representation>
          <Label>Rorippa</Label>
        </Representation>
      </TaxonName>
      <TaxonName id="i36">
        <Representation>
          <Label>Sinapis</Label>
        </Representation>
      </TaxonName>
      <TaxonName id="i37">
        <Representation>
          <Label>Sisymbrium</Label>
        </Representation>
      </TaxonName>
      <TaxonName id="i38">
        <Representation>
          <Label>Stenopetalum</Label>
        </Representation>
      </TaxonName>
      <TaxonName id="i39">
        <Representation>
          <Label>Thlaspi</Label>
        </Representation>
      </TaxonName>
      <TaxonName id="i40">
        <Representation>
          <Label>Turritis</Label>
        </Representation>
      </TaxonName>
    </TaxonNames>
    <IdentificationKeys>
      <IdentificationKey id="k1">
        <Representation>
          <Label xml:lang="en">Brassicaceae</Label>
        </Representation>
        <Leads>
          <Lead id="k1l1">
            <Statement>Inflorescence arising opposite a leaf; fruit subglobular with flattened terminal beak, or dumb-bell-shaped</Statement>
          </Lead>
          <Lead id="k1l4">
            <Statement>Inflorescence arising from leaf-axil or terminal; fruit otherwise</Statement>
          </Lead>
          <Lead id="k1l2">
            <Parent ref="k1l1"/>
            <Statement>Fruit subglobular with terminal, leaf-like extension</Statement>
            <TaxonName ref="i10"/>
          </Lead>
          <Lead id="k1l3">
            <Parent ref="k1l1"/>
            <Statement>Fruit dumb-bell-shaped (deeply notched at base and apex with subglobose locules)</Statement>
            <TaxonName ref="i13"/>
          </Lead>
          <Lead id="k1l5">
            <Parent ref="k1l4"/>
            <Statement>Fruit with 1–2 fertile seeds</Statement>
          </Lead>
          <Lead id="k1l22">
            <Parent ref="k1l4"/>
            <Statement>Fruit with 3 or more fertile seeds</Statement>
          </Lead>
          <Lead id="k1l6">
            <Parent ref="k1l5"/>
            <Statement>Fruit with 2 seeds arranged side by side</Statement>
          </Lead>
          <Lead id="k1l13">
            <Parent ref="k1l5"/>
            <Statement>Fruit with 1 seed, or 2 with one above the other</Statement>
          </Lead>
          <Lead id="k1l7">
            <Parent ref="k1l6"/>
            <Statement>Fruit indehiscent</Statement>
          </Lead>
          <Lead id="k1l10">
            <Parent ref="k1l6"/>
            <Statement>Fruit dehiscent by valves</Statement>
          </Lead>
          <Lead id="k1l8">
            <Parent ref="k1l7"/>
            <Statement>Fruit heart-shaped; hairs simple</Statement>
            <TaxonName ref="i9"/>
          </Lead>
          <Lead id="k1l9">
            <Parent ref="k1l7"/>
            <Statement>Fruit globular; hairs stellate</Statement>
            <TaxonName ref="i30"/>
          </Lead>
          <Lead id="k1l11">
            <Parent ref="k1l10"/>
            <Statement>Plants glabrous or with simple hairs; septum across narrowest diam. of fruit</Statement>
            <TaxonName ref="i24"/>
          </Lead>
          <Lead id="k1l12">
            <Parent ref="k1l10"/>
            <Statement>Plants with medifixed hairs; septum across broadest diam. of fruit</Statement>
            <TaxonName ref="i25"/>
          </Lead>
          <Lead id="k1l14">
            <Parent ref="k1l13"/>
            <Statement>Leaves glabrous or with simple hairs; whole fruit not globose</Statement>
          </Lead>
          <Lead id="k1l21">
            <Parent ref="k1l13"/>
            <Statement>Leaves with stellate hairs; fruit globular</Statement>
            <TaxonName ref="i30"/>
          </Lead>
          <Lead id="k1l15">
            <Parent ref="k1l14"/>
            <Statement>Leaves not succulent; fruit variously shaped</Statement>
          </Lead>
          <Lead id="k1l20">
            <Parent ref="k1l14"/>
            <Statement>Leaves thick and succulent; fruit with enlarged, conical upper segment; sandy coasts</Statement>
            <TaxonName ref="i5"/>
          </Lead>
          <Lead id="k1l16">
            <Parent ref="k1l15"/>
            <Statement>Fruit more or less cylindric</Statement>
          </Lead>
          <Lead id="k1l19">
            <Parent ref="k1l15"/>
            <Statement>Fruit club-shaped with rounded ?shoulders</Statement>
            <TaxonName ref="i29"/>
          </Lead>
          <Lead id="k1l17">
            <Parent ref="k1l16"/>
            <Statement>Fruit erect to spreading, 2–9 cm long, more or less cylindric with constrictions between seeds</Statement>
            <TaxonName ref="i33"/>
          </Lead>
          <Lead id="k1l18">
            <Parent ref="k1l16"/>
            <Statement>Fruit more or less appressed to stem, less than 2 cm long, consisting of a ribbed swollen upper section and smaller lower section</Statement>
            <TaxonName ref="i34"/>
          </Lead>
          <Lead id="k1l23">
            <Parent ref="k1l22"/>
            <Statement>Fruit at maturity with valves not separating from middle wall, but instead breaking into 1–2-seeded segments, or if remaining entire, then fruit cylindric, more than 5 mm in diam. and with 1 row of seeds per locule</Statement>
          </Lead>
          <Lead id="k1l26">
            <Parent ref="k1l22"/>
            <Statement>Fruit at maturity with valves separating from the middle wall to release seed</Statement>
          </Lead>
          <Lead id="k1l24">
            <Parent ref="k1l23"/>
            <Statement>Fruit breaking into 2-seeded segments</Statement>
            <TaxonName ref="i11"/>
          </Lead>
          <Lead id="k1l25">
            <Parent ref="k1l23"/>
            <Statement>Fruit breaking into 1-seeded segments or remaining entire</Statement>
            <TaxonName ref="i33"/>
          </Lead>
          <Lead id="k1l27">
            <Parent ref="k1l26"/>
            <Statement>Fruit more than 3 times as long as broad</Statement>
          </Lead>
          <Lead id="k1l78">
            <Parent ref="k1l26"/>
            <Statement>Fruit less than 3 times as long as broad</Statement>
          </Lead>
          <Lead id="k1l28">
            <Parent ref="k1l27"/>
            <Statement>Fruits ripening in air, sessile or on erect or spreading pedicels</Statement>
          </Lead>
          <Lead id="k1l77">
            <Parent ref="k1l27"/>
            <Statement>Fruit stalks curving down and burying the fruits; petals no longer than sepals</Statement>
            <TaxonName ref="i19"/>
          </Lead>
          <Lead id="k1l29">
            <Parent ref="k1l28"/>
            <Statement>Fruit with single terminal ?beak?or without any such extension; hairs various</Statement>
          </Lead>
          <Lead id="k1l76">
            <Parent ref="k1l28"/>
            <Statement>Fruit terminated in 2 lateral horns; plant covered in stellate hairs</Statement>
            <TaxonName ref="i26"/>
          </Lead>
          <Lead id="k1l30">
            <Parent ref="k1l29"/>
            <Statement>All leaves without lobes and with margins entire</Statement>
          </Lead>
          <Lead id="k1l37">
            <Parent ref="k1l29"/>
            <Statement>At least lower leaves lobed, divided or with toothed or scalloped margins</Statement>
          </Lead>
          <Lead id="k1l31">
            <Parent ref="k1l30"/>
            <Statement>Petals entire; stem leaves present; leaves with simple or branched hairs</Statement>
          </Lead>
          <Lead id="k1l34">
            <Parent ref="k1l30"/>
            <Statement>Petals bifid; stem leaves absent; leaves with at least some branched hairs</Statement>
            <TaxonName ref="i16"/>
          </Lead>
          <Lead id="k1l35">
            <Parent ref="k1l30"/>
            <Statement>Petals bifid; stem leaves absent; leaves with at least some branched hairs</Statement>
            <TaxonName ref="i16"/>
          </Lead>
          <Lead id="k1l36">
            <Parent ref="k1l30"/>
            <Statement>Petals bifid; stem leaves absent; leaves with at least some branched hairs</Statement>
            <TaxonName ref="i16"/>
          </Lead>
          <Lead id="k1l32">
            <Parent ref="k1l31"/>
            <Statement>At least upper leaves clasping stem; seeds in 1 row per locule; leaves with thin translucent margin</Statement>
            <TaxonName ref="i12"/>
          </Lead>
          <Lead id="k1l33">
            <Parent ref="k1l31"/>
            <Statement>Leaves never clasping stem; seeds in 2 rows per locule</Statement>
            <TaxonName ref="i14"/>
          </Lead>
          <Lead id="k1l38">
            <Parent ref="k1l37"/>
            <Statement>Herb, glabrous or hairy; leaves various</Statement>
          </Lead>
          <Lead id="k1l75">
            <Parent ref="k1l37"/>
            <Statement>Shrub with glabrous or papillose stems; leaves 2–3 times divided into linear segments; far north-west of State</Statement>
            <TaxonName ref="i1"/>
          </Lead>
          <Lead id="k1l39">
            <Parent ref="k1l38"/>
            <Statement>Petals white, pink or purple (sometimes blotched with other colours)</Statement>
          </Lead>
          <Lead id="k1l54">
            <Parent ref="k1l38"/>
            <Statement>Petals yellow (sometimes fading to white)</Statement>
          </Lead>
          <Lead id="k1l40">
            <Parent ref="k1l39"/>
            <Statement>Fruit terminated by linear style</Statement>
          </Lead>
          <Lead id="k1l53">
            <Parent ref="k1l39"/>
            <Statement>Fruit terminated by sabre-like extension 5–10 mm long</Statement>
            <TaxonName ref="i17"/>
          </Lead>
          <Lead id="k1l41">
            <Parent ref="k1l40"/>
            <Statement>Plants with at least some branched hairs</Statement>
          </Lead>
          <Lead id="k1l50">
            <Parent ref="k1l40"/>
            <Statement>Plants with simple hairs or glabrous</Statement>
          </Lead>
          <Lead id="k1l42">
            <Parent ref="k1l41"/>
            <Statement>Fruit linear</Statement>
          </Lead>
          <Lead id="k1l45">
            <Parent ref="k1l41"/>
            <Statement>Fruit fusiform, obovoid or ellipsoid</Statement>
          </Lead>
          <Lead id="k1l43">
            <Parent ref="k1l42"/>
            <Statement>Stem glabrous; fruit glabrous, 10–25 mm long</Statement>
            <TaxonName ref="i23"/>
          </Lead>
          <Lead id="k1l44">
            <Parent ref="k1l42"/>
            <Statement>Stem hairy; fruit hairy 8–15 mm long</Statement>
            <TaxonName ref="i31"/>
          </Lead>
          <Lead id="k1l46">
            <Parent ref="k1l45"/>
            <Statement>Fruit glabrous</Statement>
          </Lead>
          <Lead id="k1l49">
            <Parent ref="k1l45"/>
            <Statement>Fruit densely hairy</Statement>
            <TaxonName ref="i20"/>
          </Lead>
          <Lead id="k1l47">
            <Parent ref="k1l46"/>
            <Statement>Fruits 3–5 mm long, with 2–6 seeds per locule; petals less than 3 mm long</Statement>
            <TaxonName ref="i2"/>
          </Lead>
          <Lead id="k1l48">
            <Parent ref="k1l46"/>
            <Statement>Fruits 5–10 mm long, with numerous seeds; petals more than 3 mm long</Statement>
            <TaxonName ref="i15"/>
          </Lead>
          <Lead id="k1l51">
            <Parent ref="k1l50"/>
            <Statement>Fruit flattened, linear; leaves often with clearly stalked lateral lobes</Statement>
            <TaxonName ref="i8"/>
          </Lead>
          <Lead id="k1l52">
            <Parent ref="k1l50"/>
            <Statement>Fruit not flattened, ellipsoid to linear</Statement>
            <TaxonName ref="i35"/>
          </Lead>
          <Lead id="k1l55">
            <Parent ref="k1l54"/>
            <Statement>Fruit with a ?beak? (a sterile non-linear terminal segment more than 4 mm long) or similar fertile terminal segment</Statement>
          </Lead>
          <Lead id="k1l64">
            <Parent ref="k1l54"/>
            <Statement>Fruit with a persistent style (a more or less linear segment or one which is less than 3.5 mm long and 1 mm wide) or without a terminal extension</Statement>
          </Lead>
          <Lead id="k1l56">
            <Parent ref="k1l55"/>
            <Statement>Seeds in 2 rows per locule</Statement>
          </Lead>
          <Lead id="k1l59">
            <Parent ref="k1l55"/>
            <Statement>Seeds in 1 row per locule</Statement>
          </Lead>
          <Lead id="k1l57">
            <Parent ref="k1l56"/>
            <Statement>Beak conical, c. 2 mm long</Statement>
            <TaxonName ref="i14"/>
          </Lead>
          <Lead id="k1l58">
            <Parent ref="k1l56"/>
            <Statement>Beak sabre-like, 5–10 mm long</Statement>
            <TaxonName ref="i17"/>
          </Lead>
          <Lead id="k1l60">
            <Parent ref="k1l59"/>
            <Statement>Fruit valves with 3 or more prominent veins (at least when young), terminal segment flattened, swollen or tapering</Statement>
          </Lead>
          <Lead id="k1l63">
            <Parent ref="k1l59"/>
            <Statement>Fruit valves with 1 prominent vein, terminal segment tapering</Statement>
            <TaxonName ref="i4"/>
          </Lead>
          <Lead id="k1l61">
            <Parent ref="k1l60"/>
            <Statement>Fruit appressed to stem, pedicels 2–5 mm long</Statement>
            <TaxonName ref="i21"/>
          </Lead>
          <Lead id="k1l62">
            <Parent ref="k1l60"/>
            <Statement>Fruit spreading, pedicels 3–25 mm long</Statement>
            <TaxonName ref="i36"/>
          </Lead>
          <Lead id="k1l65">
            <Parent ref="k1l64"/>
            <Statement>Plants with branched hairs, at least on lower parts of plant</Statement>
          </Lead>
          <Lead id="k1l68">
            <Parent ref="k1l64"/>
            <Statement>Plants with only simple hairs or glabrous</Statement>
          </Lead>
          <Lead id="k1l66">
            <Parent ref="k1l65"/>
            <Statement>Hairs appressed, medifixed or stellate; fruit pedicels spreading</Statement>
            <TaxonName ref="i18"/>
          </Lead>
          <Lead id="k1l67">
            <Parent ref="k1l65"/>
            <Statement>Hairs not appressed, simple and branched; fruit pedicels appressed</Statement>
            <TaxonName ref="i40"/>
          </Lead>
          <Lead id="k1l69">
            <Parent ref="k1l68"/>
            <Statement>Leaves or leaf-lobes not linear; inflorescence elongate</Statement>
          </Lead>
          <Lead id="k1l74">
            <Parent ref="k1l68"/>
            <Statement>Leaves linear or 2–3 times divided with more or less linear segments; inflorescence dense (elongating in fruit); far north-west</Statement>
            <TaxonName ref="i1"/>
          </Lead>
          <Lead id="k1l70">
            <Parent ref="k1l69"/>
            <Statement>Fruit valves with conspicuous midvein reaching to apex; fruit narrow-lanceolate to linear</Statement>
          </Lead>
          <Lead id="k1l73">
            <Parent ref="k1l69"/>
            <Statement>Fruit valves without distinct venation or with weak midvein fading below apex; fruits ellipsoid to linear</Statement>
            <TaxonName ref="i35"/>
          </Lead>
          <Lead id="k1l71">
            <Parent ref="k1l70"/>
            <Statement>Fruit valves with weak reticulate lateral veins; plants almost always glabrous (if hairy, seed winged)</Statement>
            <TaxonName ref="i3"/>
          </Lead>
          <Lead id="k1l72">
            <Parent ref="k1l70"/>
            <Statement>Fruit valves with 2 weaker lateral veins; plants usually hairy</Statement>
            <TaxonName ref="i37"/>
          </Lead>
          <Lead id="k1l79">
            <Parent ref="k1l78"/>
            <Statement>Septum present; fruit variously shaped</Statement>
          </Lead>
          <Lead id="k1l102">
            <Parent ref="k1l78"/>
            <Statement>Septum of fruit absent or reduced to a narrow rim; fruit obovoid to elliptic, either flattened or slightly compressed</Statement>
            <TaxonName ref="i27"/>
          </Lead>
          <Lead id="k1l80">
            <Parent ref="k1l79"/>
            <Statement>Petals blunt, rounded or notched at apex; fruit variously shaped</Statement>
          </Lead>
          <Lead id="k1l101">
            <Parent ref="k1l79"/>
            <Statement>Petals drawn out into a long fine point; fruit oblong, obovoid or globose</Statement>
            <TaxonName ref="i38"/>
          </Lead>
          <Lead id="k1l81">
            <Parent ref="k1l80"/>
            <Statement>Petals entire or slightly notched; stem leaves present; fruit variously shaped</Statement>
          </Lead>
          <Lead id="k1l98">
            <Parent ref="k1l80"/>
            <Statement>Petals deeply notched at apex; stem leaves absent; fruit elliptic to circular</Statement>
            <TaxonName ref="i16"/>
          </Lead>
          <Lead id="k1l99">
            <Parent ref="k1l80"/>
            <Statement>Petals deeply notched at apex; stem leaves absent; fruit elliptic to circular</Statement>
            <TaxonName ref="i16"/>
          </Lead>
          <Lead id="k1l100">
            <Parent ref="k1l80"/>
            <Statement>Petals deeply notched at apex; stem leaves absent; fruit elliptic to circular</Statement>
            <TaxonName ref="i16"/>
          </Lead>
          <Lead id="k1l82">
            <Parent ref="k1l81"/>
            <Statement>Fruit more or less terete</Statement>
          </Lead>
          <Lead id="k1l85">
            <Parent ref="k1l81"/>
            <Statement>Fruit flattened or compressed (only slightly so in Ballantinia)</Statement>
          </Lead>
          <Lead id="k1l83">
            <Parent ref="k1l82"/>
            <Statement>Fruit inverted pear-shaped; weed of agricultural land</Statement>
            <TaxonName ref="i6"/>
          </Lead>
          <Lead id="k1l84">
            <Parent ref="k1l82"/>
            <Statement>Fruit oblong to ellipsoid; weed of wet or swampy areas</Statement>
            <TaxonName ref="i35"/>
          </Lead>
          <Lead id="k1l86">
            <Parent ref="k1l85"/>
            <Statement>Fruit flattened with the septum across the narrowest diam</Statement>
          </Lead>
          <Lead id="k1l97">
            <Parent ref="k1l85"/>
            <Statement>Fruit flattened with the septum across the broadest diam</Statement>
            <TaxonName ref="i0"/>
          </Lead>
          <Lead id="k1l87">
            <Parent ref="k1l86"/>
            <Statement>Mature fruit with apex rounded, with or without a slight notch</Statement>
          </Lead>
          <Lead id="k1l90">
            <Parent ref="k1l86"/>
            <Statement>Mature fruit with apex truncate or very deeply or broadly notched</Statement>
          </Lead>
          <Lead id="k1l88">
            <Parent ref="k1l87"/>
            <Statement>Fruit slightly compressed, 3–5 mm long; pedicels 4–10 mm long; west-central Victoria</Statement>
            <TaxonName ref="i2"/>
          </Lead>
          <Lead id="k1l89">
            <Parent ref="k1l87"/>
            <Statement>Fruit strongly flattened, 5–7 mm long; pedicels c. 2 mm long; mallee areas of north-west</Statement>
            <TaxonName ref="i32"/>
          </Lead>
          <Lead id="k1l91">
            <Parent ref="k1l90"/>
            <Statement>Fruit more than 3 mm wide</Statement>
          </Lead>
          <Lead id="k1l94">
            <Parent ref="k1l90"/>
            <Statement>Fruit less than 3 mm wide</Statement>
          </Lead>
          <Lead id="k1l92">
            <Parent ref="k1l91"/>
            <Statement>Fruit 4–9 mm wide, more or less inverted triangle-shaped</Statement>
            <TaxonName ref="i7"/>
          </Lead>
          <Lead id="k1l93">
            <Parent ref="k1l91"/>
            <Statement>Fruit 12–22 mm wide, circular with deep narrow apical notch</Statement>
            <TaxonName ref="i39"/>
          </Lead>
          <Lead id="k1l95">
            <Parent ref="k1l94"/>
            <Statement>Fruit obovate to obovate-oblong, valves keeled but not winged; basal leaves pinnately lobed or divided; weed of saline habitats</Statement>
            <TaxonName ref="i22"/>
          </Lead>
          <Lead id="k1l96">
            <Parent ref="k1l94"/>
            <Statement>Fruit wedge-shaped to obcordate, valves winged in distal third; leaves all entire or with a few blunt teeth; rare native of near-coastal sites west of Cape Otway</Statement>
            <TaxonName ref="i28"/>
          </Lead>
        </Leads>
      </IdentificationKey>
    </IdentificationKeys>
  </Dataset>
</Datasets>
