<?xml version="1.0" encoding="UTF-8"?>
<Datasets xmlns="http://rs.tdwg.org/UBIF/2006/" xmlns:xsi="http://www.w3.org/2001/XMLSchema-instance" xsi:schemaLocation="http://rs.tdwg.org/UBIF/2006/ http://rs.tdwg.org/UBIF/2006/Schema/1.1/SDD.xsd">
  <TechnicalMetadata created="2014-12-08T01:23:23">
    <Generator name="KeyBase SDD export" version="0"/>
  </TechnicalMetadata>
  <Dataset xml:lang="en-au">
    <Representation>
      <Label xml:lang="en">Brassica</Label>
    </Representation>
    <TaxonNames>
      <TaxonName id="i0">
        <Representation>
          <Label>Brassica fruticulosa</Label>
        </Representation>
      </TaxonName>
      <TaxonName id="i1">
        <Representation>
          <Label>Brassica nigra</Label>
        </Representation>
      </TaxonName>
      <TaxonName id="i2">
        <Representation>
          <Label>Brassica oleracea</Label>
        </Representation>
      </TaxonName>
      <TaxonName id="i3">
        <Representation>
          <Label>Brassica rapa</Label>
        </Representation>
      </TaxonName>
      <TaxonName id="i4">
        <Representation>
          <Label>Brassica tournefortii</Label>
        </Representation>
      </TaxonName>
      <TaxonName id="i5">
        <Representation>
          <Label>Brassica Ã—juncea</Label>
        </Representation>
      </TaxonName>
      <TaxonName id="i6">
        <Representation>
          <Label>Brassica Ã—napus</Label>
        </Representation>
      </TaxonName>
    </TaxonNames>
    <IdentificationKeys>
      <IdentificationKey id="k1">
        <Representation>
          <Label xml:lang="en">Brassica</Label>
        </Representation>
        <Leads>
          <Lead id="k1l1">
            <Statement>Upper stem leaves petiolate or narrowed to base</Statement>
          </Lead>
          <Lead id="k1l8">
            <Statement>Upper stem leaves sessile, either bract-like or broad to stem-clasping at base, or upper part of stem leafless</Statement>
          </Lead>
          <Lead id="k1l2">
            <Parent ref="k1l1"/>
            <Statement>Leaves and stem glabrous to very sparsely bristly; basal leaves with 1–3 lateral lobes; fruits not appressed</Statement>
          </Lead>
          <Lead id="k1l5">
            <Parent ref="k1l1"/>
            <Statement>Basal leaves (at least underneath) and lower stem moderately to densely bristly</Statement>
          </Lead>
          <Lead id="k1l3">
            <Parent ref="k1l2"/>
            <Statement>Fruit 1–2 mm wide, on 1–3 mm stalk beyond end of pedicel; biennial or perennial; basal leaves with 2–3 pairs of lateral lobes</Statement>
            <TaxonName ref="i0"/>
          </Lead>
          <Lead id="k1l4">
            <Parent ref="k1l2"/>
            <Statement>Fruit 2–4 mm wide, terminating pedicel; annual; basal leaves with 1–2 pairs of lateral lobes</Statement>
            <TaxonName ref="i5"/>
          </Lead>
          <Lead id="k1l6">
            <Parent ref="k1l5"/>
            <Statement>Basal leaves with 1–3 pairs of lateral lobes, bristly on both sides; fruit appressed, beak 1–3 mm long</Statement>
            <TaxonName ref="i1"/>
          </Lead>
          <Lead id="k1l7">
            <Parent ref="k1l5"/>
            <Statement>Basal leaves with 4–10 pairs of lateral lobes, densely bristly below; fruit erect, beak 8–12 mm long</Statement>
            <TaxonName ref="i4"/>
          </Lead>
          <Lead id="k1l9">
            <Parent ref="k1l8"/>
            <Statement>Basal leaves usually bristly, base of stem leaves clasped around at least half of the stem; filament of outer stamens curved at base</Statement>
          </Lead>
          <Lead id="k1l12">
            <Parent ref="k1l8"/>
            <Statement>All leaves glabrous, base of stem leaves clasped around less than a third of the stem; stamens erect</Statement>
            <TaxonName ref="i2"/>
          </Lead>
          <Lead id="k1l10">
            <Parent ref="k1l9"/>
            <Statement>First year rosettes grass green; inflorescence with open flowers equalling or overtopping the buds; petals 6–11 mm long, bright yellow</Statement>
            <TaxonName ref="i3"/>
          </Lead>
          <Lead id="k1l11">
            <Parent ref="k1l9"/>
            <Statement>Leaves always glaucous; inflorescence with buds overtopping the open flowers; petals 11–14 mm long, pale yellow</Statement>
            <TaxonName ref="i6"/>
          </Lead>
        </Leads>
      </IdentificationKey>
    </IdentificationKeys>
  </Dataset>
</Datasets>
