<?xml version="1.0" encoding="UTF-8"?>
<Datasets xmlns="http://rs.tdwg.org/UBIF/2006/" xmlns:xsi="http://www.w3.org/2001/XMLSchema-instance" xsi:schemaLocation="http://rs.tdwg.org/UBIF/2006/ http://rs.tdwg.org/UBIF/2006/Schema/1.1/SDD.xsd">
  <TechnicalMetadata created="2014-12-08T01:23:47">
    <Generator name="KeyBase SDD export" version="0"/>
  </TechnicalMetadata>
  <Dataset xml:lang="en-au">
    <Representation>
      <Label xml:lang="en">Bryum</Label>
    </Representation>
    <TaxonNames>
      <TaxonName id="i0">
        <Representation>
          <Label>Brachymenium exile</Label>
        </Representation>
      </TaxonName>
      <TaxonName id="i1">
        <Representation>
          <Label>Brachymenium spirifolium</Label>
        </Representation>
      </TaxonName>
      <TaxonName id="i2">
        <Representation>
          <Label>Brachymenium systylium</Label>
        </Representation>
      </TaxonName>
      <TaxonName id="i3">
        <Representation>
          <Label>Bryum algovicum</Label>
        </Representation>
      </TaxonName>
      <TaxonName id="i4">
        <Representation>
          <Label>Bryum alpinum</Label>
        </Representation>
      </TaxonName>
      <TaxonName id="i5">
        <Representation>
          <Label>Bryum amblyodon</Label>
        </Representation>
      </TaxonName>
      <TaxonName id="i6">
        <Representation>
          <Label>Bryum arcticum</Label>
        </Representation>
      </TaxonName>
      <TaxonName id="i7">
        <Representation>
          <Label>Bryum argenteum</Label>
        </Representation>
      </TaxonName>
      <TaxonName id="i8">
        <Representation>
          <Label>Bryum badium</Label>
        </Representation>
      </TaxonName>
      <TaxonName id="i9">
        <Representation>
          <Label>Bryum barnesii</Label>
        </Representation>
      </TaxonName>
      <TaxonName id="i10">
        <Representation>
          <Label>Bryum bicolor</Label>
        </Representation>
      </TaxonName>
      <TaxonName id="i11">
        <Representation>
          <Label>Bryum bimum</Label>
        </Representation>
      </TaxonName>
      <TaxonName id="i12">
        <Representation>
          <Label>Bryum blindii</Label>
        </Representation>
      </TaxonName>
      <TaxonName id="i13">
        <Representation>
          <Label>Bryum caespiticium</Label>
        </Representation>
      </TaxonName>
      <TaxonName id="i14">
        <Representation>
          <Label>Bryum calobryoides</Label>
        </Representation>
      </TaxonName>
      <TaxonName id="i15">
        <Representation>
          <Label>Bryum canariense</Label>
        </Representation>
      </TaxonName>
      <TaxonName id="i16">
        <Representation>
          <Label>Bryum capillare</Label>
        </Representation>
      </TaxonName>
      <TaxonName id="i17">
        <Representation>
          <Label>Bryum cyclophyllum</Label>
        </Representation>
      </TaxonName>
      <TaxonName id="i18">
        <Representation>
          <Label>Bryum elegans</Label>
        </Representation>
      </TaxonName>
      <TaxonName id="i19">
        <Representation>
          <Label>Bryum erythroloma</Label>
        </Representation>
      </TaxonName>
      <TaxonName id="i20">
        <Representation>
          <Label>Bryum flaccidum</Label>
        </Representation>
      </TaxonName>
      <TaxonName id="i21">
        <Representation>
          <Label>Bryum gemmascens</Label>
        </Representation>
      </TaxonName>
      <TaxonName id="i22">
        <Representation>
          <Label>Bryum gemmiferum</Label>
        </Representation>
      </TaxonName>
      <TaxonName id="i23">
        <Representation>
          <Label>Bryum gemmilucens</Label>
        </Representation>
      </TaxonName>
      <TaxonName id="i24">
        <Representation>
          <Label>Bryum gemmiparum</Label>
        </Representation>
      </TaxonName>
      <TaxonName id="i25">
        <Representation>
          <Label>Bryum klinggraeffii</Label>
        </Representation>
      </TaxonName>
      <TaxonName id="i26">
        <Representation>
          <Label>Bryum knowltonii</Label>
        </Representation>
      </TaxonName>
      <TaxonName id="i27">
        <Representation>
          <Label>Bryum laevifilum</Label>
        </Representation>
      </TaxonName>
      <TaxonName id="i28">
        <Representation>
          <Label>Bryum lanatum</Label>
        </Representation>
      </TaxonName>
      <TaxonName id="i29">
        <Representation>
          <Label>Bryum lisae</Label>
        </Representation>
      </TaxonName>
      <TaxonName id="i30">
        <Representation>
          <Label>Bryum meesioides</Label>
        </Representation>
      </TaxonName>
      <TaxonName id="i31">
        <Representation>
          <Label>Bryum microerythrocarpum</Label>
        </Representation>
      </TaxonName>
      <TaxonName id="i32">
        <Representation>
          <Label>Bryum miniatum</Label>
        </Representation>
      </TaxonName>
      <TaxonName id="i33">
        <Representation>
          <Label>Bryum muehlenbeckii</Label>
        </Representation>
      </TaxonName>
      <TaxonName id="i34">
        <Representation>
          <Label>Bryum pallens</Label>
        </Representation>
      </TaxonName>
      <TaxonName id="i35">
        <Representation>
          <Label>Bryum pallescens</Label>
        </Representation>
      </TaxonName>
      <TaxonName id="i36">
        <Representation>
          <Label>Bryum pseudotriquetrum</Label>
        </Representation>
      </TaxonName>
      <TaxonName id="i37">
        <Representation>
          <Label>Bryum pyriferum</Label>
        </Representation>
      </TaxonName>
      <TaxonName id="i38">
        <Representation>
          <Label>Bryum radiculosum</Label>
        </Representation>
      </TaxonName>
      <TaxonName id="i39">
        <Representation>
          <Label>Bryum rubens</Label>
        </Representation>
      </TaxonName>
      <TaxonName id="i40">
        <Representation>
          <Label>Bryum schleicheri</Label>
        </Representation>
      </TaxonName>
      <TaxonName id="i41">
        <Representation>
          <Label>Bryum subapiculatum</Label>
        </Representation>
      </TaxonName>
      <TaxonName id="i42">
        <Representation>
          <Label>Bryum tenuisetum</Label>
        </Representation>
      </TaxonName>
      <TaxonName id="i43">
        <Representation>
          <Label>Bryum torquescens</Label>
        </Representation>
      </TaxonName>
      <TaxonName id="i44">
        <Representation>
          <Label>Bryum turbinatum</Label>
        </Representation>
      </TaxonName>
      <TaxonName id="i45">
        <Representation>
          <Label>Bryum uliginosum</Label>
        </Representation>
      </TaxonName>
      <TaxonName id="i46">
        <Representation>
          <Label>Bryum violaceum</Label>
        </Representation>
      </TaxonName>
      <TaxonName id="i47">
        <Representation>
          <Label>Bryum weigelii</Label>
        </Representation>
      </TaxonName>
      <TaxonName id="i48">
        <Representation>
          <Label>Plagiobryum zierii</Label>
        </Representation>
      </TaxonName>
      <TaxonName id="i49">
        <Representation>
          <Label>Roellia roellii</Label>
        </Representation>
      </TaxonName>
    </TaxonNames>
    <IdentificationKeys>
      <IdentificationKey id="k1">
        <Representation>
          <Label xml:lang="en">Bryum</Label>
        </Representation>
        <Leads>
          <Lead id="k1l1">
            <Statement>Median leaf cells at least in part more than 50 Âµm broad; margin strongly differentiated</Statement>
            <TaxonName ref="i49"/>
          </Lead>
          <Lead id="k1l2">
            <Statement>Median leaf cells more narrow</Statement>
          </Lead>
          <Lead id="k1l3">
            <Parent ref="k1l2"/>
            <Statement>Leaf cells echlorophyllose in distal 1/2, the leafy plant thus appearing silvery to whitish; plant of ruderal habitats, or on thin soil over rocks</Statement>
          </Lead>
          <Lead id="k1l8">
            <Parent ref="k1l2"/>
            <Statement>Leaves and plant not so whitish</Statement>
          </Lead>
          <Lead id="k1l4">
            <Parent ref="k1l3"/>
            <Statement>Costa excurrent; plant of thin soil in frequently drying sites</Statement>
            <TaxonName ref="i28"/>
          </Lead>
          <Lead id="k1l5">
            <Parent ref="k1l3"/>
            <Statement>Costa percurrent to subpercurrent; plant of various sites, often ruderal</Statement>
          </Lead>
          <Lead id="k1l6">
            <Parent ref="k1l5"/>
            <Statement>Plants with a reddish blush on the older portions of the stems; neck of capsule as long as urn; plant of thin soil in deep recesses of rock outcrops in alpine and subalpine areas</Statement>
            <TaxonName ref="i48"/>
          </Lead>
          <Lead id="k1l7">
            <Parent ref="k1l5"/>
            <Statement>Plants whitish or greenish to base; neck of capsule short; plant of disturbed soil and cracks in rocks, sometimes on highly nitrogenous soil such as that below bird roosts</Statement>
            <TaxonName ref="i7"/>
          </Lead>
          <Lead id="k1l9">
            <Parent ref="k1l8"/>
            <Statement>Leaves with a strong limbidium that is bistratose at least in the basal 1/3</Statement>
          </Lead>
          <Lead id="k1l24">
            <Parent ref="k1l8"/>
            <Statement>Leaves with limbidium strong to weak or absent, consistently unistratose</Statement>
          </Lead>
          <Lead id="k1l10">
            <Parent ref="k1l9"/>
            <Statement>Leaves almost orbicular but so strongly distorted when dry as to obscure that character; leaf apex bluntly obtuse with costa ending before the apex</Statement>
            <TaxonName ref="i17"/>
          </Lead>
          <Lead id="k1l11">
            <Parent ref="k1l9"/>
            <Statement>Leaves ovate to lanceolate with acute apices; costa mostly percurrent to excurrent</Statement>
          </Lead>
          <Lead id="k1l12">
            <Parent ref="k1l11"/>
            <Statement>Leaves ovate to ovate-lanceolate, decurrent with the decurrency extending to the insertion of the next leaf; distal leaf margin minutely serrulate to entire</Statement>
            <TaxonName ref="i47"/>
          </Lead>
          <Lead id="k1l13">
            <Parent ref="k1l11"/>
            <Statement>Leaves not so strongly decurrent</Statement>
          </Lead>
          <Lead id="k1l14">
            <Parent ref="k1l13"/>
            <Statement>Most median leaf cells 25-40 Âµm wide; leaves broadest near middle, about 2.5:1, not contorted when dry; plants mostly with a pinkish wash; peristome with cilia fully developed;</Statement>
            <TaxonName ref="i40"/>
          </Lead>
          <Lead id="k1l15">
            <Parent ref="k1l13"/>
            <Statement>Most median leaf cells less than 30 Âµm wide; leaf shape various but mostly more narrow, at least somewhat contorted when dry; plants variously colored; peristome with cilia absent or present</Statement>
          </Lead>
          <Lead id="k1l16">
            <Parent ref="k1l15"/>
            <Statement>Leaves about 2.5:1; leaf margins plane throughout; capsules turbinate, less than 2:1</Statement>
            <TaxonName ref="i44"/>
          </Lead>
          <Lead id="k1l17">
            <Parent ref="k1l15"/>
            <Statement>Leaves mostly 3:1 or greater; margins recurved at least near base; capsules more elongate</Statement>
          </Lead>
          <Lead id="k1l18">
            <Parent ref="k1l17"/>
            <Statement>Cells of leaf base not reddened; costae not reddened in 10% KOH; plant synoicous</Statement>
            <TaxonName ref="i6"/>
          </Lead>
          <Lead id="k1l19">
            <Parent ref="k1l17"/>
            <Statement>Cells of leaf base away from the costa reddened; costa and stem very deeply reddened in KOH; plant not synoicous</Statement>
          </Lead>
          <Lead id="k1l20">
            <Parent ref="k1l19"/>
            <Statement>Peristome with cilia reduced or absent; spores mostly more than 25 Âµm in diameter</Statement>
            <TaxonName ref="i45"/>
          </Lead>
          <Lead id="k1l21">
            <Parent ref="k1l19"/>
            <Statement>Peristome with cilia fully developed; spores mostly less than 25 Âµm in diameter</Statement>
          </Lead>
          <Lead id="k1l22">
            <Parent ref="k1l21"/>
            <Statement>Some capsules in excess of 5 mm long, somewhat curved at the well-defined neck; median exothecial cells elongate, 3-4:1; spores 14-20 Âµm in diameter</Statement>
            <TaxonName ref="i30"/>
          </Lead>
          <Lead id="k1l23">
            <Parent ref="k1l21"/>
            <Statement>Capsules mostly about 3 mm long; median exothecial cells quadrate to short rectangular; spores 20-30 Âµm in diameter</Statement>
            <TaxonName ref="i34"/>
          </Lead>
          <Lead id="k1l25">
            <Parent ref="k1l24"/>
            <Statement>Leafy stems with concave leaves closely overlapping without significant reflexing of apices, thus with an overall julaceous appearance</Statement>
          </Lead>
          <Lead id="k1l30">
            <Parent ref="k1l24"/>
            <Statement>Leafy stems not julaceous</Statement>
          </Lead>
          <Lead id="k1l26">
            <Parent ref="k1l25"/>
            <Statement>Stem heavily fluted in cross-section; leaves longer than 2 mm, heavily reddened throughout; cells of leaf base somewhat inflated</Statement>
            <TaxonName ref="i32"/>
          </Lead>
          <Lead id="k1l27">
            <Parent ref="k1l25"/>
            <Statement>Stem not fluted in cross-section; leaves smaller, typically reddened only near base; cells on leaf base not inflated</Statement>
          </Lead>
          <Lead id="k1l28">
            <Parent ref="k1l27"/>
            <Statement>Cells of distal lamina 2-3:1, leaf apices broadly acute on distal portions of the very short stem but almost truncate or cucullate on lower portions of stem</Statement>
            <TaxonName ref="i14"/>
          </Lead>
          <Lead id="k1l29">
            <Parent ref="k1l27"/>
            <Statement>Cells of distal lamina mostly more than 4:1; leaf apices acute to acuminate, not at all cucullate</Statement>
            <TaxonName ref="i12"/>
          </Lead>
          <Lead id="k1l31">
            <Parent ref="k1l30"/>
            <Statement>Basal leaf cells quadrate or nearly so across the width of the leaves, obviously set off from the hexagonal to rhomboidal cells of the median and distal portions of the leaf</Statement>
          </Lead>
          <Lead id="k1l64">
            <Parent ref="k1l30"/>
            <Statement>Basal leaf cells rectangular with parallel walls, gradually transitting to the hexagonal to rhomboidal cells of the median and distal portions of the leaf</Statement>
          </Lead>
          <Lead id="k1l32">
            <Parent ref="k1l31"/>
            <Statement>Rhizoids deep red-brown, sparingly papillose to almost smooth, arising from a line of nematogons arranged in a single row along abaxial line of leaf insertion</Statement>
            <TaxonName ref="i2"/>
          </Lead>
          <Lead id="k1l33">
            <Parent ref="k1l31"/>
            <Statement>Rhizoids of various colors, strongly papillose with nematogons not arranged in a single transverse row on stem</Statement>
          </Lead>
          <Lead id="k1l34">
            <Parent ref="k1l33"/>
            <Statement>Costa not reaching leaf apex; leaves broadly ovate and deeply concave without a well-defined limbidium; clones easily fragmented into the constituent individual axes</Statement>
            <TaxonName ref="i21"/>
          </Lead>
          <Lead id="k1l35">
            <Parent ref="k1l33"/>
            <Statement>Plants not in all respects as above</Statement>
          </Lead>
          <Lead id="k1l36">
            <Parent ref="k1l35"/>
            <Statement>Plants mostly more than 1 cm high with leaves somewhat contorted distally; leaves with margins somewhat recurved</Statement>
          </Lead>
          <Lead id="k1l39">
            <Parent ref="k1l35"/>
            <Statement>Plants smaller with leaves closely imbricate, not contorted</Statement>
          </Lead>
          <Lead id="k1l37">
            <Parent ref="k1l36"/>
            <Statement>Leaves with a strong reddish coloration</Statement>
            <TaxonName ref="i33"/>
          </Lead>
          <Lead id="k1l38">
            <Parent ref="k1l36"/>
            <Statement>Leaves green</Statement>
            <TaxonName ref="i24"/>
          </Lead>
          <Lead id="k1l40">
            <Parent ref="k1l39"/>
            <Statement>Bulbils present in upper leaf axils, becoming visible by their growth that causes leaf spreading; costa percurrent; stems mostly less than 1 cm long</Statement>
          </Lead>
          <Lead id="k1l49">
            <Parent ref="k1l39"/>
            <Statement>Bulbils not in leaf axils but with rhizoidal tubers functioning in asexual reproduction</Statement>
          </Lead>
          <Lead id="k1l41">
            <Parent ref="k1l40"/>
            <Statement>Plants with a brownish to reddish-brown spinose awn at least on the distal portions of the leaves</Statement>
            <TaxonName ref="i0"/>
          </Lead>
          <Lead id="k1l42">
            <Parent ref="k1l40"/>
            <Statement>Plants with awn concolorous with rest of leaf or with the costa not excurrent</Statement>
          </Lead>
          <Lead id="k1l43">
            <Parent ref="k1l42"/>
            <Statement>Bulbils mostly 1-2 per upper leaf axil, usually with leaf primordia well developed, several cells wide at base</Statement>
            <TaxonName ref="i10"/>
          </Lead>
          <Lead id="k1l44">
            <Parent ref="k1l42"/>
            <Statement>Bulbils 2-5 per upper leaf axil</Statement>
          </Lead>
          <Lead id="k1l45">
            <Parent ref="k1l44"/>
            <Statement>Bulbils small, 100-200 Âµm in diameter; primordia absent or difficult to define</Statement>
            <TaxonName ref="i23"/>
          </Lead>
          <Lead id="k1l46">
            <Parent ref="k1l44"/>
            <Statement>Bulbils larger, with obvious leaf primordia on their distal portions</Statement>
          </Lead>
          <Lead id="k1l47">
            <Parent ref="k1l46"/>
            <Statement>Bulbils with leaf primordia blunt to broadly acute at apices, mostly more than 250 Âµm in diameter</Statement>
            <TaxonName ref="i9"/>
          </Lead>
          <Lead id="k1l48">
            <Parent ref="k1l46"/>
            <Statement>Bulbils with leaf primordia narrow and needle like, mostly less than 250 Âµm in diameter</Statement>
            <TaxonName ref="i22"/>
          </Lead>
          <Lead id="k1l50">
            <Parent ref="k1l49"/>
            <Statement>Rhizoidal tubers red to red-brown with individual cells strongly protuberant or mammillose bulging</Statement>
          </Lead>
          <Lead id="k1l53">
            <Parent ref="k1l49"/>
            <Statement>Rhizoidal tubers variously colored, smooth on surface with individual cells not bulging</Statement>
          </Lead>
          <Lead id="k1l51">
            <Parent ref="k1l50"/>
            <Statement>Limbidium well-defined at mid-leaf; rhizoidal tubers mostly more than 125 Âµm in diameter</Statement>
            <TaxonName ref="i39"/>
          </Lead>
          <Lead id="k1l52">
            <Parent ref="k1l50"/>
            <Statement>Limbidium absent or inconspicuous; rhizoidal tubers mostly less than 100 Âµm in diameter</Statement>
            <TaxonName ref="i25"/>
          </Lead>
          <Lead id="k1l54">
            <Parent ref="k1l53"/>
            <Statement>Rhizoidal tubers brown</Statement>
          </Lead>
          <Lead id="k1l57">
            <Parent ref="k1l53"/>
            <Statement>Rhizoidal tubers red to yellow</Statement>
          </Lead>
          <Lead id="k1l55">
            <Parent ref="k1l54"/>
            <Statement>Rhizoidal tubers mostly not spherical, often pyriform, to 75 Âµm in longest diameter</Statement>
            <TaxonName ref="i37"/>
          </Lead>
          <Lead id="k1l56">
            <Parent ref="k1l54"/>
            <Statement>Rhizoidal tubers spherical, more than 125 Âµm in diameter; costa long excurrent</Statement>
            <TaxonName ref="i38"/>
          </Lead>
          <Lead id="k1l58">
            <Parent ref="k1l57"/>
            <Statement>Rhizoidal tubers produced on violet rhizoids</Statement>
            <TaxonName ref="i46"/>
          </Lead>
          <Lead id="k1l59">
            <Parent ref="k1l57"/>
            <Statement>Rhizoidal tubers produced on brownish rhizoids</Statement>
          </Lead>
          <Lead id="k1l60">
            <Parent ref="k1l59"/>
            <Statement>Rhizoidal tubers yellow, less than 100 Âµm in diameter</Statement>
            <TaxonName ref="i42"/>
          </Lead>
          <Lead id="k1l61">
            <Parent ref="k1l59"/>
            <Statement>Rhizoidal tubers red to yellow, larger</Statement>
          </Lead>
          <Lead id="k1l62">
            <Parent ref="k1l61"/>
            <Statement>Many of the internal basal cells of the leaf short rectangular; rhizoidal tubers yellow or with a yellowish blush</Statement>
            <TaxonName ref="i41"/>
          </Lead>
          <Lead id="k1l63">
            <Parent ref="k1l61"/>
            <Statement>Basal cells of the leaf consistently quadrate; rhizoidal tubers reddish</Statement>
            <TaxonName ref="i31"/>
          </Lead>
          <Lead id="k1l65">
            <Parent ref="k1l64"/>
            <Statement>Leaves broadest above or at the middle and thus appearing obovate</Statement>
          </Lead>
          <Lead id="k1l82">
            <Parent ref="k1l64"/>
            <Statement>Leaves broadest near the base</Statement>
          </Lead>
          <Lead id="k1l66">
            <Parent ref="k1l65"/>
            <Statement>Plants with filiform gemmae present in upper leaf axils</Statement>
          </Lead>
          <Lead id="k1l69">
            <Parent ref="k1l65"/>
            <Statement>Plants without such filiform gemmae</Statement>
          </Lead>
          <Lead id="k1l67">
            <Parent ref="k1l66"/>
            <Statement>Leaves decurrent with limbidium reaching nearly or completely to the leaf apex; costa percurrent to short excurrent; gemmae long and mostly unbranched, strictly axillary in insertion</Statement>
            <TaxonName ref="i20"/>
          </Lead>
          <Lead id="k1l68">
            <Parent ref="k1l66"/>
            <Statement>Leaves not decurrent with limbidium mostly very weak or absent at leaf apex; costa weak, mostly ceasing before leaf apex; gemmae extensively branched, inserted in leaf axils and on leaf base</Statement>
            <TaxonName ref="i27"/>
          </Lead>
          <Lead id="k1l70">
            <Parent ref="k1l69"/>
            <Statement>Leaves evenly spaced, not rosulate, somewhat glaucous, laterally twisted when dry</Statement>
          </Lead>
          <Lead id="k1l73">
            <Parent ref="k1l69"/>
            <Statement>Leaves rosulate on stems, green, erect or clockwise twisted around stem when dry</Statement>
          </Lead>
          <Lead id="k1l71">
            <Parent ref="k1l70"/>
            <Statement>Leaf lamina orbicular to broadly ovate; limbidium confluent with costa at apex; plant glaucous</Statement>
            <TaxonName ref="i18"/>
          </Lead>
          <Lead id="k1l72">
            <Parent ref="k1l70"/>
            <Statement>Leaf lamina elliptical, 2.5-3.5:1; limbidium ending before leaf apex; plant glossy</Statement>
            <TaxonName ref="i1"/>
          </Lead>
          <Lead id="k1l74">
            <Parent ref="k1l73"/>
            <Statement>Rosulate comas forming interrupted tufts; costa short excurrent with awn reflexed back from plane of leaf; limbidium poorly defined above the leaf middle</Statement>
            <TaxonName ref="i15"/>
          </Lead>
          <Lead id="k1l75">
            <Parent ref="k1l73"/>
            <Statement>Stems usually with only a single rosulate cluster; excurrent costa not reflexed; limbidium various</Statement>
          </Lead>
          <Lead id="k1l76">
            <Parent ref="k1l75"/>
            <Statement>Leaves distinctly decurrent, mostly washed with red even distally; costa percurrent to short excurrent</Statement>
            <TaxonName ref="i19"/>
          </Lead>
          <Lead id="k1l77">
            <Parent ref="k1l75"/>
            <Statement>Leaves not decurrent, reddened only near base; costa various</Statement>
          </Lead>
          <Lead id="k1l78">
            <Parent ref="k1l77"/>
            <Statement>Limbidium weak or absent above; margins near apex nearly entire; innovational branchlets below perichaetia with leaves broader and shorter, nearly imbricate</Statement>
            <TaxonName ref="i21"/>
          </Lead>
          <Lead id="k1l79">
            <Parent ref="k1l77"/>
            <Statement>Limbidium strong even near leaf apex; margins near apex serrulate to serrate; innovational branchlets with leaves similar to leaves of main branches</Statement>
          </Lead>
          <Lead id="k1l80">
            <Parent ref="k1l79"/>
            <Statement>Plant synoicous or autoicous; leaves erect but contorted when dry; capsule with reddish coloration when mature</Statement>
            <TaxonName ref="i43"/>
          </Lead>
          <Lead id="k1l81">
            <Parent ref="k1l79"/>
            <Statement>Plant dioicous; leaves clockwise twisted around stem when dry; capsule mostly brown when mature</Statement>
            <TaxonName ref="i16"/>
          </Lead>
          <Lead id="k1l83">
            <Parent ref="k1l82"/>
            <Statement>Leaves without a defined limbidium; costa subpercurrent, percurrent or only minutely excurrent</Statement>
          </Lead>
          <Lead id="k1l86">
            <Parent ref="k1l82"/>
            <Statement>Leaves with limbidium obvious to near apex; costa evidently excurrent</Statement>
          </Lead>
          <Lead id="k1l84">
            <Parent ref="k1l83"/>
            <Statement>Median leaf cells short hexagonal, more than 20 Âµm broad; leaf apex obtuse with costa mostly ceasing below apex</Statement>
            <TaxonName ref="i33"/>
          </Lead>
          <Lead id="k1l85">
            <Parent ref="k1l83"/>
            <Statement>Median leaf cells linear, more than 6:1, less than 10 Âµm broad; leaf apex acute with costa ending at apex</Statement>
            <TaxonName ref="i4"/>
          </Lead>
          <Lead id="k1l87">
            <Parent ref="k1l86"/>
            <Statement>Leaves comosely arranged at stem apices; capsule mostly less than 2.5:1; limbidium broad with at least 5 rows of cells at leaf apex</Statement>
          </Lead>
          <Lead id="k1l92">
            <Parent ref="k1l86"/>
            <Statement>Leaves equidistantly arranged along stem; capsule mostly longer; limbidium present throughout but more narrow</Statement>
          </Lead>
          <Lead id="k1l88">
            <Parent ref="k1l87"/>
            <Statement>Leaves distally narrowly acute, gradually contracted to an excurrent costa that exceeds 0.5 mm in length</Statement>
          </Lead>
          <Lead id="k1l91">
            <Parent ref="k1l87"/>
            <Statement>Leaves with costa shorter and with the lamina not so gradually contracted</Statement>
            <TaxonName ref="i26"/>
          </Lead>
          <Lead id="k1l89">
            <Parent ref="k1l88"/>
            <Statement>Endostome and exostome fused with space between the two rows of teeth forming small chambers; capsule red</Statement>
            <TaxonName ref="i3"/>
          </Lead>
          <Lead id="k1l90">
            <Parent ref="k1l88"/>
            <Statement>Endostome and exostome not so fused; capsule yellow to orange</Statement>
            <TaxonName ref="i5"/>
          </Lead>
          <Lead id="k1l93">
            <Parent ref="k1l92"/>
            <Statement>Leaves narrowly decurrent but with decurrency reaching nearly to base of next leaf; basal cells thick-walled with lumen:wall ratio about 4-6:1, and with these cell walls irregularly thickened to pitted</Statement>
          </Lead>
          <Lead id="k1l96">
            <Parent ref="k1l92"/>
            <Statement>Leaves not so strongly decurrent; basal cells not so strongly thick-walled, never pitted</Statement>
          </Lead>
          <Lead id="k1l94">
            <Parent ref="k1l93"/>
            <Statement>Plant synoicous</Statement>
            <TaxonName ref="i11"/>
          </Lead>
          <Lead id="k1l95">
            <Parent ref="k1l93"/>
            <Statement>Plant dioicous</Statement>
            <TaxonName ref="i36"/>
          </Lead>
          <Lead id="k1l97">
            <Parent ref="k1l96"/>
            <Statement>Leaf cells seldom more than 2.5-3:1, broadly hexagonal; limbidium broader</Statement>
          </Lead>
          <Lead id="k1l100">
            <Parent ref="k1l96"/>
            <Statement>Upper leaf cells on distal leaves at least in part long rhomboidal, 5-6:1; limbidium only 2-3 cells wide near leaf apex</Statement>
          </Lead>
          <Lead id="k1l98">
            <Parent ref="k1l97"/>
            <Statement>Endostome processes with perforations as broad as long; spores 12-16 Âµm in diameter</Statement>
            <TaxonName ref="i29"/>
          </Lead>
          <Lead id="k1l99">
            <Parent ref="k1l97"/>
            <Statement>Endostome processes with perforations to twice as broad as long; spores 18-20 Âµm in diameter</Statement>
            <TaxonName ref="i35"/>
          </Lead>
          <Lead id="k1l101">
            <Parent ref="k1l100"/>
            <Statement>Leaves with spinose awn that is more than 1/2 as long as the leaf lamina</Statement>
            <TaxonName ref="i8"/>
          </Lead>
          <Lead id="k1l102">
            <Parent ref="k1l100"/>
            <Statement>Leaves with nearly smooth awn that is less than 1/2 as long as the leaf lamina</Statement>
            <TaxonName ref="i13"/>
          </Lead>
        </Leads>
      </IdentificationKey>
    </IdentificationKeys>
  </Dataset>
</Datasets>
