<?xml version="1.0" encoding="UTF-8"?>
<Datasets xmlns="http://rs.tdwg.org/UBIF/2006/" xmlns:xsi="http://www.w3.org/2001/XMLSchema-instance" xsi:schemaLocation="http://rs.tdwg.org/UBIF/2006/ http://rs.tdwg.org/UBIF/2006/Schema/1.1/SDD.xsd">
  <TechnicalMetadata created="2014-12-08T01:23:33">
    <Generator name="KeyBase SDD export" version="0"/>
  </TechnicalMetadata>
  <Dataset xml:lang="en-au">
    <Representation>
      <Label xml:lang="en">Buddleja</Label>
    </Representation>
    <TaxonNames>
      <TaxonName id="i0">
        <Representation>
          <Label>Buddleja davidii</Label>
        </Representation>
      </TaxonName>
      <TaxonName id="i1">
        <Representation>
          <Label>Buddleja dysophylla</Label>
        </Representation>
      </TaxonName>
    </TaxonNames>
    <IdentificationKeys>
      <IdentificationKey id="k1">
        <Representation>
          <Label xml:lang="en">Buddleja</Label>
        </Representation>
        <Leads>
          <Lead id="k1l1">
            <Statement>Erect or slightly weeping shrub; petiole 0.1–0.5 cm long; corolla-tube at least twice as long as lobes; stamens included; capsule 5–10 mm long</Statement>
            <TaxonName ref="i0"/>
          </Lead>
          <Lead id="k1l2">
            <Statement>Scrambling or climbing shrub; petiole to 3 cm long; corolla-tube short, up to c. 1.5 times as long as lobes; stamens exserted; capsule 2–3.5 mm long</Statement>
            <TaxonName ref="i1"/>
          </Lead>
        </Leads>
      </IdentificationKey>
    </IdentificationKeys>
  </Dataset>
</Datasets>
