<?xml version="1.0" encoding="UTF-8"?>
<Datasets xmlns="http://rs.tdwg.org/UBIF/2006/" xmlns:xsi="http://www.w3.org/2001/XMLSchema-instance" xsi:schemaLocation="http://rs.tdwg.org/UBIF/2006/ http://rs.tdwg.org/UBIF/2006/Schema/1.1/SDD.xsd">
  <TechnicalMetadata created="2014-12-08T01:23:18">
    <Generator name="KeyBase SDD export" version="0"/>
  </TechnicalMetadata>
  <Dataset xml:lang="en-au">
    <Representation>
      <Label xml:lang="en">Bulbine</Label>
    </Representation>
    <TaxonNames>
      <TaxonName id="i0">
        <Representation>
          <Label>Bulbine bulbosa</Label>
        </Representation>
      </TaxonName>
      <TaxonName id="i1">
        <Representation>
          <Label>Bulbine glauca</Label>
        </Representation>
      </TaxonName>
      <TaxonName id="i2">
        <Representation>
          <Label>Bulbine semibarbata</Label>
        </Representation>
      </TaxonName>
    </TaxonNames>
    <IdentificationKeys>
      <IdentificationKey id="k1">
        <Representation>
          <Label xml:lang="en">Bulbine</Label>
        </Representation>
        <Leads>
          <Lead id="k1l1">
            <Statement>All 6 stamens bearded; perianth more than 7 mm long; plants perennial</Statement>
          </Lead>
          <Lead id="k1l4">
            <Statement>Inner 3 stamens bearded; perianth segments less than 7 mm long; plants usually annual</Statement>
            <TaxonName ref="i2"/>
          </Lead>
          <Lead id="k1l2">
            <Parent ref="k1l1"/>
            <Statement>Stamens bunched, anthers more or less basifixed, partly obscured by acute or clavate filament hairs, at least some remaining erect; leaves non-glaucous; gen-erally with tuberous rootstock</Statement>
            <TaxonName ref="i0"/>
          </Lead>
          <Lead id="k1l3">
            <Parent ref="k1l1"/>
            <Statement>Stamens loosely grouped or spreading, anthers versatile, not obscured by the clavate filament hairs, recurving after dehiscence; leaves glaucous; rootstock not tuberous</Statement>
            <TaxonName ref="i1"/>
          </Lead>
        </Leads>
      </IdentificationKey>
    </IdentificationKeys>
  </Dataset>
</Datasets>
