<?xml version="1.0" encoding="UTF-8"?>
<Datasets xmlns="http://rs.tdwg.org/UBIF/2006/" xmlns:xsi="http://www.w3.org/2001/XMLSchema-instance" xsi:schemaLocation="http://rs.tdwg.org/UBIF/2006/ http://rs.tdwg.org/UBIF/2006/Schema/1.1/SDD.xsd">
  <TechnicalMetadata created="2014-12-08T01:23:47">
    <Generator name="KeyBase SDD export" version="0"/>
  </TechnicalMetadata>
  <Dataset xml:lang="en-au">
    <Representation>
      <Label xml:lang="en">Buxbaumia</Label>
    </Representation>
    <TaxonNames>
      <TaxonName id="i0">
        <Representation>
          <Label>Buxbaumia aphylla</Label>
        </Representation>
      </TaxonName>
      <TaxonName id="i1">
        <Representation>
          <Label>Buxbaumia piperi</Label>
        </Representation>
      </TaxonName>
      <TaxonName id="i2">
        <Representation>
          <Label>Buxbaumia viridis</Label>
        </Representation>
      </TaxonName>
    </TaxonNames>
    <IdentificationKeys>
      <IdentificationKey id="k1">
        <Representation>
          <Label xml:lang="en">Buxbaumia</Label>
        </Representation>
        <Leads>
          <Lead id="k1l1">
            <Statement>Cuticle of capsule rolling back from mouth when that capsule is deoperculate and fully dry</Statement>
          </Lead>
          <Lead id="k1l4">
            <Statement>Cuticle separating along a dorsal split and peeling back laterally</Statement>
            <TaxonName ref="i2"/>
          </Lead>
          <Lead id="k1l2">
            <Parent ref="k1l1"/>
            <Statement>Capsule glossy reddish-brown when dry and recently deoperculate; plant mostly on organic soil (in this area)</Statement>
            <TaxonName ref="i0"/>
          </Lead>
          <Lead id="k1l3">
            <Parent ref="k1l1"/>
            <Statement>Capsule green to pale yellowish-brown, not at all glossy; plant mostly on logs, common</Statement>
            <TaxonName ref="i1"/>
          </Lead>
        </Leads>
      </IdentificationKey>
    </IdentificationKeys>
  </Dataset>
</Datasets>
