<?xml version="1.0" encoding="UTF-8"?>
<Datasets xmlns="http://rs.tdwg.org/UBIF/2006/" xmlns:xsi="http://www.w3.org/2001/XMLSchema-instance" xsi:schemaLocation="http://rs.tdwg.org/UBIF/2006/ http://rs.tdwg.org/UBIF/2006/Schema/1.1/SDD.xsd">
  <TechnicalMetadata created="2014-12-08T01:23:18">
    <Generator name="KeyBase SDD export" version="0"/>
  </TechnicalMetadata>
  <Dataset xml:lang="en-au">
    <Representation>
      <Label xml:lang="en">Caesia parviflora</Label>
    </Representation>
    <TaxonNames>
      <TaxonName id="i0">
        <Representation>
          <Label>Caesia parviflora var. minor</Label>
        </Representation>
      </TaxonName>
      <TaxonName id="i1">
        <Representation>
          <Label>Caesia parviflora var. parviflora</Label>
        </Representation>
      </TaxonName>
      <TaxonName id="i2">
        <Representation>
          <Label>Caesia parviflora var. vittata</Label>
        </Representation>
      </TaxonName>
    </TaxonNames>
    <IdentificationKeys>
      <IdentificationKey id="k1">
        <Representation>
          <Label xml:lang="en">Caesia parviflora</Label>
        </Representation>
        <Leads>
          <Lead id="k1l1">
            <Statement>Flowers white to blue, segments to 8.5 mm long; widest leaves mostly more than 2 mm wide; plant usually more than 20 cm tall</Statement>
          </Lead>
          <Lead id="k1l4">
            <Statement>Flowers white, segments less than 5 mm long; leaves to c. 2 mm wide; plant usually less than 20 cm tall; roots fleshy-fibrous</Statement>
            <TaxonName ref="i0"/>
          </Lead>
          <Lead id="k1l2">
            <Parent ref="k1l1"/>
            <Statement>Flowers white or pale blue to pink; staminal filaments greenish white; leaves to 5 mm wide; roots fleshy-fibrous</Statement>
            <TaxonName ref="i1"/>
          </Lead>
          <Lead id="k1l3">
            <Parent ref="k1l1"/>
            <Statement>Flowers dark blue with darker venation; staminal filaments blue, often with transverse white bands; leaves to 8 mm wide; roots with fusiform tubers</Statement>
            <TaxonName ref="i2"/>
          </Lead>
        </Leads>
      </IdentificationKey>
    </IdentificationKeys>
  </Dataset>
</Datasets>
