<?xml version="1.0" encoding="UTF-8"?>
<Datasets xmlns="http://rs.tdwg.org/UBIF/2006/" xmlns:xsi="http://www.w3.org/2001/XMLSchema-instance" xsi:schemaLocation="http://rs.tdwg.org/UBIF/2006/ http://rs.tdwg.org/UBIF/2006/Schema/1.1/SDD.xsd">
  <TechnicalMetadata created="2014-12-08T01:23:19">
    <Generator name="KeyBase SDD export" version="0"/>
  </TechnicalMetadata>
  <Dataset xml:lang="en-au">
    <Representation>
      <Label xml:lang="en">Caladenia</Label>
    </Representation>
    <TaxonNames>
      <TaxonName id="i0">
        <Representation>
          <Label>Caladenia aestiva</Label>
        </Representation>
      </TaxonName>
      <TaxonName id="i1">
        <Representation>
          <Label>Caladenia alata</Label>
        </Representation>
      </TaxonName>
      <TaxonName id="i2">
        <Representation>
          <Label>Caladenia alpina</Label>
        </Representation>
      </TaxonName>
      <TaxonName id="i3">
        <Representation>
          <Label>Caladenia amoena</Label>
        </Representation>
      </TaxonName>
      <TaxonName id="i4">
        <Representation>
          <Label>Caladenia ampla</Label>
        </Representation>
      </TaxonName>
      <TaxonName id="i5">
        <Representation>
          <Label>Caladenia ancylosa</Label>
        </Representation>
      </TaxonName>
      <TaxonName id="i6">
        <Representation>
          <Label>Caladenia audasii</Label>
        </Representation>
      </TaxonName>
      <TaxonName id="i7">
        <Representation>
          <Label>Caladenia aurantiaca</Label>
        </Representation>
      </TaxonName>
      <TaxonName id="i8">
        <Representation>
          <Label>Caladenia australis</Label>
        </Representation>
      </TaxonName>
      <TaxonName id="i9">
        <Representation>
          <Label>Caladenia bicalliata</Label>
        </Representation>
      </TaxonName>
      <TaxonName id="i10">
        <Representation>
          <Label>Caladenia brachyscapa</Label>
        </Representation>
      </TaxonName>
      <TaxonName id="i11">
        <Representation>
          <Label>Caladenia calcicola</Label>
        </Representation>
      </TaxonName>
      <TaxonName id="i12">
        <Representation>
          <Label>Caladenia capillata</Label>
        </Representation>
      </TaxonName>
      <TaxonName id="i13">
        <Representation>
          <Label>Caladenia cardiochila</Label>
        </Representation>
      </TaxonName>
      <TaxonName id="i14">
        <Representation>
          <Label>Caladenia carnea</Label>
        </Representation>
      </TaxonName>
      <TaxonName id="i15">
        <Representation>
          <Label>Caladenia catenata</Label>
        </Representation>
      </TaxonName>
      <TaxonName id="i16">
        <Representation>
          <Label>Caladenia clarkiae</Label>
        </Representation>
      </TaxonName>
      <TaxonName id="i17">
        <Representation>
          <Label>Caladenia clavescens</Label>
        </Representation>
      </TaxonName>
      <TaxonName id="i18">
        <Representation>
          <Label>Caladenia clavigera</Label>
        </Representation>
      </TaxonName>
      <TaxonName id="i19">
        <Representation>
          <Label>Caladenia cleistantha</Label>
        </Representation>
      </TaxonName>
      <TaxonName id="i20">
        <Representation>
          <Label>Caladenia colorata</Label>
        </Representation>
      </TaxonName>
      <TaxonName id="i21">
        <Representation>
          <Label>Caladenia concolor</Label>
        </Representation>
      </TaxonName>
      <TaxonName id="i22">
        <Representation>
          <Label>Caladenia congesta</Label>
        </Representation>
      </TaxonName>
      <TaxonName id="i23">
        <Representation>
          <Label>Caladenia cremna</Label>
        </Representation>
      </TaxonName>
      <TaxonName id="i24">
        <Representation>
          <Label>Caladenia cretacea</Label>
        </Representation>
      </TaxonName>
      <TaxonName id="i25">
        <Representation>
          <Label>Caladenia cruciformis</Label>
        </Representation>
      </TaxonName>
      <TaxonName id="i26">
        <Representation>
          <Label>Caladenia cucullata</Label>
        </Representation>
      </TaxonName>
      <TaxonName id="i27">
        <Representation>
          <Label>Caladenia dilatata</Label>
        </Representation>
      </TaxonName>
      <TaxonName id="i28">
        <Representation>
          <Label>Caladenia douglasiorum</Label>
        </Representation>
      </TaxonName>
      <TaxonName id="i29">
        <Representation>
          <Label>Caladenia filamentosa</Label>
        </Representation>
      </TaxonName>
      <TaxonName id="i30">
        <Representation>
          <Label>Caladenia flavovirens</Label>
        </Representation>
      </TaxonName>
      <TaxonName id="i31">
        <Representation>
          <Label>Caladenia formosa</Label>
        </Representation>
      </TaxonName>
      <TaxonName id="i32">
        <Representation>
          <Label>Caladenia fragrantissima</Label>
        </Representation>
      </TaxonName>
      <TaxonName id="i33">
        <Representation>
          <Label>Caladenia fulva</Label>
        </Representation>
      </TaxonName>
      <TaxonName id="i34">
        <Representation>
          <Label>Caladenia fuscata</Label>
        </Representation>
      </TaxonName>
      <TaxonName id="i35">
        <Representation>
          <Label>Caladenia grampiana</Label>
        </Representation>
      </TaxonName>
      <TaxonName id="i36">
        <Representation>
          <Label>Caladenia hastata</Label>
        </Representation>
      </TaxonName>
      <TaxonName id="i37">
        <Representation>
          <Label>Caladenia hildae</Label>
        </Representation>
      </TaxonName>
      <TaxonName id="i38">
        <Representation>
          <Label>Caladenia insularis</Label>
        </Representation>
      </TaxonName>
      <TaxonName id="i39">
        <Representation>
          <Label>Caladenia iridescens</Label>
        </Representation>
      </TaxonName>
      <TaxonName id="i40">
        <Representation>
          <Label>Caladenia latifolia</Label>
        </Representation>
      </TaxonName>
      <TaxonName id="i41">
        <Representation>
          <Label>Caladenia leptochila</Label>
        </Representation>
      </TaxonName>
      <TaxonName id="i42">
        <Representation>
          <Label>Caladenia lowanensis</Label>
        </Representation>
      </TaxonName>
      <TaxonName id="i43">
        <Representation>
          <Label>Caladenia magnifica</Label>
        </Representation>
      </TaxonName>
      <TaxonName id="i44">
        <Representation>
          <Label>Caladenia maritima</Label>
        </Representation>
      </TaxonName>
      <TaxonName id="i45">
        <Representation>
          <Label>Caladenia mentiens</Label>
        </Representation>
      </TaxonName>
      <TaxonName id="i46">
        <Representation>
          <Label>Caladenia montana</Label>
        </Representation>
      </TaxonName>
      <TaxonName id="i47">
        <Representation>
          <Label>Caladenia moschata</Label>
        </Representation>
      </TaxonName>
      <TaxonName id="i48">
        <Representation>
          <Label>Caladenia oenochila</Label>
        </Representation>
      </TaxonName>
      <TaxonName id="i49">
        <Representation>
          <Label>Caladenia oreophila</Label>
        </Representation>
      </TaxonName>
      <TaxonName id="i50">
        <Representation>
          <Label>Caladenia orientalis</Label>
        </Representation>
      </TaxonName>
      <TaxonName id="i51">
        <Representation>
          <Label>Caladenia ornata</Label>
        </Representation>
      </TaxonName>
      <TaxonName id="i52">
        <Representation>
          <Label>Caladenia osmera</Label>
        </Representation>
      </TaxonName>
      <TaxonName id="i53">
        <Representation>
          <Label>Caladenia parva</Label>
        </Representation>
      </TaxonName>
      <TaxonName id="i54">
        <Representation>
          <Label>Caladenia patersonii</Label>
        </Representation>
      </TaxonName>
      <TaxonName id="i55">
        <Representation>
          <Label>Caladenia peisleyi</Label>
        </Representation>
      </TaxonName>
      <TaxonName id="i56">
        <Representation>
          <Label>Caladenia pilotensis</Label>
        </Representation>
      </TaxonName>
      <TaxonName id="i57">
        <Representation>
          <Label>Caladenia praecox</Label>
        </Representation>
      </TaxonName>
      <TaxonName id="i58">
        <Representation>
          <Label>Caladenia prolata</Label>
        </Representation>
      </TaxonName>
      <TaxonName id="i59">
        <Representation>
          <Label>Caladenia pumila</Label>
        </Representation>
      </TaxonName>
      <TaxonName id="i60">
        <Representation>
          <Label>Caladenia pusilla</Label>
        </Representation>
      </TaxonName>
      <TaxonName id="i61">
        <Representation>
          <Label>Caladenia reticulata</Label>
        </Representation>
      </TaxonName>
      <TaxonName id="i62">
        <Representation>
          <Label>Caladenia robinsonii</Label>
        </Representation>
      </TaxonName>
      <TaxonName id="i63">
        <Representation>
          <Label>Caladenia rosella</Label>
        </Representation>
      </TaxonName>
      <TaxonName id="i64">
        <Representation>
          <Label>Caladenia sp. aff. concolor (Violet Town)</Label>
        </Representation>
      </TaxonName>
      <TaxonName id="i65">
        <Representation>
          <Label>Caladenia sp. aff. fragrantissima (Central Victoria)</Label>
        </Representation>
      </TaxonName>
      <TaxonName id="i66">
        <Representation>
          <Label>Caladenia sp. aff. fragrantissima (Inverleigh)</Label>
        </Representation>
      </TaxonName>
      <TaxonName id="i67">
        <Representation>
          <Label>Caladenia sp. aff. iridescens (Chapple Vale)</Label>
        </Representation>
      </TaxonName>
      <TaxonName id="i68">
        <Representation>
          <Label>Caladenia sp. aff. venusta (Kilsyth South)</Label>
        </Representation>
      </TaxonName>
      <TaxonName id="i69">
        <Representation>
          <Label>Caladenia stricta</Label>
        </Representation>
      </TaxonName>
      <TaxonName id="i70">
        <Representation>
          <Label>Caladenia tensa</Label>
        </Representation>
      </TaxonName>
      <TaxonName id="i71">
        <Representation>
          <Label>Caladenia tentaculata</Label>
        </Representation>
      </TaxonName>
      <TaxonName id="i72">
        <Representation>
          <Label>Caladenia tessellata</Label>
        </Representation>
      </TaxonName>
      <TaxonName id="i73">
        <Representation>
          <Label>Caladenia thysanochila</Label>
        </Representation>
      </TaxonName>
      <TaxonName id="i74">
        <Representation>
          <Label>Caladenia toxochila</Label>
        </Representation>
      </TaxonName>
      <TaxonName id="i75">
        <Representation>
          <Label>Caladenia transitoria</Label>
        </Representation>
      </TaxonName>
      <TaxonName id="i76">
        <Representation>
          <Label>Caladenia valida</Label>
        </Representation>
      </TaxonName>
      <TaxonName id="i77">
        <Representation>
          <Label>Caladenia venusta</Label>
        </Representation>
      </TaxonName>
      <TaxonName id="i78">
        <Representation>
          <Label>Caladenia verrucosa</Label>
        </Representation>
      </TaxonName>
      <TaxonName id="i79">
        <Representation>
          <Label>Caladenia versicolor</Label>
        </Representation>
      </TaxonName>
      <TaxonName id="i80">
        <Representation>
          <Label>Caladenia villosissima</Label>
        </Representation>
      </TaxonName>
      <TaxonName id="i81">
        <Representation>
          <Label>Caladenia vulgaris</Label>
        </Representation>
      </TaxonName>
      <TaxonName id="i82">
        <Representation>
          <Label>Caladenia xanthochila</Label>
        </Representation>
      </TaxonName>
      <TaxonName id="i83">
        <Representation>
          <Label>Caladenia ×variabilis</Label>
        </Representation>
      </TaxonName>
    </TaxonNames>
    <IdentificationKeys>
      <IdentificationKey id="k1">
        <Representation>
          <Label xml:lang="en">Caladenia</Label>
        </Representation>
        <Leads>
          <Lead id="k1l1">
            <Statement>Petals and sepals acute or obtuse, usually &lt;20 mm long</Statement>
          </Lead>
          <Lead id="k1l50">
            <Statement>Petals and sepals acuminate, usually &gt;20 mm long</Statement>
          </Lead>
          <Lead id="k1l2">
            <Parent ref="k1l1"/>
            <Statement>Plant reproducing vegetatively, often forming dense colonies; leaf oblong-lanceolate, 3–20 mm wide; labellum mid-lobe larger than side lobes, lamina calli in 2 converging rows near bend</Statement>
            <TaxonName ref="i40"/>
          </Lead>
          <Lead id="k1l3">
            <Parent ref="k1l1"/>
            <Statement>Plant not reproducing vegetatively, colonies sparse; leaf linear, 1–3 mm wide; labellum mid-lobe smaller than side lobes, lamina calli in 2–4 more or less parallel rows</Statement>
          </Lead>
          <Lead id="k1l4">
            <Parent ref="k1l3"/>
            <Statement>Labellum tip elongate, covered with congested, sessile, dark crimson to black, shiny calli</Statement>
            <TaxonName ref="i22"/>
          </Lead>
          <Lead id="k1l5">
            <Parent ref="k1l3"/>
            <Statement>Labellum tip acute or obtuse but not elongate, not with dark congested calli (but calli often scattered)</Statement>
          </Lead>
          <Lead id="k1l6">
            <Parent ref="k1l5"/>
            <Statement>Dorsal sepal erect, recurved or somewhat incurved, but not hooded over column and labellum</Statement>
          </Lead>
          <Lead id="k1l33">
            <Parent ref="k1l5"/>
            <Statement>Dorsal sepal strongly hooded over column and labellum</Statement>
          </Lead>
          <Lead id="k1l7">
            <Parent ref="k1l6"/>
            <Statement>Flower almost entirely white except for orange calli and marginal teeth</Statement>
          </Lead>
          <Lead id="k1l10">
            <Parent ref="k1l6"/>
            <Statement>Flower not as above</Statement>
          </Lead>
          <Lead id="k1l8">
            <Parent ref="k1l7"/>
            <Statement>Labellum lateral lobes broad and rounded, marginal teeth short and broad (squarish); lateral sepals &lt;12 mm long ±parallel</Statement>
            <TaxonName ref="i7"/>
          </Lead>
          <Lead id="k1l9">
            <Parent ref="k1l7"/>
            <Statement>Labellum lateral lobes narrow, marginal teeth long and thin (finger-like); lateral sepals &gt;15 mm long, diverging</Statement>
            <TaxonName ref="i15"/>
          </Lead>
          <Lead id="k1l11">
            <Parent ref="k1l10"/>
            <Statement>Labellum with a bright orange recurved tip</Statement>
          </Lead>
          <Lead id="k1l16">
            <Parent ref="k1l10"/>
            <Statement>Labellum tip not bright orange</Statement>
          </Lead>
          <Lead id="k1l12">
            <Parent ref="k1l11"/>
            <Statement>Perianth segments &lt;10 mm long; labellum with a prominent, stalked, orange gland on either side of the mid-lobe</Statement>
            <TaxonName ref="i1"/>
          </Lead>
          <Lead id="k1l13">
            <Parent ref="k1l11"/>
            <Statement>Perianth segments &gt;10 mm long; labellum without such a pair of glands</Statement>
          </Lead>
          <Lead id="k1l14">
            <Parent ref="k1l13"/>
            <Statement>Labellum lamina lacking dark transverse bars; leaf densely hairy; east of Melbourne</Statement>
            <TaxonName ref="i15"/>
          </Lead>
          <Lead id="k1l15">
            <Parent ref="k1l13"/>
            <Statement>Labellum lamina with dark purplish transverse bars; leaf almost glabrous; Anglesea area</Statement>
            <TaxonName ref="i44"/>
          </Lead>
          <Lead id="k1l17">
            <Parent ref="k1l16"/>
            <Statement>Flower not opening; labellum mid-lobe entire; perianth segments 6–7 mm long</Statement>
            <TaxonName ref="i19"/>
          </Lead>
          <Lead id="k1l18">
            <Parent ref="k1l16"/>
            <Statement>Flower opening normally; labellum mid-lobe entire or with short teeth or calli; perianth segments 5–20 mm long</Statement>
          </Lead>
          <Lead id="k1l19">
            <Parent ref="k1l18"/>
            <Statement>Sepals &lt;10 mm long</Statement>
          </Lead>
          <Lead id="k1l24">
            <Parent ref="k1l18"/>
            <Statement>Sepals &gt;10 mm long</Statement>
          </Lead>
          <Lead id="k1l20">
            <Parent ref="k1l19"/>
            <Statement>Lateral sepals partially or wholly fused, sepals less than 3 times as long as broad; flower stem thick</Statement>
            <TaxonName ref="i60"/>
          </Lead>
          <Lead id="k1l21">
            <Parent ref="k1l19"/>
            <Statement>Lateral sepals free or fused at base only, sepals more than 3 times as long as broad; flower stem slender</Statement>
          </Lead>
          <Lead id="k1l22">
            <Parent ref="k1l21"/>
            <Statement>Lateral lobes of labellum with a triangular forward protruding apex embracing the column; exterior of perianth segments generally brownish all over; dry forest mainly north of the Main Divide</Statement>
            <TaxonName ref="i34"/>
          </Lead>
          <Lead id="k1l23">
            <Parent ref="k1l21"/>
            <Statement>Lateral lobes of labellum not as above; exterior of perianth segments pinkish; more mesic forests</Statement>
            <TaxonName ref="i45"/>
          </Lead>
          <Lead id="k1l25">
            <Parent ref="k1l24"/>
            <Statement>Lateral lobes of labellum with a triangular forward protruding apex embracing the column; exterior of perianth segments generally brownish all over; dry forest mainly north of the Main Divide</Statement>
            <TaxonName ref="i34"/>
          </Lead>
          <Lead id="k1l26">
            <Parent ref="k1l24"/>
            <Statement>Lateral lobes of labellum not as above; outside of perianth segments greenish, pink or with central brownish band</Statement>
          </Lead>
          <Lead id="k1l27">
            <Parent ref="k1l26"/>
            <Statement>Leaf usually less than half as long as flowering stem; dorsal sepal erect</Statement>
          </Lead>
          <Lead id="k1l30">
            <Parent ref="k1l26"/>
            <Statement>Leaf often reaching lowest flower; dorsal sepal incurved</Statement>
          </Lead>
          <Lead id="k1l28">
            <Parent ref="k1l27"/>
            <Statement>Lateral sepals free to the base; labellum white to pale pink with darker pink transverse bars; common, widespread, variable species</Statement>
            <TaxonName ref="i14"/>
          </Lead>
          <Lead id="k1l29">
            <Parent ref="k1l27"/>
            <Statement>Lateral sepals often fused at base; labellum deep pink with darker reddish transverse bars; rare species from the south-west</Statement>
            <TaxonName ref="i51"/>
          </Lead>
          <Lead id="k1l31">
            <Parent ref="k1l30"/>
            <Statement>Flowers pink; ovary not swollen prior to fertilization, less than 10 mm long; lateral lobes of labellum entire; lateral sepals often fused at base</Statement>
            <TaxonName ref="i81"/>
          </Lead>
          <Lead id="k1l32">
            <Parent ref="k1l30"/>
            <Statement>Flowers dull greenish-white; ovary usually swollen and more than 10 mm long; lateral lobes of labellum with a few marginal calli near mid-lobe; lateral sepals free</Statement>
            <TaxonName ref="i58"/>
          </Lead>
          <Lead id="k1l34">
            <Parent ref="k1l33"/>
            <Statement>Leaf 5–8 mm wide, thick and fleshy; dorsal sepal 4–8 mm wide; alpine and subalpine forest, woodland and grassland in eastern Victoria, and higher parts of the Grampians</Statement>
            <TaxonName ref="i2"/>
          </Lead>
          <Lead id="k1l35">
            <Parent ref="k1l33"/>
            <Statement>Leaf less than 5 mm wide, thin-textured; dorsal sepal 2–5 mm wide; plants mostly from low altitudes</Statement>
          </Lead>
          <Lead id="k1l36">
            <Parent ref="k1l35"/>
            <Statement>Flowers greenish, yellow, brownish, dusky red or purplish</Statement>
          </Lead>
          <Lead id="k1l43">
            <Parent ref="k1l35"/>
            <Statement>Flowers white or pink</Statement>
          </Lead>
          <Lead id="k1l37">
            <Parent ref="k1l36"/>
            <Statement>Tips of petals and lateral sepals recurved; labellum not 3-lobed</Statement>
            <TaxonName ref="i37"/>
          </Lead>
          <Lead id="k1l38">
            <Parent ref="k1l36"/>
            <Statement>Tips of petals and lateral sepals not recurved; labellum strongly 3-lobed</Statement>
          </Lead>
          <Lead id="k1l39">
            <Parent ref="k1l38"/>
            <Statement>Flowers golden yellow, appearing in summer; plants to 30 cm tall; Otways only</Statement>
            <TaxonName ref="i67"/>
          </Lead>
          <Lead id="k1l40">
            <Parent ref="k1l38"/>
            <Statement>Flowers not golden yellow, appearing in spring; plants to 25 cm tall; widespread</Statement>
          </Lead>
          <Lead id="k1l41">
            <Parent ref="k1l40"/>
            <Statement>Flowers cream to greenish with some reddish suffusions or brownish or reddish purple; perianth segments to 15 mm long; mostly in the Grampians</Statement>
            <TaxonName ref="i39"/>
          </Lead>
          <Lead id="k1l42">
            <Parent ref="k1l40"/>
            <Statement>Flowers cream to greenish; perianth segments to 10 mm long; widespread</Statement>
            <TaxonName ref="i75"/>
          </Lead>
          <Lead id="k1l44">
            <Parent ref="k1l43"/>
            <Statement>Labellum obviously 3-lobed; flowers white</Statement>
          </Lead>
          <Lead id="k1l47">
            <Parent ref="k1l43"/>
            <Statement>Labellum virtually unlobed; flowers white or pink</Statement>
          </Lead>
          <Lead id="k1l45">
            <Parent ref="k1l44"/>
            <Statement>Flowers strongly musk-scented; lateral sepals and petals often drooping; labellum mid-lobe purplish towards the tip</Statement>
            <TaxonName ref="i47"/>
          </Lead>
          <Lead id="k1l46">
            <Parent ref="k1l44"/>
            <Statement>Flowers not musk-scented; lateral sepals and petals stiffly spreading often with upturned tips; labellum mid-lobe entirely purplish</Statement>
            <TaxonName ref="i26"/>
          </Lead>
          <Lead id="k1l48">
            <Parent ref="k1l47"/>
            <Statement>Flowers pink or white; outer surface of petals and sepals covered with reddish glandular hairs; flowers mostly August to September; widespread</Statement>
            <TaxonName ref="i57"/>
          </Lead>
          <Lead id="k1l49">
            <Parent ref="k1l47"/>
            <Statement>Flowers mostly white; outer surface of petals and sepals with white to pale pink glandular hairs; flowers mostly September to November; east from about Sale</Statement>
            <TaxonName ref="i16"/>
          </Lead>
          <Lead id="k1l51">
            <Parent ref="k1l50"/>
            <Statement>Column lacking yellow basal glands; labellum lamina calli in 2 rows</Statement>
          </Lead>
          <Lead id="k1l56">
            <Parent ref="k1l50"/>
            <Statement>Column with 2 yellow basal glands; labellum lamina calli in 4–6 rows</Statement>
          </Lead>
          <Lead id="k1l52">
            <Parent ref="k1l51"/>
            <Statement>Petals and sepals usually &lt;25 mm long, broad at base tapering abruptly to short narrow tips</Statement>
            <TaxonName ref="i9"/>
          </Lead>
          <Lead id="k1l53">
            <Parent ref="k1l51"/>
            <Statement>Petals and sepals usually &gt;25 mm long, very narrow throughout</Statement>
          </Lead>
          <Lead id="k1l54">
            <Parent ref="k1l53"/>
            <Statement>Flowers predominantly greyish cream to creamy white; labellum lamina calli in 5–9 pairs; flower stem usually 5–15 cm tall</Statement>
            <TaxonName ref="i12"/>
          </Lead>
          <Lead id="k1l55">
            <Parent ref="k1l53"/>
            <Statement>Flowers predominantly red; labellum lamina calli in 10–16 pairs; flower stem usually 30–45 cm tall</Statement>
            <TaxonName ref="i29"/>
          </Lead>
          <Lead id="k1l57">
            <Parent ref="k1l56"/>
            <Statement>Labellum lateral lobes green, with short or long comb-like teeth; labellum mid-lobe red</Statement>
          </Lead>
          <Lead id="k1l74">
            <Parent ref="k1l56"/>
            <Statement>Labellum lateral lobes not usually green, or if greenish the margins entire; labellum mid-lobe variously coloured</Statement>
          </Lead>
          <Lead id="k1l58">
            <Parent ref="k1l57"/>
            <Statement>Labellum lobes with teeth less than 1.5 mm long</Statement>
          </Lead>
          <Lead id="k1l61">
            <Parent ref="k1l57"/>
            <Statement>Labellum lobes with teeth &gt;2 mm long</Statement>
          </Lead>
          <Lead id="k1l59">
            <Parent ref="k1l58"/>
            <Statement>Flower stem 8–20 cm tall; lateral sepals and petals strongly deflexed near ovary; labellum margins with numerous teeth; far western Victoria in woodland and mallee</Statement>
            <TaxonName ref="i74"/>
          </Lead>
          <Lead id="k1l60">
            <Parent ref="k1l58"/>
            <Statement>Flower stem 6–10 cm tall; lateral sepals and petals spreading to obliquely deflexed; labellum margins with 3–5 pairs of teeth; extremely rare in north-east outskirts of Melbourne</Statement>
            <TaxonName ref="i3"/>
          </Lead>
          <Lead id="k1l62">
            <Parent ref="k1l61"/>
            <Statement>Perianth segments not clubbed, less than 3 cm long</Statement>
            <TaxonName ref="i69"/>
          </Lead>
          <Lead id="k1l63">
            <Parent ref="k1l61"/>
            <Statement>Sepals and often petals clubbed, usually more than 3 cm long</Statement>
          </Lead>
          <Lead id="k1l64">
            <Parent ref="k1l63"/>
            <Statement>Lateral sepals pliant, often with an elbow-like bend near midway and curved upwards (often with drooping tips); labellum tremulous, marginal teeth rising above the level of the anther tip</Statement>
            <TaxonName ref="i71"/>
          </Lead>
          <Lead id="k1l65">
            <Parent ref="k1l63"/>
            <Statement>Lateral sepals more or less straight and stiff; labellum not or slightly tremulous, marginal teeth not rising above the level of the anther tip</Statement>
          </Lead>
          <Lead id="k1l66">
            <Parent ref="k1l65"/>
            <Statement>Sepals with bright yellow clubs; labellum laminar calli with verrucose heads; apparently restricted to sandy, semi-arid areas of north-western Victoria</Statement>
            <TaxonName ref="i78"/>
          </Lead>
          <Lead id="k1l67">
            <Parent ref="k1l65"/>
            <Statement>Sepals with orange, red or brown clubs; labellum laminar calli with smooth heads</Statement>
          </Lead>
          <Lead id="k1l68">
            <Parent ref="k1l67"/>
            <Statement>Labellum (when flattened) more than 18 mm long and wide; sepal clubs less than 9 mm long; apparently confined to sandy loams in the Little Desert area</Statement>
            <TaxonName ref="i70"/>
          </Lead>
          <Lead id="k1l69">
            <Parent ref="k1l67"/>
            <Statement>Labellum (when flattened) less than 18 mm long and wide; sepal clubs 6–15 mm long</Statement>
          </Lead>
          <Lead id="k1l70">
            <Parent ref="k1l69"/>
            <Statement>Leaf densely villous; flower stem thick; apparently confined to grassy Eucalyptus camaldulensis woodlands in the Stawell region</Statement>
            <TaxonName ref="i80"/>
          </Lead>
          <Lead id="k1l71">
            <Parent ref="k1l69"/>
            <Statement>Leaf not densely villous; flower stem slender; widespread</Statement>
          </Lead>
          <Lead id="k1l72">
            <Parent ref="k1l71"/>
            <Statement>Petals never clubbed (but sometimes with a few scattered glands); perianth segments 3–4 cm long; labellum 10–15 mm long (when flattened), lamina calli well-spaced; flowers Sep.–Nov.</Statement>
            <TaxonName ref="i53"/>
          </Lead>
          <Lead id="k1l73">
            <Parent ref="k1l71"/>
            <Statement>Petals usually clubbed; perianth segments 4–6 cm long; labellum 14–17 mm long (when flattened), lamina calli densely crowded; flowers Nov.–Jan.</Statement>
            <TaxonName ref="i27"/>
          </Lead>
          <Lead id="k1l75">
            <Parent ref="k1l74"/>
            <Statement>Labellum margins entire or nearly so</Statement>
          </Lead>
          <Lead id="k1l84">
            <Parent ref="k1l74"/>
            <Statement>Labellum margins with few to many pairs of marginal teeth</Statement>
          </Lead>
          <Lead id="k1l76">
            <Parent ref="k1l75"/>
            <Statement>Perianth segments to 25 mm long; labellum with thickened apical margins</Statement>
          </Lead>
          <Lead id="k1l79">
            <Parent ref="k1l75"/>
            <Statement>Perianth segments &gt;25 mm long; labellum without thickened apical margins</Statement>
          </Lead>
          <Lead id="k1l77">
            <Parent ref="k1l76"/>
            <Statement>Labellum laminar calli in 2 or 4 very dense rows throughout; western Victoria</Statement>
            <TaxonName ref="i13"/>
          </Lead>
          <Lead id="k1l78">
            <Parent ref="k1l76"/>
            <Statement>Labellum laminar calli in 4 or 6 dense rows, often becoming less dense on labellum mid-lobe; eastern Victoria</Statement>
            <TaxonName ref="i72"/>
          </Lead>
          <Lead id="k1l80">
            <Parent ref="k1l79"/>
            <Statement>Flowers entirely greenish yellow except for reddish sepaline thickened clubs</Statement>
            <TaxonName ref="i82"/>
          </Lead>
          <Lead id="k1l81">
            <Parent ref="k1l79"/>
            <Statement>Flowers not as above</Statement>
          </Lead>
          <Lead id="k1l82">
            <Parent ref="k1l81"/>
            <Statement>Perianth segments erect; labellum 5–7 mm wide</Statement>
            <TaxonName ref="i41"/>
          </Lead>
          <Lead id="k1l83">
            <Parent ref="k1l81"/>
            <Statement>Perianth segments spreading or obliquely deflexed; labellum &gt;7 mm wide</Statement>
            <TaxonName ref="i18"/>
          </Lead>
          <Lead id="k1l85">
            <Parent ref="k1l84"/>
            <Statement>Sepals, and often the petals, terminated by a clearly differentiated thickened club of tightly packed glands</Statement>
          </Lead>
          <Lead id="k1l128">
            <Parent ref="k1l84"/>
            <Statement>Sepals and petals often glandular in distal half, but not terminated by a clearly differentiated thickened club of tightly packed glands</Statement>
          </Lead>
          <Lead id="k1l86">
            <Parent ref="k1l85"/>
            <Statement>Flowers entirely dark red to crimson; lateral sepals and petals stiffly spreading</Statement>
            <TaxonName ref="i25"/>
          </Lead>
          <Lead id="k1l87">
            <Parent ref="k1l85"/>
            <Statement>Flowers not as above</Statement>
          </Lead>
          <Lead id="k1l88">
            <Parent ref="k1l87"/>
            <Statement>Flowers mostly greenish yellow, sometimes labellum mid-lobe and/or lamina calli reddish</Statement>
          </Lead>
          <Lead id="k1l91">
            <Parent ref="k1l87"/>
            <Statement>Flowers not as above</Statement>
          </Lead>
          <Lead id="k1l89">
            <Parent ref="k1l88"/>
            <Statement>Labellum unlobed, more or less flat; flowers appearing in September; lowland woodlands of western Victoria</Statement>
            <TaxonName ref="i82"/>
          </Lead>
          <Lead id="k1l90">
            <Parent ref="k1l88"/>
            <Statement>Labellum obscurely 3-lobed, side lobes raised; flowers appearing in December; montane and sub-alpine woodlands of north-eastern Victoria</Statement>
            <TaxonName ref="i0"/>
          </Lead>
          <Lead id="k1l92">
            <Parent ref="k1l91"/>
            <Statement>Flowers mostly white or creamy white; labellum laminar calli and marginal teeth often pink or reddish;  clubs reddish brown to black</Statement>
          </Lead>
          <Lead id="k1l97">
            <Parent ref="k1l91"/>
            <Statement>Flowers not as above</Statement>
          </Lead>
          <Lead id="k1l93">
            <Parent ref="k1l92"/>
            <Statement>Labellum margins with few short teeth &lt;1 mm long, or almost entire;  flower stem to 15 cm tall, thick; extremely rare in the Bannockburn area only</Statement>
            <TaxonName ref="i59"/>
          </Lead>
          <Lead id="k1l94">
            <Parent ref="k1l92"/>
            <Statement>Labellum margins with many teeth &gt;1 mm long; flower stem usually &gt;15 cm tall, slender</Statement>
          </Lead>
          <Lead id="k1l95">
            <Parent ref="k1l94"/>
            <Statement>Sepaline clubs often very dark red to almost black, 10–22 mm long; south-west Victoria only</Statement>
            <TaxonName ref="i36"/>
          </Lead>
          <Lead id="k1l96">
            <Parent ref="k1l94"/>
            <Statement>Sepaline clubs reddish brown, 6–12 mm long; known from a single collection on the Mornington Peninsula and possibly extinct</Statement>
            <TaxonName ref="i73"/>
          </Lead>
          <Lead id="k1l98">
            <Parent ref="k1l97"/>
            <Statement>Labellum unlobed, more or less flat</Statement>
          </Lead>
          <Lead id="k1l103">
            <Parent ref="k1l97"/>
            <Statement>Labellum with somewhat raised lateral lobes</Statement>
          </Lead>
          <Lead id="k1l99">
            <Parent ref="k1l98"/>
            <Statement>Sepaline clubs &gt;8 mm long; labellum with 4–6 rows of lamina calli; plants from higher montane areas of eastern Victoria</Statement>
            <TaxonName ref="i46"/>
          </Lead>
          <Lead id="k1l100">
            <Parent ref="k1l98"/>
            <Statement>Sepaline clubs &lt;8 mm long; labellum with 4 rows of lamina calli; plants from lower montane and near coastal areas of East Gippsland</Statement>
          </Lead>
          <Lead id="k1l101">
            <Parent ref="k1l100"/>
            <Statement>Plants from low altitude near coastal areas; flowers appearing mostly the season following fires</Statement>
            <TaxonName ref="i55"/>
          </Lead>
          <Lead id="k1l102">
            <Parent ref="k1l100"/>
            <Statement>Plants from higher altitude inland areas; flowering not dependent upon fires</Statement>
            <TaxonName ref="i49"/>
          </Lead>
          <Lead id="k1l104">
            <Parent ref="k1l103"/>
            <Statement>Labellum with generally less than 10 pairs of marginal teeth</Statement>
          </Lead>
          <Lead id="k1l111">
            <Parent ref="k1l103"/>
            <Statement>Labellum with 10 or more pairs of marginal teeth</Statement>
          </Lead>
          <Lead id="k1l105">
            <Parent ref="k1l104"/>
            <Statement>Sepals and petals almost entirely cream or white; petals held in a elevated position in freshly opened flowers; near-coastal habitats and extremely rare</Statement>
            <TaxonName ref="i76"/>
          </Lead>
          <Lead id="k1l106">
            <Parent ref="k1l104"/>
            <Statement>Sepals and petals not entirely cream or white; petals obliquely deflexed in freshly opened flowers; more inland habitats</Statement>
          </Lead>
          <Lead id="k1l107">
            <Parent ref="k1l106"/>
            <Statement>Labellum lamina calli dull, not densely crowded; extremely rare species known from a single locality near Whitfield</Statement>
            <TaxonName ref="i23"/>
          </Lead>
          <Lead id="k1l108">
            <Parent ref="k1l106"/>
            <Statement>Labellum lamina calli glossy, densely crowded; western Victoria only</Statement>
          </Lead>
          <Lead id="k1l109">
            <Parent ref="k1l108"/>
            <Statement>Woodlands of the Little Desert area</Statement>
            <TaxonName ref="i42"/>
          </Lead>
          <Lead id="k1l110">
            <Parent ref="k1l108"/>
            <Statement>Limestone outcrops near Portland</Statement>
            <TaxonName ref="i11"/>
          </Lead>
          <Lead id="k1l112">
            <Parent ref="k1l111"/>
            <Statement>Lamina calli in 4 rows</Statement>
          </Lead>
          <Lead id="k1l115">
            <Parent ref="k1l111"/>
            <Statement>At least some flowers with lamina calli in 6 rows</Statement>
          </Lead>
          <Lead id="k1l113">
            <Parent ref="k1l112"/>
            <Statement>Labellum with 9–12 pairs of marginal teeth; flowers yellow and red or entirely reddish; only known from the St Arnaud and Deep Lead areas of western Victoria</Statement>
            <TaxonName ref="i4"/>
          </Lead>
          <Lead id="k1l114">
            <Parent ref="k1l112"/>
            <Statement>Labellum with 12–18 pairs of marginal teeth; flowers mostly creamy yellow; only known from the Dalyenong-Emu area of western Victoria</Statement>
            <TaxonName ref="i28"/>
          </Lead>
          <Lead id="k1l116">
            <Parent ref="k1l115"/>
            <Statement>Flowering stem to 14 cm tall; leaf profusely hairy (base whitish due to abundant, broad hairs); probably extinct in Victoria, formerly occurring on the Otway Plain</Statement>
            <TaxonName ref="i10"/>
          </Lead>
          <Lead id="k1l117">
            <Parent ref="k1l115"/>
            <Statement>Flowering stem on at least some plants &gt;15 cm tall; leaf hairs not as above</Statement>
          </Lead>
          <Lead id="k1l118">
            <Parent ref="k1l117"/>
            <Statement>Sepals on at least some flowers &gt;45 mm long</Statement>
          </Lead>
          <Lead id="k1l121">
            <Parent ref="k1l117"/>
            <Statement>Sepals &lt;45 mm long</Statement>
          </Lead>
          <Lead id="k1l119">
            <Parent ref="k1l118"/>
            <Statement>Flowering stem often &gt;30 cm tall; lamina calli of labellum shiny; known only from French Island in Western Port</Statement>
            <TaxonName ref="i38"/>
          </Lead>
          <Lead id="k1l120">
            <Parent ref="k1l118"/>
            <Statement>Flowering stem usually &lt;30 cm tall; lamina calli of labellum not shiny; widespread in near-coastal areas</Statement>
            <TaxonName ref="i8"/>
          </Lead>
          <Lead id="k1l122">
            <Parent ref="k1l121"/>
            <Statement>Sepals and petals spreading stiffly; far East Gippsland</Statement>
            <TaxonName ref="i5"/>
          </Lead>
          <Lead id="k1l123">
            <Parent ref="k1l121"/>
            <Statement>Sepals and petals drooping in distal half</Statement>
          </Lead>
          <Lead id="k1l124">
            <Parent ref="k1l123"/>
            <Statement>Petals usually lacking distinctly thickened clubs; known only from the Mornington Peninsula</Statement>
            <TaxonName ref="i62"/>
          </Lead>
          <Lead id="k1l125">
            <Parent ref="k1l123"/>
            <Statement>Petals usually with distinctly thickened clubs</Statement>
          </Lead>
          <Lead id="k1l126">
            <Parent ref="k1l125"/>
            <Statement>Flowers with a strong perfume reminiscent of burnt plastic; East Gippsland</Statement>
            <TaxonName ref="i52"/>
          </Lead>
          <Lead id="k1l127">
            <Parent ref="k1l125"/>
            <Statement>Flowers not scented strongly; western Victoria</Statement>
            <TaxonName ref="i61"/>
          </Lead>
          <Lead id="k1l129">
            <Parent ref="k1l128"/>
            <Statement>Labellum marginal teeth to 3.5 mm long, without thickened tips; flowers mostly white</Statement>
          </Lead>
          <Lead id="k1l132">
            <Parent ref="k1l128"/>
            <Statement>Labellum marginal teeth to 2.5 mm long with thickened tips or absent; flowers variously coloured</Statement>
          </Lead>
          <Lead id="k1l130">
            <Parent ref="k1l129"/>
            <Statement>Sepals 45–60 mm long; labellum to 10 mm wide</Statement>
            <TaxonName ref="i24"/>
          </Lead>
          <Lead id="k1l131">
            <Parent ref="k1l129"/>
            <Statement>Sepals 60–100 mm long; labellum 10–15 mm wide</Statement>
            <TaxonName ref="i77"/>
          </Lead>
          <Lead id="k1l133">
            <Parent ref="k1l132"/>
            <Statement>Sepals on all plants &lt;40 mm long;</Statement>
          </Lead>
          <Lead id="k1l138">
            <Parent ref="k1l132"/>
            <Statement>Sepals on at least some plants &gt;40 mm long;</Statement>
          </Lead>
          <Lead id="k1l134">
            <Parent ref="k1l133"/>
            <Statement>Labellum cordate with 4 dense rows of lamina calli on basal half of labellum, margins of mid-lobe thickened; south Gippsland</Statement>
            <TaxonName ref="i83"/>
          </Lead>
          <Lead id="k1l135">
            <Parent ref="k1l133"/>
            <Statement>Labellum ovate with 4 moderately spaced rows of lamina calli extending on to mid-lobe, margins of mid-lobe not thickened</Statement>
          </Lead>
          <Lead id="k1l136">
            <Parent ref="k1l135"/>
            <Statement>Flowers uniformly dark red to crimson; north-east Victoria</Statement>
            <TaxonName ref="i21"/>
          </Lead>
          <Lead id="k1l137">
            <Parent ref="k1l135"/>
            <Statement>Flower colour not as above; south-west Victoria</Statement>
            <TaxonName ref="i20"/>
          </Lead>
          <Lead id="k1l139">
            <Parent ref="k1l138"/>
            <Statement>Labellum margins entire or with short irregularly shaped teeth, lamina calli short, almost sessile; goldfields</Statement>
            <TaxonName ref="i6"/>
          </Lead>
          <Lead id="k1l140">
            <Parent ref="k1l138"/>
            <Statement>Labellum margins with regularly shaped teeth, lamina calli prominently stalked</Statement>
          </Lead>
          <Lead id="k1l141">
            <Parent ref="k1l140"/>
            <Statement>Flower uniformly purplish to blood-red</Statement>
          </Lead>
          <Lead id="k1l144">
            <Parent ref="k1l140"/>
            <Statement>Flower variously coloured</Statement>
          </Lead>
          <Lead id="k1l142">
            <Parent ref="k1l141"/>
            <Statement>Labellum with marginal teeth over most of its length; osmophore cells in sepals and petals in moniliform chains 3–4 cells long; south-west Victoria</Statement>
            <TaxonName ref="i31"/>
          </Lead>
          <Lead id="k1l143">
            <Parent ref="k1l141"/>
            <Statement>Labellum with marginal teeth confined to lateral lobes; osmophore cells in sepals and petals single or rarely in moniliform chains of 2 cells; Castlemaine area</Statement>
            <TaxonName ref="i17"/>
          </Lead>
          <Lead id="k1l145">
            <Parent ref="k1l144"/>
            <Statement>Sepals &lt;60 mm long in most plants</Statement>
          </Lead>
          <Lead id="k1l158">
            <Parent ref="k1l144"/>
            <Statement>Sepals &gt;60 mm long in most plants</Statement>
          </Lead>
          <Lead id="k1l146">
            <Parent ref="k1l145"/>
            <Statement>Flowers usually cream, yellow or greenish-yellow, often with a reddish labellum mid-lobe</Statement>
          </Lead>
          <Lead id="k1l151">
            <Parent ref="k1l145"/>
            <Statement>Flowers usually all pink or reddish or occasionally white with heavy pink striations or suffusions</Statement>
          </Lead>
          <Lead id="k1l147">
            <Parent ref="k1l146"/>
            <Statement>Flowers greenish-yellow; labellum mid-lobe and lamina calli rarely red; flowers appearing in summer</Statement>
            <TaxonName ref="i30"/>
          </Lead>
          <Lead id="k1l148">
            <Parent ref="k1l146"/>
            <Statement>Flowers cream or yellowish;  labellum mid-lobe often red; flowers appearing late winter and spring</Statement>
          </Lead>
          <Lead id="k1l149">
            <Parent ref="k1l148"/>
            <Statement>Labellum mid-lobe usually wine-red; flowers appearing late winter and early spring</Statement>
            <TaxonName ref="i48"/>
          </Lead>
          <Lead id="k1l150">
            <Parent ref="k1l148"/>
            <Statement>Labellum mid-lobe not wine-red; flowers appearing mid-spring</Statement>
            <TaxonName ref="i65"/>
          </Lead>
          <Lead id="k1l152">
            <Parent ref="k1l151"/>
            <Statement>Scape mostly &lt;17 cm tall; flower single, musk-scented, pale to deep pink with darker pink striations or suffusions; labellum lamina calli finger-like</Statement>
            <TaxonName ref="i63"/>
          </Lead>
          <Lead id="k1l153">
            <Parent ref="k1l151"/>
            <Statement>Scape mostly &gt;17 cm tall; flowers 1 or 2, not musk-scented, white, pink, red or purplish, sometimes with darker reddish striations; labellum lamina calli clubbed</Statement>
          </Lead>
          <Lead id="k1l154">
            <Parent ref="k1l153"/>
            <Statement>Flower solitary, mostly reddish; north-central Victoria</Statement>
            <TaxonName ref="i64"/>
          </Lead>
          <Lead id="k1l155">
            <Parent ref="k1l153"/>
            <Statement>Flowers 1 or 2, white, pink, or purplish, sometimes with darker reddish striations; western Victoria</Statement>
          </Lead>
          <Lead id="k1l156">
            <Parent ref="k1l155"/>
            <Statement>Lateral sepals and petals stiffly spreading; flowers mostly October to November</Statement>
            <TaxonName ref="i79"/>
          </Lead>
          <Lead id="k1l157">
            <Parent ref="k1l155"/>
            <Statement>Lateral sepals and petals drooping; flowers mostly late August to September</Statement>
            <TaxonName ref="i35"/>
          </Lead>
          <Lead id="k1l159">
            <Parent ref="k1l158"/>
            <Statement>Flowers mostly pale yellowish to white, sometimes with reddish labellum mid-lobe, calli and sepaline caudae</Statement>
          </Lead>
          <Lead id="k1l168">
            <Parent ref="k1l158"/>
            <Statement>Flowers variously coloured, but not usually as above, labellum often entirely red or purplish on upper surface</Statement>
          </Lead>
          <Lead id="k1l160">
            <Parent ref="k1l159"/>
            <Statement>Sepals often &gt;90 mm long on at least some plants; flowers strongly scented; near coastal heath between Mornington Peninsula and Yarram</Statement>
            <TaxonName ref="i50"/>
          </Lead>
          <Lead id="k1l161">
            <Parent ref="k1l159"/>
            <Statement>Sepals usually &lt;80 mm long; flowers strongly scented or not</Statement>
          </Lead>
          <Lead id="k1l162">
            <Parent ref="k1l161"/>
            <Statement>Flowers mostly white to creamy white; plants from inland open forests and woodlands</Statement>
          </Lead>
          <Lead id="k1l165">
            <Parent ref="k1l161"/>
            <Statement>Flowers creamy yellow to greenish; plants from near coastal heathlands and heathy woodlands</Statement>
          </Lead>
          <Lead id="k1l163">
            <Parent ref="k1l162"/>
            <Statement>Labellum white to creamy white with reddish lamina calli and marginal teeth; rare in open forest east of Melbourne</Statement>
            <TaxonName ref="i68"/>
          </Lead>
          <Lead id="k1l164">
            <Parent ref="k1l162"/>
            <Statement>Labellum with strong reddish longitudinal streaks; north-east Victoria</Statement>
            <TaxonName ref="i56"/>
          </Lead>
          <Lead id="k1l166">
            <Parent ref="k1l165"/>
            <Statement>Sepaline caudae dark reddish to almost black; flowers strongly scented; south-west Victoria</Statement>
            <TaxonName ref="i32"/>
          </Lead>
          <Lead id="k1l167">
            <Parent ref="k1l165"/>
            <Statement>Sepaline caudae not as above; flowers not strongly scented; south Gippsland</Statement>
            <TaxonName ref="i54"/>
          </Lead>
          <Lead id="k1l169">
            <Parent ref="k1l168"/>
            <Statement>Labellum deep purplish; sepals to 100 mm long, stiffly spreading; known only from the goldfields north of Ballarat and presumed extinct</Statement>
            <TaxonName ref="i43"/>
          </Lead>
          <Lead id="k1l170">
            <Parent ref="k1l168"/>
            <Statement>Labellum often reddish but not purplish; sepals to 80 mm long, drooping</Statement>
          </Lead>
          <Lead id="k1l171">
            <Parent ref="k1l170"/>
            <Statement>Apical half to two-thirds of tepals dark reddish brown contrasting with bright coloured basal portion; known only from woodlands west of Geelong</Statement>
            <TaxonName ref="i66"/>
          </Lead>
          <Lead id="k1l172">
            <Parent ref="k1l170"/>
            <Statement>Tepals not as above; goldfields near Stawell</Statement>
            <TaxonName ref="i33"/>
          </Lead>
        </Leads>
      </IdentificationKey>
    </IdentificationKeys>
  </Dataset>
</Datasets>
