<?xml version="1.0" encoding="UTF-8"?>
<Datasets xmlns="http://rs.tdwg.org/UBIF/2006/" xmlns:xsi="http://www.w3.org/2001/XMLSchema-instance" xsi:schemaLocation="http://rs.tdwg.org/UBIF/2006/ http://rs.tdwg.org/UBIF/2006/Schema/1.1/SDD.xsd">
  <TechnicalMetadata created="2014-12-08T01:23:21">
    <Generator name="KeyBase SDD export" version="0"/>
  </TechnicalMetadata>
  <Dataset xml:lang="en-au">
    <Representation>
      <Label xml:lang="en">Calandrinia</Label>
    </Representation>
    <TaxonNames>
      <TaxonName id="i0">
        <Representation>
          <Label>Calandrinia calyptrata</Label>
        </Representation>
      </TaxonName>
      <TaxonName id="i1">
        <Representation>
          <Label>Calandrinia corrigioloides</Label>
        </Representation>
      </TaxonName>
      <TaxonName id="i2">
        <Representation>
          <Label>Calandrinia eremaea</Label>
        </Representation>
      </TaxonName>
      <TaxonName id="i3">
        <Representation>
          <Label>Calandrinia granulifera</Label>
        </Representation>
      </TaxonName>
      <TaxonName id="i4">
        <Representation>
          <Label>Calandrinia menziesii</Label>
        </Representation>
      </TaxonName>
      <TaxonName id="i5">
        <Representation>
          <Label>Calandrinia volubilis</Label>
        </Representation>
      </TaxonName>
    </TaxonNames>
    <IdentificationKeys>
      <IdentificationKey id="k1">
        <Representation>
          <Label xml:lang="en">Calandrinia</Label>
        </Representation>
        <Leads>
          <Lead id="k1l1">
            <Statement>Sepals persistent; capsule readily dehiscent; leaves ± linear</Statement>
          </Lead>
          <Lead id="k1l10">
            <Statement>Sepals deciduous before fruit ripens; capsule shining black, tardily dehiscent; leaves obovoid to globular, to c. 1 cm long</Statement>
            <TaxonName ref="i3"/>
          </Lead>
          <Lead id="k1l2">
            <Parent ref="k1l1"/>
            <Statement>Sepals less than 4 mm long; petals to 7 mm long; valves of capsule obtuse, incurved; seeds not flattened toward margin</Statement>
          </Lead>
          <Lead id="k1l9">
            <Parent ref="k1l1"/>
            <Statement>Sepals 4 mm long or more; petals at least 7 mm long; valves of capsule acuminate; seeds flattened toward the margin</Statement>
            <TaxonName ref="i4"/>
          </Lead>
          <Lead id="k1l3">
            <Parent ref="k1l2"/>
            <Statement>Seeds at least 10 per capsule, 0.4–0.7 mm diam.; capsule ovoid; flowers clearly separated along elongating flowering stems</Statement>
          </Lead>
          <Lead id="k1l8">
            <Parent ref="k1l2"/>
            <Statement>Seeds 1–3 per capsule, 0.7–1 mm diam.; capsule cylindric; flowers clustered</Statement>
            <TaxonName ref="i1"/>
          </Lead>
          <Lead id="k1l4">
            <Parent ref="k1l3"/>
            <Statement>Seeds reniform, c. 0.5 mm diam., distinctly granular to papillate; plants often ± leafless above base; fruiting pedicels usually longer than 1 cm; capsules longer than 3.5 mm</Statement>
          </Lead>
          <Lead id="k1l7">
            <Parent ref="k1l3"/>
            <Statement>Seeds ± round, c. 0.7 mm diam., smooth to faintly patterned; plants usually with scattered leaves along branches; fruiting pedicels to c. 1 cm long; capsules to 3.5 (rarely to 4) mm long</Statement>
            <TaxonName ref="i0"/>
          </Lead>
          <Lead id="k1l5">
            <Parent ref="k1l4"/>
            <Statement>Flowering branch straight, never twining; stamens 7–20; fruiting pedicel straight, deflexed; capsule 3–5 mm long; seeds reddish or grey, rarely black</Statement>
            <TaxonName ref="i2"/>
          </Lead>
          <Lead id="k1l6">
            <Parent ref="k1l4"/>
            <Statement>Flowering stems twining; stamens 6–8; fruiting pedicel curved; capsule 5–7 mm long; seeds dark brown to black</Statement>
            <TaxonName ref="i5"/>
          </Lead>
        </Leads>
      </IdentificationKey>
    </IdentificationKeys>
  </Dataset>
</Datasets>
