<?xml version="1.0" encoding="UTF-8"?>
<Datasets xmlns="http://rs.tdwg.org/UBIF/2006/" xmlns:xsi="http://www.w3.org/2001/XMLSchema-instance" xsi:schemaLocation="http://rs.tdwg.org/UBIF/2006/ http://rs.tdwg.org/UBIF/2006/Schema/1.1/SDD.xsd">
  <TechnicalMetadata created="2014-12-08T01:23:33">
    <Generator name="KeyBase SDD export" version="0"/>
  </TechnicalMetadata>
  <Dataset xml:lang="en-au">
    <Representation>
      <Label xml:lang="en">Callitriche</Label>
    </Representation>
    <TaxonNames>
      <TaxonName id="i0">
        <Representation>
          <Label>Callitriche brachycarpa</Label>
        </Representation>
      </TaxonName>
      <TaxonName id="i1">
        <Representation>
          <Label>Callitriche cyclocarpa</Label>
        </Representation>
      </TaxonName>
      <TaxonName id="i2">
        <Representation>
          <Label>Callitriche hamulata</Label>
        </Representation>
      </TaxonName>
      <TaxonName id="i3">
        <Representation>
          <Label>Callitriche muelleri</Label>
        </Representation>
      </TaxonName>
      <TaxonName id="i4">
        <Representation>
          <Label>Callitriche palustris</Label>
        </Representation>
      </TaxonName>
      <TaxonName id="i5">
        <Representation>
          <Label>Callitriche sonderi</Label>
        </Representation>
      </TaxonName>
      <TaxonName id="i6">
        <Representation>
          <Label>Callitriche stagnalis</Label>
        </Representation>
      </TaxonName>
      <TaxonName id="i7">
        <Representation>
          <Label>Callitriche umbonata</Label>
        </Representation>
      </TaxonName>
    </TaxonNames>
    <IdentificationKeys>
      <IdentificationKey id="k1">
        <Representation>
          <Label xml:lang="en">Callitriche</Label>
        </Representation>
        <Leads>
          <Lead id="k1l1">
            <Statement>Fruit conspicuously broader than long</Statement>
          </Lead>
          <Lead id="k1l6">
            <Statement>Fruit not or scarcely broader than long</Statement>
          </Lead>
          <Lead id="k1l2">
            <Parent ref="k1l1"/>
            <Statement>Leaves not as above; fruit not winged or with wing much less than one-third the width of the mericarp</Statement>
          </Lead>
          <Lead id="k1l5">
            <Parent ref="k1l1"/>
            <Statement>Leaves rhombic, often apiculate, usually with a single obscure tooth on each side; fruit with wing c. one-third the width of the mericarp</Statement>
            <TaxonName ref="i3"/>
          </Lead>
          <Lead id="k1l3">
            <Parent ref="k1l2"/>
            <Statement>Leaves obovate; styles longer than ripe fruit; fruit not umbonate at base</Statement>
            <TaxonName ref="i0"/>
          </Lead>
          <Lead id="k1l4">
            <Parent ref="k1l2"/>
            <Statement>Leaves linear-obovate; styles shorter than ripe fruit; fruit umbonate at base</Statement>
            <TaxonName ref="i5"/>
          </Lead>
          <Lead id="k1l7">
            <Parent ref="k1l6"/>
            <Statement>Lower, earlier leaves 1-nerved, linear; mature fruit brown or black</Statement>
          </Lead>
          <Lead id="k1l14">
            <Parent ref="k1l6"/>
            <Statement>Lower, earlier leaves 3-nerved, linear-spathulate to spathulate; mature fruit pale</Statement>
            <TaxonName ref="i6"/>
          </Lead>
          <Lead id="k1l8">
            <Parent ref="k1l7"/>
            <Statement>Fruit much thicker at base than above</Statement>
          </Lead>
          <Lead id="k1l11">
            <Parent ref="k1l7"/>
            <Statement>Fruit not or scarcely thicker at base than above</Statement>
          </Lead>
          <Lead id="k1l9">
            <Parent ref="k1l8"/>
            <Statement>Fruit less than 0.9 mm long, scarcely winged, not umbonate at base</Statement>
            <TaxonName ref="i1"/>
          </Lead>
          <Lead id="k1l10">
            <Parent ref="k1l8"/>
            <Statement>Fruit 1 mm or more long, conspicuously winged, umbonate at base</Statement>
            <TaxonName ref="i7"/>
          </Lead>
          <Lead id="k1l12">
            <Parent ref="k1l11"/>
            <Statement>Styles deflexed; bracteoles absent or inconspicuous; at least some lower fruit usu- ally on long peduncles, almost circular</Statement>
            <TaxonName ref="i2"/>
          </Lead>
          <Lead id="k1l13">
            <Parent ref="k1l11"/>
            <Statement>Styles erect or slightly spreading; bracteoles conspicuous; all fruit subsessile, longer than wide</Statement>
            <TaxonName ref="i4"/>
          </Lead>
        </Leads>
      </IdentificationKey>
    </IdentificationKeys>
  </Dataset>
</Datasets>
