<?xml version="1.0" encoding="UTF-8"?>
<Datasets xmlns="http://rs.tdwg.org/UBIF/2006/" xmlns:xsi="http://www.w3.org/2001/XMLSchema-instance" xsi:schemaLocation="http://rs.tdwg.org/UBIF/2006/ http://rs.tdwg.org/UBIF/2006/Schema/1.1/SDD.xsd">
  <TechnicalMetadata created="2014-12-08T01:23:13">
    <Generator name="KeyBase SDD export" version="0"/>
  </TechnicalMetadata>
  <Dataset xml:lang="en-au">
    <Representation>
      <Label xml:lang="en">Callitris</Label>
    </Representation>
    <TaxonNames>
      <TaxonName id="i0">
        <Representation>
          <Label>Callitris endlicheri</Label>
        </Representation>
      </TaxonName>
      <TaxonName id="i1">
        <Representation>
          <Label>Callitris glaucophylla</Label>
        </Representation>
      </TaxonName>
      <TaxonName id="i2">
        <Representation>
          <Label>Callitris gracilis</Label>
        </Representation>
      </TaxonName>
      <TaxonName id="i3">
        <Representation>
          <Label>Callitris rhomboidea</Label>
        </Representation>
      </TaxonName>
      <TaxonName id="i4">
        <Representation>
          <Label>Callitris verrucosa</Label>
        </Representation>
      </TaxonName>
    </TaxonNames>
    <IdentificationKeys>
      <IdentificationKey id="k1">
        <Representation>
          <Label xml:lang="en">Callitris</Label>
        </Representation>
        <Leads>
          <Lead id="k1l1">
            <Statement>Outer side of leaves rounded, stem appearing rounded; cone with columella sometimes angular but not lobed</Statement>
          </Lead>
          <Lead id="k1l6">
            <Statement>Outer side of leaves keeled, stem appearing angular (more evident in dried specimens); columella in cone 3-lobed or with 3–4 separate parts</Statement>
          </Lead>
          <Lead id="k1l2">
            <Parent ref="k1l1"/>
            <Statement>Cones usually slightly to profusely warty; cone scales thick, fused at base</Statement>
          </Lead>
          <Lead id="k1l5">
            <Parent ref="k1l1"/>
            <Statement>Cones never with warts; cone scales thin, separating to base; straight tree with single trunk, to 20 m high</Statement>
            <TaxonName ref="i1"/>
          </Lead>
          <Lead id="k1l3">
            <Parent ref="k1l2"/>
            <Statement>3. Cones with or without scattered warts; straight tree with single trunk, generally 5–15 m tall</Statement>
            <TaxonName ref="i2"/>
          </Lead>
          <Lead id="k1l4">
            <Parent ref="k1l2"/>
            <Statement>Cones entirely covered with small, resinous warts; small stunted tree, trunks often several, generally less than 5 m tall</Statement>
            <TaxonName ref="i4"/>
          </Lead>
          <Lead id="k1l7">
            <Parent ref="k1l6"/>
            <Statement>Cone drying blackish, wrinkled or not wrinkled; cone scales more or less narrowing upwards, with small sharp projection near apex</Statement>
            <TaxonName ref="i0"/>
          </Lead>
          <Lead id="k1l8">
            <Parent ref="k1l6"/>
            <Statement>Cone drying brown and wrinkled; alternate cone scales widening upwards, with bold, broadly conical dorsal protuberance</Statement>
            <TaxonName ref="i3"/>
          </Lead>
        </Leads>
      </IdentificationKey>
    </IdentificationKeys>
  </Dataset>
</Datasets>
