<?xml version="1.0" encoding="UTF-8"?>
<Datasets xmlns="http://rs.tdwg.org/UBIF/2006/" xmlns:xsi="http://www.w3.org/2001/XMLSchema-instance" xsi:schemaLocation="http://rs.tdwg.org/UBIF/2006/ http://rs.tdwg.org/UBIF/2006/Schema/1.1/SDD.xsd">
  <TechnicalMetadata created="2014-12-08T01:23:28">
    <Generator name="KeyBase SDD export" version="0"/>
  </TechnicalMetadata>
  <Dataset xml:lang="en-au">
    <Representation>
      <Label xml:lang="en">Callistemon</Label>
    </Representation>
    <TaxonNames>
      <TaxonName id="i0">
        <Representation>
          <Label>Callistemon brachyandrus</Label>
        </Representation>
      </TaxonName>
      <TaxonName id="i1">
        <Representation>
          <Label>Callistemon citrinus</Label>
        </Representation>
      </TaxonName>
      <TaxonName id="i2">
        <Representation>
          <Label>Callistemon forresterae</Label>
        </Representation>
      </TaxonName>
      <TaxonName id="i3">
        <Representation>
          <Label>Callistemon kenmorrisonii</Label>
        </Representation>
      </TaxonName>
      <TaxonName id="i4">
        <Representation>
          <Label>Callistemon pallidus</Label>
        </Representation>
      </TaxonName>
      <TaxonName id="i5">
        <Representation>
          <Label>Callistemon pityoides</Label>
        </Representation>
      </TaxonName>
      <TaxonName id="i6">
        <Representation>
          <Label>Callistemon rugulosus</Label>
        </Representation>
      </TaxonName>
      <TaxonName id="i7">
        <Representation>
          <Label>Callistemon sieberi</Label>
        </Representation>
      </TaxonName>
      <TaxonName id="i8">
        <Representation>
          <Label>Callistemon subulatus</Label>
        </Representation>
      </TaxonName>
    </TaxonNames>
    <IdentificationKeys>
      <IdentificationKey id="k1">
        <Representation>
          <Label xml:lang="en">Callistemon</Label>
        </Representation>
        <Leads>
          <Lead id="k1l1">
            <Statement>Flowers red</Statement>
          </Lead>
          <Lead id="k1l12">
            <Statement>Flowers cream to yellow</Statement>
          </Lead>
          <Lead id="k1l2">
            <Parent ref="k1l1"/>
            <Statement>Leaf margins not inrolled</Statement>
          </Lead>
          <Lead id="k1l11">
            <Parent ref="k1l1"/>
            <Statement>Leaves terete or with margin inrolled</Statement>
            <TaxonName ref="i0"/>
          </Lead>
          <Lead id="k1l3">
            <Parent ref="k1l2"/>
            <Statement>Leaves linear or linear-lanceolate</Statement>
          </Lead>
          <Lead id="k1l6">
            <Parent ref="k1l2"/>
            <Statement>Leaves narrowly lanceolate to oblanceolate</Statement>
          </Lead>
          <Lead id="k1l4">
            <Parent ref="k1l3"/>
            <Statement>Flowers mauve; capsules mostly more than 5 mm wide</Statement>
            <TaxonName ref="i2"/>
          </Lead>
          <Lead id="k1l5">
            <Parent ref="k1l3"/>
            <Statement>Flowers crimson; capsules mostly less than 5 mm wide</Statement>
            <TaxonName ref="i8"/>
          </Lead>
          <Lead id="k1l7">
            <Parent ref="k1l6"/>
            <Statement>Leaves narrowly oblanceolate to narrowly elliptic or narrowly lanceolate, not roughly gland-dotted</Statement>
          </Lead>
          <Lead id="k1l10">
            <Parent ref="k1l6"/>
            <Statement>Leaves mostly narrowly oblanceolate, roughly gland-dotted; anthers yellow</Statement>
            <TaxonName ref="i6"/>
          </Lead>
          <Lead id="k1l8">
            <Parent ref="k1l7"/>
            <Statement>Leaves mostly narrowly oblanceolate to narrowly elliptic; (plant of moist or near-swamp habitats</Statement>
            <TaxonName ref="i1"/>
          </Lead>
          <Lead id="k1l9">
            <Parent ref="k1l7"/>
            <Statement>Leaves usually lanceolate; plant of rocky verges in far East Gippsland</Statement>
            <TaxonName ref="i3"/>
          </Lead>
          <Lead id="k1l13">
            <Parent ref="k1l12"/>
            <Statement>Leaves more than 3 mm wide</Statement>
          </Lead>
          <Lead id="k1l16">
            <Parent ref="k1l12"/>
            <Statement>Leaves less than 3 mm wide</Statement>
            <TaxonName ref="i5"/>
          </Lead>
          <Lead id="k1l14">
            <Parent ref="k1l13"/>
            <Statement>Flower spikes 3–3.5 cm wide; oil glands often prominent; filaments mostly yellowish</Statement>
            <TaxonName ref="i4"/>
          </Lead>
          <Lead id="k1l15">
            <Parent ref="k1l13"/>
            <Statement>Flower spikes less than 3 cm wide; oil glands mostly inconspicuous; filaments cream to pink</Statement>
            <TaxonName ref="i7"/>
          </Lead>
        </Leads>
      </IdentificationKey>
    </IdentificationKeys>
  </Dataset>
</Datasets>
