<?xml version="1.0" encoding="UTF-8"?>
<Datasets xmlns="http://rs.tdwg.org/UBIF/2006/" xmlns:xsi="http://www.w3.org/2001/XMLSchema-instance" xsi:schemaLocation="http://rs.tdwg.org/UBIF/2006/ http://rs.tdwg.org/UBIF/2006/Schema/1.1/SDD.xsd">
  <TechnicalMetadata created="2014-12-08T01:23:47">
    <Generator name="KeyBase SDD export" version="0"/>
  </TechnicalMetadata>
  <Dataset xml:lang="en-au">
    <Representation>
      <Label xml:lang="en">Calliergon</Label>
    </Representation>
    <TaxonNames>
      <TaxonName id="i0">
        <Representation>
          <Label>Calliergon cordifolium</Label>
        </Representation>
      </TaxonName>
      <TaxonName id="i1">
        <Representation>
          <Label>Calliergon giganteum</Label>
        </Representation>
      </TaxonName>
      <TaxonName id="i2">
        <Representation>
          <Label>Pseudocalliergon angustifolium</Label>
        </Representation>
      </TaxonName>
      <TaxonName id="i3">
        <Representation>
          <Label>Pseudocalliergon trifarium</Label>
        </Representation>
      </TaxonName>
      <TaxonName id="i4">
        <Representation>
          <Label>Pseudocalliergon turgescens</Label>
        </Representation>
      </TaxonName>
      <TaxonName id="i5">
        <Representation>
          <Label>Sarmentypnum sarmentosum</Label>
        </Representation>
      </TaxonName>
      <TaxonName id="i6">
        <Representation>
          <Label>Straminergon stramineum</Label>
        </Representation>
      </TaxonName>
    </TaxonNames>
    <IdentificationKeys>
      <IdentificationKey id="k1">
        <Representation>
          <Label xml:lang="en">Calliergon</Label>
        </Representation>
        <Leads>
          <Lead id="k1l1">
            <Statement>Stem leaves with proximal one-half erect and nearly parallelling the stem but falcate and acuminate above that proximal base</Statement>
            <TaxonName ref="i2"/>
          </Lead>
          <Lead id="k1l2">
            <Statement>Stem leaves straight, erect to weakly spreading throughout, apiculate or rounded at apex</Statement>
          </Lead>
          <Lead id="k1l3">
            <Parent ref="k1l2"/>
            <Statement>Alar cells, including those of the extreme margin very thin-walled and strongly inflated; basal leaf margin broadly decurrent with that decurrency at least in part several cells wide; distal portion of leaves usually with a few nematogons</Statement>
          </Lead>
          <Lead id="k1l8">
            <Parent ref="k1l2"/>
            <Statement>Alar cells at least at basal margin rather thick-walled, less inflated than more interior alar cells; leaf margin narrowly or not at all decurrent; nematogons present or not</Statement>
          </Lead>
          <Lead id="k1l4">
            <Parent ref="k1l3"/>
            <Statement>Leaves elliptic, more than 2:1, with apex having a small apiculus; plants strongly washed with a reddish blush</Statement>
            <TaxonName ref="i5"/>
          </Lead>
          <Lead id="k1l5">
            <Parent ref="k1l3"/>
            <Statement>Leaves broadly ovate to rounded deltoid with apex obtuse to rounded; plants green to brownish green</Statement>
          </Lead>
          <Lead id="k1l6">
            <Parent ref="k1l5"/>
            <Statement>Cells of alar region showing a gradual transition to the cells distal to that region; plants sparingly branched, not regularly pinnate</Statement>
            <TaxonName ref="i0"/>
          </Lead>
          <Lead id="k1l7">
            <Parent ref="k1l5"/>
            <Statement>Cells of alar region sharply delimited from the adjacent more distal cells; plants regularly pinnate</Statement>
            <TaxonName ref="i1"/>
          </Lead>
          <Lead id="k1l9">
            <Parent ref="k1l8"/>
            <Statement>Leaves mostly more than 2:1; plants mostly with a reddish wash; most of the cells of the alar region strongly inflated and thin-walled; distal portion of leaves usually with a few nematogons</Statement>
            <TaxonName ref="i6"/>
          </Lead>
          <Lead id="k1l10">
            <Parent ref="k1l8"/>
            <Statement>Leaves nearly as broad as long, never with a reddish wash; all cells of the alar region with a significant amount of wall-thickening; nematogons not present in leaf</Statement>
          </Lead>
          <Lead id="k1l11">
            <Parent ref="k1l10"/>
            <Statement>Stem leaves apiculate</Statement>
            <TaxonName ref="i4"/>
          </Lead>
          <Lead id="k1l12">
            <Parent ref="k1l10"/>
            <Statement>Stem leaves with broadly rounded apex</Statement>
            <TaxonName ref="i3"/>
          </Lead>
        </Leads>
      </IdentificationKey>
    </IdentificationKeys>
  </Dataset>
</Datasets>
