<?xml version="1.0" encoding="UTF-8"?>
<Datasets xmlns="http://rs.tdwg.org/UBIF/2006/" xmlns:xsi="http://www.w3.org/2001/XMLSchema-instance" xsi:schemaLocation="http://rs.tdwg.org/UBIF/2006/ http://rs.tdwg.org/UBIF/2006/Schema/1.1/SDD.xsd">
  <TechnicalMetadata created="2014-12-08T01:23:37">
    <Generator name="KeyBase SDD export" version="0"/>
  </TechnicalMetadata>
  <Dataset xml:lang="en-au">
    <Representation>
      <Label xml:lang="en">Calotis</Label>
    </Representation>
    <TaxonNames>
      <TaxonName id="i0">
        <Representation>
          <Label>Calotis anthemoides</Label>
        </Representation>
      </TaxonName>
      <TaxonName id="i1">
        <Representation>
          <Label>Calotis cuneata</Label>
        </Representation>
      </TaxonName>
      <TaxonName id="i2">
        <Representation>
          <Label>Calotis cuneifolia</Label>
        </Representation>
      </TaxonName>
      <TaxonName id="i3">
        <Representation>
          <Label>Calotis cymbacantha</Label>
        </Representation>
      </TaxonName>
      <TaxonName id="i4">
        <Representation>
          <Label>Calotis erinacea</Label>
        </Representation>
      </TaxonName>
      <TaxonName id="i5">
        <Representation>
          <Label>Calotis hispidula</Label>
        </Representation>
      </TaxonName>
      <TaxonName id="i6">
        <Representation>
          <Label>Calotis lappulacea</Label>
        </Representation>
      </TaxonName>
      <TaxonName id="i7">
        <Representation>
          <Label>Calotis scabiosifolia</Label>
        </Representation>
      </TaxonName>
      <TaxonName id="i8">
        <Representation>
          <Label>Calotis scapigera</Label>
        </Representation>
      </TaxonName>
    </TaxonNames>
    <IdentificationKeys>
      <IdentificationKey id="k1">
        <Representation>
          <Label xml:lang="en">Calotis</Label>
        </Representation>
        <Leads>
          <Lead id="k1l1">
            <Statement>Ray florets conspicuous, white, mauve or yellow; disc florets sterile; perennials mostly taller than 15 cm</Statement>
          </Lead>
          <Lead id="k1l16">
            <Statement>Ray florets minute, much shorter than involucral bracts, yellow-green; disc florets fertile; hairy annuals, under 15 cm high</Statement>
            <TaxonName ref="i5"/>
          </Lead>
          <Lead id="k1l2">
            <Parent ref="k1l1"/>
            <Statement>Pappus entirely of awns</Statement>
          </Lead>
          <Lead id="k1l15">
            <Parent ref="k1l1"/>
            <Statement>Pappus of (usually 2) awns alternating with an equal number of scales; leaves spathulate, toothed or shallowly lobed apically (often c. fan-shaped), often with dilated, stem-clasping bases; ray florets mauve</Statement>
            <TaxonName ref="i2"/>
          </Lead>
          <Lead id="k1l3">
            <Parent ref="k1l2"/>
            <Statement>Ray florets yellow; plants taprooted; leaves scattered; stems freely branched, plants often sub-shrubby</Statement>
          </Lead>
          <Lead id="k1l8">
            <Parent ref="k1l2"/>
            <Statement>Ray florets white, mauve or blue; plants rhizomatous or stoloniferous; leaves all or mostly basal; scapes unbranched or few-branched</Statement>
          </Lead>
          <Lead id="k1l4">
            <Parent ref="k1l3"/>
            <Statement>Awns all more or less of equal size; ray florets longer than 4 mm; mostly sandy ground in north-west</Statement>
          </Lead>
          <Lead id="k1l7">
            <Parent ref="k1l3"/>
            <Statement>Awns of 2 distinct sizes, 2 long and erect, and 3–6 smaller and spreading; ray florets less than 4 mm long; mostly rocky places from near Melbourne eastwards, rare in west</Statement>
            <TaxonName ref="i6"/>
          </Lead>
          <Lead id="k1l5">
            <Parent ref="k1l4"/>
            <Statement>Plants hairy, rarely taller than 30 cm; awns 2, spreading at right angles to flattened, tuberculate faces of cypsela</Statement>
            <TaxonName ref="i3"/>
          </Lead>
          <Lead id="k1l6">
            <Parent ref="k1l4"/>
            <Statement>Plants glabrous, mostly 30 cm high or more; awns 2–4 (rarely 5), if only 2 then these in same plane as the flattened body of the smooth cypsela</Statement>
            <TaxonName ref="i4"/>
          </Lead>
          <Lead id="k1l9">
            <Parent ref="k1l8"/>
            <Statement>Leaves entire to toothed, or if ever pinnatisect, then division more than 1 mm wide; cypselas wingless</Statement>
          </Lead>
          <Lead id="k1l14">
            <Parent ref="k1l8"/>
            <Statement>Leaves deeply pinnatisect or bipinnatisect, with lobes only c. 1 mm wide; cypselas winged</Statement>
            <TaxonName ref="i0"/>
          </Lead>
          <Lead id="k1l10">
            <Parent ref="k1l9"/>
            <Statement>Plants hirsute to villous, rhizomatous to weakly stoloniferous, generally not growing in swampy areas; major awns of cypsela 4 or 5, alternating with shorter, finer, plumose secondary awns</Statement>
          </Lead>
          <Lead id="k1l13">
            <Parent ref="k1l9"/>
            <Statement>Plants glabrous to sparsely strigose, strongly stoloniferous, growing in heavy soils prone to inundation; awns of cypsela 5–8, subequal, or those above marginal ridges distinctly shorter than those above faces</Statement>
            <TaxonName ref="i8"/>
          </Lead>
          <Lead id="k1l11">
            <Parent ref="k1l10"/>
            <Statement>Awns in 2 rings, those in narrow central ring fine and plumose; apparently very rare or extinct, known only from Mitta Mitta area</Statement>
            <TaxonName ref="i1"/>
          </Lead>
          <Lead id="k1l12">
            <Parent ref="k1l10"/>
            <Statement>Awns in a single ring; widespread species</Statement>
            <TaxonName ref="i7"/>
          </Lead>
        </Leads>
      </IdentificationKey>
    </IdentificationKeys>
  </Dataset>
</Datasets>
