<?xml version="1.0" encoding="UTF-8"?>
<Datasets xmlns="http://rs.tdwg.org/UBIF/2006/" xmlns:xsi="http://www.w3.org/2001/XMLSchema-instance" xsi:schemaLocation="http://rs.tdwg.org/UBIF/2006/ http://rs.tdwg.org/UBIF/2006/Schema/1.1/SDD.xsd">
  <TechnicalMetadata created="2014-12-08T01:23:19">
    <Generator name="KeyBase SDD export" version="0"/>
  </TechnicalMetadata>
  <Dataset xml:lang="en-au">
    <Representation>
      <Label xml:lang="en">Calochilus</Label>
    </Representation>
    <TaxonNames>
      <TaxonName id="i0">
        <Representation>
          <Label>Calochilus campestris</Label>
        </Representation>
      </TaxonName>
      <TaxonName id="i1">
        <Representation>
          <Label>Calochilus herbaceus</Label>
        </Representation>
      </TaxonName>
      <TaxonName id="i2">
        <Representation>
          <Label>Calochilus imberbis</Label>
        </Representation>
      </TaxonName>
      <TaxonName id="i3">
        <Representation>
          <Label>Calochilus paludosus</Label>
        </Representation>
      </TaxonName>
      <TaxonName id="i4">
        <Representation>
          <Label>Calochilus platychilus</Label>
        </Representation>
      </TaxonName>
      <TaxonName id="i5">
        <Representation>
          <Label>Calochilus richiae</Label>
        </Representation>
      </TaxonName>
      <TaxonName id="i6">
        <Representation>
          <Label>Calochilus robertsonii</Label>
        </Representation>
      </TaxonName>
      <TaxonName id="i7">
        <Representation>
          <Label>Calochilus therophilus</Label>
        </Representation>
      </TaxonName>
    </TaxonNames>
    <IdentificationKeys>
      <IdentificationKey id="k1">
        <Representation>
          <Label xml:lang="en">Calochilus</Label>
        </Representation>
        <Leads>
          <Lead id="k1l1">
            <Statement>Labellum with hairs or papillae</Statement>
          </Lead>
          <Lead id="k1l14">
            <Statement>Labellum glabrous</Statement>
            <TaxonName ref="i2"/>
          </Lead>
          <Lead id="k1l2">
            <Parent ref="k1l1"/>
            <Statement>Labellum covered in long shaggy hairs, apex strap-like</Statement>
          </Lead>
          <Lead id="k1l13">
            <Parent ref="k1l1"/>
            <Statement>Labellum lower two-thirds covered with purplish papillae, apex glabrous, with inrolled margins</Statement>
            <TaxonName ref="i5"/>
          </Lead>
          <Lead id="k1l3">
            <Parent ref="k1l2"/>
            <Statement>Base of column with two bead-like glands</Statement>
          </Lead>
          <Lead id="k1l12">
            <Parent ref="k1l2"/>
            <Statement>Base of column without glands</Statement>
            <TaxonName ref="i3"/>
          </Lead>
          <Lead id="k1l4">
            <Parent ref="k1l3"/>
            <Statement>Labellum base glabrous, with 2 thick, metallic-blue, longitudinal plates</Statement>
          </Lead>
          <Lead id="k1l7">
            <Parent ref="k1l3"/>
            <Statement>Labellum base covered with purplish papillae</Statement>
          </Lead>
          <Lead id="k1l5">
            <Parent ref="k1l4"/>
            <Statement>Leaf well developed, usually &gt;10 cm long; labellum with an apical glandular tail 4–5 mm long</Statement>
            <TaxonName ref="i0"/>
          </Lead>
          <Lead id="k1l6">
            <Parent ref="k1l4"/>
            <Statement>Leaf rudimentary, up to 6 cm long; labellum with an apical glandular tail to 3 mm long</Statement>
            <TaxonName ref="i1"/>
          </Lead>
          <Lead id="k1l8">
            <Parent ref="k1l7"/>
            <Statement>Glands at base of column connected by an obscure frontal ridge; flowers summer</Statement>
            <TaxonName ref="i7"/>
          </Lead>
          <Lead id="k1l9">
            <Parent ref="k1l7"/>
            <Statement>Glands at base of column connected by prominently raised, often dotted, ridge; flowers spring</Statement>
          </Lead>
          <Lead id="k1l10">
            <Parent ref="k1l9"/>
            <Statement>Lateral sepals long-acuminate, spreading widely; petal apices curved strongly upwards; western Victoria</Statement>
            <TaxonName ref="i6"/>
          </Lead>
          <Lead id="k1l11">
            <Parent ref="k1l9"/>
            <Statement>Lateral sepals shortly acuminate, not spreading widely; petal apices straight or slightly curved upwards; eastern Victoria</Statement>
            <TaxonName ref="i4"/>
          </Lead>
        </Leads>
      </IdentificationKey>
    </IdentificationKeys>
  </Dataset>
</Datasets>
