<?xml version="1.0" encoding="UTF-8"?>
<Datasets xmlns="http://rs.tdwg.org/UBIF/2006/" xmlns:xsi="http://www.w3.org/2001/XMLSchema-instance" xsi:schemaLocation="http://rs.tdwg.org/UBIF/2006/ http://rs.tdwg.org/UBIF/2006/Schema/1.1/SDD.xsd">
  <TechnicalMetadata created="2014-12-08T01:23:32">
    <Generator name="KeyBase SDD export" version="0"/>
  </TechnicalMetadata>
  <Dataset xml:lang="en-au">
    <Representation>
      <Label xml:lang="en">Calystegia</Label>
    </Representation>
    <TaxonNames>
      <TaxonName id="i0">
        <Representation>
          <Label>Calystegia marginata</Label>
        </Representation>
      </TaxonName>
      <TaxonName id="i1">
        <Representation>
          <Label>Calystegia sepium</Label>
        </Representation>
      </TaxonName>
      <TaxonName id="i2">
        <Representation>
          <Label>Calystegia silvatica</Label>
        </Representation>
      </TaxonName>
      <TaxonName id="i3">
        <Representation>
          <Label>Calystegia soldanella</Label>
        </Representation>
      </TaxonName>
    </TaxonNames>
    <IdentificationKeys>
      <IdentificationKey id="k1">
        <Representation>
          <Label xml:lang="en">Calystegia</Label>
        </Representation>
        <Leads>
          <Lead id="k1l1">
            <Statement>Leaves membranous, ovate to lanceolate, acute; bracteoles longer than calyx; plants twining</Statement>
          </Lead>
          <Lead id="k1l6">
            <Statement>Leaves fleshy, reniform, apex rounded to emarginate; bracteoles slightly shorter than calyx; plants trailing, rarely twining; coastal dunes of far East Gippsland and Wilsons Promontory</Statement>
            <TaxonName ref="i3"/>
          </Lead>
          <Lead id="k1l2">
            <Parent ref="k1l1"/>
            <Statement>Corolla more than 2.5 cm long; bracteoles more or less ovate, 1 cm long or more; peduncles longer than petioles</Statement>
          </Lead>
          <Lead id="k1l5">
            <Parent ref="k1l1"/>
            <Statement>Corolla less than 2.5 cm long; bracteoles more or less orbicular, usually less than 1 cm long; peduncles not longer than petioles</Statement>
            <TaxonName ref="i0"/>
          </Lead>
          <Lead id="k1l3">
            <Parent ref="k1l2"/>
            <Statement>Bracteoles 1.5–2 cm long, less than 15 mm wide, acute; calyx to 1.5 cm long; capsule subglobose, 7–8 mm long</Statement>
            <TaxonName ref="i1"/>
          </Lead>
          <Lead id="k1l4">
            <Parent ref="k1l2"/>
            <Statement>Bracteoles 2–3.5 cm long, more than 15 mm wide, blunt, rounded to truncate, emarginate; calyx 1.5–2 cm long; capsule ovoid, 10–12 mm long</Statement>
            <TaxonName ref="i2"/>
          </Lead>
        </Leads>
      </IdentificationKey>
    </IdentificationKeys>
  </Dataset>
</Datasets>
