<?xml version="1.0" encoding="UTF-8"?>
<Datasets xmlns="http://rs.tdwg.org/UBIF/2006/" xmlns:xsi="http://www.w3.org/2001/XMLSchema-instance" xsi:schemaLocation="http://rs.tdwg.org/UBIF/2006/ http://rs.tdwg.org/UBIF/2006/Schema/1.1/SDD.xsd">
  <TechnicalMetadata created="2014-12-08T01:23:47">
    <Generator name="KeyBase SDD export" version="0"/>
  </TechnicalMetadata>
  <Dataset xml:lang="en-au">
    <Representation>
      <Label xml:lang="en">Campylopus</Label>
    </Representation>
    <TaxonNames>
      <TaxonName id="i0">
        <Representation>
          <Label>Atractylocarpus flagellaceus</Label>
        </Representation>
      </TaxonName>
      <TaxonName id="i1">
        <Representation>
          <Label>Campylopodiella stenocarpa</Label>
        </Representation>
      </TaxonName>
      <TaxonName id="i2">
        <Representation>
          <Label>Campylopus atrovirens</Label>
        </Representation>
      </TaxonName>
      <TaxonName id="i3">
        <Representation>
          <Label>Campylopus introflexus</Label>
        </Representation>
      </TaxonName>
      <TaxonName id="i4">
        <Representation>
          <Label>Campylopus pilifer</Label>
        </Representation>
      </TaxonName>
      <TaxonName id="i5">
        <Representation>
          <Label>Campylopus pyriformis</Label>
        </Representation>
      </TaxonName>
      <TaxonName id="i6">
        <Representation>
          <Label>Campylopus schmidii</Label>
        </Representation>
      </TaxonName>
      <TaxonName id="i7">
        <Representation>
          <Label>Campylopus subulatus</Label>
        </Representation>
      </TaxonName>
      <TaxonName id="i8">
        <Representation>
          <Label>Dicranodontium denudatum</Label>
        </Representation>
      </TaxonName>
      <TaxonName id="i9">
        <Representation>
          <Label>Paraleucobryum enerve</Label>
        </Representation>
      </TaxonName>
    </TaxonNames>
    <IdentificationKeys>
      <IdentificationKey id="k1">
        <Representation>
          <Label xml:lang="en">Campylopus</Label>
        </Representation>
        <Leads>
          <Lead id="k1l1">
            <Statement>Costa with stereid bands on both abaxial and adaxial sides, mostly with well-differentiated epidermises on both surfaces but without abaxial ridges</Statement>
          </Lead>
          <Lead id="k1l6">
            <Statement>Costa without a well defined adaxial stereid band; epidermises and abaxial ridges various</Statement>
          </Lead>
          <Lead id="k1l2">
            <Parent ref="k1l1"/>
            <Statement>Leaf base with marginal cells more narrow than those interior to the margin and therefore with little differentiation of the alar region</Statement>
            <TaxonName ref="i1"/>
          </Lead>
          <Lead id="k1l3">
            <Parent ref="k1l1"/>
            <Statement>Leaf with most of the basal marginal cells quadrate and inflated strongly defining an alar region</Statement>
          </Lead>
          <Lead id="k1l4">
            <Parent ref="k1l3"/>
            <Statement>Median cells of leaf linear and porose; subula occupying more than 1/2 of leaf; older leaves on stem readily caducous</Statement>
            <TaxonName ref="i8"/>
          </Lead>
          <Lead id="k1l5">
            <Parent ref="k1l3"/>
            <Statement>Median cells of leaf rectangular but not porose; subula shorter; leaves not caducous</Statement>
            <TaxonName ref="i0"/>
          </Lead>
          <Lead id="k1l7">
            <Parent ref="k1l6"/>
            <Statement>Costa filling nearly all of leaf with cross-section 3-cells thick and with thin-walled cells on both surfaces with the interior layer of cells smaller and deeply chlorophyllose</Statement>
            <TaxonName ref="i9"/>
          </Lead>
          <Lead id="k1l8">
            <Parent ref="k1l6"/>
            <Statement>Costa somewhat more narrow, without a median layer of chlorophyllose cells</Statement>
          </Lead>
          <Lead id="k1l9">
            <Parent ref="k1l8"/>
            <Statement>Plants with fragile shoots so that the surface of the plant is often covered with fragments of small leafy shoots; costa without stereids or with a weak and interrupted layer of abaxial stereids; leaves typically without hyaline awns</Statement>
          </Lead>
          <Lead id="k1l12">
            <Parent ref="k1l8"/>
            <Statement>Plants without such fragile shoots; costa with a strong and continuous layer of abaxial stereids; leaves typically with hyaline awns</Statement>
          </Lead>
          <Lead id="k1l10">
            <Parent ref="k1l9"/>
            <Statement>Leaves evenly contracted from base to apex; costa without stereids with the abaxial cross-section showing substereids</Statement>
            <TaxonName ref="i7"/>
          </Lead>
          <Lead id="k1l11">
            <Parent ref="k1l9"/>
            <Statement>Leaves with a broadened base that abruptly contracts into a subulate apex mostly filled with the costa; costa mostly with a band of abaxial stereids</Statement>
            <TaxonName ref="i5"/>
          </Lead>
          <Lead id="k1l13">
            <Parent ref="k1l12"/>
            <Statement>Basal juxtacostal cells thick-walled and porose with a strong red-brown pigmentation; cells of distal portion of leaf linear and vermiculose</Statement>
            <TaxonName ref="i2"/>
          </Lead>
          <Lead id="k1l14">
            <Parent ref="k1l12"/>
            <Statement>Basal juxtacostal cells not so differentiated; cells of distal portion of leaf mostly shorter, not vermiculose</Statement>
          </Lead>
          <Lead id="k1l15">
            <Parent ref="k1l14"/>
            <Statement>Costa smooth abaxially</Statement>
            <TaxonName ref="i6"/>
          </Lead>
          <Lead id="k1l16">
            <Parent ref="k1l14"/>
            <Statement>Costa ribbed on abaxial surface</Statement>
          </Lead>
          <Lead id="k1l17">
            <Parent ref="k1l16"/>
            <Statement>Awns on dry plants reflexed away from plant axis about 90 degrees</Statement>
            <TaxonName ref="i3"/>
          </Lead>
          <Lead id="k1l18">
            <Parent ref="k1l16"/>
            <Statement>Awns erect even on dry plants</Statement>
            <TaxonName ref="i4"/>
          </Lead>
        </Leads>
      </IdentificationKey>
    </IdentificationKeys>
  </Dataset>
</Datasets>
