<?xml version="1.0" encoding="UTF-8"?>
<Datasets xmlns="http://rs.tdwg.org/UBIF/2006/" xmlns:xsi="http://www.w3.org/2001/XMLSchema-instance" xsi:schemaLocation="http://rs.tdwg.org/UBIF/2006/ http://rs.tdwg.org/UBIF/2006/Schema/1.1/SDD.xsd">
  <TechnicalMetadata created="2014-12-08T01:23:35">
    <Generator name="KeyBase SDD export" version="0"/>
  </TechnicalMetadata>
  <Dataset xml:lang="en-au">
    <Representation>
      <Label xml:lang="en">Carduus</Label>
    </Representation>
    <TaxonNames>
      <TaxonName id="i0">
        <Representation>
          <Label>Carduus nutans</Label>
        </Representation>
      </TaxonName>
      <TaxonName id="i1">
        <Representation>
          <Label>Carduus pycnocephalus</Label>
        </Representation>
      </TaxonName>
      <TaxonName id="i2">
        <Representation>
          <Label>Carduus tenuiflorus</Label>
        </Representation>
      </TaxonName>
    </TaxonNames>
    <IdentificationKeys>
      <IdentificationKey id="k1">
        <Representation>
          <Label xml:lang="en">Carduus</Label>
        </Representation>
        <Leads>
          <Lead id="k1l1">
            <Statement>Capitula cylindric, less than 1.5 cm diam.; leaves discolorous, green above, white- cobwebbed below; corollas mostly 10–17 mm long</Statement>
          </Lead>
          <Lead id="k1l4">
            <Statement>Capitula hemispherical, 2–5 cm diam.; leaves concolorous, grey-green on both sur- faces; corollas mostly 18–22 mm long</Statement>
            <TaxonName ref="i0"/>
          </Lead>
          <Lead id="k1l2">
            <Parent ref="k1l1"/>
            <Statement>Dorsal surface of intermediate involucral bracts covered with minute antrorse hairs; outer florets exceeding adjacent inner involucral bracts; inner cypselas yellow-fawn; capitula usually 1–3</Statement>
            <TaxonName ref="i1"/>
          </Lead>
          <Lead id="k1l3">
            <Parent ref="k1l1"/>
            <Statement>Dorsal surface of intermediate involucral bracts glabrous or very sparsely hairy; outer florets not exceeding adjacent inner involucral bracts; inner cypselas grey- brown; capitula usually 3–9</Statement>
            <TaxonName ref="i2"/>
          </Lead>
        </Leads>
      </IdentificationKey>
    </IdentificationKeys>
  </Dataset>
</Datasets>
