<?xml version="1.0" encoding="UTF-8"?>
<Datasets xmlns="http://rs.tdwg.org/UBIF/2006/" xmlns:xsi="http://www.w3.org/2001/XMLSchema-instance" xsi:schemaLocation="http://rs.tdwg.org/UBIF/2006/ http://rs.tdwg.org/UBIF/2006/Schema/1.1/SDD.xsd">
  <TechnicalMetadata created="2014-12-08T01:23:21">
    <Generator name="KeyBase SDD export" version="0"/>
  </TechnicalMetadata>
  <Dataset xml:lang="en-au">
    <Representation>
      <Label xml:lang="en">Caryophyllaceae</Label>
    </Representation>
    <TaxonNames>
      <TaxonName id="i0">
        <Representation>
          <Label>Arenaria</Label>
        </Representation>
      </TaxonName>
      <TaxonName id="i1">
        <Representation>
          <Label>Cerastium</Label>
        </Representation>
      </TaxonName>
      <TaxonName id="i2">
        <Representation>
          <Label>Colobanthus</Label>
        </Representation>
      </TaxonName>
      <TaxonName id="i3">
        <Representation>
          <Label>Corrigiola</Label>
        </Representation>
      </TaxonName>
      <TaxonName id="i4">
        <Representation>
          <Label>Dianthus</Label>
        </Representation>
      </TaxonName>
      <TaxonName id="i5">
        <Representation>
          <Label>Gypsophila</Label>
        </Representation>
      </TaxonName>
      <TaxonName id="i6">
        <Representation>
          <Label>Herniaria</Label>
        </Representation>
      </TaxonName>
      <TaxonName id="i7">
        <Representation>
          <Label>Lychnis</Label>
        </Representation>
      </TaxonName>
      <TaxonName id="i8">
        <Representation>
          <Label>Minuartia</Label>
        </Representation>
      </TaxonName>
      <TaxonName id="i9">
        <Representation>
          <Label>Moenchia</Label>
        </Representation>
      </TaxonName>
      <TaxonName id="i10">
        <Representation>
          <Label>Paronychia</Label>
        </Representation>
      </TaxonName>
      <TaxonName id="i11">
        <Representation>
          <Label>Petrorhagia</Label>
        </Representation>
      </TaxonName>
      <TaxonName id="i12">
        <Representation>
          <Label>Polycarpon</Label>
        </Representation>
      </TaxonName>
      <TaxonName id="i13">
        <Representation>
          <Label>Sagina</Label>
        </Representation>
      </TaxonName>
      <TaxonName id="i14">
        <Representation>
          <Label>Saponaria</Label>
        </Representation>
      </TaxonName>
      <TaxonName id="i15">
        <Representation>
          <Label>Scleranthus</Label>
        </Representation>
      </TaxonName>
      <TaxonName id="i16">
        <Representation>
          <Label>Silene</Label>
        </Representation>
      </TaxonName>
      <TaxonName id="i17">
        <Representation>
          <Label>Spergula</Label>
        </Representation>
      </TaxonName>
      <TaxonName id="i18">
        <Representation>
          <Label>Spergularia</Label>
        </Representation>
      </TaxonName>
      <TaxonName id="i19">
        <Representation>
          <Label>Stellaria</Label>
        </Representation>
      </TaxonName>
      <TaxonName id="i20">
        <Representation>
          <Label>Vaccaria</Label>
        </Representation>
      </TaxonName>
    </TaxonNames>
    <IdentificationKeys>
      <IdentificationKey id="k1">
        <Representation>
          <Label xml:lang="en">Caryophyllaceae</Label>
        </Representation>
        <Leads>
          <Lead id="k1l1">
            <Statement>Stipules present</Statement>
          </Lead>
          <Lead id="k1l12">
            <Statement>Stipules absent</Statement>
          </Lead>
          <Lead id="k1l2">
            <Parent ref="k1l1"/>
            <Statement>Fruit an achene enclosed by the persistent calyx</Statement>
          </Lead>
          <Lead id="k1l7">
            <Parent ref="k1l1"/>
            <Statement>Fruit a capsule, dehiscing by 3–5 teeth or valves</Statement>
          </Lead>
          <Lead id="k1l3">
            <Parent ref="k1l2"/>
            <Statement>Leaves mostly opposite</Statement>
          </Lead>
          <Lead id="k1l6">
            <Parent ref="k1l2"/>
            <Statement>Leaves all alternate</Statement>
            <TaxonName ref="i3"/>
          </Lead>
          <Lead id="k1l4">
            <Parent ref="k1l3"/>
            <Statement>Stipules and bracts small, latter much shorter than flowers; seeds lenticular, shining</Statement>
            <TaxonName ref="i6"/>
          </Lead>
          <Lead id="k1l5">
            <Parent ref="k1l3"/>
            <Statement>Stipules and bracts conspicuous, latter more or less obscuring flowers; seeds subglobose, not shining</Statement>
            <TaxonName ref="i10"/>
          </Lead>
          <Lead id="k1l8">
            <Parent ref="k1l7"/>
            <Statement>Leaves linear to terete; seeds sometimes winged or keeled</Statement>
          </Lead>
          <Lead id="k1l11">
            <Parent ref="k1l7"/>
            <Statement>Leaves usually ovate or obovate to more or less spathulate; seeds never winged or keeled</Statement>
            <TaxonName ref="i12"/>
          </Lead>
          <Lead id="k1l9">
            <Parent ref="k1l8"/>
            <Statement>Styles 5; capsule 5-valved; seeds lenticular, often white-papillose</Statement>
            <TaxonName ref="i17"/>
          </Lead>
          <Lead id="k1l10">
            <Parent ref="k1l8"/>
            <Statement>Styles 3; capsule 3-valved; seeds not lenticular, never white-papillose</Statement>
            <TaxonName ref="i18"/>
          </Lead>
          <Lead id="k1l13">
            <Parent ref="k1l12"/>
            <Statement>Fruit a capsule, dehiscing by teeth or valves; petals usually present (absent in Colobanthus)</Statement>
          </Lead>
          <Lead id="k1l40">
            <Parent ref="k1l12"/>
            <Statement>Fruit an indehiscent nutlet; petals absent</Statement>
            <TaxonName ref="i15"/>
          </Lead>
          <Lead id="k1l14">
            <Parent ref="k1l13"/>
            <Statement>Sepals free or nearly so; petals when present never with a distinct claw</Statement>
          </Lead>
          <Lead id="k1l27">
            <Parent ref="k1l13"/>
            <Statement>Sepals united; petals usually with a distinct claw</Statement>
          </Lead>
          <Lead id="k1l15">
            <Parent ref="k1l14"/>
            <Statement>Capsule opening by as many teeth or valves (3, 4 or 5) as styles</Statement>
          </Lead>
          <Lead id="k1l20">
            <Parent ref="k1l14"/>
            <Statement>Capsule opening by twice as many teeth or valves (6, 8 or 10) as styles</Statement>
          </Lead>
          <Lead id="k1l16">
            <Parent ref="k1l15"/>
            <Statement>Plants not as above; petals usually present, or if absent then capsule splitting deeply into valves</Statement>
          </Lead>
          <Lead id="k1l19">
            <Parent ref="k1l15"/>
            <Statement>Plants short-stemmed with densely tufted or imbricate leaves; petals absent; capsule opening by short, blunt teeth</Statement>
            <TaxonName ref="i2"/>
          </Lead>
          <Lead id="k1l17">
            <Parent ref="k1l16"/>
            <Statement>Styles usually 3; seeds subdiscoid to nautiloid</Statement>
            <TaxonName ref="i8"/>
          </Lead>
          <Lead id="k1l18">
            <Parent ref="k1l16"/>
            <Statement>Styles 4–5; seeds obovoid to reniform or subglobose</Statement>
            <TaxonName ref="i13"/>
          </Lead>
          <Lead id="k1l21">
            <Parent ref="k1l20"/>
            <Statement>Styles 3; dehiscing capsule with 6 teeth or valves</Statement>
          </Lead>
          <Lead id="k1l24">
            <Parent ref="k1l20"/>
            <Statement>Styles 4–5; dehiscing capsule with 8 or 10 teeth</Statement>
          </Lead>
          <Lead id="k1l22">
            <Parent ref="k1l21"/>
            <Statement>Petals entire or almost so; capsule very shortly toothed</Statement>
            <TaxonName ref="i0"/>
          </Lead>
          <Lead id="k1l23">
            <Parent ref="k1l21"/>
            <Statement>Petals bifid or absent; capsule deeply valved</Statement>
            <TaxonName ref="i19"/>
          </Lead>
          <Lead id="k1l25">
            <Parent ref="k1l24"/>
            <Statement>Plant hairy; stamens 4, 5 or 10; petals absent or more or less bifid, rarely entire; mature capsule often curved</Statement>
            <TaxonName ref="i1"/>
          </Lead>
          <Lead id="k1l26">
            <Parent ref="k1l24"/>
            <Statement>Plant glabrous; stamens 4, rarely 8; petals entire; capsule never curved</Statement>
            <TaxonName ref="i9"/>
          </Lead>
          <Lead id="k1l28">
            <Parent ref="k1l27"/>
            <Statement>Calyx-tube with commissural veins alternating with midveins of lobes; styles 3–5</Statement>
          </Lead>
          <Lead id="k1l31">
            <Parent ref="k1l27"/>
            <Statement>Calyx-tube without commissural veins; styles 2 (rarely 3)</Statement>
          </Lead>
          <Lead id="k1l29">
            <Parent ref="k1l28"/>
            <Statement>Capsule-teeth as many as styles</Statement>
            <TaxonName ref="i7"/>
          </Lead>
          <Lead id="k1l30">
            <Parent ref="k1l28"/>
            <Statement>Capsule-teeth twice as many as styles</Statement>
            <TaxonName ref="i16"/>
          </Lead>
          <Lead id="k1l32">
            <Parent ref="k1l31"/>
            <Statement>Flowers with 2–6 epicalycine-scales; seeds dorsiventrally flattened, scutate</Statement>
          </Lead>
          <Lead id="k1l35">
            <Parent ref="k1l31"/>
            <Statement>Flowers without epicalycine-scales; seeds laterally flattened to globose, not scutate</Statement>
          </Lead>
          <Lead id="k1l33">
            <Parent ref="k1l32"/>
            <Statement>Bracts foliaceous; calyx-tube without scarious commissures</Statement>
            <TaxonName ref="i4"/>
          </Lead>
          <Lead id="k1l34">
            <Parent ref="k1l32"/>
            <Statement>Bracts scarious or absent; calyx-tube with scarious commissures</Statement>
            <TaxonName ref="i11"/>
          </Lead>
          <Lead id="k1l36">
            <Parent ref="k1l35"/>
            <Statement>Calyx-tube with scarious commissures</Statement>
          </Lead>
          <Lead id="k1l39">
            <Parent ref="k1l35"/>
            <Statement>Calyx-tube entirely herbaceous</Statement>
            <TaxonName ref="i14"/>
          </Lead>
          <Lead id="k1l37">
            <Parent ref="k1l36"/>
            <Statement>Calyx-tube not winged</Statement>
            <TaxonName ref="i5"/>
          </Lead>
          <Lead id="k1l38">
            <Parent ref="k1l36"/>
            <Statement>Calyx-tube winged</Statement>
            <TaxonName ref="i20"/>
          </Lead>
        </Leads>
      </IdentificationKey>
    </IdentificationKeys>
  </Dataset>
</Datasets>
