<?xml version="1.0" encoding="UTF-8"?>
<Datasets xmlns="http://rs.tdwg.org/UBIF/2006/" xmlns:xsi="http://www.w3.org/2001/XMLSchema-instance" xsi:schemaLocation="http://rs.tdwg.org/UBIF/2006/ http://rs.tdwg.org/UBIF/2006/Schema/1.1/SDD.xsd">
  <TechnicalMetadata created="2014-12-08T01:23:19">
    <Generator name="KeyBase SDD export" version="0"/>
  </TechnicalMetadata>
  <Dataset xml:lang="en-au">
    <Representation>
      <Label xml:lang="en">Cassytha</Label>
    </Representation>
    <TaxonNames>
      <TaxonName id="i0">
        <Representation>
          <Label>Cassytha glabella</Label>
        </Representation>
      </TaxonName>
      <TaxonName id="i1">
        <Representation>
          <Label>Cassytha melantha</Label>
        </Representation>
      </TaxonName>
      <TaxonName id="i2">
        <Representation>
          <Label>Cassytha phaeolasia</Label>
        </Representation>
      </TaxonName>
      <TaxonName id="i3">
        <Representation>
          <Label>Cassytha pubescens</Label>
        </Representation>
      </TaxonName>
    </TaxonNames>
    <IdentificationKeys>
      <IdentificationKey id="k1">
        <Representation>
          <Label xml:lang="en">Cassytha</Label>
        </Representation>
        <Leads>
          <Lead id="k1l1">
            <Statement>Plant pubescent at least on inflorescence, often ascending to several metres high, with stout stems; flowers in spikes</Statement>
          </Lead>
          <Lead id="k1l6">
            <Statement>Plant completely glabrous, low-growing, with slender stems; flowers in shortly pedunculate umbellate clusters</Statement>
            <TaxonName ref="i0"/>
          </Lead>
          <Lead id="k1l2">
            <Parent ref="k1l1"/>
            <Statement>Flower buds covered by mostly brown or reddish hairs; mature stems to 1.5 mm thick, often pubescent; mature fruit pubescent, sometimes ribbed, 5–9 mm diam</Statement>
          </Lead>
          <Lead id="k1l5">
            <Parent ref="k1l1"/>
            <Statement>Flower buds covered by mostly black hairs; mature stems to 4 mm thick, glabrous; mature fruit glabrous, smooth, often streaked blackish, c. 1 cm diam. or more</Statement>
            <TaxonName ref="i1"/>
          </Lead>
          <Lead id="k1l3">
            <Parent ref="k1l2"/>
            <Statement>Spikes loose, mostly greater than 26 mm long; fruit ribbed, obovoid or pyriform, reddish-pubescent</Statement>
            <TaxonName ref="i2"/>
          </Lead>
          <Lead id="k1l4">
            <Parent ref="k1l2"/>
            <Statement>Spikes congested, less than 26 mm long; fruit smooth, ovoid or globular, white-pubescent</Statement>
            <TaxonName ref="i3"/>
          </Lead>
        </Leads>
      </IdentificationKey>
    </IdentificationKeys>
  </Dataset>
</Datasets>
