<?xml version="1.0" encoding="UTF-8"?>
<Datasets xmlns="http://rs.tdwg.org/UBIF/2006/" xmlns:xsi="http://www.w3.org/2001/XMLSchema-instance" xsi:schemaLocation="http://rs.tdwg.org/UBIF/2006/ http://rs.tdwg.org/UBIF/2006/Schema/1.1/SDD.xsd">
  <TechnicalMetadata created="2014-12-08T01:23:36">
    <Generator name="KeyBase SDD export" version="0"/>
  </TechnicalMetadata>
  <Dataset xml:lang="en-au">
    <Representation>
      <Label xml:lang="en">Cassinia</Label>
    </Representation>
    <TaxonNames>
      <TaxonName id="i0">
        <Representation>
          <Label>Cassinia aculeata</Label>
        </Representation>
      </TaxonName>
      <TaxonName id="i1">
        <Representation>
          <Label>Cassinia arcuata</Label>
        </Representation>
      </TaxonName>
      <TaxonName id="i2">
        <Representation>
          <Label>Cassinia longifolia</Label>
        </Representation>
      </TaxonName>
      <TaxonName id="i3">
        <Representation>
          <Label>Cassinia rugata</Label>
        </Representation>
      </TaxonName>
      <TaxonName id="i4">
        <Representation>
          <Label>Cassinia trinerva</Label>
        </Representation>
      </TaxonName>
      <TaxonName id="i5">
        <Representation>
          <Label>Cassinia uncata</Label>
        </Representation>
      </TaxonName>
    </TaxonNames>
    <IdentificationKeys>
      <IdentificationKey id="k1">
        <Representation>
          <Label xml:lang="en">Cassinia</Label>
        </Representation>
        <Leads>
          <Lead id="k1l1">
            <Statement>Inflorescence corymbose, c. erect; involucral bracts white, straw-coloured or pink; florets usually at least 4 per capitulum</Statement>
          </Lead>
          <Lead id="k1l10">
            <Statement>Inflorescence paniculate, pyramidal, often pendulous; involucral bracts brownish; florets 2 or 3 per capitulum</Statement>
            <TaxonName ref="i1"/>
          </Lead>
          <Lead id="k1l2">
            <Parent ref="k1l1"/>
            <Statement>Leaf-margins recurved or flat, lower surface largely visible; at least young leaves very viscid</Statement>
          </Lead>
          <Lead id="k1l5">
            <Parent ref="k1l1"/>
            <Statement>Leaf-margins revolute to strongly revolute, usually obscuring lower surfaces (except in rare C. rugata from far south-west)</Statement>
          </Lead>
          <Lead id="k1l3">
            <Parent ref="k1l2"/>
            <Statement>Leaves with only the midrib prominent</Statement>
            <TaxonName ref="i2"/>
          </Lead>
          <Lead id="k1l4">
            <Parent ref="k1l2"/>
            <Statement>Leaves with 3 prominent veins</Statement>
            <TaxonName ref="i4"/>
          </Lead>
          <Lead id="k1l6">
            <Parent ref="k1l5"/>
            <Statement>Lamina linear; margins usually strongly revolute and obscuring the lower surface; involucral bracts smooth, erect</Statement>
          </Lead>
          <Lead id="k1l9">
            <Parent ref="k1l5"/>
            <Statement>Lamina c. narrow-elliptic; margins not revolute to the midrib; inner involucral bracts c. wrinkled, somewhat spreading</Statement>
            <TaxonName ref="i3"/>
          </Lead>
          <Lead id="k1l7">
            <Parent ref="k1l6"/>
            <Statement>Leaves dull above, abruptly tapered to an acute or mucronate apex but not recurved or uncinate; branchlets with numerous fine spreading bristly hairs as well as cottony hairs; inflorescence domed; involucral bracts white (sometimes pink in bud)</Statement>
            <TaxonName ref="i0"/>
          </Lead>
          <Lead id="k1l8">
            <Parent ref="k1l6"/>
            <Statement>Leaves glossy above and often viscid, rarely cobwebbed, evenly tapered to a slender, acute, recurved or uncinate apex; branchlets often sparsely cottony or glabrescent, rarely (in eastern ranges) sometimes with erect bristly and cottony hairs; inflores- cence often c. flat-topped; involucral bracts white to straw-coloured</Statement>
            <TaxonName ref="i5"/>
          </Lead>
        </Leads>
      </IdentificationKey>
    </IdentificationKeys>
  </Dataset>
</Datasets>
