<?xml version="1.0" encoding="UTF-8"?>
<Datasets xmlns="http://rs.tdwg.org/UBIF/2006/" xmlns:xsi="http://www.w3.org/2001/XMLSchema-instance" xsi:schemaLocation="http://rs.tdwg.org/UBIF/2006/ http://rs.tdwg.org/UBIF/2006/Schema/1.1/SDD.xsd">
  <TechnicalMetadata created="2014-12-08T01:23:37">
    <Generator name="KeyBase SDD export" version="0"/>
  </TechnicalMetadata>
  <Dataset xml:lang="en-au">
    <Representation>
      <Label xml:lang="en">Celmisia</Label>
    </Representation>
    <TaxonNames>
      <TaxonName id="i0">
        <Representation>
          <Label>Celmisia costiniana</Label>
        </Representation>
      </TaxonName>
      <TaxonName id="i1">
        <Representation>
          <Label>Celmisia latifolia</Label>
        </Representation>
      </TaxonName>
      <TaxonName id="i2">
        <Representation>
          <Label>Celmisia pugioniformis</Label>
        </Representation>
      </TaxonName>
      <TaxonName id="i3">
        <Representation>
          <Label>Celmisia sericophylla</Label>
        </Representation>
      </TaxonName>
      <TaxonName id="i4">
        <Representation>
          <Label>Celmisia tomentella</Label>
        </Representation>
      </TaxonName>
    </TaxonNames>
    <IdentificationKeys>
      <IdentificationKey id="k1">
        <Representation>
          <Label xml:lang="en">Celmisia</Label>
        </Representation>
        <Leads>
          <Lead id="k1l1">
            <Statement>Upper surface of leaf with a thick or thin pellicle, sometimes deciduous in older leaves, the underside with short, compact or woolly tomentum; leaves rather stiff, persistent</Statement>
          </Lead>
          <Lead id="k1l8">
            <Statement>Leaves without pellicle, both surfaces with persistant antrorse silky hairs, usually denser and silvery on the underside, velvety to the touch; leaves flat and soft- textured, renewed annually</Statement>
            <TaxonName ref="i3"/>
          </Lead>
          <Lead id="k1l2">
            <Parent ref="k1l1"/>
            <Statement>Leaves less than 2 cm wide, or if wider, then with a thick, more or less persistent pellicle on upper surface; leaf underside with very short or more or less woolly tomentum; plants usually smaller and more slender than the preceding</Statement>
          </Lead>
          <Lead id="k1l7">
            <Parent ref="k1l1"/>
            <Statement>Leaves usually more than 2 (up to 5) cm wide, stiff and flat, oblanceolate to narrowly oblanceolate or elliptic; pellicle of upper leaf surface very thin and weak, soon breaking up into fine, more or less deciduous webby fragments; leaf underside with a dense compact tomentum covered by a very thin silvery pellicle which soon breaks up into microscopic hair-like fragments, satiny to the touch; generally robust plants, sometimes forming tufts up to 1 m wide</Statement>
            <TaxonName ref="i1"/>
          </Lead>
          <Lead id="k1l3">
            <Parent ref="k1l2"/>
            <Statement>Thin scaly rhizomes absent; rootstock branched and more or less woody, erect or ascending, or creeping and rooting to form often extensive patches; if tomentum of leaf underside short, with the midrib conspicuous, then tomentum hairs terete (under high magnification) and intermediate involucral bracts narrowly ovate- acuminate to narrowly triangular-acuminate</Statement>
          </Lead>
          <Lead id="k1l6">
            <Parent ref="k1l2"/>
            <Statement>Tufted herbs with thin spreading scaly rhizomes; leaf underside with very short tomentum, the midrib usually raised and conspicuous; tomentum hairs flattened (under high magnification); intermediate involucral bracts narrowly triangular to narrowly triangular-subulate</Statement>
            <TaxonName ref="i4"/>
          </Lead>
          <Lead id="k1l4">
            <Parent ref="k1l3"/>
            <Statement>Intermediate involucral bracts narrowly ovate- to narrowly triangular-acuminate, usually weakly tomentose at least distally, soon glabrescent and usually reddish-purple over most of the back, the margins densely woolly-fimbriate; leaves narrowly oblanceolate to narrowly elliptic or linear; pellicle soon rupturing beneath to reveal the short more or less woolly tomentum on the leaf underside, the raised midrib usually conspicuous; tomentum hairs terete (under high magnification)</Statement>
            <TaxonName ref="i0"/>
          </Lead>
          <Lead id="k1l5">
            <Parent ref="k1l3"/>
            <Statement>Intermediate involucral bracts narrowly triangular to narrowly triangular-subulate, more or less tomentose (but usually glabrescent at least in the lower third), reddish-purple distally, the margins more or less fimbriate; leaves subulate to linear-subulate, sometimes expanded and narrowly oblanceolate; pellicle usually tardily rupturing beneath to reveal the long, woolly tomentum which fills the cavity on the leaf underside, usually obscuring the raised midrib; tomentum hairs flattened (under high magnification)</Statement>
            <TaxonName ref="i2"/>
          </Lead>
        </Leads>
      </IdentificationKey>
    </IdentificationKeys>
  </Dataset>
</Datasets>
