<?xml version="1.0" encoding="UTF-8"?>
<Datasets xmlns="http://rs.tdwg.org/UBIF/2006/" xmlns:xsi="http://www.w3.org/2001/XMLSchema-instance" xsi:schemaLocation="http://rs.tdwg.org/UBIF/2006/ http://rs.tdwg.org/UBIF/2006/Schema/1.1/SDD.xsd">
  <TechnicalMetadata created="2014-12-08T01:23:35">
    <Generator name="KeyBase SDD export" version="0"/>
  </TechnicalMetadata>
  <Dataset xml:lang="en-au">
    <Representation>
      <Label xml:lang="en">Centipeda</Label>
    </Representation>
    <TaxonNames>
      <TaxonName id="i0">
        <Representation>
          <Label>Centipeda cunninghamii</Label>
        </Representation>
      </TaxonName>
      <TaxonName id="i1">
        <Representation>
          <Label>Centipeda minima</Label>
        </Representation>
      </TaxonName>
      <TaxonName id="i2">
        <Representation>
          <Label>Centipeda sp. 1</Label>
        </Representation>
      </TaxonName>
      <TaxonName id="i3">
        <Representation>
          <Label>Centipeda thespidioides</Label>
        </Representation>
      </TaxonName>
    </TaxonNames>
    <IdentificationKeys>
      <IdentificationKey id="k1">
        <Representation>
          <Label xml:lang="en">Centipeda</Label>
        </Representation>
        <Leads>
          <Lead id="k1l1">
            <Statement>Cypselas over 1 mm long, rounded, obtuse or truncate at apex; leaves typically 1–3 cm long; prostrate to erect annuals or perennials, glabrescent (growth tips sometimes cottony)</Statement>
          </Lead>
          <Lead id="k1l6">
            <Statement>Cypselas to 1 mm long, truncate at apex; leaves commonly c. 5 mm long (rarely to 20 mm); weak prostrate annuals, often cottony</Statement>
            <TaxonName ref="i1"/>
          </Lead>
          <Lead id="k1l2">
            <Parent ref="k1l1"/>
            <Statement>Fruiting heads very dense, firm, 4–8 mm diam., retained on plant until stems dry; bracts 1.5–5 mm long; cypselas rounded or truncate, ribbed for up to three-quarters their length; plants usually ascending or erect</Statement>
          </Lead>
          <Lead id="k1l5">
            <Parent ref="k1l1"/>
            <Statement>Fruiting heads rather soft, 3–5 mm diam., breaking up while stems still green; bracts c. 1 mm long; cypselas obtuse, ribbed virtually to apex; plants often prostrate</Statement>
            <TaxonName ref="i2"/>
          </Lead>
          <Lead id="k1l3">
            <Parent ref="k1l2"/>
            <Statement>Fruiting heads and receptacle distinctly convex; bracts widely spreading, to 3 mm long; cypselas minutely hairy along ribs only; ribs remaining distinct for at least three-quarters cypsela length; widespread</Statement>
            <TaxonName ref="i0"/>
          </Lead>
          <Lead id="k1l4">
            <Parent ref="k1l2"/>
            <Statement>Fruiting heads and receptacle flat-topped or slightly concave; bracts more or less erect, 3–5 mm long; cypselas hairy in a ring at the point of fusion of the ribs c. two- thirds cypsela length; rare in north-west</Statement>
            <TaxonName ref="i3"/>
          </Lead>
        </Leads>
      </IdentificationKey>
    </IdentificationKeys>
  </Dataset>
</Datasets>
