<?xml version="1.0" encoding="UTF-8"?>
<Datasets xmlns="http://rs.tdwg.org/UBIF/2006/" xmlns:xsi="http://www.w3.org/2001/XMLSchema-instance" xsi:schemaLocation="http://rs.tdwg.org/UBIF/2006/ http://rs.tdwg.org/UBIF/2006/Schema/1.1/SDD.xsd">
  <TechnicalMetadata created="2014-12-08T01:23:35">
    <Generator name="KeyBase SDD export" version="0"/>
  </TechnicalMetadata>
  <Dataset xml:lang="en-au">
    <Representation>
      <Label xml:lang="en">Centaurea</Label>
    </Representation>
    <TaxonNames>
      <TaxonName id="i0">
        <Representation>
          <Label>Centaurea calcitrapa</Label>
        </Representation>
      </TaxonName>
      <TaxonName id="i1">
        <Representation>
          <Label>Centaurea cyanus</Label>
        </Representation>
      </TaxonName>
      <TaxonName id="i2">
        <Representation>
          <Label>Centaurea melitensis</Label>
        </Representation>
      </TaxonName>
      <TaxonName id="i3">
        <Representation>
          <Label>Centaurea nigra</Label>
        </Representation>
      </TaxonName>
      <TaxonName id="i4">
        <Representation>
          <Label>Centaurea paniculata</Label>
        </Representation>
      </TaxonName>
      <TaxonName id="i5">
        <Representation>
          <Label>Centaurea scabiosa</Label>
        </Representation>
      </TaxonName>
      <TaxonName id="i6">
        <Representation>
          <Label>Centaurea solstitialis</Label>
        </Representation>
      </TaxonName>
    </TaxonNames>
    <IdentificationKeys>
      <IdentificationKey id="k1">
        <Representation>
          <Label xml:lang="en">Centaurea</Label>
        </Representation>
        <Leads>
          <Lead id="k1l1">
            <Statement>Apical appendage of intermediate involucral bracts pectinate or fimbriate, never spiny</Statement>
          </Lead>
          <Lead id="k1l8">
            <Statement>Apical appendage of intermediate involucral bracts stiff and spiny</Statement>
          </Lead>
          <Lead id="k1l2">
            <Parent ref="k1l1"/>
            <Statement>Capitula more than 10 mm diam.; cauline leaves entire, toothed or pinnatisect</Statement>
          </Lead>
          <Lead id="k1l7">
            <Parent ref="k1l1"/>
            <Statement>Capitula 3–6 mm diam.; cauline leaves pinnatifid</Statement>
            <TaxonName ref="i4"/>
          </Lead>
          <Lead id="k1l3">
            <Parent ref="k1l2"/>
            <Statement>Apical appendage of intermediate involucral bracts more or less triangular, fimbri- ate, scarious, light-brown or blackish</Statement>
          </Lead>
          <Lead id="k1l6">
            <Parent ref="k1l2"/>
            <Statement>Apical appendage of intermediate involucral bracts ovate-orbicular, pectinate, dark brown to blackish</Statement>
            <TaxonName ref="i3"/>
          </Lead>
          <Lead id="k1l4">
            <Parent ref="k1l3"/>
            <Statement>Cauline leaves more or less entire; involucre 12–13 mm diam.; outer florets dark blue, rarely white or purple; annual or rarely biennial</Statement>
            <TaxonName ref="i1"/>
          </Lead>
          <Lead id="k1l5">
            <Parent ref="k1l3"/>
            <Statement>Cauline leaves pinnatisect; involucre 18–25 mm diam.; outer florets purple; perennial</Statement>
            <TaxonName ref="i5"/>
          </Lead>
          <Lead id="k1l9">
            <Parent ref="k1l8"/>
            <Statement>Flowers yellow; pappus present</Statement>
          </Lead>
          <Lead id="k1l12">
            <Parent ref="k1l8"/>
            <Statement>Flowers purple; pappus absent</Statement>
            <TaxonName ref="i0"/>
          </Lead>
          <Lead id="k1l10">
            <Parent ref="k1l9"/>
            <Statement>Apical appendage of intermediate involucral bracts consisting of a spine 6–9 mm long with 1–3 pairs of spinules along sides near base; cypsela longer than pappus</Statement>
            <TaxonName ref="i2"/>
          </Lead>
          <Lead id="k1l11">
            <Parent ref="k1l9"/>
            <Statement>Apical appendage of intermediate involucral bracts consisting of a spine 10–25 mm long with 1 or 2 pairs of spinules at base only; cypsela shorter than pappus</Statement>
            <TaxonName ref="i6"/>
          </Lead>
        </Leads>
      </IdentificationKey>
    </IdentificationKeys>
  </Dataset>
</Datasets>
