<?xml version="1.0" encoding="UTF-8"?>
<Datasets xmlns="http://rs.tdwg.org/UBIF/2006/" xmlns:xsi="http://www.w3.org/2001/XMLSchema-instance" xsi:schemaLocation="http://rs.tdwg.org/UBIF/2006/ http://rs.tdwg.org/UBIF/2006/Schema/1.1/SDD.xsd">
  <TechnicalMetadata created="2014-12-08T01:23:14">
    <Generator name="KeyBase SDD export" version="0"/>
  </TechnicalMetadata>
  <Dataset xml:lang="en-au">
    <Representation>
      <Label xml:lang="en">Centrolepis</Label>
    </Representation>
    <TaxonNames>
      <TaxonName id="i0">
        <Representation>
          <Label>Centrolepis aristata</Label>
        </Representation>
      </TaxonName>
      <TaxonName id="i1">
        <Representation>
          <Label>Centrolepis cephaloformis</Label>
        </Representation>
      </TaxonName>
      <TaxonName id="i2">
        <Representation>
          <Label>Centrolepis fascicularis</Label>
        </Representation>
      </TaxonName>
      <TaxonName id="i3">
        <Representation>
          <Label>Centrolepis glabra</Label>
        </Representation>
      </TaxonName>
      <TaxonName id="i4">
        <Representation>
          <Label>Centrolepis polygyna</Label>
        </Representation>
      </TaxonName>
      <TaxonName id="i5">
        <Representation>
          <Label>Centrolepis strigosa</Label>
        </Representation>
      </TaxonName>
    </TaxonNames>
    <IdentificationKeys>
      <IdentificationKey id="k1">
        <Representation>
          <Label xml:lang="en">Centrolepis</Label>
        </Representation>
        <Leads>
          <Lead id="k1l1">
            <Statement>Bracts glabrous, rarely with a few minute triangular hairs on midrib; leaves glabrous</Statement>
          </Lead>
          <Lead id="k1l8">
            <Statement>Bracts with long, multicelled rigid hairs on outer surface; leaves hairy or glabrous</Statement>
          </Lead>
          <Lead id="k1l2">
            <Parent ref="k1l1"/>
            <Statement>Lower bract with an abruptly narrowed, terete, recurved or straight lamina 0.4–8 (–10) mm long; upper bract without a distinct lamina, hence apex obtuse to acute</Statement>
          </Lead>
          <Lead id="k1l7">
            <Parent ref="k1l1"/>
            <Statement>Lower bract with an abruptly narrowed, ± flattened, straight lamina (8–) 10–45 mm long; upper bract with an abruptly narrowed lamina 3–15 (–22) mm long</Statement>
            <TaxonName ref="i0"/>
          </Lead>
          <Lead id="k1l3">
            <Parent ref="k1l2"/>
            <Statement>Inflorescence unit 3–22 (–40) per pair of bracts, consisting of 1 stamen (or stamen absent) and 3–10 carpels per unit, secondary bracts present or absent; style fused together for up to one-half their length</Statement>
          </Lead>
          <Lead id="k1l6">
            <Parent ref="k1l2"/>
            <Statement>Inflorescence unit 1 per pair of bracts, consisting of 1 stamen (or stamen absent) and 6–14 carpels, secondary bracts absent; styles only fused at base</Statement>
            <TaxonName ref="i4"/>
          </Lead>
          <Lead id="k1l4">
            <Parent ref="k1l3"/>
            <Statement>Herb forming a dense, compact, rounded tuft; inflorescence borne on an axis 3–9 mm long and flowers usually included amongst the leaves; bracts recurved, 2–4 mm long</Statement>
            <TaxonName ref="i1"/>
          </Lead>
          <Lead id="k1l5">
            <Parent ref="k1l3"/>
            <Statement>Herb tufted, but never forming a compact rounded tuft; inflorescence borne on an axis 2–25 (–40) mm long and flowers usually held above the leaves; bracts straight, 0.4–3 mm long</Statement>
            <TaxonName ref="i3"/>
          </Lead>
          <Lead id="k1l9">
            <Parent ref="k1l8"/>
            <Statement>Bracts with lamina 2–6 mm long and distinctly exceeding the flowers; carpels 2–4 per inflorescence unit</Statement>
            <TaxonName ref="i2"/>
          </Lead>
          <Lead id="k1l10">
            <Parent ref="k1l8"/>
            <Statement>Bracts with lamina 0.5–1 mm long and only just exceeding the flowers; lower bract inserted 0.5–1 mm below upper bract; carpels 5 or 6 per inflorescence unit</Statement>
            <TaxonName ref="i5"/>
          </Lead>
        </Leads>
      </IdentificationKey>
    </IdentificationKeys>
  </Dataset>
</Datasets>
