<?xml version="1.0" encoding="UTF-8"?>
<Datasets xmlns="http://rs.tdwg.org/UBIF/2006/" xmlns:xsi="http://www.w3.org/2001/XMLSchema-instance" xsi:schemaLocation="http://rs.tdwg.org/UBIF/2006/ http://rs.tdwg.org/UBIF/2006/Schema/1.1/SDD.xsd">
  <TechnicalMetadata created="2014-12-08T01:23:21">
    <Generator name="KeyBase SDD export" version="0"/>
  </TechnicalMetadata>
  <Dataset xml:lang="en-au">
    <Representation>
      <Label xml:lang="en">Cerastium</Label>
    </Representation>
    <TaxonNames>
      <TaxonName id="i0">
        <Representation>
          <Label>Cerastium balearicum</Label>
        </Representation>
      </TaxonName>
      <TaxonName id="i1">
        <Representation>
          <Label>Cerastium comatum</Label>
        </Representation>
      </TaxonName>
      <TaxonName id="i2">
        <Representation>
          <Label>Cerastium diffusum</Label>
        </Representation>
      </TaxonName>
      <TaxonName id="i3">
        <Representation>
          <Label>Cerastium glomeratum</Label>
        </Representation>
      </TaxonName>
      <TaxonName id="i4">
        <Representation>
          <Label>Cerastium pumilum</Label>
        </Representation>
      </TaxonName>
      <TaxonName id="i5">
        <Representation>
          <Label>Cerastium semidecandrum</Label>
        </Representation>
      </TaxonName>
      <TaxonName id="i6">
        <Representation>
          <Label>Cerastium vulgare</Label>
        </Representation>
      </TaxonName>
    </TaxonNames>
    <IdentificationKeys>
      <IdentificationKey id="k1">
        <Representation>
          <Label xml:lang="en">Cerastium</Label>
        </Representation>
        <Leads>
          <Lead id="k1l1">
            <Statement>Bracts, at least the upper, with scarious margins; outer sepals clearly with scarious margins almost to the base</Statement>
          </Lead>
          <Lead id="k1l8">
            <Statement>Bracts apparently all herbaceous; 1–2 outer sepals with scarious margins obscure or absent for most of length</Statement>
          </Lead>
          <Lead id="k1l2">
            <Parent ref="k1l1"/>
            <Statement>Bracts with scarious apices usually at least 30% of length; petals emarginate, toothed or entire, rarely prominently bifid</Statement>
          </Lead>
          <Lead id="k1l5">
            <Parent ref="k1l1"/>
            <Statement>Bracts with scarious apices for 5–20% of length; petals bifid for at least the upper third</Statement>
          </Lead>
          <Lead id="k1l3">
            <Parent ref="k1l2"/>
            <Statement>Petals 50% or more shorter than sepals, narrow-oblong or elliptic, sometimes rudimentary, the apex acute, often with 1–2 acute lateral teeth</Statement>
            <TaxonName ref="i0"/>
          </Lead>
          <Lead id="k1l4">
            <Parent ref="k1l2"/>
            <Statement>Petals 10–30% shorter than sepals, narrow-obovate, the apex obtuse, usually more or less emarginate</Statement>
            <TaxonName ref="i5"/>
          </Lead>
          <Lead id="k1l6">
            <Parent ref="k1l5"/>
            <Statement>Annual or biennial without non-flowering shoots; sepals glandular-hairy; capsule 5–8 (rarely to 10) mm long</Statement>
            <TaxonName ref="i4"/>
          </Lead>
          <Lead id="k1l7">
            <Parent ref="k1l5"/>
            <Statement>Perennial with non-flowering shoots; sepals eglandular-hairy; capsule 9–12 mm long</Statement>
            <TaxonName ref="i6"/>
          </Lead>
          <Lead id="k1l9">
            <Parent ref="k1l8"/>
            <Statement>Fruiting pedicels hairy but not retrorse-villous</Statement>
          </Lead>
          <Lead id="k1l14">
            <Parent ref="k1l8"/>
            <Statement>Fruiting pedicels densely retrorse-villous</Statement>
            <TaxonName ref="i1"/>
          </Lead>
          <Lead id="k1l10">
            <Parent ref="k1l9"/>
            <Statement>Fruiting pedicels equalling to much longer than capsules</Statement>
          </Lead>
          <Lead id="k1l13">
            <Parent ref="k1l9"/>
            <Statement>Fruiting pedicels usually much shorter than capsules</Statement>
            <TaxonName ref="i3"/>
          </Lead>
          <Lead id="k1l11">
            <Parent ref="k1l10"/>
            <Statement>Flowers usually 4-merous; seeds colliculate to bluntly tuberculate</Statement>
            <TaxonName ref="i2"/>
          </Lead>
          <Lead id="k1l12">
            <Parent ref="k1l10"/>
            <Statement>Flowers usually 5-merous; seeds more or less sharply and coarsely tuberculate</Statement>
            <TaxonName ref="i4"/>
          </Lead>
        </Leads>
      </IdentificationKey>
    </IdentificationKeys>
  </Dataset>
</Datasets>
