<?xml version="1.0" encoding="UTF-8"?>
<Datasets xmlns="http://rs.tdwg.org/UBIF/2006/" xmlns:xsi="http://www.w3.org/2001/XMLSchema-instance" xsi:schemaLocation="http://rs.tdwg.org/UBIF/2006/ http://rs.tdwg.org/UBIF/2006/Schema/1.1/SDD.xsd">
  <TechnicalMetadata created="2014-12-08T01:23:12">
    <Generator name="KeyBase SDD export" version="0"/>
  </TechnicalMetadata>
  <Dataset xml:lang="en-au">
    <Representation>
      <Label xml:lang="en">Cheilanthes</Label>
    </Representation>
    <TaxonNames>
      <TaxonName id="i0">
        <Representation>
          <Label>Cheilanthes austrotenuifolia</Label>
        </Representation>
      </TaxonName>
      <TaxonName id="i1">
        <Representation>
          <Label>Cheilanthes distans</Label>
        </Representation>
      </TaxonName>
      <TaxonName id="i2">
        <Representation>
          <Label>Cheilanthes lasiophylla</Label>
        </Representation>
      </TaxonName>
      <TaxonName id="i3">
        <Representation>
          <Label>Cheilanthes sieberi</Label>
        </Representation>
      </TaxonName>
    </TaxonNames>
    <IdentificationKeys>
      <IdentificationKey id="k1">
        <Representation>
          <Label xml:lang="en">Cheilanthes</Label>
        </Representation>
        <Leads>
          <Lead id="k1l1">
            <Statement>Undersurface of pinnules generally without hairs; scales absent or sparse; lamina light to dark green</Statement>
          </Lead>
          <Lead id="k1l4">
            <Statement>Undersurface of pinnules thickly best with hairs and/or scales; lamina dark green to grey-green</Statement>
          </Lead>
          <Lead id="k1l2">
            <Parent ref="k1l1"/>
            <Statement>Lamina mostly 3–10 cm wide, triangular to ovate, 3-pinnate; pinnae close together; undersurface of rachis and midrib with scattered fine scales and few hairs</Statement>
            <TaxonName ref="i0"/>
          </Lead>
          <Lead id="k1l3">
            <Parent ref="k1l1"/>
            <Statement>Lamina mostly 2–3 cm wide, oblong to ovate, 2-pinnate (or 3-pinnate near base); pinnae well separated; undersurface of rachis and midrib with scattered segmented hairs (many appressed and glandular) and few scales</Statement>
            <TaxonName ref="i3"/>
          </Lead>
          <Lead id="k1l5">
            <Parent ref="k1l4"/>
            <Statement>Undersurface of pinnules covered in flat scales; upper surface of pinnules with small, sparse, simple hairs</Statement>
            <TaxonName ref="i1"/>
          </Lead>
          <Lead id="k1l6">
            <Parent ref="k1l4"/>
            <Statement>Undersurface of pinnules with fine scales and numerous branched hairs; upper surface of pinnules with moderate to dense cover of branched hairs</Statement>
            <TaxonName ref="i2"/>
          </Lead>
        </Leads>
      </IdentificationKey>
    </IdentificationKeys>
  </Dataset>
</Datasets>
