<?xml version="1.0" encoding="UTF-8"?>
<Datasets xmlns="http://rs.tdwg.org/UBIF/2006/" xmlns:xsi="http://www.w3.org/2001/XMLSchema-instance" xsi:schemaLocation="http://rs.tdwg.org/UBIF/2006/ http://rs.tdwg.org/UBIF/2006/Schema/1.1/SDD.xsd">
  <TechnicalMetadata created="2014-12-08T01:23:20">
    <Generator name="KeyBase SDD export" version="0"/>
  </TechnicalMetadata>
  <Dataset xml:lang="en-au">
    <Representation>
      <Label xml:lang="en">Chenopodiaceae</Label>
    </Representation>
    <TaxonNames>
      <TaxonName id="i0">
        <Representation>
          <Label>Atriplex</Label>
        </Representation>
      </TaxonName>
      <TaxonName id="i1">
        <Representation>
          <Label>Bassia</Label>
        </Representation>
      </TaxonName>
      <TaxonName id="i2">
        <Representation>
          <Label>Beta</Label>
        </Representation>
      </TaxonName>
      <TaxonName id="i3">
        <Representation>
          <Label>Chenopodium</Label>
        </Representation>
      </TaxonName>
      <TaxonName id="i4">
        <Representation>
          <Label>Cycloloma</Label>
        </Representation>
      </TaxonName>
      <TaxonName id="i5">
        <Representation>
          <Label>Dissocarpus</Label>
        </Representation>
      </TaxonName>
      <TaxonName id="i6">
        <Representation>
          <Label>Dysphania</Label>
        </Representation>
      </TaxonName>
      <TaxonName id="i7">
        <Representation>
          <Label>Einadia</Label>
        </Representation>
      </TaxonName>
      <TaxonName id="i8">
        <Representation>
          <Label>Enchylaena</Label>
        </Representation>
      </TaxonName>
      <TaxonName id="i9">
        <Representation>
          <Label>Eriochiton</Label>
        </Representation>
      </TaxonName>
      <TaxonName id="i10">
        <Representation>
          <Label>Halosarcia</Label>
        </Representation>
      </TaxonName>
      <TaxonName id="i11">
        <Representation>
          <Label>Maireana</Label>
        </Representation>
      </TaxonName>
      <TaxonName id="i12">
        <Representation>
          <Label>Malacocera</Label>
        </Representation>
      </TaxonName>
      <TaxonName id="i13">
        <Representation>
          <Label>Osteocarpum</Label>
        </Representation>
      </TaxonName>
      <TaxonName id="i14">
        <Representation>
          <Label>Pachycornia</Label>
        </Representation>
      </TaxonName>
      <TaxonName id="i15">
        <Representation>
          <Label>Rhagodia</Label>
        </Representation>
      </TaxonName>
      <TaxonName id="i16">
        <Representation>
          <Label>Salsola</Label>
        </Representation>
      </TaxonName>
      <TaxonName id="i17">
        <Representation>
          <Label>Sarcocornia</Label>
        </Representation>
      </TaxonName>
      <TaxonName id="i18">
        <Representation>
          <Label>Scleroblitum</Label>
        </Representation>
      </TaxonName>
      <TaxonName id="i19">
        <Representation>
          <Label>Sclerochlamys</Label>
        </Representation>
      </TaxonName>
      <TaxonName id="i20">
        <Representation>
          <Label>Sclerolaena</Label>
        </Representation>
      </TaxonName>
      <TaxonName id="i21">
        <Representation>
          <Label>Sclerostegia</Label>
        </Representation>
      </TaxonName>
      <TaxonName id="i22">
        <Representation>
          <Label>Stelligera</Label>
        </Representation>
      </TaxonName>
      <TaxonName id="i23">
        <Representation>
          <Label>Suaeda</Label>
        </Representation>
      </TaxonName>
      <TaxonName id="i24">
        <Representation>
          <Label>Threlkeldia</Label>
        </Representation>
      </TaxonName>
    </TaxonNames>
    <IdentificationKeys>
      <IdentificationKey id="k1">
        <Representation>
          <Label xml:lang="en">Chenopodiaceae</Label>
        </Representation>
        <Leads>
          <Lead id="k1l1">
            <Statement>Plant obviously leafy; leaves opposite or alternate; stems not jointed and fleshy</Statement>
          </Lead>
          <Lead id="k1l48">
            <Statement>Plant apparently leafless or leaves reduced to opposite, fleshy lobes at regular intervals along fleshy, jointed stems</Statement>
          </Lead>
          <Lead id="k1l2">
            <Parent ref="k1l1"/>
            <Statement>Leaves with flat blades, usually petiolate; fruit not developing prominent spines; plant often mealy-pubescent or glandular</Statement>
          </Lead>
          <Lead id="k1l22">
            <Parent ref="k1l1"/>
            <Statement>Leaves narrow, often terete or subterete, usually apparently sessile; fruit sometimes developing spines; plant neither mealy-pubescent nor glandular</Statement>
          </Lead>
          <Lead id="k1l3">
            <Parent ref="k1l2"/>
            <Statement>Plant usually mealy, at least when young; ovary superior; fruiting perianths sometimes clustered but not adhering together</Statement>
          </Lead>
          <Lead id="k1l20">
            <Parent ref="k1l2"/>
            <Statement>Plant glabrous; ovary semi-inferior; fruiting perianths woody or corky toward base, adhering together by the swollen receptacle</Statement>
            <TaxonName ref="i2"/>
          </Lead>
          <Lead id="k1l21">
            <Parent ref="k1l2"/>
            <Statement>Plant glabrous; ovary semi-inferior; fruiting perianths woody or corky toward base, adhering together by the swollen receptacle</Statement>
            <TaxonName ref="i2"/>
          </Lead>
          <Lead id="k1l4">
            <Parent ref="k1l3"/>
            <Statement>Flowers bisexual or unisexual; all with a perianth and never enclosed by paired bracteoles</Statement>
          </Lead>
          <Lead id="k1l19">
            <Parent ref="k1l3"/>
            <Statement>Flowers always unisexual; males with 5-lobed perianth and 5 stamens; females lacking perianth but enclosed by a pair of free to almost entirely fused bracteoles which enlarge in fruit, often becoming spongy, corky and/or with dorsal outgrowths</Statement>
            <TaxonName ref="i0"/>
          </Lead>
          <Lead id="k1l5">
            <Parent ref="k1l4"/>
            <Statement>Fruit a succulent berry</Statement>
          </Lead>
          <Lead id="k1l10">
            <Parent ref="k1l4"/>
            <Statement>Fruit dry</Statement>
          </Lead>
          <Lead id="k1l6">
            <Parent ref="k1l5"/>
            <Statement>Plant with flowers bisexual or female, herbaceous, wiry and spreading or ascending and softly woody; bisexual flowers with 1–5 stamens</Statement>
          </Lead>
          <Lead id="k1l9">
            <Parent ref="k1l5"/>
            <Statement>Plant dioecious, shrubby; male flowers with 5 stamens</Statement>
            <TaxonName ref="i15"/>
          </Lead>
          <Lead id="k1l7">
            <Parent ref="k1l6"/>
            <Statement>Flowers with 5 stamens; fruiting perianth enlarged, yellow to dark reddish on inner face</Statement>
            <TaxonName ref="i3"/>
          </Lead>
          <Lead id="k1l8">
            <Parent ref="k1l6"/>
            <Statement>Flowers with 1–3 stamens; fruiting perianth not enlarged or coloured</Statement>
            <TaxonName ref="i7"/>
          </Lead>
          <Lead id="k1l11">
            <Parent ref="k1l10"/>
            <Statement>Plant without a basal rosette, or if leaves apparently rosetted then fruiting perianth not as above</Statement>
          </Lead>
          <Lead id="k1l18">
            <Parent ref="k1l10"/>
            <Statement>Herb with basal rosette of leaves; tepals 4, enlarged and hard in fruit, strongly arched near base and exposing the fruit</Statement>
            <TaxonName ref="i18"/>
          </Lead>
          <Lead id="k1l12">
            <Parent ref="k1l11"/>
            <Statement>Fruiting perianth unwinged</Statement>
          </Lead>
          <Lead id="k1l17">
            <Parent ref="k1l11"/>
            <Statement>Fruiting perianth with a prominent membranous wing; flowering branches wiry, widely spreading; uncommon pasture weed of north-west</Statement>
            <TaxonName ref="i4"/>
          </Lead>
          <Lead id="k1l13">
            <Parent ref="k1l12"/>
            <Statement>Tepals 3–5, not hooded and inflated toward apex; stamens 1–5; glabrous or variously pubescent annuals or perennials</Statement>
          </Lead>
          <Lead id="k1l16">
            <Parent ref="k1l12"/>
            <Statement>Tepals 1–3, hooded and inflated toward apex in fruit; stamens 1 or 2; glandular-pubescent annuals</Statement>
            <TaxonName ref="i6"/>
          </Lead>
          <Lead id="k1l14">
            <Parent ref="k1l13"/>
            <Statement>Tepals 3–5; seed horizontal to vertical; annuals or soft-wooded shrubby perennials</Statement>
            <TaxonName ref="i3"/>
          </Lead>
          <Lead id="k1l15">
            <Parent ref="k1l13"/>
            <Statement>Tepals 5; seed horizontal; perennial herbs or slender, wiry subshrubs</Statement>
            <TaxonName ref="i7"/>
          </Lead>
          <Lead id="k1l23">
            <Parent ref="k1l22"/>
            <Statement>Flowers and fruits solitary in axils, or if ever paired or clustered then remaining free</Statement>
          </Lead>
          <Lead id="k1l47">
            <Parent ref="k1l22"/>
            <Statement>Flowers and fruits fused in axillary clusters of 2 or more</Statement>
            <TaxonName ref="i5"/>
          </Lead>
          <Lead id="k1l24">
            <Parent ref="k1l23"/>
            <Statement>Fruiting perianth dry, or if succulent, thinly so and remaining green, not slit down the side</Statement>
          </Lead>
          <Lead id="k1l45">
            <Parent ref="k1l23"/>
            <Statement>Fruiting perianth succulent, berry-like, yellow to red, totally enclosing fruit, slit down one side</Statement>
            <TaxonName ref="i8"/>
          </Lead>
          <Lead id="k1l46">
            <Parent ref="k1l23"/>
            <Statement>Fruiting perianth succulent, berry-like, yellow to red, totally enclosing fruit, slit down one side</Statement>
            <TaxonName ref="i8"/>
          </Lead>
          <Lead id="k1l25">
            <Parent ref="k1l24"/>
            <Statement>Fruiting perianth lacking wings, spines or prominent tubercles</Statement>
          </Lead>
          <Lead id="k1l30">
            <Parent ref="k1l24"/>
            <Statement>Fruiting perianth winged or with prominent spines, ridges or tubercles</Statement>
          </Lead>
          <Lead id="k1l26">
            <Parent ref="k1l25"/>
            <Statement>Fruit woody; flowers not subtended by bracteoles</Statement>
          </Lead>
          <Lead id="k1l29">
            <Parent ref="k1l25"/>
            <Statement>Fruit not woody; flowers subtended by a pair of bracteoles</Statement>
            <TaxonName ref="i23"/>
          </Lead>
          <Lead id="k1l27">
            <Parent ref="k1l26"/>
            <Statement>Flowering perianth 5-lobed; fruiting perianth dry, subglobular; inland</Statement>
            <TaxonName ref="i13"/>
          </Lead>
          <Lead id="k1l28">
            <Parent ref="k1l26"/>
            <Statement>Flowering perianth 3-lobed; fruiting perianth thinly succulent, ovoid to urceolate; coasts and inland</Statement>
            <TaxonName ref="i24"/>
          </Lead>
          <Lead id="k1l31">
            <Parent ref="k1l30"/>
            <Statement>Fruiting perianth winged (narrowly so in Sclerochlamys)</Statement>
          </Lead>
          <Lead id="k1l38">
            <Parent ref="k1l30"/>
            <Statement>Fruiting perianth unwinged, but with spines, cylindrical lobes, or tubercles</Statement>
          </Lead>
          <Lead id="k1l32">
            <Parent ref="k1l31"/>
            <Statement>Leaves not spine-tipped; flowers ebracteolate or with minute scale-like bracteoles; annuals or perennials</Statement>
          </Lead>
          <Lead id="k1l37">
            <Parent ref="k1l31"/>
            <Statement>Leaves spine-tipped; each flower subtended by a pair of conspicuous, leaf-like bracteoles; annual</Statement>
            <TaxonName ref="i16"/>
          </Lead>
          <Lead id="k1l33">
            <Parent ref="k1l32"/>
            <Statement>Perennials; fruiting perianth lacking spines</Statement>
          </Lead>
          <Lead id="k1l36">
            <Parent ref="k1l32"/>
            <Statement>Annual; tepals of fruiting perianth with horizontal wings and a short, hooked spine attached near the middle; uncommon weed of north-west</Statement>
            <TaxonName ref="i1"/>
          </Lead>
          <Lead id="k1l34">
            <Parent ref="k1l33"/>
            <Statement>Fruiting perianth lenticular to turbinate or globose, not obviously pentagonal at summit, with 5 horizontal wings or these fused forming a single annular ring</Statement>
            <TaxonName ref="i11"/>
          </Lead>
          <Lead id="k1l35">
            <Parent ref="k1l33"/>
            <Statement>Fruiting perianth hemispherical, truncate and pentagonal at summit with the perimeter narrowly winged</Statement>
            <TaxonName ref="i19"/>
          </Lead>
          <Lead id="k1l39">
            <Parent ref="k1l38"/>
            <Statement>Fruiting perianth with appendages in a single series</Statement>
          </Lead>
          <Lead id="k1l44">
            <Parent ref="k1l38"/>
            <Statement>Fruiting perianth with 2 series of 5 appendages, the upper deeply divided, the lower entire or narrowly lobed and spinose</Statement>
            <TaxonName ref="i9"/>
          </Lead>
          <Lead id="k1l40">
            <Parent ref="k1l39"/>
            <Statement>Fruiting perianth with 1–6 spines or blunt lobes</Statement>
          </Lead>
          <Lead id="k1l43">
            <Parent ref="k1l39"/>
            <Statement>Fruiting perianth hard, cup-shaped to subglobular with c. 11 short spines radiating from the truncate apex</Statement>
            <TaxonName ref="i22"/>
          </Lead>
          <Lead id="k1l41">
            <Parent ref="k1l40"/>
            <Statement>Fruiting perianth Y-shaped, with 3 soft, woolly lobes</Statement>
            <TaxonName ref="i12"/>
          </Lead>
          <Lead id="k1l42">
            <Parent ref="k1l40"/>
            <Statement>Fruiting perianth with 1–6 hard spines</Statement>
            <TaxonName ref="i20"/>
          </Lead>
          <Lead id="k1l49">
            <Parent ref="k1l48"/>
            <Statement>Flowers in cymules of 3; perianth lacking an upper lobe; stamen 1</Statement>
          </Lead>
          <Lead id="k1l54">
            <Parent ref="k1l48"/>
            <Statement>Flowers in cymules of 5–13 (or false whorls of 10–26) between bracts of inflorescence; perianth with an upper lobe overlapping the 2 lateral lobes; stamens 2</Statement>
            <TaxonName ref="i17"/>
          </Lead>
          <Lead id="k1l50">
            <Parent ref="k1l49"/>
            <Statement>Lateral flowers of each cymule male, central flower bisexual</Statement>
          </Lead>
          <Lead id="k1l53">
            <Parent ref="k1l49"/>
            <Statement>All 3 flowers of each cymule bisexual or female</Statement>
            <TaxonName ref="i10"/>
          </Lead>
          <Lead id="k1l51">
            <Parent ref="k1l50"/>
            <Statement>Articles of branchlets 5 mm diam. or more when fresh, terminated by prominent, spur-like lobes</Statement>
            <TaxonName ref="i14"/>
          </Lead>
          <Lead id="k1l52">
            <Parent ref="k1l50"/>
            <Statement>Articles of branchlets to c. 3 mm diam. when fresh, truncate at apex or with obtuse, shortly spreading lobes</Statement>
            <TaxonName ref="i21"/>
          </Lead>
        </Leads>
      </IdentificationKey>
    </IdentificationKeys>
  </Dataset>
</Datasets>
