<?xml version="1.0" encoding="UTF-8"?>
<Datasets xmlns="http://rs.tdwg.org/UBIF/2006/" xmlns:xsi="http://www.w3.org/2001/XMLSchema-instance" xsi:schemaLocation="http://rs.tdwg.org/UBIF/2006/ http://rs.tdwg.org/UBIF/2006/Schema/1.1/SDD.xsd">
  <TechnicalMetadata created="2014-12-08T01:23:31">
    <Generator name="KeyBase SDD export" version="0"/>
  </TechnicalMetadata>
  <Dataset xml:lang="en-au">
    <Representation>
      <Label xml:lang="en">Chionogentias</Label>
    </Representation>
    <TaxonNames>
      <TaxonName id="i0">
        <Representation>
          <Label>Chionogentias bawbawensis</Label>
        </Representation>
      </TaxonName>
      <TaxonName id="i1">
        <Representation>
          <Label>Chionogentias cunninghamii</Label>
        </Representation>
      </TaxonName>
      <TaxonName id="i2">
        <Representation>
          <Label>Chionogentias gunniana</Label>
        </Representation>
      </TaxonName>
      <TaxonName id="i3">
        <Representation>
          <Label>Chionogentias muelleriana</Label>
        </Representation>
      </TaxonName>
      <TaxonName id="i4">
        <Representation>
          <Label>Chionogentias polysperes</Label>
        </Representation>
      </TaxonName>
    </TaxonNames>
    <IdentificationKeys>
      <IdentificationKey id="k1">
        <Representation>
          <Label xml:lang="en">Chionogentias</Label>
        </Representation>
        <Leads>
          <Lead id="k1l1">
            <Statement>Pedicels mostly 0.8–1 mm diam. when fresh, 0.5 mm or more dry; calyx-lobes mostly longer than 7 mm (but only 4–5 mm long in Baw Baw Plateau endemic C. bawbawensis); corolla-lobes mostly longer than 10 mm, usually prominently dark-veined; plants mostly biennial or perennial, usually developing a stout basal stem (bearing scars of previous years leaves), flowering Jan.-Apr</Statement>
          </Lead>
          <Lead id="k1l6">
            <Statement>Pedicels subfiliform, mostly less than 0.8 mm diam. when fresh, 0.3–0.5 (–0.7) mm diam. dry; calyx-lobes rarely exceeding 7 mm; corolla-lobes to 10 mm long, often pure white or with faintly coloured veins; plants short-lived (apparently annual, possibly biennial), not developing a stout basal stem, flowering Sep.-Dec</Statement>
          </Lead>
          <Lead id="k1l2">
            <Parent ref="k1l1"/>
            <Statement>Calyx-lobes 5–12 mm long; stems usually more than 5-flowered; alpine areas generally</Statement>
          </Lead>
          <Lead id="k1l5">
            <Parent ref="k1l1"/>
            <Statement>Calyx-lobes 4–5 mm long; stems 3–5-flowered; rare and apparently endemic on Baw Baw Plateau</Statement>
            <TaxonName ref="i0"/>
          </Lead>
          <Lead id="k1l3">
            <Parent ref="k1l2"/>
            <Statement>Calyx-lobes mostly more than 4 times as long as wide; margins (and sometimes surfaces) of bracts and calyx-lobes papillose-scabrous; stems usually 25–55 cm high; anthers mostly c. 2 mm long (rarely longer); plants monocarpic (flowering only once)</Statement>
            <TaxonName ref="i1"/>
          </Lead>
          <Lead id="k1l4">
            <Parent ref="k1l2"/>
            <Statement>Calyx-lobes mostly less than 4 times as long as wide; stems 15–25 (–30) cm high; margins of bracts and calyx-lobes smooth or minutely papillose-scabrous; anthers (2–) 2.3–3 mm long; plants sometimes flowering more than once (remnants of previous years inflorescence sometimes apparent)</Statement>
            <TaxonName ref="i3"/>
          </Lead>
          <Lead id="k1l7">
            <Parent ref="k1l6"/>
            <Statement>Basal leaves narrow-oblanceolate, 3–7 mm wide, acute; pedicels of upper flowers usually 1–2 cm long; calyx-lobes 4–6 (–7) mm long; seeds straw-yellow to dull orange, 0.5–0.7 mm long; lowlands west of Port Phillip Bay</Statement>
            <TaxonName ref="i2"/>
          </Lead>
          <Lead id="k1l8">
            <Parent ref="k1l6"/>
            <Statement>Basal leaves oblanceolate-spathulate, 5–10 mm wide, obtuse; pedicels of upper flowers usually 2–4 cm long; calyx-lobes 5–7 (–9) mm long; seeds pale to greyish-orange; foothill, montane or subalpine areas</Statement>
            <TaxonName ref="i4"/>
          </Lead>
        </Leads>
      </IdentificationKey>
    </IdentificationKeys>
  </Dataset>
</Datasets>
