<?xml version="1.0" encoding="UTF-8"?>
<Datasets xmlns="http://rs.tdwg.org/UBIF/2006/" xmlns:xsi="http://www.w3.org/2001/XMLSchema-instance" xsi:schemaLocation="http://rs.tdwg.org/UBIF/2006/ http://rs.tdwg.org/UBIF/2006/Schema/1.1/SDD.xsd">
  <TechnicalMetadata created="2014-12-08T01:23:16">
    <Generator name="KeyBase SDD export" version="0"/>
  </TechnicalMetadata>
  <Dataset xml:lang="en-au">
    <Representation>
      <Label xml:lang="en">Chloris</Label>
    </Representation>
    <TaxonNames>
      <TaxonName id="i0">
        <Representation>
          <Label>Chloris gayana</Label>
        </Representation>
      </TaxonName>
      <TaxonName id="i1">
        <Representation>
          <Label>Chloris truncata</Label>
        </Representation>
      </TaxonName>
      <TaxonName id="i2">
        <Representation>
          <Label>Chloris ventricosa</Label>
        </Representation>
      </TaxonName>
      <TaxonName id="i3">
        <Representation>
          <Label>Chloris virgata</Label>
        </Representation>
      </TaxonName>
    </TaxonNames>
    <IdentificationKeys>
      <IdentificationKey id="k1">
        <Representation>
          <Label xml:lang="en">Chloris</Label>
        </Representation>
        <Leads>
          <Lead id="k1l1">
            <Statement>Lemma of lower (fertile) floret tapered at apex, with a distinct tuft of cilia on the upper margin; spikes semi-erect to erect in flower</Statement>
          </Lead>
          <Lead id="k1l4">
            <Statement>Lemma of lower (fertile) floret very obtuse to truncate, without a distinct tuft of cilia on the upper margin; spikes widely spreading in flower</Statement>
          </Lead>
          <Lead id="k1l2">
            <Parent ref="k1l1"/>
            <Statement>Awn of spikelet about as long as spikelet or shorter</Statement>
            <TaxonName ref="i0"/>
          </Lead>
          <Lead id="k1l3">
            <Parent ref="k1l1"/>
            <Statement>Awn of spikelet at least twice as long as spikelet</Statement>
            <TaxonName ref="i3"/>
          </Lead>
          <Lead id="k1l5">
            <Parent ref="k1l4"/>
            <Statement>Lower floret subequal to upper glume, not strongly embracing the upper floret; widespread grass, particularly on basalt plains</Statement>
            <TaxonName ref="i1"/>
          </Lead>
          <Lead id="k1l6">
            <Parent ref="k1l4"/>
            <Statement>Lower floret distinctly longer than upper glume, its lemma wrapping around the upper floret and almost entirely enclosing it; very rare grass of north-east and far east</Statement>
            <TaxonName ref="i2"/>
          </Lead>
        </Leads>
      </IdentificationKey>
    </IdentificationKeys>
  </Dataset>
</Datasets>
