<?xml version="1.0" encoding="UTF-8"?>
<Datasets xmlns="http://rs.tdwg.org/UBIF/2006/" xmlns:xsi="http://www.w3.org/2001/XMLSchema-instance" xsi:schemaLocation="http://rs.tdwg.org/UBIF/2006/ http://rs.tdwg.org/UBIF/2006/Schema/1.1/SDD.xsd">
  <TechnicalMetadata created="2014-12-08T01:23:28">
    <Generator name="KeyBase SDD export" version="0"/>
  </TechnicalMetadata>
  <Dataset xml:lang="en-au">
    <Representation>
      <Label xml:lang="en">Choretrum</Label>
    </Representation>
    <TaxonNames>
      <TaxonName id="i0">
        <Representation>
          <Label>Choretrum glomeratum</Label>
        </Representation>
      </TaxonName>
      <TaxonName id="i1">
        <Representation>
          <Label>Choretrum pauciflorum</Label>
        </Representation>
      </TaxonName>
      <TaxonName id="i2">
        <Representation>
          <Label>Choretrum spicatum</Label>
        </Representation>
      </TaxonName>
    </TaxonNames>
    <IdentificationKeys>
      <IdentificationKey id="k1">
        <Representation>
          <Label xml:lang="en">Choretrum</Label>
        </Representation>
        <Leads>
          <Lead id="k1l1">
            <Statement>Flowers solitary but often numerous along spike-like flowering branches</Statement>
          </Lead>
          <Lead id="k1l4">
            <Statement>Flowers in clusters of 2–5 along flowering branches</Statement>
            <TaxonName ref="i0"/>
          </Lead>
          <Lead id="k1l2">
            <Parent ref="k1l1"/>
            <Statement>Flowering branches to c. 1.5 mm diam.; fruit 4–5 mm long; stamens with hair-like appendages; small shrub of eastern Victoria</Statement>
            <TaxonName ref="i1"/>
          </Lead>
          <Lead id="k1l3">
            <Parent ref="k1l1"/>
            <Statement>Flowering branches more than 1.5 mm diam.; fruit 2–3 mm long; stamens lacking appendages; rare shrub of north-western Victoria</Statement>
            <TaxonName ref="i2"/>
          </Lead>
        </Leads>
      </IdentificationKey>
    </IdentificationKeys>
  </Dataset>
</Datasets>
