<?xml version="1.0" encoding="UTF-8"?>
<Datasets xmlns="http://rs.tdwg.org/UBIF/2006/" xmlns:xsi="http://www.w3.org/2001/XMLSchema-instance" xsi:schemaLocation="http://rs.tdwg.org/UBIF/2006/ http://rs.tdwg.org/UBIF/2006/Schema/1.1/SDD.xsd">
  <TechnicalMetadata created="2014-12-08T01:23:36">
    <Generator name="KeyBase SDD export" version="0"/>
  </TechnicalMetadata>
  <Dataset xml:lang="en-au">
    <Representation>
      <Label xml:lang="en">Chrysocephalum</Label>
    </Representation>
    <TaxonNames>
      <TaxonName id="i0">
        <Representation>
          <Label>Chrysocephalum apiculatum</Label>
        </Representation>
      </TaxonName>
      <TaxonName id="i1">
        <Representation>
          <Label>Chrysocephalum baxteri</Label>
        </Representation>
      </TaxonName>
      <TaxonName id="i2">
        <Representation>
          <Label>Chrysocephalum semipapposum</Label>
        </Representation>
      </TaxonName>
    </TaxonNames>
    <IdentificationKeys>
      <IdentificationKey id="k1">
        <Representation>
          <Label xml:lang="en">Chrysocephalum</Label>
        </Representation>
        <Leads>
          <Lead id="k1l1">
            <Statement>Capitula in clusters of 3 or more, less than 2 cm diam.; involucral bracts yellow or golden-yellow, sometimes tinged with brown, the longest barely or not exceeding the florets</Statement>
          </Lead>
          <Lead id="k1l4">
            <Statement>Capitula solitary, mostly 2–3 cm diam., terminal on leafy stems; involucral bracts white, often with brownish markings, the longest exceeding the florets by 5 mm or more</Statement>
            <TaxonName ref="i1"/>
          </Lead>
          <Lead id="k1l2">
            <Parent ref="k1l1"/>
            <Statement>Capitula 7–15 mm diam.; intermediate involucral bracts longest; leaves cottony on both surfaces</Statement>
            <TaxonName ref="i0"/>
          </Lead>
          <Lead id="k1l3">
            <Parent ref="k1l1"/>
            <Statement>Capitula 3–7 mm diam.; inner involucral bracts longest; leaves often green and glabrous on upper surface</Statement>
            <TaxonName ref="i2"/>
          </Lead>
        </Leads>
      </IdentificationKey>
    </IdentificationKeys>
  </Dataset>
</Datasets>
