<?xml version="1.0" encoding="UTF-8"?>
<Datasets xmlns="http://rs.tdwg.org/UBIF/2006/" xmlns:xsi="http://www.w3.org/2001/XMLSchema-instance" xsi:schemaLocation="http://rs.tdwg.org/UBIF/2006/ http://rs.tdwg.org/UBIF/2006/Schema/1.1/SDD.xsd">
  <TechnicalMetadata created="2014-12-08T01:23:35">
    <Generator name="KeyBase SDD export" version="0"/>
  </TechnicalMetadata>
  <Dataset xml:lang="en-au">
    <Representation>
      <Label xml:lang="en">Cirsium</Label>
    </Representation>
    <TaxonNames>
      <TaxonName id="i0">
        <Representation>
          <Label>Cirsium acarna</Label>
        </Representation>
      </TaxonName>
      <TaxonName id="i1">
        <Representation>
          <Label>Cirsium arvense</Label>
        </Representation>
      </TaxonName>
      <TaxonName id="i2">
        <Representation>
          <Label>Cirsium vulgare</Label>
        </Representation>
      </TaxonName>
    </TaxonNames>
    <IdentificationKeys>
      <IdentificationKey id="k1">
        <Representation>
          <Label xml:lang="en">Cirsium</Label>
        </Representation>
        <Leads>
          <Lead id="k1l1">
            <Statement>Capitula pedunculate; involucral bracts with a more or less straight terminal spine and lacking lateral spinules; leaves with lamina mostly more than 8 mm wide</Statement>
          </Lead>
          <Lead id="k1l4">
            <Statement>Capitula sessile; involucral bracts with a recurved terminal spine and 2–8 lateral spinules; leaves with lamina mostly less than 8 mm wide</Statement>
            <TaxonName ref="i0"/>
          </Lead>
          <Lead id="k1l2">
            <Parent ref="k1l1"/>
            <Statement>Plants perennial, dioecious; leaves with upper surface lacking prickles; stems not winged; florets unisexual; involucres usually less than 25 mm long</Statement>
            <TaxonName ref="i1"/>
          </Lead>
          <Lead id="k1l3">
            <Parent ref="k1l1"/>
            <Statement>Plants annual or biennial; leaves with upper surface covered with many small prickles; stems winged; florets all similar, bisexual; involucres c. 25 mm long</Statement>
            <TaxonName ref="i2"/>
          </Lead>
        </Leads>
      </IdentificationKey>
    </IdentificationKeys>
  </Dataset>
</Datasets>
