<?xml version="1.0" encoding="UTF-8"?>
<Datasets xmlns="http://rs.tdwg.org/UBIF/2006/" xmlns:xsi="http://www.w3.org/2001/XMLSchema-instance" xsi:schemaLocation="http://rs.tdwg.org/UBIF/2006/ http://rs.tdwg.org/UBIF/2006/Schema/1.1/SDD.xsd">
  <TechnicalMetadata created="2014-12-08T01:23:20">
    <Generator name="KeyBase SDD export" version="0"/>
  </TechnicalMetadata>
  <Dataset xml:lang="en-au">
    <Representation>
      <Label xml:lang="en">Clematis</Label>
    </Representation>
    <TaxonNames>
      <TaxonName id="i0">
        <Representation>
          <Label>Clematis aristata</Label>
        </Representation>
      </TaxonName>
      <TaxonName id="i1">
        <Representation>
          <Label>Clematis flammula</Label>
        </Representation>
      </TaxonName>
      <TaxonName id="i2">
        <Representation>
          <Label>Clematis glycinoides</Label>
        </Representation>
      </TaxonName>
      <TaxonName id="i3">
        <Representation>
          <Label>Clematis microphylla</Label>
        </Representation>
      </TaxonName>
      <TaxonName id="i4">
        <Representation>
          <Label>Clematis vitalba</Label>
        </Representation>
      </TaxonName>
    </TaxonNames>
    <IdentificationKeys>
      <IdentificationKey id="k1">
        <Representation>
          <Label xml:lang="en">Clematis</Label>
        </Representation>
        <Leads>
          <Lead id="k1l1">
            <Statement>Flowers unisexual (but female flowers sometimes with staminodes); leaves ternate to triternate, rarely simple; plants evergreen</Statement>
          </Lead>
          <Lead id="k1l6">
            <Statement>Flowers bisexual; leaves pinnate; plants deciduous</Statement>
          </Lead>
          <Lead id="k1l2">
            <Parent ref="k1l1"/>
            <Statement>Anthers with a sterile apical appendage (short in C. glycinoides); leaves mostly once-ternate, widest ultimate leaflets mostly more than 15 mm wide, margins entire or toothed</Statement>
          </Lead>
          <Lead id="k1l5">
            <Parent ref="k1l1"/>
            <Statement>Anthers without a sterile apical appendage; leaves mostly biternate to triternate, ultimate leaflets no more than c. 12 mm wide, margins entire</Statement>
            <TaxonName ref="i3"/>
          </Lead>
          <Lead id="k1l3">
            <Parent ref="k1l2"/>
            <Statement>Anther appendage pointed, 1 mm long or more; anthers 2–3.5 mm long; leaflets usually dull, with toothed margins; widespread vine of wet forests</Statement>
            <TaxonName ref="i0"/>
          </Lead>
          <Lead id="k1l4">
            <Parent ref="k1l2"/>
            <Statement>Anther appendage blunt, c. 0.5 mm long; anthers c. 1.5 mm long; leaflets glossy, with entire (very rarely obscurely toothed) margins; east of Melbourne only</Statement>
            <TaxonName ref="i2"/>
          </Lead>
          <Lead id="k1l7">
            <Parent ref="k1l6"/>
            <Statement>Sepals pubescent along margins of lower surface, elsewhere sparsely pubescent or glabrous</Statement>
            <TaxonName ref="i1"/>
          </Lead>
          <Lead id="k1l8">
            <Parent ref="k1l6"/>
            <Statement>Sepals densely pubescent on both upper and lower surfaces, leaflets usually 5</Statement>
            <TaxonName ref="i4"/>
          </Lead>
        </Leads>
      </IdentificationKey>
    </IdentificationKeys>
  </Dataset>
</Datasets>
