<?xml version="1.0" encoding="UTF-8"?>
<Datasets xmlns="http://rs.tdwg.org/UBIF/2006/" xmlns:xsi="http://www.w3.org/2001/XMLSchema-instance" xsi:schemaLocation="http://rs.tdwg.org/UBIF/2006/ http://rs.tdwg.org/UBIF/2006/Schema/1.1/SDD.xsd">
  <TechnicalMetadata created="2014-12-08T01:23:21">
    <Generator name="KeyBase SDD export" version="0"/>
  </TechnicalMetadata>
  <Dataset xml:lang="en-au">
    <Representation>
      <Label xml:lang="en">Colobanthus</Label>
    </Representation>
    <TaxonNames>
      <TaxonName id="i0">
        <Representation>
          <Label>Colobanthus affinis</Label>
        </Representation>
      </TaxonName>
      <TaxonName id="i1">
        <Representation>
          <Label>Colobanthus apetalus</Label>
        </Representation>
      </TaxonName>
    </TaxonNames>
    <IdentificationKeys>
      <IdentificationKey id="k1">
        <Representation>
          <Label xml:lang="en">Colobanthus</Label>
        </Representation>
        <Leads>
          <Lead id="k1l1">
            <Statement>Sepals shorter than capsule valves, obtuse or sometimes with short apiculum; fruit extending beyond leaves, on long peduncles; leaves with keeled midrib prominently raised on underside, the apical apiculum less than 0.5 mm long; seed c. 1–1.2 mm long; alpine</Statement>
            <TaxonName ref="i0"/>
          </Lead>
          <Lead id="k1l2">
            <Statement>Sepals as long as or slightly longer than capsule valves; fruit usually within leaves, on short peduncles; leaves with flattened or rounded, sometimes obscure midrib, the slender apical apiculum 0.5–1.4 mm long; seed c. 0.5–0.7 mm long; mostly coastal, rarely alpine</Statement>
            <TaxonName ref="i1"/>
          </Lead>
        </Leads>
      </IdentificationKey>
    </IdentificationKeys>
  </Dataset>
</Datasets>
