<?xml version="1.0" encoding="UTF-8"?>
<Datasets xmlns="http://rs.tdwg.org/UBIF/2006/" xmlns:xsi="http://www.w3.org/2001/XMLSchema-instance" xsi:schemaLocation="http://rs.tdwg.org/UBIF/2006/ http://rs.tdwg.org/UBIF/2006/Schema/1.1/SDD.xsd">
  <TechnicalMetadata created="2014-12-08T01:23:29">
    <Generator name="KeyBase SDD export" version="0"/>
  </TechnicalMetadata>
  <Dataset xml:lang="en-au">
    <Representation>
      <Label xml:lang="en">Comesperma</Label>
    </Representation>
    <TaxonNames>
      <TaxonName id="i0">
        <Representation>
          <Label>Comesperma calymega</Label>
        </Representation>
      </TaxonName>
      <TaxonName id="i1">
        <Representation>
          <Label>Comesperma defoliatum</Label>
        </Representation>
      </TaxonName>
      <TaxonName id="i2">
        <Representation>
          <Label>Comesperma polygaloides</Label>
        </Representation>
      </TaxonName>
      <TaxonName id="i3">
        <Representation>
          <Label>Comesperma scoparium</Label>
        </Representation>
      </TaxonName>
      <TaxonName id="i4">
        <Representation>
          <Label>Comesperma volubile</Label>
        </Representation>
      </TaxonName>
    </TaxonNames>
    <IdentificationKeys>
      <IdentificationKey id="k1">
        <Representation>
          <Label xml:lang="en">Comesperma</Label>
        </Representation>
        <Leads>
          <Lead id="k1l1">
            <Statement>Plant erect, never twining</Statement>
          </Lead>
          <Lead id="k1l12">
            <Statement>Plant a slender, often nearly leafless twiner</Statement>
            <TaxonName ref="i4"/>
          </Lead>
          <Lead id="k1l2">
            <Parent ref="k1l1"/>
            <Statement>Flowers distinctly pedicellate; characters otherwise not as above</Statement>
          </Lead>
          <Lead id="k1l11">
            <Parent ref="k1l1"/>
            <Statement>Flowers sessile; apparently leafless shrub of far north-west with grooved, tuberculate stems</Statement>
            <TaxonName ref="i3"/>
          </Lead>
          <Lead id="k1l3">
            <Parent ref="k1l2"/>
            <Statement>Weak subshrubs to c. 30 cm high, with stems arising annually from a rhizome or persistent rootstock; flowers blue or pinkish</Statement>
          </Lead>
          <Lead id="k1l8">
            <Parent ref="k1l2"/>
            <Statement>Leafy perennial shrubs mostly higher than 30 cm; flowers pink to mauve (never blue)</Statement>
          </Lead>
          <Lead id="k1l4">
            <Parent ref="k1l3"/>
            <Statement>Outer 3 sepals all free; flowers blue</Statement>
          </Lead>
          <Lead id="k1l7">
            <Parent ref="k1l3"/>
            <Statement>Abaxial pair of sepals united for more than half their length; flowers pink or mauve</Statement>
            <TaxonName ref="i2"/>
          </Lead>
          <Lead id="k1l5">
            <Parent ref="k1l4"/>
            <Statement>Plants normally leafy (rarely leafless in some mallee forms); wings c. twice as long as the outer sepals or more; capsules truncate or shallowly 3-toothed at apex; mostly dryish sandy heathland</Statement>
            <TaxonName ref="i0"/>
          </Lead>
          <Lead id="k1l6">
            <Parent ref="k1l4"/>
            <Statement>Plants leafless or with a few scattered leaves toward base; inner sepals (wings) less than twice as long as the outer sepals; capsules rounded, sometimes emarginate at apex; mostly swampy heathland</Statement>
            <TaxonName ref="i1"/>
          </Lead>
          <Lead id="k1l9">
            <Parent ref="k1l8"/>
            <Statement>Plants normally leafy (rarely leafless in some mallee forms); wings c. twice as long as the outer sepals or more; capsules truncate or shallowly 3-toothed at apex; mostly dryish sandy heathland</Statement>
            <TaxonName ref="i0"/>
          </Lead>
          <Lead id="k1l10">
            <Parent ref="k1l8"/>
            <Statement>Plants leafless or with a few scattered leaves toward base; inner sepals (wings) less than twice as long as the outer sepals; capsules rounded, sometimes emarginate at apex; mostly swampy heathland</Statement>
            <TaxonName ref="i1"/>
          </Lead>
        </Leads>
      </IdentificationKey>
    </IdentificationKeys>
  </Dataset>
</Datasets>
