<?xml version="1.0" encoding="UTF-8"?>
<Datasets xmlns="http://rs.tdwg.org/UBIF/2006/" xmlns:xsi="http://www.w3.org/2001/XMLSchema-instance" xsi:schemaLocation="http://rs.tdwg.org/UBIF/2006/ http://rs.tdwg.org/UBIF/2006/Schema/1.1/SDD.xsd">
  <TechnicalMetadata created="2014-12-08T01:23:11">
    <Generator name="KeyBase SDD export" version="0"/>
  </TechnicalMetadata>
  <Dataset xml:lang="en-au">
    <Representation>
      <Label xml:lang="en">Conifers</Label>
    </Representation>
    <TaxonNames>
      <TaxonName id="i0">
        <Representation>
          <Label>Cupressaceae</Label>
        </Representation>
      </TaxonName>
      <TaxonName id="i1">
        <Representation>
          <Label>Pinaceae</Label>
        </Representation>
      </TaxonName>
      <TaxonName id="i2">
        <Representation>
          <Label>Podocarpaceae</Label>
        </Representation>
      </TaxonName>
    </TaxonNames>
    <IdentificationKeys>
      <IdentificationKey id="k1">
        <Representation>
          <Label xml:lang="en">Conifers</Label>
        </Representation>
        <Leads>
          <Lead id="k1l1">
            <Statement>Free part of leaves more than 1 mm long, needle-like or flattened; seed borne above berry-like structure or in woody cone more than 3 cm long</Statement>
          </Lead>
          <Lead id="k1l4">
            <Statement>Free part of leaves less than 1 mm long, in whorls of 3 along stem; cones woody, globular, less than 3 cm long</Statement>
            <TaxonName ref="i0"/>
          </Lead>
          <Lead id="k1l2">
            <Parent ref="k1l1"/>
            <Statement>Leaves needle-like, in lateral bundles of 2 or 3; cone woody</Statement>
            <TaxonName ref="i1"/>
          </Lead>
          <Lead id="k1l3">
            <Parent ref="k1l1"/>
            <Statement>Leaves flat, oblong-linear, alternate; seed subtending fleshy, berry-like structure</Statement>
            <TaxonName ref="i2"/>
          </Lead>
        </Leads>
      </IdentificationKey>
    </IdentificationKeys>
  </Dataset>
</Datasets>
