<?xml version="1.0" encoding="UTF-8"?>
<Datasets xmlns="http://rs.tdwg.org/UBIF/2006/" xmlns:xsi="http://www.w3.org/2001/XMLSchema-instance" xsi:schemaLocation="http://rs.tdwg.org/UBIF/2006/ http://rs.tdwg.org/UBIF/2006/Schema/1.1/SDD.xsd">
  <TechnicalMetadata created="2014-12-08T01:23:27">
    <Generator name="KeyBase SDD export" version="0"/>
  </TechnicalMetadata>
  <Dataset xml:lang="en-au">
    <Representation>
      <Label xml:lang="en">Conospermum</Label>
    </Representation>
    <TaxonNames>
      <TaxonName id="i0">
        <Representation>
          <Label>Conospermum mitchellii</Label>
        </Representation>
      </TaxonName>
      <TaxonName id="i1">
        <Representation>
          <Label>Conospermum patens</Label>
        </Representation>
      </TaxonName>
      <TaxonName id="i2">
        <Representation>
          <Label>Conospermum taxifolium</Label>
        </Representation>
      </TaxonName>
    </TaxonNames>
    <IdentificationKeys>
      <IdentificationKey id="k1">
        <Representation>
          <Label xml:lang="en">Conospermum</Label>
        </Representation>
        <Leads>
          <Lead id="k1l1">
            <Statement>Leaves less than 5 cm long; perianth to c. 7 mm long at maturity, limb usually less than half as long as tube; plants slender, few-branched, rarely 1 m high</Statement>
          </Lead>
          <Lead id="k1l4">
            <Statement>Leaves 5–12 cm long; perianth 7–9 mm long at maturity, limb c. as long as tube; plants usually much-branched and more than 1 m high when flowering</Statement>
            <TaxonName ref="i0"/>
          </Lead>
          <Lead id="k1l2">
            <Parent ref="k1l1"/>
            <Statement>Leaves spreading widely, arcuate, to c. 1.5 mm wide, rarely wider; common peduncles longer than branches of inflorescence; perianth usually white or bluish; far western Victoria only</Statement>
            <TaxonName ref="i1"/>
          </Lead>
          <Lead id="k1l3">
            <Parent ref="k1l1"/>
            <Statement>Leaves erect or spreading, more or less straight, mostly 1.5–3 mm wide; common peduncles not significantly longer than branches of inflorescence; perianth white or cream; far eastern Victoria only</Statement>
            <TaxonName ref="i2"/>
          </Lead>
        </Leads>
      </IdentificationKey>
    </IdentificationKeys>
  </Dataset>
</Datasets>
