<?xml version="1.0" encoding="UTF-8"?>
<Datasets xmlns="http://rs.tdwg.org/UBIF/2006/" xmlns:xsi="http://www.w3.org/2001/XMLSchema-instance" xsi:schemaLocation="http://rs.tdwg.org/UBIF/2006/ http://rs.tdwg.org/UBIF/2006/Schema/1.1/SDD.xsd">
  <TechnicalMetadata created="2014-12-08T01:23:32">
    <Generator name="KeyBase SDD export" version="0"/>
  </TechnicalMetadata>
  <Dataset xml:lang="en-au">
    <Representation>
      <Label xml:lang="en">Convolvulus</Label>
    </Representation>
    <TaxonNames>
      <TaxonName id="i0">
        <Representation>
          <Label>Convolvulus arvensis</Label>
        </Representation>
      </TaxonName>
      <TaxonName id="i1">
        <Representation>
          <Label>Convolvulus crispifolius</Label>
        </Representation>
      </TaxonName>
      <TaxonName id="i2">
        <Representation>
          <Label>Convolvulus erubescens</Label>
        </Representation>
      </TaxonName>
      <TaxonName id="i3">
        <Representation>
          <Label>Convolvulus remotus</Label>
        </Representation>
      </TaxonName>
    </TaxonNames>
    <IdentificationKeys>
      <IdentificationKey id="k1">
        <Representation>
          <Label xml:lang="en">Convolvulus</Label>
        </Representation>
        <Leads>
          <Lead id="k1l1">
            <Statement>At least lower leaves toothed or much-lobed, upper leaves sometimes reduced, narrow-linear (but then usually with 2 unequal pairs of short basal lobes)</Statement>
          </Lead>
          <Lead id="k1l4">
            <Statement>Lower and upper leaves with a pair of basal lobes, margins of terminal lobe entire</Statement>
          </Lead>
          <Lead id="k1l2">
            <Parent ref="k1l1"/>
            <Statement>Leaves and stems densely silky-hairy; silvery, much-branched annual or perennial herb with non-twining stems to c. 20 cm long; far north-western Victoria only</Statement>
            <TaxonName ref="i1"/>
          </Lead>
          <Lead id="k1l3">
            <Parent ref="k1l1"/>
            <Statement>Leaves and stems sparsely to moderately hairy; green, sparingly-branched perennial with trailing or twining stems to c. 80 cm long; widespread</Statement>
            <TaxonName ref="i2"/>
          </Lead>
          <Lead id="k1l5">
            <Parent ref="k1l4"/>
            <Statement>Plant more or less glabrous or with ascending hairs; sepals glabrous or sparsely hairy, rounded to retuse</Statement>
            <TaxonName ref="i0"/>
          </Lead>
          <Lead id="k1l6">
            <Parent ref="k1l4"/>
            <Statement>Plant with appressed hairs; sepals silky, apiculate</Statement>
            <TaxonName ref="i3"/>
          </Lead>
        </Leads>
      </IdentificationKey>
    </IdentificationKeys>
  </Dataset>
</Datasets>
