<?xml version="1.0" encoding="UTF-8"?>
<Datasets xmlns="http://rs.tdwg.org/UBIF/2006/" xmlns:xsi="http://www.w3.org/2001/XMLSchema-instance" xsi:schemaLocation="http://rs.tdwg.org/UBIF/2006/ http://rs.tdwg.org/UBIF/2006/Schema/1.1/SDD.xsd">
  <TechnicalMetadata created="2014-12-08T01:23:35">
    <Generator name="KeyBase SDD export" version="0"/>
  </TechnicalMetadata>
  <Dataset xml:lang="en-au">
    <Representation>
      <Label xml:lang="en">Coprosma</Label>
    </Representation>
    <TaxonNames>
      <TaxonName id="i0">
        <Representation>
          <Label>Coprosma hirtella</Label>
        </Representation>
      </TaxonName>
      <TaxonName id="i1">
        <Representation>
          <Label>Coprosma moorei</Label>
        </Representation>
      </TaxonName>
      <TaxonName id="i2">
        <Representation>
          <Label>Coprosma nitida</Label>
        </Representation>
      </TaxonName>
      <TaxonName id="i3">
        <Representation>
          <Label>Coprosma nivalis</Label>
        </Representation>
      </TaxonName>
      <TaxonName id="i4">
        <Representation>
          <Label>Coprosma perpusilla</Label>
        </Representation>
      </TaxonName>
      <TaxonName id="i5">
        <Representation>
          <Label>Coprosma pumila</Label>
        </Representation>
      </TaxonName>
      <TaxonName id="i6">
        <Representation>
          <Label>Coprosma quadrifida</Label>
        </Representation>
      </TaxonName>
      <TaxonName id="i7">
        <Representation>
          <Label>Coprosma repens</Label>
        </Representation>
      </TaxonName>
      <TaxonName id="i8">
        <Representation>
          <Label>Coprosma robusta</Label>
        </Representation>
      </TaxonName>
    </TaxonNames>
    <IdentificationKeys>
      <IdentificationKey id="k1">
        <Representation>
          <Label xml:lang="en">Coprosma</Label>
        </Representation>
        <Leads>
          <Lead id="k1l1">
            <Statement>Plant prostrate, matted or trailing; leaves usually less than 10 mm long, 1-nerved; flowers solitary, terminating short branchlets; plants usually alpine</Statement>
          </Lead>
          <Lead id="k1l8">
            <Statement>Plant erect, mostly more than 1 m high; leaves usually more than 10 mm long, often reticulate-veined; flowers solitary in axils or in axillary clusters</Statement>
          </Lead>
          <Lead id="k1l2">
            <Parent ref="k1l1"/>
            <Statement>Flowers bisexual or unisexual; leaves mostly 3–5 mm long; stipular sheath entire; fruit bluish (or possibly reddish-purple)</Statement>
          </Lead>
          <Lead id="k1l5">
            <Parent ref="k1l1"/>
            <Statement>Flowers unisexual; leaves mostly 5–10 mm long; stipular sheath ciliate; fruit orange or red</Statement>
          </Lead>
          <Lead id="k1l3">
            <Parent ref="k1l2"/>
            <Statement>Flowers bisexual; leaves sharply acute; plant entirely glabrous</Statement>
            <TaxonName ref="i1"/>
          </Lead>
          <Lead id="k1l4">
            <Parent ref="k1l2"/>
            <Statement>Flowers unisexual; leaves acute or obtuse; plant with at least some crisped hairs on young leaves</Statement>
            <TaxonName ref="i5"/>
          </Lead>
          <Lead id="k1l6">
            <Parent ref="k1l5"/>
            <Statement>Style branches 2; leaves linear-oblong; stems not or seldom rooting at nodes</Statement>
            <TaxonName ref="i3"/>
          </Lead>
          <Lead id="k1l7">
            <Parent ref="k1l5"/>
            <Statement>Style branches 3 or 4; leaves broadly ovate-elliptic; stems rooting freely at nodes</Statement>
            <TaxonName ref="i4"/>
          </Lead>
          <Lead id="k1l9">
            <Parent ref="k1l8"/>
            <Statement>Flowers solitary in axils; fruit bright red; branchlets often spiny; leaves mostly less than 5 mm wide</Statement>
          </Lead>
          <Lead id="k1l12">
            <Parent ref="k1l8"/>
            <Statement>Flowers 3-many in axillary clusters; fruit orange-red; branchlets never spiny; leaves more than 10 mm wide</Statement>
          </Lead>
          <Lead id="k1l10">
            <Parent ref="k1l9"/>
            <Statement>Leaves linear to narrow-ovate, thick-textured, glossy, 1-veined on lower surface</Statement>
            <TaxonName ref="i2"/>
          </Lead>
          <Lead id="k1l11">
            <Parent ref="k1l9"/>
            <Statement>Leaves lanceolate to broad-ovate, thin-textured, dull, conspicuously reticulate veined on lower surface</Statement>
            <TaxonName ref="i6"/>
          </Lead>
          <Lead id="k1l13">
            <Parent ref="k1l12"/>
            <Statement>Leaves usually 5–10 cm long, smooth, glabrous, acute or obtuse at apex; corolla-lobes shorter than tube; stipules never ciliate; introduced tall shrubs or small trees often more than 2 m high</Statement>
          </Lead>
          <Lead id="k1l16">
            <Parent ref="k1l12"/>
            <Statement>Leaves usually less than 5 cm long, often scabrous, acuminate at apex; corolla-lobes longer than tube; stipules often ciliate-denticulate; widespread native to 2 m high</Statement>
            <TaxonName ref="i0"/>
          </Lead>
          <Lead id="k1l14">
            <Parent ref="k1l13"/>
            <Statement>Fruit more or less globose, 6–8 mm diam.; leaves very lustrous on upper surface, with conspicuous domatia below, margins recurved, apex rounded, truncate or retuse</Statement>
            <TaxonName ref="i7"/>
          </Lead>
          <Lead id="k1l15">
            <Parent ref="k1l13"/>
            <Statement>Fruit more or less ovoid, 4–5 mm wide; leaves not or only barely lustrous on upper surface, without domatia below, margins more or less flat, apex acute</Statement>
            <TaxonName ref="i8"/>
          </Lead>
        </Leads>
      </IdentificationKey>
    </IdentificationKeys>
  </Dataset>
</Datasets>
