<?xml version="1.0" encoding="UTF-8"?>
<Datasets xmlns="http://rs.tdwg.org/UBIF/2006/" xmlns:xsi="http://www.w3.org/2001/XMLSchema-instance" xsi:schemaLocation="http://rs.tdwg.org/UBIF/2006/ http://rs.tdwg.org/UBIF/2006/Schema/1.1/SDD.xsd">
  <TechnicalMetadata created="2014-12-08T01:23:30">
    <Generator name="KeyBase SDD export" version="0"/>
  </TechnicalMetadata>
  <Dataset xml:lang="en-au">
    <Representation>
      <Label xml:lang="en">Correa reflexa</Label>
    </Representation>
    <TaxonNames>
      <TaxonName id="i0">
        <Representation>
          <Label>Correa reflexa var. angustifolia</Label>
        </Representation>
      </TaxonName>
      <TaxonName id="i1">
        <Representation>
          <Label>Correa reflexa var. lobata</Label>
        </Representation>
      </TaxonName>
      <TaxonName id="i2">
        <Representation>
          <Label>Correa reflexa var. reflexa</Label>
        </Representation>
      </TaxonName>
      <TaxonName id="i3">
        <Representation>
          <Label>Correa reflexa var. scabridula</Label>
        </Representation>
      </TaxonName>
      <TaxonName id="i4">
        <Representation>
          <Label>Correa reflexa var. speciosa</Label>
        </Representation>
      </TaxonName>
      <TaxonName id="i5">
        <Representation>
          <Label>Correa var. nummulariifolia</Label>
        </Representation>
      </TaxonName>
    </TaxonNames>
    <IdentificationKeys>
      <IdentificationKey id="k1">
        <Representation>
          <Label xml:lang="en">Correa reflexa</Label>
        </Representation>
        <Leads>
          <Lead id="k1l1">
            <Statement>Corolla green to yellow</Statement>
          </Lead>
          <Lead id="k1l6">
            <Statement>Corolla red or pink, with green or pale lobes</Statement>
          </Lead>
          <Lead id="k1l2">
            <Parent ref="k1l1"/>
            <Statement>Calyx truncate or dentate</Statement>
          </Lead>
          <Lead id="k1l5">
            <Parent ref="k1l1"/>
            <Statement>Calyx with 4 deeply triangular lobes</Statement>
            <TaxonName ref="i1"/>
          </Lead>
          <Lead id="k1l3">
            <Parent ref="k1l2"/>
            <Statement>Flowers pendent, clasped between 2 reflexed foliaceous bracts</Statement>
            <TaxonName ref="i2"/>
          </Lead>
          <Lead id="k1l4">
            <Parent ref="k1l2"/>
            <Statement>Flowers erect to pendent, not obviously clasped between 2 reflexed foliaceous bracts</Statement>
            <TaxonName ref="i5"/>
          </Lead>
          <Lead id="k1l7">
            <Parent ref="k1l6"/>
            <Statement>Leaves narrow to broad ovate or cordate; calyx truncate or 4-dentate; widespread</Statement>
          </Lead>
          <Lead id="k1l12">
            <Parent ref="k1l6"/>
            <Statement>Leaves narrow-oblong; calyx appearing to be 8-lobed; Grampians and nearby areas</Statement>
            <TaxonName ref="i0"/>
          </Lead>
          <Lead id="k1l8">
            <Parent ref="k1l7"/>
            <Statement>Flowers erect to pendent, not obviously clasped between 2 reflexed foliaceous bracts</Statement>
          </Lead>
          <Lead id="k1l11">
            <Parent ref="k1l7"/>
            <Statement>Flowers pendent, clasped between 2 reflexed foliaceous bracts</Statement>
            <TaxonName ref="i2"/>
          </Lead>
          <Lead id="k1l9">
            <Parent ref="k1l8"/>
            <Statement>Corolla trumpet-shaped; western Victoria</Statement>
            <TaxonName ref="i3"/>
          </Lead>
          <Lead id="k1l10">
            <Parent ref="k1l8"/>
            <Statement>Corolla cylindric or swollen; central and eastern Victoria</Statement>
            <TaxonName ref="i4"/>
          </Lead>
        </Leads>
      </IdentificationKey>
    </IdentificationKeys>
  </Dataset>
</Datasets>
