<?xml version="1.0" encoding="UTF-8"?>
<Datasets xmlns="http://rs.tdwg.org/UBIF/2006/" xmlns:xsi="http://www.w3.org/2001/XMLSchema-instance" xsi:schemaLocation="http://rs.tdwg.org/UBIF/2006/ http://rs.tdwg.org/UBIF/2006/Schema/1.1/SDD.xsd">
  <TechnicalMetadata created="2014-12-08T01:24:00">
    <Generator name="KeyBase SDD export" version="0"/>
  </TechnicalMetadata>
  <Dataset xml:lang="en-au">
    <Representation>
      <Label xml:lang="en">Cortaderia</Label>
    </Representation>
    <TaxonNames>
      <TaxonName id="i0">
        <Representation>
          <Label>C. fulvida</Label>
        </Representation>
      </TaxonName>
      <TaxonName id="i1">
        <Representation>
          <Label>C. jubata</Label>
        </Representation>
      </TaxonName>
      <TaxonName id="i2">
        <Representation>
          <Label>C. richardii</Label>
        </Representation>
      </TaxonName>
      <TaxonName id="i3">
        <Representation>
          <Label>C. selloana</Label>
        </Representation>
      </TaxonName>
      <TaxonName id="i4">
        <Representation>
          <Label>C. splendens</Label>
        </Representation>
      </TaxonName>
      <TaxonName id="i5">
        <Representation>
          <Label>C. toetoe</Label>
        </Representation>
      </TaxonName>
      <TaxonName id="i6">
        <Representation>
          <Label>C. turbaria</Label>
        </Representation>
      </TaxonName>
    </TaxonNames>
    <IdentificationKeys>
      <IdentificationKey id="k1">
        <Representation>
          <Label xml:lang="en">Cortaderia</Label>
        </Representation>
        <Leads>
          <Lead id="k1l1">
            <Statement>Leaves with conspicuous midrib but no distinctive secondary veins; midrib not continuing into leaf sheath; leaf sheath never white-waxy</Statement>
          </Lead>
          <Lead id="k1l4">
            <Statement>Leaves with conspicuous midrib and secondary veins between midrib and leaf edge; midrib continuing into leaf sheath; leaf sheath white-waxy</Statement>
          </Lead>
          <Lead id="k1l2">
            <Parent ref="k1l1"/>
            <Statement>Leaf blades droop from just above sheath, most leaf tips on ground; leaf sheaths and culms usually densely hairy on mature plants; flower heads purple at first, fading to dirty brown, emerging from mid-January to early March; all plants female</Statement>
            <TaxonName ref="i1"/>
          </Lead>
          <Lead id="k1l3">
            <Parent ref="k1l1"/>
            <Statement>Leaf blades erect and arching; most leaf tips above ground, leaf sheath and culms glabrous or sparsely hairy; flower heads white, cream, pink, or purplish, emerging from early March to late April; plants female or hermaphrodite</Statement>
            <TaxonName ref="i3"/>
          </Lead>
          <Lead id="k1l5">
            <Parent ref="k1l4"/>
            <Statement>Leaf-sheath glabrous; flowers on separate plants all bisexual (stamens and pistils) or only female (stamens still present, but sterile)</Statement>
          </Lead>
          <Lead id="k1l12">
            <Parent ref="k1l4"/>
            <Statement>Leaf-sheath with long hairs, all flowers bisexual (stamens and pistils)</Statement>
            <TaxonName ref="i6"/>
          </Lead>
          <Lead id="k1l6">
            <Parent ref="k1l5"/>
            <Statement>Midrib not conspicuously long hairy above ligule</Statement>
          </Lead>
          <Lead id="k1l9">
            <Parent ref="k1l5"/>
            <Statement>Midrib conspicuously long hairy above ligule</Statement>
          </Lead>
          <Lead id="k1l7">
            <Parent ref="k1l6"/>
            <Statement>Leaves 1.5-4 cm wide with scattered long hairs on adaxial (upper) surface; flower heads nodding with long pendant branches; glumes 10-20 mm long; widespread in North Island</Statement>
            <TaxonName ref="i0"/>
          </Lead>
          <Lead id="k1l8">
            <Parent ref="k1l6"/>
            <Statement>Leaves 1-2 cm wide, long hairs absent on adaxial (upper) surface; flower heads narrow with shorter, stiffer branches; glumes 16-35 mm; widespread in South Island, Stewart Island</Statement>
            <TaxonName ref="i2"/>
          </Lead>
          <Lead id="k1l10">
            <Parent ref="k1l9"/>
            <Statement>Leaves very scabrid on margins and upper third of leaf; hairs above ligule spread across blade; flower head usually erect; glumes 15-24 mm</Statement>
            <TaxonName ref="i5"/>
          </Lead>
          <Lead id="k1l11">
            <Parent ref="k1l9"/>
            <Statement>Leaves only slightly scabrid on margins and upper third of leaf; hairs above ligule confined mainly to midrib; flower head erect or nodding; glumes 22-50 mm long</Statement>
            <TaxonName ref="i4"/>
          </Lead>
        </Leads>
      </IdentificationKey>
    </IdentificationKeys>
  </Dataset>
</Datasets>
