<?xml version="1.0" encoding="UTF-8"?>
<Datasets xmlns="http://rs.tdwg.org/UBIF/2006/" xmlns:xsi="http://www.w3.org/2001/XMLSchema-instance" xsi:schemaLocation="http://rs.tdwg.org/UBIF/2006/ http://rs.tdwg.org/UBIF/2006/Schema/1.1/SDD.xsd">
  <TechnicalMetadata created="2014-12-08T01:23:19">
    <Generator name="KeyBase SDD export" version="0"/>
  </TechnicalMetadata>
  <Dataset xml:lang="en-au">
    <Representation>
      <Label xml:lang="en">Corunastylis</Label>
    </Representation>
    <TaxonNames>
      <TaxonName id="i0">
        <Representation>
          <Label>Corunastylis archeri</Label>
        </Representation>
      </TaxonName>
      <TaxonName id="i1">
        <Representation>
          <Label>Corunastylis arrecta</Label>
        </Representation>
      </TaxonName>
      <TaxonName id="i2">
        <Representation>
          <Label>Corunastylis ciliata</Label>
        </Representation>
      </TaxonName>
      <TaxonName id="i3">
        <Representation>
          <Label>Corunastylis densa</Label>
        </Representation>
      </TaxonName>
      <TaxonName id="i4">
        <Representation>
          <Label>Corunastylis despectans</Label>
        </Representation>
      </TaxonName>
      <TaxonName id="i5">
        <Representation>
          <Label>Corunastylis morrisii</Label>
        </Representation>
      </TaxonName>
      <TaxonName id="i6">
        <Representation>
          <Label>Corunastylis nigricans</Label>
        </Representation>
      </TaxonName>
      <TaxonName id="i7">
        <Representation>
          <Label>Corunastylis nuda</Label>
        </Representation>
      </TaxonName>
      <TaxonName id="i8">
        <Representation>
          <Label>Corunastylis nudiscapa</Label>
        </Representation>
      </TaxonName>
      <TaxonName id="i9">
        <Representation>
          <Label>Corunastylis pumila</Label>
        </Representation>
      </TaxonName>
      <TaxonName id="i10">
        <Representation>
          <Label>Corunastylis rufa</Label>
        </Representation>
      </TaxonName>
    </TaxonNames>
    <IdentificationKeys>
      <IdentificationKey id="k1">
        <Representation>
          <Label xml:lang="en">Corunastylis</Label>
        </Representation>
        <Leads>
          <Lead id="k1l1">
            <Statement>Flowers lacking cilia on any segment, labellum margins and column wings sometimes irregular or denticulate but never ciliate</Statement>
          </Lead>
          <Lead id="k1l12">
            <Statement>Flowers ciliate on at least one floral segment</Statement>
          </Lead>
          <Lead id="k1l2">
            <Parent ref="k1l1"/>
            <Statement>Free part of leaf lamina ending short of lowest flower, usually appressed to flowering stem</Statement>
          </Lead>
          <Lead id="k1l9">
            <Parent ref="k1l1"/>
            <Statement>Free part of leaf lamina arising among the lower flowers and projecting conspicuously outwards</Statement>
          </Lead>
          <Lead id="k1l3">
            <Parent ref="k1l2"/>
            <Statement>Labellum oblong or ovate, apex obtuse to acute</Statement>
          </Lead>
          <Lead id="k1l8">
            <Parent ref="k1l2"/>
            <Statement>Labellum lanceolate, apex acuminate to long-acuminate</Statement>
            <TaxonName ref="i4"/>
          </Lead>
          <Lead id="k1l4">
            <Parent ref="k1l3"/>
            <Statement>Petals gland-tipped; labellum more or less ovate, tip rounded or bluntly pointed, margins entire or serrulate; flowers congested</Statement>
          </Lead>
          <Lead id="k1l7">
            <Parent ref="k1l3"/>
            <Statement>Petals lacking an apical gland; labellum ovate-oblong, contracting abruptly to an upturned irregularly crenate tip; flowers well-spaced</Statement>
            <TaxonName ref="i10"/>
          </Lead>
          <Lead id="k1l5">
            <Parent ref="k1l4"/>
            <Statement>Gland on petals bead-like; labellum dark purplish-black; dry inland areas</Statement>
            <TaxonName ref="i6"/>
          </Lead>
          <Lead id="k1l6">
            <Parent ref="k1l4"/>
            <Statement>Gland on petals thin and wavy; labellum green to yellowish; moist coastal and near-coastal habitats</Statement>
            <TaxonName ref="i9"/>
          </Lead>
          <Lead id="k1l10">
            <Parent ref="k1l9"/>
            <Statement>Lateral sepals about twice as long as the narrow-lanceolate labellum; very rare in the Otway Ranges</Statement>
            <TaxonName ref="i8"/>
          </Lead>
          <Lead id="k1l11">
            <Parent ref="k1l9"/>
            <Statement>Lateral sepals considerably less than twice as long as the obovate labellum; very rare in the Snowy Plains area</Statement>
            <TaxonName ref="i3"/>
          </Lead>
          <Lead id="k1l13">
            <Parent ref="k1l12"/>
            <Statement>Cilia confined to labellum margins</Statement>
          </Lead>
          <Lead id="k1l20">
            <Parent ref="k1l12"/>
            <Statement>Cilia present on labellum and at least some other perianth segments</Statement>
          </Lead>
          <Lead id="k1l14">
            <Parent ref="k1l13"/>
            <Statement>Flowers 4?6 mm across; perianth segments not gland-tipped; labellum cilia more than 0.5 mm long</Statement>
          </Lead>
          <Lead id="k1l19">
            <Parent ref="k1l13"/>
            <Statement>Flowers 2?3 mm across; perianth segments gland-tipped; labellum cilia 0.1?0.2 mm long</Statement>
            <TaxonName ref="i7"/>
          </Lead>
          <Lead id="k1l15">
            <Parent ref="k1l14"/>
            <Statement>Lateral sepals erect or sub-erect; perianth segments wholly purple to purplish-black; montane to sub-alpine areas; flowers appearing in Summer</Statement>
            <TaxonName ref="i1"/>
          </Lead>
          <Lead id="k1l16">
            <Parent ref="k1l14"/>
            <Statement>Lateral sepals porrect or deflexed; perianth segments not wholly purplish-black; lowland areas; flowers appearing in Autumn</Statement>
          </Lead>
          <Lead id="k1l17">
            <Parent ref="k1l16"/>
            <Statement>Lateral sepals porrect; perianth segments usually bright green with a contrasting reddish labellum</Statement>
            <TaxonName ref="i2"/>
          </Lead>
          <Lead id="k1l18">
            <Parent ref="k1l16"/>
            <Statement>Lateral sepals deflexed; perianth segments dark green and purplish with a dark reddish labellum</Statement>
            <TaxonName ref="i0"/>
          </Lead>
          <Lead id="k1l21">
            <Parent ref="k1l20"/>
            <Statement>Cilia sparse, short, present on labellum and petals but not dorsal sepal; flowers mostly 5?12 in a short crowded inflorescence</Statement>
            <TaxonName ref="i0"/>
          </Lead>
          <Lead id="k1l22">
            <Parent ref="k1l20"/>
            <Statement>Cilia numerous, long, present on labellum, petals and dorsal sepal; flowers mostly 10?22 in a long crowded inflorescence</Statement>
            <TaxonName ref="i5"/>
          </Lead>
        </Leads>
      </IdentificationKey>
    </IdentificationKeys>
  </Dataset>
</Datasets>
