<?xml version="1.0" encoding="UTF-8"?>
<Datasets xmlns="http://rs.tdwg.org/UBIF/2006/" xmlns:xsi="http://www.w3.org/2001/XMLSchema-instance" xsi:schemaLocation="http://rs.tdwg.org/UBIF/2006/ http://rs.tdwg.org/UBIF/2006/Schema/1.1/SDD.xsd">
  <TechnicalMetadata created="2014-12-08T01:23:19">
    <Generator name="KeyBase SDD export" version="0"/>
  </TechnicalMetadata>
  <Dataset xml:lang="en-au">
    <Representation>
      <Label xml:lang="en">Corybas</Label>
    </Representation>
    <TaxonNames>
      <TaxonName id="i0">
        <Representation>
          <Label>Corybas Xmiscellus</Label>
        </Representation>
      </TaxonName>
      <TaxonName id="i1">
        <Representation>
          <Label>Corybas aconitiflorus</Label>
        </Representation>
      </TaxonName>
      <TaxonName id="i2">
        <Representation>
          <Label>Corybas despectans</Label>
        </Representation>
      </TaxonName>
      <TaxonName id="i3">
        <Representation>
          <Label>Corybas diemenicus</Label>
        </Representation>
      </TaxonName>
      <TaxonName id="i4">
        <Representation>
          <Label>Corybas fimbriatus</Label>
        </Representation>
      </TaxonName>
      <TaxonName id="i5">
        <Representation>
          <Label>Corybas fordhamii</Label>
        </Representation>
      </TaxonName>
      <TaxonName id="i6">
        <Representation>
          <Label>Corybas grumulus</Label>
        </Representation>
      </TaxonName>
      <TaxonName id="i7">
        <Representation>
          <Label>Corybas hispidus</Label>
        </Representation>
      </TaxonName>
      <TaxonName id="i8">
        <Representation>
          <Label>Corybas incurvus</Label>
        </Representation>
      </TaxonName>
      <TaxonName id="i9">
        <Representation>
          <Label>Corybas sp. aff. diemenicus (Coastal)</Label>
        </Representation>
      </TaxonName>
      <TaxonName id="i10">
        <Representation>
          <Label>Corybas unguiculatus</Label>
        </Representation>
      </TaxonName>
    </TaxonNames>
    <IdentificationKeys>
      <IdentificationKey id="k1">
        <Representation>
          <Label xml:lang="en">Corybas</Label>
        </Representation>
        <Leads>
          <Lead id="k1l1">
            <Statement>Margins of labellum fimbriate or toothed (sometimes minutely); inner (upper) surface of labellum lamina clearly visible</Statement>
          </Lead>
          <Lead id="k1l16">
            <Statement>Margins of labellum entire; inner surface of labellum lamina mostly or totally obscured by dorsal sepal</Statement>
          </Lead>
          <Lead id="k1l2">
            <Parent ref="k1l1"/>
            <Statement>Labellum margin with long dark fringe</Statement>
          </Lead>
          <Lead id="k1l5">
            <Parent ref="k1l1"/>
            <Statement>Labellum margin toothed</Statement>
          </Lead>
          <Lead id="k1l3">
            <Parent ref="k1l2"/>
            <Statement>Labellum minutely glandular, with a purplish-red, entire boss; dorsal sepal as broad as labellum, not extending out beyond it; mostly coastal</Statement>
            <TaxonName ref="i4"/>
          </Lead>
          <Lead id="k1l4">
            <Parent ref="k1l2"/>
            <Statement>Labellum with rough hairs, and a white, notched boss; dorsal sepal much narrower than labellum and extending out beyond it; montane forests</Statement>
            <TaxonName ref="i7"/>
          </Lead>
          <Lead id="k1l6">
            <Parent ref="k1l5"/>
            <Statement>Dorsal sepal broad, usually almost as wide as labellum and hooded over it</Statement>
          </Lead>
          <Lead id="k1l15">
            <Parent ref="k1l5"/>
            <Statement>Dorsal sepal much reduced, less than half as wide as labellum, not hooded</Statement>
            <TaxonName ref="i2"/>
          </Lead>
          <Lead id="k1l7">
            <Parent ref="k1l6"/>
            <Statement>Central boss on labellum channelled</Statement>
          </Lead>
          <Lead id="k1l10">
            <Parent ref="k1l6"/>
            <Statement>Central boss on labellum a mound</Statement>
          </Lead>
          <Lead id="k1l8">
            <Parent ref="k1l7"/>
            <Statement>Labellum  margins incurved and shortly toothed</Statement>
            <TaxonName ref="i8"/>
          </Lead>
          <Lead id="k1l9">
            <Parent ref="k1l7"/>
            <Statement>Labellum margins flared outwards and coarsely toothed</Statement>
            <TaxonName ref="i0"/>
          </Lead>
          <Lead id="k1l11">
            <Parent ref="k1l10"/>
            <Statement>Labellum lamina uniformly dark reddish brown, covered with short stiff hairs; auricles obscured by labellum lamina; found in Leptospermum lanigerum swamps</Statement>
            <TaxonName ref="i9"/>
          </Lead>
          <Lead id="k1l12">
            <Parent ref="k1l10"/>
            <Statement>Labellum lamina maroon usually with a pale central boss, glabrous; auricles not obscured by labellum lamina; habitat not as above</Statement>
          </Lead>
          <Lead id="k1l13">
            <Parent ref="k1l12"/>
            <Statement>Labellum margin flared widely; flowers &gt;12 mm across; open forest and coastal scrub</Statement>
            <TaxonName ref="i3"/>
          </Lead>
          <Lead id="k1l14">
            <Parent ref="k1l12"/>
            <Statement>Labellum margins flared slightly; flowers &lt;12 mm across; mountain forests mostly on fallen logs and tree fern trunks</Statement>
            <TaxonName ref="i6"/>
          </Lead>
          <Lead id="k1l17">
            <Parent ref="k1l16"/>
            <Statement>Dorsal sepal broadly expanded at distal end and spoon-like, covering labellum but leaving small orifice in front</Statement>
          </Lead>
          <Lead id="k1l20">
            <Parent ref="k1l16"/>
            <Statement>Dorsal sepal elliptic, strongly curved over entire labellum</Statement>
            <TaxonName ref="i1"/>
          </Lead>
          <Lead id="k1l18">
            <Parent ref="k1l17"/>
            <Statement>Leaf green below; labellum streaked red and white, with 5–7 rows of linear calli near orifice</Statement>
            <TaxonName ref="i5"/>
          </Lead>
          <Lead id="k1l19">
            <Parent ref="k1l17"/>
            <Statement>Leaf red below; labellum wholly purplish, with only a central row of linear calli</Statement>
            <TaxonName ref="i10"/>
          </Lead>
        </Leads>
      </IdentificationKey>
    </IdentificationKeys>
  </Dataset>
</Datasets>
