<?xml version="1.0" encoding="UTF-8"?>
<Datasets xmlns="http://rs.tdwg.org/UBIF/2006/" xmlns:xsi="http://www.w3.org/2001/XMLSchema-instance" xsi:schemaLocation="http://rs.tdwg.org/UBIF/2006/ http://rs.tdwg.org/UBIF/2006/Schema/1.1/SDD.xsd">
  <TechnicalMetadata created="2014-12-08T01:23:25">
    <Generator name="KeyBase SDD export" version="0"/>
  </TechnicalMetadata>
  <Dataset xml:lang="en-au">
    <Representation>
      <Label xml:lang="en">Cotoneaster</Label>
    </Representation>
    <TaxonNames>
      <TaxonName id="i0">
        <Representation>
          <Label>Cotoneaster divaricatus</Label>
        </Representation>
      </TaxonName>
      <TaxonName id="i1">
        <Representation>
          <Label>Cotoneaster franchetii</Label>
        </Representation>
      </TaxonName>
      <TaxonName id="i2">
        <Representation>
          <Label>Cotoneaster glaucophyllus</Label>
        </Representation>
      </TaxonName>
      <TaxonName id="i3">
        <Representation>
          <Label>Cotoneaster horizontalis</Label>
        </Representation>
      </TaxonName>
      <TaxonName id="i4">
        <Representation>
          <Label>Cotoneaster pannosus</Label>
        </Representation>
      </TaxonName>
      <TaxonName id="i5">
        <Representation>
          <Label>Cotoneaster simonsii</Label>
        </Representation>
      </TaxonName>
    </TaxonNames>
    <IdentificationKeys>
      <IdentificationKey id="k1">
        <Representation>
          <Label xml:lang="en">Cotoneaster</Label>
        </Representation>
        <Leads>
          <Lead id="k1l1">
            <Statement>Most leaves less than 3 cm long</Statement>
          </Lead>
          <Lead id="k1l10">
            <Statement>Most leaves more than 3 cm long</Statement>
            <TaxonName ref="i2"/>
          </Lead>
          <Lead id="k1l2">
            <Parent ref="k1l1"/>
            <Statement>Leaves white-tomentose below</Statement>
          </Lead>
          <Lead id="k1l5">
            <Parent ref="k1l1"/>
            <Statement>Leaves sparsely appressed-hairy below</Statement>
          </Lead>
          <Lead id="k1l3">
            <Parent ref="k1l2"/>
            <Statement>Leaves 20–35 mm long, upper surface glabrescent, shiny, veins conspicuous; flowers pinkish; fruit bright orange-red</Statement>
            <TaxonName ref="i1"/>
          </Lead>
          <Lead id="k1l4">
            <Parent ref="k1l2"/>
            <Statement>Leaves 12–25 mm long, upper surface glabrous, dull, veins inconspicuous; flowers white; fruit dull red</Statement>
            <TaxonName ref="i4"/>
          </Lead>
          <Lead id="k1l6">
            <Parent ref="k1l5"/>
            <Statement>Spreading deciduous or semi-evergreen shrubs usually less than 2 m high; petals pink</Statement>
          </Lead>
          <Lead id="k1l9">
            <Parent ref="k1l5"/>
            <Statement>Erect evergreen shrub 3 m or more high; petals white with red markings</Statement>
            <TaxonName ref="i5"/>
          </Lead>
          <Lead id="k1l7">
            <Parent ref="k1l6"/>
            <Statement>Flowers usually in 3s, short-pedicelled; leaves 8–20 mm long; deciduous shrub to c. 2 m high; branches more or less erect</Statement>
            <TaxonName ref="i0"/>
          </Lead>
          <Lead id="k1l8">
            <Parent ref="k1l6"/>
            <Statement>Flowers usually 1–2 together, subsessile; leaves mostly 5–10 mm long; deciduous or semi-evergreen shrub to c. 0.5 m high; branches spreading almost horizontally</Statement>
            <TaxonName ref="i3"/>
          </Lead>
        </Leads>
      </IdentificationKey>
    </IdentificationKeys>
  </Dataset>
</Datasets>
