<?xml version="1.0" encoding="UTF-8"?>
<Datasets xmlns="http://rs.tdwg.org/UBIF/2006/" xmlns:xsi="http://www.w3.org/2001/XMLSchema-instance" xsi:schemaLocation="http://rs.tdwg.org/UBIF/2006/ http://rs.tdwg.org/UBIF/2006/Schema/1.1/SDD.xsd">
  <TechnicalMetadata created="2014-12-08T01:23:37">
    <Generator name="KeyBase SDD export" version="0"/>
  </TechnicalMetadata>
  <Dataset xml:lang="en-au">
    <Representation>
      <Label xml:lang="en">Cotula</Label>
    </Representation>
    <TaxonNames>
      <TaxonName id="i0">
        <Representation>
          <Label>Cotula alpina</Label>
        </Representation>
      </TaxonName>
      <TaxonName id="i1">
        <Representation>
          <Label>Cotula australis</Label>
        </Representation>
      </TaxonName>
      <TaxonName id="i2">
        <Representation>
          <Label>Cotula bipinnata</Label>
        </Representation>
      </TaxonName>
      <TaxonName id="i3">
        <Representation>
          <Label>Cotula coronopifolia</Label>
        </Representation>
      </TaxonName>
      <TaxonName id="i4">
        <Representation>
          <Label>Cotula vulgaris</Label>
        </Representation>
      </TaxonName>
    </TaxonNames>
    <IdentificationKeys>
      <IdentificationKey id="k1">
        <Representation>
          <Label xml:lang="en">Cotula</Label>
        </Representation>
        <Leads>
          <Lead id="k1l1">
            <Statement>Leaves entire or pinnatifid with a few irregular teeth or lobes</Statement>
          </Lead>
          <Lead id="k1l4">
            <Statement>Leaves pinnatisect with lobed segments, or bipinnatisect</Statement>
          </Lead>
          <Lead id="k1l2">
            <Parent ref="k1l1"/>
            <Statement>Lower leaves oblong, more than 1 mm wide, usually pinnatifid, rarely entire; involucral bracts more than 8, oblong; florets bright yellow; plant perennial</Statement>
            <TaxonName ref="i3"/>
          </Lead>
          <Lead id="k1l3">
            <Parent ref="k1l1"/>
            <Statement>Lower leaves narrow-linear to filiform, to c. 1 mm wide, entire; involucral bracts 5–8, suborbicular; florets pale yellow; plant annual</Statement>
            <TaxonName ref="i4"/>
          </Lead>
          <Lead id="k1l5">
            <Parent ref="k1l4"/>
            <Statement>Plant more or less glabrous; peduncles stout or slender, shorter than or slightly exceeding leaves at anthesis</Statement>
          </Lead>
          <Lead id="k1l8">
            <Parent ref="k1l4"/>
            <Statement>Plant conspicuously villous; peduncles very slender, greatly exceeding the leaves at anthesis</Statement>
            <TaxonName ref="i1"/>
          </Lead>
          <Lead id="k1l6">
            <Parent ref="k1l5"/>
            <Statement>Leaves rosetted, once pinnatisect; peduncles stout, hollow, shorter than leaves at anthesis; stoloniferous perennial of alps; leaves 1-pinnatisect; alpine areas</Statement>
            <TaxonName ref="i0"/>
          </Lead>
          <Lead id="k1l7">
            <Parent ref="k1l5"/>
            <Statement>Leaves mostly cauline, pinnatisect with pinnatifid segments; peduncles slender, solid, slightly exceeding leaves at anthesis; erect annual of lowland areas</Statement>
            <TaxonName ref="i2"/>
          </Lead>
        </Leads>
      </IdentificationKey>
    </IdentificationKeys>
  </Dataset>
</Datasets>
