<?xml version="1.0" encoding="UTF-8"?>
<Datasets xmlns="http://rs.tdwg.org/UBIF/2006/" xmlns:xsi="http://www.w3.org/2001/XMLSchema-instance" xsi:schemaLocation="http://rs.tdwg.org/UBIF/2006/ http://rs.tdwg.org/UBIF/2006/Schema/1.1/SDD.xsd">
  <TechnicalMetadata created="2014-12-08T01:23:25">
    <Generator name="KeyBase SDD export" version="0"/>
  </TechnicalMetadata>
  <Dataset xml:lang="en-au">
    <Representation>
      <Label xml:lang="en">Crassulaceae</Label>
    </Representation>
    <TaxonNames>
      <TaxonName id="i0">
        <Representation>
          <Label>Aeonium</Label>
        </Representation>
      </TaxonName>
      <TaxonName id="i1">
        <Representation>
          <Label>Bryophyllum</Label>
        </Representation>
      </TaxonName>
      <TaxonName id="i2">
        <Representation>
          <Label>Cotyledon</Label>
        </Representation>
      </TaxonName>
      <TaxonName id="i3">
        <Representation>
          <Label>Crassula</Label>
        </Representation>
      </TaxonName>
      <TaxonName id="i4">
        <Representation>
          <Label>Sedum</Label>
        </Representation>
      </TaxonName>
    </TaxonNames>
    <IdentificationKeys>
      <IdentificationKey id="k1">
        <Representation>
          <Label xml:lang="en">Crassulaceae</Label>
        </Representation>
        <Leads>
          <Lead id="k1l1">
            <Statement>Leaves alternate or opposite with bases free; stamens usually twice as many as petals</Statement>
          </Lead>
          <Lead id="k1l8">
            <Statement>Leaves opposite with bases more or less connate; stamens as many as petals</Statement>
            <TaxonName ref="i3"/>
          </Lead>
          <Lead id="k1l2">
            <Parent ref="k1l1"/>
            <Statement>Leaves alternate or rosetted; petals free or fused at base only</Statement>
          </Lead>
          <Lead id="k1l5">
            <Parent ref="k1l1"/>
            <Statement>Leaves opposite; petals fused into a tube for at least half their length</Statement>
          </Lead>
          <Lead id="k1l3">
            <Parent ref="k1l2"/>
            <Statement>Leaves crowded in terminal rosettes; flowers 6–12-merous</Statement>
            <TaxonName ref="i0"/>
          </Lead>
          <Lead id="k1l4">
            <Parent ref="k1l2"/>
            <Statement>Leaves alternate or loosely clustered toward branch-tips; flowers typically 4–5-merous (rarely to 9-merous)</Statement>
            <TaxonName ref="i4"/>
          </Lead>
          <Lead id="k1l6">
            <Parent ref="k1l5"/>
            <Statement>Flowers 4-merous; free portion of petals not recurved at anthesis</Statement>
            <TaxonName ref="i1"/>
          </Lead>
          <Lead id="k1l7">
            <Parent ref="k1l5"/>
            <Statement>Flowers 5-merous; free portion of petals recurved at anthesis</Statement>
            <TaxonName ref="i2"/>
          </Lead>
        </Leads>
      </IdentificationKey>
    </IdentificationKeys>
  </Dataset>
</Datasets>
