<?xml version="1.0" encoding="UTF-8"?>
<Datasets xmlns="http://rs.tdwg.org/UBIF/2006/" xmlns:xsi="http://www.w3.org/2001/XMLSchema-instance" xsi:schemaLocation="http://rs.tdwg.org/UBIF/2006/ http://rs.tdwg.org/UBIF/2006/Schema/1.1/SDD.xsd">
  <TechnicalMetadata created="2014-12-08T01:23:25">
    <Generator name="KeyBase SDD export" version="0"/>
  </TechnicalMetadata>
  <Dataset xml:lang="en-au">
    <Representation>
      <Label xml:lang="en">Crassula</Label>
    </Representation>
    <TaxonNames>
      <TaxonName id="i0">
        <Representation>
          <Label>Crassula alata</Label>
        </Representation>
      </TaxonName>
      <TaxonName id="i1">
        <Representation>
          <Label>Crassula closiana</Label>
        </Representation>
      </TaxonName>
      <TaxonName id="i2">
        <Representation>
          <Label>Crassula colorata</Label>
        </Representation>
      </TaxonName>
      <TaxonName id="i3">
        <Representation>
          <Label>Crassula crenulata</Label>
        </Representation>
      </TaxonName>
      <TaxonName id="i4">
        <Representation>
          <Label>Crassula decumbens</Label>
        </Representation>
      </TaxonName>
      <TaxonName id="i5">
        <Representation>
          <Label>Crassula ericoides</Label>
        </Representation>
      </TaxonName>
      <TaxonName id="i6">
        <Representation>
          <Label>Crassula exserta</Label>
        </Representation>
      </TaxonName>
      <TaxonName id="i7">
        <Representation>
          <Label>Crassula helmsii</Label>
        </Representation>
      </TaxonName>
      <TaxonName id="i8">
        <Representation>
          <Label>Crassula multicava</Label>
        </Representation>
      </TaxonName>
      <TaxonName id="i9">
        <Representation>
          <Label>Crassula muscosa</Label>
        </Representation>
      </TaxonName>
      <TaxonName id="i10">
        <Representation>
          <Label>Crassula natans</Label>
        </Representation>
      </TaxonName>
      <TaxonName id="i11">
        <Representation>
          <Label>Crassula peduncularis</Label>
        </Representation>
      </TaxonName>
      <TaxonName id="i12">
        <Representation>
          <Label>Crassula sarmentosa</Label>
        </Representation>
      </TaxonName>
      <TaxonName id="i13">
        <Representation>
          <Label>Crassula sieberiana</Label>
        </Representation>
      </TaxonName>
      <TaxonName id="i14">
        <Representation>
          <Label>Crassula tetragona</Label>
        </Representation>
      </TaxonName>
    </TaxonNames>
    <IdentificationKeys>
      <IdentificationKey id="k1">
        <Representation>
          <Label xml:lang="en">Crassula</Label>
        </Representation>
        <Leads>
          <Lead id="k1l1">
            <Statement>Flowers single or in cymes in axils of leaf-like bracts along parts of or all branches; annuals or if perennials then flowers 4-merous (C. helmsii, C. sieberiana) or ovaries with 2 ovules (C. muscosa)</Statement>
          </Lead>
          <Lead id="k1l22">
            <Statement>Flowers in terminal rounded inflorescences with reduced bracts; perennials with leaves usually longer than 12 mm (to 3.5 mm long in C. ericoides)</Statement>
          </Lead>
          <Lead id="k1l2">
            <Parent ref="k1l1"/>
            <Statement>Annuals or if perennials then leaves loosely opposite, rarely decussate and not overlapping</Statement>
          </Lead>
          <Lead id="k1l21">
            <Parent ref="k1l1"/>
            <Statement>Perennial with scale-like leaves strictly opposite-decussate and overlapping</Statement>
            <TaxonName ref="i9"/>
          </Lead>
          <Lead id="k1l3">
            <Parent ref="k1l2"/>
            <Statement>Flowers in the axil of one leaf at each node; calyx half to two-thirds as long as the corolla (rarely longer in C. helmsii)</Statement>
          </Lead>
          <Lead id="k1l8">
            <Parent ref="k1l2"/>
            <Statement>Flowers in the axil of both leaves at a node; calyx at least as long as corolla</Statement>
          </Lead>
          <Lead id="k1l4">
            <Parent ref="k1l3"/>
            <Statement>Ovaries each with 2–14 ovules</Statement>
          </Lead>
          <Lead id="k1l7">
            <Parent ref="k1l3"/>
            <Statement>Ovaries each with 1 ovule</Statement>
            <TaxonName ref="i10"/>
          </Lead>
          <Lead id="k1l5">
            <Parent ref="k1l4"/>
            <Statement>Ovaries gradually constricted into styles (c. half as long as ovaries)</Statement>
            <TaxonName ref="i7"/>
          </Lead>
          <Lead id="k1l6">
            <Parent ref="k1l4"/>
            <Statement>Ovaries abruptly constricted into short styles (usually less than one-quarter as long as the ovaries)</Statement>
            <TaxonName ref="i11"/>
          </Lead>
          <Lead id="k1l9">
            <Parent ref="k1l8"/>
            <Statement>Flowers pedicellate and loosely arranged along usually much-branched branches</Statement>
          </Lead>
          <Lead id="k1l14">
            <Parent ref="k1l8"/>
            <Statement>Flowers sessile or almost so in spike-like inflorescences; plants little-branched mainly from the base</Statement>
          </Lead>
          <Lead id="k1l10">
            <Parent ref="k1l9"/>
            <Statement>Ovaries each with 4–24 ovules</Statement>
          </Lead>
          <Lead id="k1l13">
            <Parent ref="k1l9"/>
            <Statement>Ovaries each with 2 ovules</Statement>
            <TaxonName ref="i13"/>
          </Lead>
          <Lead id="k1l11">
            <Parent ref="k1l10"/>
            <Statement>Seeds less than twice as long as broad, with widely spaced papillae along the vertical ridges; branches erect; calyx-lobes and bracts papillate toward the apex</Statement>
            <TaxonName ref="i1"/>
          </Lead>
          <Lead id="k1l12">
            <Parent ref="k1l10"/>
            <Statement>Seeds greater than twice as long as broad, with dense papillae (c. touching one another) along vertical ridges; branches often decumbent; calyx-lobes usually smooth</Statement>
            <TaxonName ref="i4"/>
          </Lead>
          <Lead id="k1l15">
            <Parent ref="k1l14"/>
            <Statement>Flowers 4- or 5-merous</Statement>
          </Lead>
          <Lead id="k1l20">
            <Parent ref="k1l14"/>
            <Statement>Flowers mainly 3-merous</Statement>
            <TaxonName ref="i0"/>
          </Lead>
          <Lead id="k1l16">
            <Parent ref="k1l15"/>
            <Statement>Follicles dehiscing by apical pore and basal circumscissal split; styles up to one-quarter as long as ovaries</Statement>
          </Lead>
          <Lead id="k1l19">
            <Parent ref="k1l15"/>
            <Statement>Follicles dehiscing by basal circumscissal split; styles at least two-thirds as long as ovaries</Statement>
            <TaxonName ref="i2"/>
          </Lead>
          <Lead id="k1l17">
            <Parent ref="k1l16"/>
            <Statement>Fruiting calyx-lobes incurved between half exposed recurved follicles</Statement>
            <TaxonName ref="i6"/>
          </Lead>
          <Lead id="k1l18">
            <Parent ref="k1l16"/>
            <Statement>Fruiting calyx-lobes erect, enclosing erect follicles</Statement>
            <TaxonName ref="i13"/>
          </Lead>
          <Lead id="k1l23">
            <Parent ref="k1l22"/>
            <Statement>Leaves petiolate (rarely sessile in C. multicava and C. sarmentosa), loosely opposite; corolla star-shaped</Statement>
          </Lead>
          <Lead id="k1l28">
            <Parent ref="k1l22"/>
            <Statement>Leaves sessile, stiffly 4-ranked; corolla tubular</Statement>
          </Lead>
          <Lead id="k1l24">
            <Parent ref="k1l23"/>
            <Statement>Flowers mostly 5-merous; leaf-lamina ovate to elliptic, crenate or serrate</Statement>
          </Lead>
          <Lead id="k1l27">
            <Parent ref="k1l23"/>
            <Statement>Flowers mostly 4-merous; leaf-lamina broad-elliptic to orbicular, entire</Statement>
            <TaxonName ref="i8"/>
          </Lead>
          <Lead id="k1l25">
            <Parent ref="k1l24"/>
            <Statement>Leaves distinctly petiolate, petioles to 13 mm long; lamina broadly ovate, 7–20 mm long, crenate</Statement>
            <TaxonName ref="i3"/>
          </Lead>
          <Lead id="k1l26">
            <Parent ref="k1l24"/>
            <Statement>Leaves sessile or with petioles to 6 mm long; lamina ovate to elliptic, 13–40 mm long, serrate</Statement>
            <TaxonName ref="i12"/>
          </Lead>
          <Lead id="k1l29">
            <Parent ref="k1l28"/>
            <Statement>Leaves scale-like, 3.2–3.5 mm long</Statement>
            <TaxonName ref="i5"/>
          </Lead>
          <Lead id="k1l30">
            <Parent ref="k1l28"/>
            <Statement>Leaves linear-triangular, 10–50 mm long</Statement>
            <TaxonName ref="i14"/>
          </Lead>
        </Leads>
      </IdentificationKey>
    </IdentificationKeys>
  </Dataset>
</Datasets>
