<?xml version="1.0" encoding="UTF-8"?>
<Datasets xmlns="http://rs.tdwg.org/UBIF/2006/" xmlns:xsi="http://www.w3.org/2001/XMLSchema-instance" xsi:schemaLocation="http://rs.tdwg.org/UBIF/2006/ http://rs.tdwg.org/UBIF/2006/Schema/1.1/SDD.xsd">
  <TechnicalMetadata created="2014-12-08T01:23:36">
    <Generator name="KeyBase SDD export" version="0"/>
  </TechnicalMetadata>
  <Dataset xml:lang="en-au">
    <Representation>
      <Label xml:lang="en">Craspedia</Label>
    </Representation>
    <TaxonNames>
      <TaxonName id="i0">
        <Representation>
          <Label>Craspedia alba</Label>
        </Representation>
      </TaxonName>
      <TaxonName id="i1">
        <Representation>
          <Label>Craspedia aurantia</Label>
        </Representation>
      </TaxonName>
      <TaxonName id="i2">
        <Representation>
          <Label>Craspedia canens</Label>
        </Representation>
      </TaxonName>
      <TaxonName id="i3">
        <Representation>
          <Label>Craspedia coolaminica</Label>
        </Representation>
      </TaxonName>
      <TaxonName id="i4">
        <Representation>
          <Label>Craspedia crocata</Label>
        </Representation>
      </TaxonName>
      <TaxonName id="i5">
        <Representation>
          <Label>Craspedia haplorrhiza</Label>
        </Representation>
      </TaxonName>
      <TaxonName id="i6">
        <Representation>
          <Label>Craspedia jamesii</Label>
        </Representation>
      </TaxonName>
      <TaxonName id="i7">
        <Representation>
          <Label>Craspedia maxgrayi</Label>
        </Representation>
      </TaxonName>
      <TaxonName id="i8">
        <Representation>
          <Label>Craspedia paludicola</Label>
        </Representation>
      </TaxonName>
      <TaxonName id="i9">
        <Representation>
          <Label>Craspedia sp. 1</Label>
        </Representation>
      </TaxonName>
      <TaxonName id="i10">
        <Representation>
          <Label>Craspedia sp. 2</Label>
        </Representation>
      </TaxonName>
      <TaxonName id="i11">
        <Representation>
          <Label>Craspedia variabilis</Label>
        </Representation>
      </TaxonName>
    </TaxonNames>
    <IdentificationKeys>
      <IdentificationKey id="k1">
        <Representation>
          <Label xml:lang="en">Craspedia</Label>
        </Representation>
        <Leads>
          <Lead id="k1l1">
            <Statement>Florets yellow or orange</Statement>
          </Lead>
          <Lead id="k1l22">
            <Statement>Florets white</Statement>
            <TaxonName ref="i0"/>
          </Lead>
          <Lead id="k1l2">
            <Parent ref="k1l1"/>
            <Statement>Leaves wholly or mostly white-woolly or silvery (upper surface sometimes glabrescent), lacking hispid or hoary multiseptate or glandular hairs or these not conspicuous</Statement>
          </Lead>
          <Lead id="k1l7">
            <Parent ref="k1l1"/>
            <Statement>Leaves green to purplish, glabrous or with very sparse woolly hairs on the margins, or with few-many, simple or multiseptate glandular hairs</Statement>
          </Lead>
          <Lead id="k1l3">
            <Parent ref="k1l2"/>
            <Statement>Scapes glabrescent; heads under 2 cm diam.; leaves usually silvery-grey or grey-green, covered in long fine hairs or glabrescent on upper surface; lowland to sub- alpine areas</Statement>
          </Lead>
          <Lead id="k1l6">
            <Parent ref="k1l2"/>
            <Statement>Scapes woolly with long fine hairs; heads usually wider than 2 cm; leaves thickly woolly with hairs at least on the lower surface (hybrids with other species may have leaf indumentum sparser on the upper surface); secondary leaf-veins not con- spicuous; robust plant of higher alpine areas</Statement>
            <TaxonName ref="i7"/>
          </Lead>
          <Lead id="k1l4">
            <Parent ref="k1l3"/>
            <Statement>Leaves not long-attenuate at base, grey-green, the upper surface often glabres- cent; lowland areas</Statement>
            <TaxonName ref="i2"/>
          </Lead>
          <Lead id="k1l5">
            <Parent ref="k1l3"/>
            <Statement>Leaves long-attenuate at base, usually silvery-grey with a dense covering of long fine hairs; secondary leaf-veins conspicuous; subalpine areas</Statement>
            <TaxonName ref="i3"/>
          </Lead>
          <Lead id="k1l8">
            <Parent ref="k1l7"/>
            <Statement>Leaves shorter than 15 cm long, or if longer than 15 cm, then wider than 20 mm, spathulate to linear-ovate, green, hairy; bases of leaves usually under 5 mm wide</Statement>
          </Lead>
          <Lead id="k1l21">
            <Parent ref="k1l7"/>
            <Statement>Leaves all or mostly longer than 15 cm, to 20 mm wide, c. oblong, often tinged purple, glabrous or with very few woolly or simple glandular hairs on the margin; leaf-bases retained, c. 10 mm wide, usually tinged red; in swampy areas or free- standing water</Statement>
            <TaxonName ref="i8"/>
          </Lead>
          <Lead id="k1l9">
            <Parent ref="k1l8"/>
            <Statement>Florets orange; leaves often conspicuously reddish at base</Statement>
          </Lead>
          <Lead id="k1l14">
            <Parent ref="k1l8"/>
            <Statement>Florets yellow; leaves variable (if conspicuously red at the base then from western plains)</Statement>
          </Lead>
          <Lead id="k1l10">
            <Parent ref="k1l9"/>
            <Statement>Leaves long-attenuate towards the base (but widening out at the very base to be stem-clasping), conspicuously red at the base</Statement>
          </Lead>
          <Lead id="k1l13">
            <Parent ref="k1l9"/>
            <Statement>Leaves oblong or obovate, stem-clasping, white or green at the base; usually in dry grassy sites in alpine or higher subalpine areas</Statement>
            <TaxonName ref="i1"/>
          </Lead>
          <Lead id="k1l11">
            <Parent ref="k1l10"/>
            <Statement>Basal leaves linear-spathulate to spathulate, the widest to 12 mm wide, mostly long-attenuate at the base; moist grassland in subalpine areas</Statement>
            <TaxonName ref="i4"/>
          </Lead>
          <Lead id="k1l12">
            <Parent ref="k1l10"/>
            <Statement>Basal leaves broadly spathulate, the widest 20–40 mm wide, very long-attenuate at the base; in grassy understorey of montane woodland</Statement>
            <TaxonName ref="i9"/>
          </Lead>
          <Lead id="k1l15">
            <Parent ref="k1l14"/>
            <Statement>Plants with many thick, equal, tomentose roots, cauline leaves usually oblong, stem-clasping but not conspicuously auriculate; capitula usually on peduncles shorter than 3 mm long, resulting in a congested inflorescence</Statement>
          </Lead>
          <Lead id="k1l20">
            <Parent ref="k1l14"/>
            <Statement>Plants with a single taproot, cauline leaves usually auriculate, the uppermost attenuate to a narrow tip; capitula on peduncles 3–5 mm long, resulting in a loose inflorescence; plants of drier inland areas</Statement>
            <TaxonName ref="i5"/>
          </Lead>
          <Lead id="k1l16">
            <Parent ref="k1l15"/>
            <Statement>Widest leaves usually more than 12 (rarely c. 8) mm wide, the blade more than half the total length, base green or white</Statement>
          </Lead>
          <Lead id="k1l19">
            <Parent ref="k1l15"/>
            <Statement>Leaves 10 mm wide or less, the blade less than half the total leaf length, base very narrow-attenuate, conspicuously red-tinged</Statement>
            <TaxonName ref="i10"/>
          </Lead>
          <Lead id="k1l17">
            <Parent ref="k1l16"/>
            <Statement>General bract narrow-ovate, fully herbaceous or with narrow scarious margin; bracts subtending capitulum with narrow membranous margins evenly around the herbaceous stereome; in subalpine grassland and open woodland</Statement>
            <TaxonName ref="i6"/>
          </Lead>
          <Lead id="k1l18">
            <Parent ref="k1l16"/>
            <Statement>General bract broad-ovate with broad membranous margin; bracts subtending capitulum with broad margins and an attenuate membranous tip; mostly drier lowland grassland and woodland</Statement>
            <TaxonName ref="i11"/>
          </Lead>
        </Leads>
      </IdentificationKey>
    </IdentificationKeys>
  </Dataset>
</Datasets>
