<?xml version="1.0" encoding="UTF-8"?>
<Datasets xmlns="http://rs.tdwg.org/UBIF/2006/" xmlns:xsi="http://www.w3.org/2001/XMLSchema-instance" xsi:schemaLocation="http://rs.tdwg.org/UBIF/2006/ http://rs.tdwg.org/UBIF/2006/Schema/1.1/SDD.xsd">
  <TechnicalMetadata created="2014-12-08T01:23:16">
    <Generator name="KeyBase SDD export" version="0"/>
  </TechnicalMetadata>
  <Dataset xml:lang="en-au">
    <Representation>
      <Label xml:lang="en">Critesion</Label>
    </Representation>
    <TaxonNames>
      <TaxonName id="i0">
        <Representation>
          <Label>Critesion hystrix</Label>
        </Representation>
      </TaxonName>
      <TaxonName id="i1">
        <Representation>
          <Label>Critesion marinum</Label>
        </Representation>
      </TaxonName>
      <TaxonName id="i2">
        <Representation>
          <Label>Critesion murinum</Label>
        </Representation>
      </TaxonName>
      <TaxonName id="i3">
        <Representation>
          <Label>Critesion secalinum</Label>
        </Representation>
      </TaxonName>
    </TaxonNames>
    <IdentificationKeys>
      <IdentificationKey id="k1">
        <Representation>
          <Label xml:lang="en">Critesion</Label>
        </Representation>
        <Leads>
          <Lead id="k1l1">
            <Statement>Annual; glumes lanceolate or subulate; awn of fertile lemma 10–35 mm long; widespread</Statement>
          </Lead>
          <Lead id="k1l6">
            <Statement>Perennial; glumes all subulate; awn of fertile lemma 6–12 mm long; uncommon, naturalized between Swan Hill and Shepparton</Statement>
            <TaxonName ref="i3"/>
          </Lead>
          <Lead id="k1l2">
            <Parent ref="k1l1"/>
            <Statement>Glumes of central spikelet subulate and scabrous</Statement>
          </Lead>
          <Lead id="k1l5">
            <Parent ref="k1l1"/>
            <Statement>Both glumes of central spikelet and inner glume of lateral spikelets lanceolate and ciliate, outer glume of lateral spikelets subulate</Statement>
            <TaxonName ref="i2"/>
          </Lead>
          <Lead id="k1l3">
            <Parent ref="k1l2"/>
            <Statement>Glumes of lateral spikelets similar, subulate or rarely linear-lanceolate; lower leaf-sheaths with hairs at least 0.5 mm long</Statement>
            <TaxonName ref="i0"/>
          </Lead>
          <Lead id="k1l4">
            <Parent ref="k1l2"/>
            <Statement>Glumes of lateral spikelets dissimilar, the outer subulate, the inner lanceolate or winged near base; lower leaf-sheaths glabrous or with hairs not more than 0.5 mm long</Statement>
            <TaxonName ref="i1"/>
          </Lead>
        </Leads>
      </IdentificationKey>
    </IdentificationKeys>
  </Dataset>
</Datasets>
