<?xml version="1.0" encoding="UTF-8"?>
<Datasets xmlns="http://rs.tdwg.org/UBIF/2006/" xmlns:xsi="http://www.w3.org/2001/XMLSchema-instance" xsi:schemaLocation="http://rs.tdwg.org/UBIF/2006/ http://rs.tdwg.org/UBIF/2006/Schema/1.1/SDD.xsd">
  <TechnicalMetadata created="2014-12-08T01:23:47">
    <Generator name="KeyBase SDD export" version="0"/>
  </TechnicalMetadata>
  <Dataset xml:lang="en-au">
    <Representation>
      <Label xml:lang="en">Crossidium</Label>
    </Representation>
    <TaxonNames>
      <TaxonName id="i0">
        <Representation>
          <Label>Crossidium aberrans</Label>
        </Representation>
      </TaxonName>
      <TaxonName id="i1">
        <Representation>
          <Label>Crossidium crassinerve</Label>
        </Representation>
      </TaxonName>
      <TaxonName id="i2">
        <Representation>
          <Label>Crossidium seriatum</Label>
        </Representation>
      </TaxonName>
      <TaxonName id="i3">
        <Representation>
          <Label>Crossidium squamiferum</Label>
        </Representation>
      </TaxonName>
    </TaxonNames>
    <IdentificationKeys>
      <IdentificationKey id="k1">
        <Representation>
          <Label xml:lang="en">Crossidium</Label>
        </Representation>
        <Leads>
          <Lead id="k1l1">
            <Statement>Median leaf cells mostly papillose or mammillose; terminal cell of photosynthetic filaments nearly globose; photosynthetic filaments often so low as to be inconspicuous</Statement>
          </Lead>
          <Lead id="k1l4">
            <Statement>Median leaf cells smooth (ignore any papillosity that may be on cells near the leaf apex); terminal cell of filaments markedly longer than wide; photosynthetic filaments so high as to obscure almost all of the leaf lamina</Statement>
          </Lead>
          <Lead id="k1l2">
            <Parent ref="k1l1"/>
            <Statement>Upper leaf cells mammillose or with a single central papillae; perichaetial leaves broadest near the apex; photosynthetic filaments separate to the base</Statement>
            <TaxonName ref="i0"/>
          </Lead>
          <Lead id="k1l3">
            <Parent ref="k1l1"/>
            <Statement>Upper leaf cells papillose with several C-shaped papillae; perichaetial leaves widest near the base to near the middle; photosynthetic filaments partially fused into lamellae that may be up to 4 cells high</Statement>
            <TaxonName ref="i2"/>
          </Lead>
          <Lead id="k1l5">
            <Parent ref="k1l4"/>
            <Statement>Lumen/wall ratio of upper and median cells mostly more than 4:1, the lumen therefore obvious; leaf margin recurved to revolute from base to above the leaf middle; papillae solid on terminal cell of photosynthetic filaments</Statement>
            <TaxonName ref="i1"/>
          </Lead>
          <Lead id="k1l6">
            <Parent ref="k1l4"/>
            <Statement>Lumen/wall ratio of upper and median cells mostly less than 1:1; the lumen therefore inconspicuous; leaf margin plane at base, sometimes recurved near leaf middle; papillae hollow on terminal cell of photosynthetic filaments</Statement>
            <TaxonName ref="i3"/>
          </Lead>
        </Leads>
      </IdentificationKey>
    </IdentificationKeys>
  </Dataset>
</Datasets>
