<?xml version="1.0" encoding="UTF-8"?>
<Datasets xmlns="http://rs.tdwg.org/UBIF/2006/" xmlns:xsi="http://www.w3.org/2001/XMLSchema-instance" xsi:schemaLocation="http://rs.tdwg.org/UBIF/2006/ http://rs.tdwg.org/UBIF/2006/Schema/1.1/SDD.xsd">
  <TechnicalMetadata created="2014-12-08T01:23:19">
    <Generator name="KeyBase SDD export" version="0"/>
  </TechnicalMetadata>
  <Dataset xml:lang="en-au">
    <Representation>
      <Label xml:lang="en">Cryptostylis</Label>
    </Representation>
    <TaxonNames>
      <TaxonName id="i0">
        <Representation>
          <Label>Cryptostylis erecta</Label>
        </Representation>
      </TaxonName>
      <TaxonName id="i1">
        <Representation>
          <Label>Cryptostylis hunteriana</Label>
        </Representation>
      </TaxonName>
      <TaxonName id="i2">
        <Representation>
          <Label>Cryptostylis leptochila</Label>
        </Representation>
      </TaxonName>
      <TaxonName id="i3">
        <Representation>
          <Label>Cryptostylis subulata</Label>
        </Representation>
      </TaxonName>
    </TaxonNames>
    <IdentificationKeys>
      <IdentificationKey id="k1">
        <Representation>
          <Label xml:lang="en">Cryptostylis</Label>
        </Representation>
        <Leads>
          <Lead id="k1l1">
            <Statement>Labellum broadly ovate, concave, resembling a bonnet; leaves narrowly elliptic to lanceolate, pale green above, purple below; very rare, in far East Gippsland</Statement>
            <TaxonName ref="i0"/>
          </Lead>
          <Lead id="k1l2">
            <Statement>Labellum more or less oblong with recurved margins, lamina straight or recurved; leaves not as above or leaves absent</Statement>
          </Lead>
          <Lead id="k1l3">
            <Parent ref="k1l2"/>
            <Statement>Labellum erect, with a central, densely pubescent callus; plant leafless; very rare, in far East Gippsland</Statement>
            <TaxonName ref="i1"/>
          </Lead>
          <Lead id="k1l4">
            <Parent ref="k1l2"/>
            <Statement>Labellum obliquely deflexed or recurved, glabrous or minutely pubescent; plant bearing leaves; widespread species</Statement>
          </Lead>
          <Lead id="k1l5">
            <Parent ref="k1l4"/>
            <Statement>Labellum recurved, with 2 irregular rows of domed, shiny black calli and no apical hump; leaves ovate, dark green above, purple below</Statement>
            <TaxonName ref="i2"/>
          </Lead>
          <Lead id="k1l6">
            <Parent ref="k1l4"/>
            <Statement>Labellum obliquely deflexed, straight, with large hump or boss near apex; leaves narrowly elliptic to lanceolate, pale green above and below</Statement>
            <TaxonName ref="i3"/>
          </Lead>
        </Leads>
      </IdentificationKey>
    </IdentificationKeys>
  </Dataset>
</Datasets>
