<?xml version="1.0" encoding="UTF-8"?>
<Datasets xmlns="http://rs.tdwg.org/UBIF/2006/" xmlns:xsi="http://www.w3.org/2001/XMLSchema-instance" xsi:schemaLocation="http://rs.tdwg.org/UBIF/2006/ http://rs.tdwg.org/UBIF/2006/Schema/1.1/SDD.xsd">
  <TechnicalMetadata created="2014-12-08T01:23:29">
    <Generator name="KeyBase SDD export" version="0"/>
  </TechnicalMetadata>
  <Dataset xml:lang="en-au">
    <Representation>
      <Label xml:lang="en">Cryptandra</Label>
    </Representation>
    <TaxonNames>
      <TaxonName id="i0">
        <Representation>
          <Label>Cryptandra amara</Label>
        </Representation>
      </TaxonName>
      <TaxonName id="i1">
        <Representation>
          <Label>Cryptandra ericoides</Label>
        </Representation>
      </TaxonName>
      <TaxonName id="i2">
        <Representation>
          <Label>Cryptandra propinqua</Label>
        </Representation>
      </TaxonName>
      <TaxonName id="i3">
        <Representation>
          <Label>Cryptandra tomentosa</Label>
        </Representation>
      </TaxonName>
    </TaxonNames>
    <IdentificationKeys>
      <IdentificationKey id="k1">
        <Representation>
          <Label xml:lang="en">Cryptandra</Label>
        </Representation>
        <Leads>
          <Lead id="k1l1">
            <Statement>Leaves terete (or nearly so) with margins revolute and almost or completely obscuring lower surface</Statement>
          </Lead>
          <Lead id="k1l6">
            <Statement>Leaves flat or with recurved or incurved margins, lower surface clearly visible</Statement>
            <TaxonName ref="i0"/>
          </Lead>
          <Lead id="k1l2">
            <Parent ref="k1l1"/>
            <Statement>Perianth longer than 3 mm, or, if slightly shorter, then style covered in hairs for at least the lower third</Statement>
          </Lead>
          <Lead id="k1l5">
            <Parent ref="k1l1"/>
            <Statement>Perianth shorter than 3 mm; style hairy only at base</Statement>
            <TaxonName ref="i3"/>
          </Lead>
          <Lead id="k1l3">
            <Parent ref="k1l2"/>
            <Statement>Perianth (2.7–) 3–4 mm long; lower one-third to two-thirds of style hairy; bracts acute to acuminate, distinctly shorter than hypanthium; decumbent, wiry shrub of far east</Statement>
            <TaxonName ref="i1"/>
          </Lead>
          <Lead id="k1l4">
            <Parent ref="k1l2"/>
            <Statement>Perianth usually longer than 4 mm; style glabrous, or hairy only at junction with ovary; bracts broad, obtuse (but sometimes mucronate), subequal to or shortly exceeding hypanthium; rigid, divaricate shrub of north-west and upper Snowy River area</Statement>
            <TaxonName ref="i2"/>
          </Lead>
        </Leads>
      </IdentificationKey>
    </IdentificationKeys>
  </Dataset>
</Datasets>
