<?xml version="1.0" encoding="UTF-8"?>
<Datasets xmlns="http://rs.tdwg.org/UBIF/2006/" xmlns:xsi="http://www.w3.org/2001/XMLSchema-instance" xsi:schemaLocation="http://rs.tdwg.org/UBIF/2006/ http://rs.tdwg.org/UBIF/2006/Schema/1.1/SDD.xsd">
  <TechnicalMetadata created="2014-12-08T01:23:32">
    <Generator name="KeyBase SDD export" version="0"/>
  </TechnicalMetadata>
  <Dataset xml:lang="en-au">
    <Representation>
      <Label xml:lang="en">Cuscuta</Label>
    </Representation>
    <TaxonNames>
      <TaxonName id="i0">
        <Representation>
          <Label>Cuscuta australis</Label>
        </Representation>
      </TaxonName>
      <TaxonName id="i1">
        <Representation>
          <Label>Cuscuta campestris</Label>
        </Representation>
      </TaxonName>
      <TaxonName id="i2">
        <Representation>
          <Label>Cuscuta epilinum</Label>
        </Representation>
      </TaxonName>
      <TaxonName id="i3">
        <Representation>
          <Label>Cuscuta epithymum</Label>
        </Representation>
      </TaxonName>
      <TaxonName id="i4">
        <Representation>
          <Label>Cuscuta europaea</Label>
        </Representation>
      </TaxonName>
      <TaxonName id="i5">
        <Representation>
          <Label>Cuscuta planiflora</Label>
        </Representation>
      </TaxonName>
      <TaxonName id="i6">
        <Representation>
          <Label>Cuscuta racemosa</Label>
        </Representation>
      </TaxonName>
      <TaxonName id="i7">
        <Representation>
          <Label>Cuscuta suaveolens</Label>
        </Representation>
      </TaxonName>
      <TaxonName id="i8">
        <Representation>
          <Label>Cuscuta tasmanica</Label>
        </Representation>
      </TaxonName>
      <TaxonName id="i9">
        <Representation>
          <Label>Cuscuta victoriana</Label>
        </Representation>
      </TaxonName>
    </TaxonNames>
    <IdentificationKeys>
      <IdentificationKey id="k1">
        <Representation>
          <Label xml:lang="en">Cuscuta</Label>
        </Representation>
        <Leads>
          <Lead id="k1l1">
            <Statement>Stigmas linear</Statement>
          </Lead>
          <Lead id="k1l8">
            <Statement>Stigmas capitate</Statement>
          </Lead>
          <Lead id="k1l2">
            <Parent ref="k1l1"/>
            <Statement>Style, including stigma, longer than ovary at anthesis</Statement>
          </Lead>
          <Lead id="k1l5">
            <Parent ref="k1l1"/>
            <Statement>Style, including stigma, not longer than ovary at anthesis</Statement>
          </Lead>
          <Lead id="k1l3">
            <Parent ref="k1l2"/>
            <Statement>Corolla 2.5–4 mm long; inflorescences mostly 6–10 mm diam</Statement>
            <TaxonName ref="i3"/>
          </Lead>
          <Lead id="k1l4">
            <Parent ref="k1l2"/>
            <Statement>Corolla 1.5–2 mm long; inflorescences mostly 2–6 mm diam</Statement>
            <TaxonName ref="i5"/>
          </Lead>
          <Lead id="k1l6">
            <Parent ref="k1l5"/>
            <Statement>Corolla usually 5-lobed; calyx lobes overlapping; capsule rounded</Statement>
            <TaxonName ref="i2"/>
          </Lead>
          <Lead id="k1l7">
            <Parent ref="k1l5"/>
            <Statement>Corolla usually 4-lobed; calyx lobes not overlapping; capsule pointed</Statement>
            <TaxonName ref="i4"/>
          </Lead>
          <Lead id="k1l9">
            <Parent ref="k1l8"/>
            <Statement>Flowers in dense globose or loose few-flowered clusters</Statement>
          </Lead>
          <Lead id="k1l18">
            <Parent ref="k1l8"/>
            <Statement>Flowers in loose racemose inflorescences</Statement>
            <TaxonName ref="i6"/>
          </Lead>
          <Lead id="k1l10">
            <Parent ref="k1l9"/>
            <Statement>Flowers in loose few-flowered clusters; pedicels 3–6 mm long</Statement>
          </Lead>
          <Lead id="k1l13">
            <Parent ref="k1l9"/>
            <Statement>Flowers in dense globose clusters; pedicels mostly less than 2.5 mm long</Statement>
          </Lead>
          <Lead id="k1l11">
            <Parent ref="k1l10"/>
            <Statement>Calyx shorter than corolla-tube; corolla-lobes shorter than corolla-tube, acute</Statement>
            <TaxonName ref="i7"/>
          </Lead>
          <Lead id="k1l12">
            <Parent ref="k1l10"/>
            <Statement>Calyx as long as corolla-tube; corolla-lobes as long as or longer than corolla-tube, obtuse</Statement>
            <TaxonName ref="i8"/>
          </Lead>
          <Lead id="k1l14">
            <Parent ref="k1l13"/>
            <Statement>Styles c. 1 mm long; corolla usually 5-lobed</Statement>
          </Lead>
          <Lead id="k1l17">
            <Parent ref="k1l13"/>
            <Statement>Styles absent or almost so; corolla usually 3- or 4-lobed</Statement>
            <TaxonName ref="i9"/>
          </Lead>
          <Lead id="k1l15">
            <Parent ref="k1l14"/>
            <Statement>Corolla-lobes obtuse; scales subtending stamens shorter than corolla-tube, sparsely fringed</Statement>
            <TaxonName ref="i0"/>
          </Lead>
          <Lead id="k1l16">
            <Parent ref="k1l14"/>
            <Statement>Corolla-lobes acute, often inflexed; scales subtending stamens longer than corolla- tube, densely fringed</Statement>
            <TaxonName ref="i1"/>
          </Lead>
        </Leads>
      </IdentificationKey>
    </IdentificationKeys>
  </Dataset>
</Datasets>
