<?xml version="1.0" encoding="UTF-8"?>
<Datasets xmlns="http://rs.tdwg.org/UBIF/2006/" xmlns:xsi="http://www.w3.org/2001/XMLSchema-instance" xsi:schemaLocation="http://rs.tdwg.org/UBIF/2006/ http://rs.tdwg.org/UBIF/2006/Schema/1.1/SDD.xsd">
  <TechnicalMetadata created="2014-12-08T01:23:16">
    <Generator name="KeyBase SDD export" version="0"/>
  </TechnicalMetadata>
  <Dataset xml:lang="en-au">
    <Representation>
      <Label xml:lang="en">Cynodon dactylon</Label>
    </Representation>
    <TaxonNames>
      <TaxonName id="i0">
        <Representation>
          <Label>Cynodon dactylon var. dactylon</Label>
        </Representation>
      </TaxonName>
      <TaxonName id="i1">
        <Representation>
          <Label>Cynodon dactylon var. pulchellus</Label>
        </Representation>
      </TaxonName>
    </TaxonNames>
    <IdentificationKeys>
      <IdentificationKey id="k1">
        <Representation>
          <Label xml:lang="en">Cynodon dactylon</Label>
        </Representation>
        <Leads>
          <Lead id="k1l1">
            <Statement>Spikes mostly 4 or more and more than 3 cm long; spikelets to 2.5 mm long; lemma glabrous to shortly pubescent along the keel; leaves glabrous or almost so except about the ligule; wide-spread</Statement>
            <TaxonName ref="i0"/>
          </Lead>
          <Lead id="k1l2">
            <Statement>Spikes 2–4, mostly less than 3 cm long; spikelets 2.5–3 mm long; lemma with dense, ± appressed, silky hairs along the keel; leaves with scattered, spreading, tubercle-based hairs in the lower half; rare, in the north-west only</Statement>
            <TaxonName ref="i1"/>
          </Lead>
        </Leads>
      </IdentificationKey>
    </IdentificationKeys>
  </Dataset>
</Datasets>
