<?xml version="1.0" encoding="UTF-8"?>
<Datasets xmlns="http://rs.tdwg.org/UBIF/2006/" xmlns:xsi="http://www.w3.org/2001/XMLSchema-instance" xsi:schemaLocation="http://rs.tdwg.org/UBIF/2006/ http://rs.tdwg.org/UBIF/2006/Schema/1.1/SDD.xsd">
  <TechnicalMetadata created="2014-12-08T01:23:14">
    <Generator name="KeyBase SDD export" version="0"/>
  </TechnicalMetadata>
  <Dataset xml:lang="en-au">
    <Representation>
      <Label xml:lang="en">Cyperaceae</Label>
    </Representation>
    <TaxonNames>
      <TaxonName id="i0">
        <Representation>
          <Label>Baumea</Label>
        </Representation>
      </TaxonName>
      <TaxonName id="i1">
        <Representation>
          <Label>Bolboschoenus</Label>
        </Representation>
      </TaxonName>
      <TaxonName id="i2">
        <Representation>
          <Label>Carex</Label>
        </Representation>
      </TaxonName>
      <TaxonName id="i3">
        <Representation>
          <Label>Carpha</Label>
        </Representation>
      </TaxonName>
      <TaxonName id="i4">
        <Representation>
          <Label>Caustis</Label>
        </Representation>
      </TaxonName>
      <TaxonName id="i5">
        <Representation>
          <Label>Chorizandra</Label>
        </Representation>
      </TaxonName>
      <TaxonName id="i6">
        <Representation>
          <Label>Cladium</Label>
        </Representation>
      </TaxonName>
      <TaxonName id="i7">
        <Representation>
          <Label>Cyathochaeta</Label>
        </Representation>
      </TaxonName>
      <TaxonName id="i8">
        <Representation>
          <Label>Cyperus</Label>
        </Representation>
      </TaxonName>
      <TaxonName id="i9">
        <Representation>
          <Label>Eleocharis</Label>
        </Representation>
      </TaxonName>
      <TaxonName id="i10">
        <Representation>
          <Label>Fimbristylis</Label>
        </Representation>
      </TaxonName>
      <TaxonName id="i11">
        <Representation>
          <Label>Gahnia</Label>
        </Representation>
      </TaxonName>
      <TaxonName id="i12">
        <Representation>
          <Label>Gymnoschoenus</Label>
        </Representation>
      </TaxonName>
      <TaxonName id="i13">
        <Representation>
          <Label>Isolepis</Label>
        </Representation>
      </TaxonName>
      <TaxonName id="i14">
        <Representation>
          <Label>Lepidosperma</Label>
        </Representation>
      </TaxonName>
      <TaxonName id="i15">
        <Representation>
          <Label>Lipocarpha</Label>
        </Representation>
      </TaxonName>
      <TaxonName id="i16">
        <Representation>
          <Label>Oreobolus</Label>
        </Representation>
      </TaxonName>
      <TaxonName id="i17">
        <Representation>
          <Label>Rhynchospora</Label>
        </Representation>
      </TaxonName>
      <TaxonName id="i18">
        <Representation>
          <Label>Schoenoplectus</Label>
        </Representation>
      </TaxonName>
      <TaxonName id="i19">
        <Representation>
          <Label>Schoenus</Label>
        </Representation>
      </TaxonName>
      <TaxonName id="i20">
        <Representation>
          <Label>Scirpus</Label>
        </Representation>
      </TaxonName>
      <TaxonName id="i21">
        <Representation>
          <Label>Tetraria</Label>
        </Representation>
      </TaxonName>
      <TaxonName id="i22">
        <Representation>
          <Label>Trianoptiles</Label>
        </Representation>
      </TaxonName>
      <TaxonName id="i23">
        <Representation>
          <Label>Tricostularia</Label>
        </Representation>
      </TaxonName>
      <TaxonName id="i24">
        <Representation>
          <Label>Uncinia</Label>
        </Representation>
      </TaxonName>
    </TaxonNames>
    <IdentificationKeys>
      <IdentificationKey id="k1">
        <Representation>
          <Label xml:lang="en">Cyperaceae</Label>
        </Representation>
        <Leads>
          <Lead id="k1l1">
            <Statement>Spikelets with several to many flowers producing nuts, usually only 1 to 2 lowest glumes empty</Statement>
          </Lead>
          <Lead id="k1l22">
            <Statement>Spikelets or pseudospikelets with 1 to 2 flowers producing nuts, usually several to many empty glumes at the base of the spikelet or pseudospikelet</Statement>
          </Lead>
          <Lead id="k1l2">
            <Parent ref="k1l1"/>
            <Statement>Culms noded and leafy; hypogynous bristles or scales present; robust perennials</Statement>
          </Lead>
          <Lead id="k1l5">
            <Parent ref="k1l1"/>
            <Statement>Culms nodeless, leaves all basal (except occasionally in weak, branched, aquatic Isolepis species); hypogynous bristles or scales present or absent</Statement>
          </Lead>
          <Lead id="k1l3">
            <Parent ref="k1l2"/>
            <Statement>Spikelets 1–2.5 cm long; inflorescence branches not scabrous; hypogynous bristles shorter than or equalling nut</Statement>
            <TaxonName ref="i1"/>
          </Lead>
          <Lead id="k1l4">
            <Parent ref="k1l2"/>
            <Statement>Spikelets less than 1 cm long; inflorescence branches scabrous; hypogynous bristles much longer than nut</Statement>
            <TaxonName ref="i20"/>
          </Lead>
          <Lead id="k1l6">
            <Parent ref="k1l5"/>
            <Statement>Style-base enlarged or not, but not persistent on nut</Statement>
          </Lead>
          <Lead id="k1l21">
            <Parent ref="k1l5"/>
            <Statement>Style-base enlarged and persistent on nut; inflorescence not subtended by leafy bracts; leaves reduced to sheaths, glabrous; hypogynous bristles usually present</Statement>
            <TaxonName ref="i9"/>
          </Lead>
          <Lead id="k1l7">
            <Parent ref="k1l6"/>
            <Statement>Hypogynous bristles absent</Statement>
          </Lead>
          <Lead id="k1l20">
            <Parent ref="k1l6"/>
            <Statement>Hypogynous bristles present</Statement>
            <TaxonName ref="i18"/>
          </Lead>
          <Lead id="k1l8">
            <Parent ref="k1l7"/>
            <Statement>Style based not enlarged</Statement>
          </Lead>
          <Lead id="k1l19">
            <Parent ref="k1l7"/>
            <Statement>Style based enlarged</Statement>
            <TaxonName ref="i10"/>
          </Lead>
          <Lead id="k1l9">
            <Parent ref="k1l8"/>
            <Statement>Style2- fid</Statement>
          </Lead>
          <Lead id="k1l14">
            <Parent ref="k1l8"/>
            <Statement>Style3-fid</Statement>
          </Lead>
          <Lead id="k1l10">
            <Parent ref="k1l9"/>
            <Statement>Glumes spirally arranged in spikelet</Statement>
          </Lead>
          <Lead id="k1l13">
            <Parent ref="k1l9"/>
            <Statement>Glumes distichously arranged in spikelet</Statement>
            <TaxonName ref="i8"/>
          </Lead>
          <Lead id="k1l11">
            <Parent ref="k1l10"/>
            <Statement>Involucral bracts glume-like or leaf-like, from shorter than inflorescence to twice as long as it (to 1.5 cm long); spikelets 2–8 mm long</Statement>
            <TaxonName ref="i13"/>
          </Lead>
          <Lead id="k1l12">
            <Parent ref="k1l10"/>
            <Statement>Involucral bracts culm-like, usually at least 4 times as long as inflorescence (to 25 cm long); spikelets 5–15 mm long</Statement>
            <TaxonName ref="i18"/>
          </Lead>
          <Lead id="k1l15">
            <Parent ref="k1l14"/>
            <Statement>Glumes spirally arranged in spikelet; plant not curry-scented</Statement>
          </Lead>
          <Lead id="k1l18">
            <Parent ref="k1l14"/>
            <Statement>Glumes distichously arranged in spikelet (spirally arranged in Cyperus hamulosus, and then plant curry-scented)</Statement>
            <TaxonName ref="i8"/>
          </Lead>
          <Lead id="k1l16">
            <Parent ref="k1l15"/>
            <Statement>Nuts variously marked but never transversely wrinkled; small annuals or perennials</Statement>
            <TaxonName ref="i13"/>
          </Lead>
          <Lead id="k1l17">
            <Parent ref="k1l15"/>
            <Statement>Nuts transversely wrinkled and/or stout perennials</Statement>
            <TaxonName ref="i18"/>
          </Lead>
          <Lead id="k1l23">
            <Parent ref="k1l22"/>
            <Statement>Female flowers enclosed in sac-like utricle</Statement>
          </Lead>
          <Lead id="k1l26">
            <Parent ref="k1l22"/>
            <Statement>Flowers not enclosed in a utricle ............................................................................................................................... 14</Statement>
          </Lead>
          <Lead id="k1l24">
            <Parent ref="k1l23"/>
            <Statement>Rachilla not hooked, not produced beyond utricle; inflorescence of 1–many spikes</Statement>
            <TaxonName ref="i2"/>
          </Lead>
          <Lead id="k1l25">
            <Parent ref="k1l23"/>
            <Statement>Rachilla elongated beyond utricle, stiffly hooked at tip; inflorescence always a single spike</Statement>
            <TaxonName ref="i24"/>
          </Lead>
          <Lead id="k1l27">
            <Parent ref="k1l26"/>
            <Statement>Inflorescence not as above; female or bisexual flowers lateral and axillary, one to many in a spikelet, often with a few stamen-subtending or sterile glumes above or below them</Statement>
          </Lead>
          <Lead id="k1l76">
            <Parent ref="k1l26"/>
            <Statement>Inflorescence a sessile ovoid or hemispherical head of pseudospikelets; female flowers apparently terminal, always only 1 per pseudospikelet (floral unit) with 10–25 stamen-subtending or sterile glumes below it</Statement>
            <TaxonName ref="i5"/>
          </Lead>
          <Lead id="k1l28">
            <Parent ref="k1l27"/>
            <Statement>A hypogynous disk or 1 or 2 hyaline scales or 2–6 hypogynous bristles or scales present at base of nut (not always falling with nut)</Statement>
          </Lead>
          <Lead id="k1l51">
            <Parent ref="k1l27"/>
            <Statement>Hypogynous bristles, scales and disk absent</Statement>
          </Lead>
          <Lead id="k1l29">
            <Parent ref="k1l28"/>
            <Statement>Nut without hyaline scales; inflorescence various</Statement>
          </Lead>
          <Lead id="k1l50">
            <Parent ref="k1l28"/>
            <Statement>Nut more or less enclosed in 2, or occasionally 1, hyaline scales; small annual with inflorescence of 1–4 ovoid spikes</Statement>
            <TaxonName ref="i15"/>
          </Lead>
          <Lead id="k1l30">
            <Parent ref="k1l29"/>
            <Statement>Style simple or 2-fid</Statement>
          </Lead>
          <Lead id="k1l33">
            <Parent ref="k1l29"/>
            <Statement>Style 3- to 8-fid</Statement>
          </Lead>
          <Lead id="k1l31">
            <Parent ref="k1l30"/>
            <Statement>Style-base not differentiated or enlarged or persistent; leaves with a membranous ligule; dry forests or woodlands of the far east</Statement>
            <TaxonName ref="i7"/>
          </Lead>
          <Lead id="k1l32">
            <Parent ref="k1l30"/>
            <Statement>Style-base differentiated, enlarged, and persistent; leaves without a ligule; damp sites in the north-east only</Statement>
            <TaxonName ref="i17"/>
          </Lead>
          <Lead id="k1l34">
            <Parent ref="k1l33"/>
            <Statement>Hypogynous bristles or scales present at base of nut</Statement>
          </Lead>
          <Lead id="k1l49">
            <Parent ref="k1l33"/>
            <Statement>Hypogynous disk present at base of nut</Statement>
            <TaxonName ref="i6"/>
          </Lead>
          <Lead id="k1l35">
            <Parent ref="k1l34"/>
            <Statement>Upper internodes of rachilla straight</Statement>
          </Lead>
          <Lead id="k1l48">
            <Parent ref="k1l34"/>
            <Statement>Upper internodes of rachilla prominently zigzagged</Statement>
            <TaxonName ref="i19"/>
          </Lead>
          <Lead id="k1l36">
            <Parent ref="k1l35"/>
            <Statement>Hypogynous scales or bristles 2–6; if scales, flat but not plumose or 3-lobed; spikelets aerial only</Statement>
          </Lead>
          <Lead id="k1l47">
            <Parent ref="k1l35"/>
            <Statement>Hypogynous scales 3, flat, antrorsely plumose below, apex with 1 long bristle-like lobe, often with 2 smaller flat lateral lobes; both aerial and basal spikelets produced</Statement>
            <TaxonName ref="i22"/>
          </Lead>
          <Lead id="k1l37">
            <Parent ref="k1l36"/>
            <Statement>Style-base persistent, often enlarged in fruit</Statement>
          </Lead>
          <Lead id="k1l42">
            <Parent ref="k1l36"/>
            <Statement>Style-base deciduous</Statement>
          </Lead>
          <Lead id="k1l38">
            <Parent ref="k1l37"/>
            <Statement>Inflorescence panicle-like, umbel-like, or spike-like</Statement>
          </Lead>
          <Lead id="k1l41">
            <Parent ref="k1l37"/>
            <Statement>Inflorescence head-like, globose, terminal on long, wiry culm; large tussock of wet heaths</Statement>
            <TaxonName ref="i12"/>
          </Lead>
          <Lead id="k1l39">
            <Parent ref="k1l38"/>
            <Statement>Bristles 6, as long as, or longer than the nut and falling with it</Statement>
            <TaxonName ref="i3"/>
          </Lead>
          <Lead id="k1l40">
            <Parent ref="k1l38"/>
            <Statement>Bristles 2–4, much shorter than the nut, not falling with it</Statement>
            <TaxonName ref="i21"/>
          </Lead>
          <Lead id="k1l43">
            <Parent ref="k1l42"/>
            <Statement>Glumes ± distichously arranged in the spikelet; hypogynous scales flat, not thickened</Statement>
          </Lead>
          <Lead id="k1l46">
            <Parent ref="k1l42"/>
            <Statement>Glumes spirally arranged in the spikelet; hypogynous scales inflated</Statement>
            <TaxonName ref="i14"/>
          </Lead>
          <Lead id="k1l44">
            <Parent ref="k1l43"/>
            <Statement>Hypogynous scales persistent on rachilla after nut falls; leaf with pseudopetiole;alpine, wet heaths and bogs</Statement>
            <TaxonName ref="i16"/>
          </Lead>
          <Lead id="k1l45">
            <Parent ref="k1l43"/>
            <Statement>Hypogynous scales falling with the nut; leaf without pseudopetiole; lowland heaths and woodlands</Statement>
            <TaxonName ref="i23"/>
          </Lead>
          <Lead id="k1l52">
            <Parent ref="k1l51"/>
            <Statement>Style simple or 2-fid</Statement>
          </Lead>
          <Lead id="k1l57">
            <Parent ref="k1l51"/>
            <Statement>Style 3- to 8-fid</Statement>
          </Lead>
          <Lead id="k1l53">
            <Parent ref="k1l52"/>
            <Statement>Style-base not enlarged or persistent</Statement>
          </Lead>
          <Lead id="k1l56">
            <Parent ref="k1l52"/>
            <Statement>Style-base enlarged, persistent</Statement>
            <TaxonName ref="i17"/>
          </Lead>
          <Lead id="k1l54">
            <Parent ref="k1l53"/>
            <Statement>Hyaline scales absent; glumes keeled, with 2–5 nerves on each side of midrib;nut laterally compressed (i.e. with an edge next to rachilla), biconvex</Statement>
            <TaxonName ref="i8"/>
          </Lead>
          <Lead id="k1l55">
            <Parent ref="k1l53"/>
            <Statement>Hyaline scales usually 2 enclosing nut, occasionally 1 or absent; apparent glumes ( = spikelet bracts) flat with 0–2 nerves on each side of midrib; nut dorsiventrally compressed, trigonous or planoconvex</Statement>
            <TaxonName ref="i15"/>
          </Lead>
          <Lead id="k1l58">
            <Parent ref="k1l57"/>
            <Statement>Upper internodes of rachilla straight</Statement>
          </Lead>
          <Lead id="k1l75">
            <Parent ref="k1l57"/>
            <Statement>Upper internodes of rachilla zigzagged</Statement>
            <TaxonName ref="i19"/>
          </Lead>
          <Lead id="k1l59">
            <Parent ref="k1l58"/>
            <Statement>Perennials; inflorescence panicle-like, spike-like, or occasionally reduced to a few clustered spikelets</Statement>
          </Lead>
          <Lead id="k1l74">
            <Parent ref="k1l58"/>
            <Statement>Annual; inflorescence of 1 to 3 clustered heads with numerous spikelets</Statement>
            <TaxonName ref="i15"/>
          </Lead>
          <Lead id="k1l60">
            <Parent ref="k1l59"/>
            <Statement>Leaves reduced to blades no more than 1 cm long</Statement>
          </Lead>
          <Lead id="k1l65">
            <Parent ref="k1l59"/>
            <Statement>Leaves with well-developed blades to 1 m long or more</Statement>
          </Lead>
          <Lead id="k1l61">
            <Parent ref="k1l60"/>
            <Statement>Persistent style-base separated from body of nut by a constriction</Statement>
          </Lead>
          <Lead id="k1l64">
            <Parent ref="k1l60"/>
            <Statement>Persistent style-base not separated from body of nut by a constriction</Statement>
            <TaxonName ref="i0"/>
          </Lead>
          <Lead id="k1l62">
            <Parent ref="k1l61"/>
            <Statement>Leaves without a ligule</Statement>
            <TaxonName ref="i4"/>
          </Lead>
          <Lead id="k1l63">
            <Parent ref="k1l61"/>
            <Statement>Leaves with a ligule</Statement>
            <TaxonName ref="i21"/>
          </Lead>
          <Lead id="k1l66">
            <Parent ref="k1l65"/>
            <Statement>Leaves 3-ranked, flattened dorsiventrally</Statement>
          </Lead>
          <Lead id="k1l73">
            <Parent ref="k1l65"/>
            <Statement>Leaves 2-ranked, flattened laterally (strictly isobilaterally)</Statement>
            <TaxonName ref="i0"/>
          </Lead>
          <Lead id="k1l67">
            <Parent ref="k1l66"/>
            <Statement>Nut not borne on a hypogynous disk</Statement>
          </Lead>
          <Lead id="k1l72">
            <Parent ref="k1l66"/>
            <Statement>Nut borne on inconspicuous hypogynous disk (disk may stay on rachilla rather than fall with nut)</Statement>
            <TaxonName ref="i6"/>
          </Lead>
          <Lead id="k1l68">
            <Parent ref="k1l67"/>
            <Statement>Spikelets persistent, nuts falling separately from glumes at maturity</Statement>
          </Lead>
          <Lead id="k1l71">
            <Parent ref="k1l67"/>
            <Statement>Spikelets disarticulating as a unit from axis at maturity</Statement>
            <TaxonName ref="i8"/>
          </Lead>
          <Lead id="k1l69">
            <Parent ref="k1l68"/>
            <Statement>Leaves with a ligule</Statement>
            <TaxonName ref="i11"/>
          </Lead>
          <Lead id="k1l70">
            <Parent ref="k1l68"/>
            <Statement>Leaves without a ligule</Statement>
            <TaxonName ref="i21"/>
          </Lead>
        </Leads>
      </IdentificationKey>
    </IdentificationKeys>
  </Dataset>
</Datasets>
