<?xml version="1.0" encoding="UTF-8"?>
<Datasets xmlns="http://rs.tdwg.org/UBIF/2006/" xmlns:xsi="http://www.w3.org/2001/XMLSchema-instance" xsi:schemaLocation="http://rs.tdwg.org/UBIF/2006/ http://rs.tdwg.org/UBIF/2006/Schema/1.1/SDD.xsd">
  <TechnicalMetadata created="2014-12-08T01:23:32">
    <Generator name="KeyBase SDD export" version="0"/>
  </TechnicalMetadata>
  <Dataset xml:lang="en-au">
    <Representation>
      <Label xml:lang="en">Cyphanthera</Label>
    </Representation>
    <TaxonNames>
      <TaxonName id="i0">
        <Representation>
          <Label>Cyphanthera albicans</Label>
        </Representation>
      </TaxonName>
      <TaxonName id="i1">
        <Representation>
          <Label>Cyphanthera anthocercidea</Label>
        </Representation>
      </TaxonName>
      <TaxonName id="i2">
        <Representation>
          <Label>Cyphanthera myosotidea</Label>
        </Representation>
      </TaxonName>
    </TaxonNames>
    <IdentificationKeys>
      <IdentificationKey id="k1">
        <Representation>
          <Label xml:lang="en">Cyphanthera</Label>
        </Representation>
        <Leads>
          <Lead id="k1l1">
            <Statement>Leaves variously hairy, margins more or less recurved, mostly less than 25 mm long, mostly less than 8 mm wide; calyx hairy; corolla-lobes spreading to less than 1 cm diam</Statement>
          </Lead>
          <Lead id="k1l4">
            <Statement>Leaves glabrous or nearly so, flat, mostly 25–75 mm long, 8–20 mm wide; calyx glabrous; corolla-lobes spreading to more than 1 cm diam.; Grampians, Mt Arapiles and Dargo area</Statement>
            <TaxonName ref="i1"/>
          </Lead>
          <Lead id="k1l2">
            <Parent ref="k1l1"/>
            <Statement>Branches with an indumentum of whitish stellate hairs and glandular hairs; leaves mostly 6–15 mm long; flowers in clusters of 2–3; corolla-lobes lanceolate, acute, longer than tube; upper Snowy River area</Statement>
            <TaxonName ref="i0"/>
          </Lead>
          <Lead id="k1l3">
            <Parent ref="k1l1"/>
            <Statement>Branches with an indumentum of short glandular and non-glandular hairs; leaves mostly 2–10 mm long; flowers usually solitary; corolla-lobes ovate, more or less obtuse, about as long as tube; Grampians and north-west Victoria</Statement>
            <TaxonName ref="i2"/>
          </Lead>
        </Leads>
      </IdentificationKey>
    </IdentificationKeys>
  </Dataset>
</Datasets>
