<?xml version="1.0" encoding="UTF-8"?>
<Datasets xmlns="http://rs.tdwg.org/UBIF/2006/" xmlns:xsi="http://www.w3.org/2001/XMLSchema-instance" xsi:schemaLocation="http://rs.tdwg.org/UBIF/2006/ http://rs.tdwg.org/UBIF/2006/Schema/1.1/SDD.xsd">
  <TechnicalMetadata created="2014-12-08T01:23:16">
    <Generator name="KeyBase SDD export" version="0"/>
  </TechnicalMetadata>
  <Dataset xml:lang="en-au">
    <Representation>
      <Label xml:lang="en">Danthonia</Label>
    </Representation>
    <TaxonNames>
      <TaxonName id="i0">
        <Representation>
          <Label>Chionochloa pallida</Label>
        </Representation>
      </TaxonName>
      <TaxonName id="i1">
        <Representation>
          <Label>Danthonia alpicola</Label>
        </Representation>
      </TaxonName>
      <TaxonName id="i2">
        <Representation>
          <Label>Danthonia auriculata</Label>
        </Representation>
      </TaxonName>
      <TaxonName id="i3">
        <Representation>
          <Label>Danthonia caespitosa</Label>
        </Representation>
      </TaxonName>
      <TaxonName id="i4">
        <Representation>
          <Label>Danthonia carphoides</Label>
        </Representation>
      </TaxonName>
      <TaxonName id="i5">
        <Representation>
          <Label>Danthonia duttoniana</Label>
        </Representation>
      </TaxonName>
      <TaxonName id="i6">
        <Representation>
          <Label>Danthonia eriantha</Label>
        </Representation>
      </TaxonName>
      <TaxonName id="i7">
        <Representation>
          <Label>Danthonia geniculata</Label>
        </Representation>
      </TaxonName>
      <TaxonName id="i8">
        <Representation>
          <Label>Danthonia induta</Label>
        </Representation>
      </TaxonName>
      <TaxonName id="i9">
        <Representation>
          <Label>Danthonia laevis</Label>
        </Representation>
      </TaxonName>
      <TaxonName id="i10">
        <Representation>
          <Label>Danthonia lepidopoda</Label>
        </Representation>
      </TaxonName>
      <TaxonName id="i11">
        <Representation>
          <Label>Danthonia linkii</Label>
        </Representation>
      </TaxonName>
      <TaxonName id="i12">
        <Representation>
          <Label>Danthonia longifolia</Label>
        </Representation>
      </TaxonName>
      <TaxonName id="i13">
        <Representation>
          <Label>Danthonia monticola</Label>
        </Representation>
      </TaxonName>
      <TaxonName id="i14">
        <Representation>
          <Label>Danthonia nivicola</Label>
        </Representation>
      </TaxonName>
      <TaxonName id="i15">
        <Representation>
          <Label>Danthonia nudiflora</Label>
        </Representation>
      </TaxonName>
      <TaxonName id="i16">
        <Representation>
          <Label>Danthonia penicillata</Label>
        </Representation>
      </TaxonName>
      <TaxonName id="i17">
        <Representation>
          <Label>Danthonia pilosa</Label>
        </Representation>
      </TaxonName>
      <TaxonName id="i18">
        <Representation>
          <Label>Danthonia procera</Label>
        </Representation>
      </TaxonName>
      <TaxonName id="i19">
        <Representation>
          <Label>Danthonia racemosa</Label>
        </Representation>
      </TaxonName>
      <TaxonName id="i20">
        <Representation>
          <Label>Danthonia richardsonii</Label>
        </Representation>
      </TaxonName>
      <TaxonName id="i21">
        <Representation>
          <Label>Danthonia semiannularis</Label>
        </Representation>
      </TaxonName>
      <TaxonName id="i22">
        <Representation>
          <Label>Danthonia setacea</Label>
        </Representation>
      </TaxonName>
      <TaxonName id="i23">
        <Representation>
          <Label>Danthonia tenuior</Label>
        </Representation>
      </TaxonName>
    </TaxonNames>
    <IdentificationKeys>
      <IdentificationKey id="k1">
        <Representation>
          <Label xml:lang="en">Danthonia</Label>
        </Representation>
        <Leads>
          <Lead id="k1l1">
            <Statement>Body of lemma with a moderately dense to dense covering of hairs, with or without a row of hairs below the sinus and another above the callus</Statement>
          </Lead>
          <Lead id="k1l22">
            <Statement>Body of lemma with hairs in distinct transverse rows (although these sometimes incomplete), otherwise glabrous or occasionally with scattered hairs between the rows, or lemma glabrous except for marginal tufts of hairs</Statement>
          </Lead>
          <Lead id="k1l2">
            <Parent ref="k1l1"/>
            <Statement>Hairs of lemma more or less uniform in length</Statement>
          </Lead>
          <Lead id="k1l7">
            <Parent ref="k1l1"/>
            <Statement>Hairs of lemma elongating gradually from the base to the sinus or the upper row of hairs distinctly longer than the remainder</Statement>
          </Lead>
          <Lead id="k1l3">
            <Parent ref="k1l2"/>
            <Statement>Central awn of lemma distinctly longer (by at least 2 mm) than lateral lobes, palea narrow and exceeding sinus by 2 mm or more</Statement>
          </Lead>
          <Lead id="k1l6">
            <Parent ref="k1l2"/>
            <Statement>Central awn of lemma not or barely longer than lateral lobes, palea broad, obtuse, not or barely exceeding sinus</Statement>
            <TaxonName ref="i7"/>
          </Lead>
          <Lead id="k1l4">
            <Parent ref="k1l3"/>
            <Statement>Lemma mostly 4–5 mm long, central awn strongly twisted in lower 3–5 mm; robust, caespitose grass with finely inrolled leaves, 20–40 cm long, and culms often exceeding 1 m</Statement>
            <TaxonName ref="i0"/>
          </Lead>
          <Lead id="k1l5">
            <Parent ref="k1l3"/>
            <Statement>Lemma mostly 2.5–4 mm long, central awn weakly (once or twice) twisted in lower 1.5–2.5 mm; rhizomatous grass producing sparse tufts of channelled to inrolled leaves to 15 cm long, and culms to 60 cm high</Statement>
            <TaxonName ref="i10"/>
          </Lead>
          <Lead id="k1l8">
            <Parent ref="k1l7"/>
            <Statement>Hairs of lemma uniformly short (0.5–1.2 mm) except for a conspicuously longer upper series (c. 3 mm long); body of lemma less than 3 mm long with narrow lateral lobes</Statement>
          </Lead>
          <Lead id="k1l11">
            <Parent ref="k1l7"/>
            <Statement>Hairs of lemma mostly longer than 1.2 mm long, increasing in length incremen-tally from basal to upper series, or, if the upper series suddenly longer, lateral lobes broad; body of lemma more than 3 mm long</Statement>
          </Lead>
          <Lead id="k1l9">
            <Parent ref="k1l8"/>
            <Statement>Culms mostly 4–6-noded; hairs of greater part of lemma c. 1 mm long; lateral lobes of lemma exceeding the upper series of hairs by 2–4 mm; typically of drier, raised, often rocky sites</Statement>
            <TaxonName ref="i12"/>
          </Lead>
          <Lead id="k1l10">
            <Parent ref="k1l8"/>
            <Statement>Culms mostly 3-noded; hairs of greater part of lemma c. 0.5 mm long; lateral lobes of lemma not or hardly exceeding the upper series of hairs (rarely exceeding hairs by 2–3 mm); typically of damp or sandy lowland sites</Statement>
            <TaxonName ref="i21"/>
          </Lead>
          <Lead id="k1l12">
            <Parent ref="k1l11"/>
            <Statement>Lateral lobes of lemma longer than lemma body (rarely subequal in rare, northern D. richardsonii) and exceeding upper hairs of lemma; lemma surface smooth; plants usually more than 40 cm high with linear to lanceolate inflores-cences, usually 5 cm long or more</Statement>
          </Lead>
          <Lead id="k1l21">
            <Parent ref="k1l11"/>
            <Statement>Lateral lobes of lemma no longer than lemma body, and usually not longer than upper hairs of lemma; lemma surface granular (but sometimes obscured by hairs); plants usually less than 40 cm high, with compact, ovate panicles, to c. 4 cm long</Statement>
            <TaxonName ref="i4"/>
          </Lead>
          <Lead id="k1l13">
            <Parent ref="k1l12"/>
            <Statement>Palea exceeding sinus of lemma by up to 2.5 mm, never reaching midway on the lateral lemma lobes</Statement>
          </Lead>
          <Lead id="k1l16">
            <Parent ref="k1l12"/>
            <Statement>Palea exceeding sinus of lemma by 4 mm or more, or if less, then palea reaching to midway along the lateral lemma lobes</Statement>
          </Lead>
          <Lead id="k1l14">
            <Parent ref="k1l13"/>
            <Statement>Palea lanceolate to narrowly ovate, tapered to a narrow but truncate, often twisted apex, distinctly exceeding sinus (by 1–2.5 mm); lateral lobes of lemma attenuate into the distinct but often short setae</Statement>
            <TaxonName ref="i11"/>
          </Lead>
          <Lead id="k1l15">
            <Parent ref="k1l13"/>
            <Statement>Palea broadly obovate, obtuse, barely exceeding the sinus of the lemma; lateral lobes of lemma rather broad, membranous at base, scarcely or very shortly setiform at the tips</Statement>
            <TaxonName ref="i20"/>
          </Lead>
          <Lead id="k1l17">
            <Parent ref="k1l16"/>
            <Statement>Lemma 4–5.5 mm long, lateral lobes of lemma with setiform tips, at least 5 mm long in all, central awn strongly twisted in basal 4–6 mm; palea reaching to about halfway along lateral lemma lobes</Statement>
          </Lead>
          <Lead id="k1l20">
            <Parent ref="k1l16"/>
            <Statement>Lemma 3–4 mm long, lateral lobes without setiform tips, less than 5 mm long, central awn weakly twisted in basal c. 2 mm; palea approaching tips of lateral lobes</Statement>
            <TaxonName ref="i10"/>
          </Lead>
          <Lead id="k1l18">
            <Parent ref="k1l17"/>
            <Statement>Lemma with abundant hairs between the two rows (which may not be appar-ent), lateral lobes attenuate, not broad at base; leaves flat or folded</Statement>
            <TaxonName ref="i8"/>
          </Lead>
          <Lead id="k1l19">
            <Parent ref="k1l17"/>
            <Statement>Lemma with relatively few hairs between the two rows, lateral lobes rather broad near base and abruptly tapered; leaves inrolled</Statement>
            <TaxonName ref="i18"/>
          </Lead>
          <Lead id="k1l23">
            <Parent ref="k1l22"/>
            <Statement>Lemma with a complete row of hairs below the sinus (rarely with occasional tufts suppressed in D. setacea)</Statement>
          </Lead>
          <Lead id="k1l44">
            <Parent ref="k1l22"/>
            <Statement>Lemma with only dorsal and/or marginal tufts of hairs below the sinus or with hairs confined to callus region (rarely with an almost complete upper series in D. racemosa and D. pilosa)</Statement>
          </Lead>
          <Lead id="k1l24">
            <Parent ref="k1l23"/>
            <Statement>Body of lemma less than 2.5 mm long (rarely to 3.5 mm long in the variable D. setacea)</Statement>
          </Lead>
          <Lead id="k1l27">
            <Parent ref="k1l23"/>
            <Statement>Body of lemma 3 mm long or more</Statement>
          </Lead>
          <Lead id="k1l25">
            <Parent ref="k1l24"/>
            <Statement>Body of lemma rather broad, more or less ovate in outline, lateral lobes with short (2–4 mm) setae; palea obovate, barely exceeding sinus; rare</Statement>
            <TaxonName ref="i13"/>
          </Lead>
          <Lead id="k1l26">
            <Parent ref="k1l24"/>
            <Statement>Body of lemma narrow, oblong to narrow-triangular in outline, lateral lobes with very fine setae 4–9 mm long (or the lobes 3–4 mm overall in the rarer var. breviseta); palea narrow-elliptic to lanceolate, shortly exceeding sinus; very com-mon widespread and variable species</Statement>
            <TaxonName ref="i22"/>
          </Lead>
          <Lead id="k1l28">
            <Parent ref="k1l27"/>
            <Statement>Lemma with a row of hair-tufts just above the callus; lemma surface therefore at least partially obscured by hairs</Statement>
          </Lead>
          <Lead id="k1l43">
            <Parent ref="k1l27"/>
            <Statement>Lemma lacking a complete row of hairs just above the callus, but often with marginal or reduced central tufts at this level; surface of lemma consequently mostly exposed, very smooth and shining</Statement>
            <TaxonName ref="i9"/>
          </Lead>
          <Lead id="k1l29">
            <Parent ref="k1l28"/>
            <Statement>Palea narrow, exceeding sinus of lemma by 2 mm or more and approaching setiform part of lateral lobes; lemma often with scattered hairs between the upper and lower series</Statement>
          </Lead>
          <Lead id="k1l32">
            <Parent ref="k1l28"/>
            <Statement>Palea various, exceeding sinus by up to 2.5 mm but never approaching setiform part of lateral lobes</Statement>
          </Lead>
          <Lead id="k1l30">
            <Parent ref="k1l29"/>
            <Statement>Culms to c. 30 cm high; inflorescence dense, 2–5 cm long; leaves rigid, folded; subalpine to alpine grass of exposed crags</Statement>
            <TaxonName ref="i1"/>
          </Lead>
          <Lead id="k1l31">
            <Parent ref="k1l29"/>
            <Statement>Culms mostly more than 40 cm high; inflorescence rather loose, to 15 cm long; leaves not rigid, closely inrolled; lowland to foothills grass, never subalpine or alpine</Statement>
            <TaxonName ref="i18"/>
          </Lead>
          <Lead id="k1l33">
            <Parent ref="k1l32"/>
            <Statement>Margins of lateral lobes without triangular lobes</Statement>
          </Lead>
          <Lead id="k1l42">
            <Parent ref="k1l32"/>
            <Statement>Membranous margins of lateral lobes of lemma ending abruptly in a small triangular lobe; body of lemma broad; palea obovate; leaves mostly fine with spreading hairs; panicle short, ovate, with few spikelets</Statement>
            <TaxonName ref="i2"/>
          </Lead>
          <Lead id="k1l34">
            <Parent ref="k1l33"/>
            <Statement>Body of lemma remaining pale (rarely maturing to golden brown in some forms of D. caespitosa); lower branches of inflorescence not long or reflexed at anthesis</Statement>
          </Lead>
          <Lead id="k1l41">
            <Parent ref="k1l33"/>
            <Statement>Body of lemma shining golden brown at maturity; lower branch(es) of panicle rather long, often bare at base and reflexed at anthesis; grass typically of heavy soils prone to inundation</Statement>
            <TaxonName ref="i5"/>
          </Lead>
          <Lead id="k1l35">
            <Parent ref="k1l34"/>
            <Statement>Body of lemma triangular in outline, mostly less than 4 mm long, the twisted part of the central awn commonly exceeded by the hairs of the upper series; palea broad-lanceolate to obovate, firm</Statement>
          </Lead>
          <Lead id="k1l40">
            <Parent ref="k1l34"/>
            <Statement>Body of lemma more or less oblong in outline, mostly more than 4 mm long, the twisted part of the central awn commonly exceeding the hairs of the upper series; palea oblong to narrow-lanceolate, the apex membranous and commonly notched</Statement>
            <TaxonName ref="i3"/>
          </Lead>
          <Lead id="k1l36">
            <Parent ref="k1l35"/>
            <Statement>Inflorescence linear or narrowly spreading, mostly more than 7 cm long (but shorter and compact in some high-altitude forms of D. tenuior); leaf-blades flat or folded, more than 1 mm broad; lemma without crescentic swellings below hair-tufts, commonly with scattered hairs between series, setiform part of lateral lobes less than 3 mm, always shorter than lower flat part</Statement>
          </Lead>
          <Lead id="k1l39">
            <Parent ref="k1l35"/>
            <Statement>Inflorescence ovate, compact or loose, 2–7 cm long; leaf-blades fine, inrolled (less than 1 mm diam.); lemma with hair-tufts of upper series commonly sub-tended by crescentic swellings, lemma quite glabrous between series; setiform part of lateral lobes 3 mm long or more, usually about as long as lower flat part; typically of dryish sites</Statement>
            <TaxonName ref="i6"/>
          </Lead>
          <Lead id="k1l37">
            <Parent ref="k1l36"/>
            <Statement>Body of lemma rather thin-textured, dull, with prominent nerves (the nerves continuing within the lateral lobes); palea exceeding sinus by 1.5–2.5 mm, evenly tapered to the narrow, often pleated or twisted, narrowly truncate apex; mostly of drier, often rocky areas</Statement>
            <TaxonName ref="i11"/>
          </Lead>
          <Lead id="k1l38">
            <Parent ref="k1l36"/>
            <Statement>Body of lemma firm, shining, without raised nerves; palea exceeding sinus by up to c. 1 mm, rather abruptly tapered to the obtuse apex; typically of damper sites and subalps</Statement>
            <TaxonName ref="i23"/>
          </Lead>
          <Lead id="k1l45">
            <Parent ref="k1l44"/>
            <Statement>Lateral lobes of lemma at least as long as lemma body which is more than 2.5 mm long (or rarely only 2 mm long in D. pilosa)</Statement>
          </Lead>
          <Lead id="k1l52">
            <Parent ref="k1l44"/>
            <Statement>Lateral lobes of lemma shorter than body which is only 1.5–2.5 mm long; hairs (other than those of the callus) either totally lacking, reduced to marginal tufts or rarely, sparsely scattered over back of lemma; slender grass of alpine bogs and wet alpine heathland</Statement>
            <TaxonName ref="i14"/>
          </Lead>
          <Lead id="k1l46">
            <Parent ref="k1l45"/>
            <Statement>Some tufts of hairs present on dorsal surface of lemma as well as callus</Statement>
          </Lead>
          <Lead id="k1l51">
            <Parent ref="k1l45"/>
            <Statement>Hairs of lemma reduced to marginal and callus tufts; leaves rigid, usually strongly flexed at the sheath-blade junction; alps and subalps</Statement>
            <TaxonName ref="i15"/>
          </Lead>
          <Lead id="k1l47">
            <Parent ref="k1l46"/>
            <Statement>Callus not elongate, to c. 1 mm long; lateral lobes of lemma tapered evenly into the setae; inflorescence various</Statement>
          </Lead>
          <Lead id="k1l50">
            <Parent ref="k1l46"/>
            <Statement>Callus of all but the lowest florets in a spikelet elongate, 1.5–2 mm long, the upper florets far exceeding the glumes as a consequence; lateral lobes of lemma contracted rather suddenly into the setae; inflorescence very slender, often interrupted and appearing racemose</Statement>
            <TaxonName ref="i19"/>
          </Lead>
          <Lead id="k1l48">
            <Parent ref="k1l47"/>
            <Statement>Palea lanceolate to oblanceolate, exceeding sinus of lemma by c. 1 mm; base of central awn fine, less than 0.3 mm wide; inflorescence commonly very slender, often interrupted and drooping</Statement>
            <TaxonName ref="i16"/>
          </Lead>
          <Lead id="k1l49">
            <Parent ref="k1l47"/>
            <Statement>Palea obovate to oblanceolate, barely exceeding (by up to 0.5 mm) sinus of lemma; base of central awn rather stout, more than 0.3 mm wide; inflorescence commonly dense and ovate, but occasionally slender</Statement>
            <TaxonName ref="i17"/>
          </Lead>
        </Leads>
      </IdentificationKey>
    </IdentificationKeys>
  </Dataset>
</Datasets>
