<?xml version="1.0" encoding="UTF-8"?>
<Datasets xmlns="http://rs.tdwg.org/UBIF/2006/" xmlns:xsi="http://www.w3.org/2001/XMLSchema-instance" xsi:schemaLocation="http://rs.tdwg.org/UBIF/2006/ http://rs.tdwg.org/UBIF/2006/Schema/1.1/SDD.xsd">
  <TechnicalMetadata created="2014-12-08T01:23:26">
    <Generator name="KeyBase SDD export" version="0"/>
  </TechnicalMetadata>
  <Dataset xml:lang="en-au">
    <Representation>
      <Label xml:lang="en">Daviesia</Label>
    </Representation>
    <TaxonNames>
      <TaxonName id="i0">
        <Representation>
          <Label>Daviesia arenaria</Label>
        </Representation>
      </TaxonName>
      <TaxonName id="i1">
        <Representation>
          <Label>Daviesia benthamii</Label>
        </Representation>
      </TaxonName>
      <TaxonName id="i2">
        <Representation>
          <Label>Daviesia brevifolia</Label>
        </Representation>
      </TaxonName>
      <TaxonName id="i3">
        <Representation>
          <Label>Daviesia buxifolia</Label>
        </Representation>
      </TaxonName>
      <TaxonName id="i4">
        <Representation>
          <Label>Daviesia genistifolia</Label>
        </Representation>
      </TaxonName>
      <TaxonName id="i5">
        <Representation>
          <Label>Daviesia laevis</Label>
        </Representation>
      </TaxonName>
      <TaxonName id="i6">
        <Representation>
          <Label>Daviesia latifolia</Label>
        </Representation>
      </TaxonName>
      <TaxonName id="i7">
        <Representation>
          <Label>Daviesia laxiflora</Label>
        </Representation>
      </TaxonName>
      <TaxonName id="i8">
        <Representation>
          <Label>Daviesia leptophylla</Label>
        </Representation>
      </TaxonName>
      <TaxonName id="i9">
        <Representation>
          <Label>Daviesia mimosoides</Label>
        </Representation>
      </TaxonName>
      <TaxonName id="i10">
        <Representation>
          <Label>Daviesia pectinata</Label>
        </Representation>
      </TaxonName>
      <TaxonName id="i11">
        <Representation>
          <Label>Daviesia ulicifolia</Label>
        </Representation>
      </TaxonName>
      <TaxonName id="i12">
        <Representation>
          <Label>Daviesia wyattiana</Label>
        </Representation>
      </TaxonName>
    </TaxonNames>
    <IdentificationKeys>
      <IdentificationKey id="k1">
        <Representation>
          <Label xml:lang="en">Daviesia</Label>
        </Representation>
        <Leads>
          <Lead id="k1l1">
            <Statement>Phyllodes not pungent-pointed, or rarely absent</Statement>
          </Lead>
          <Lead id="k1l14">
            <Statement>Phyllodes pungent-pointed</Statement>
          </Lead>
          <Lead id="k1l2">
            <Parent ref="k1l1"/>
            <Statement>Branchlets somewhat angular to more or less terete; flowers in raceme, but rachis sometimes short</Statement>
          </Lead>
          <Lead id="k1l13">
            <Parent ref="k1l1"/>
            <Statement>Branchlets triangular in cross-section, to winged; flowers in regular umbel; East Gippsland only</Statement>
            <TaxonName ref="i12"/>
          </Lead>
          <Lead id="k1l3">
            <Parent ref="k1l2"/>
            <Statement>Bracts conspicuous, 2–4 mm long, spreading widely</Statement>
          </Lead>
          <Lead id="k1l6">
            <Parent ref="k1l2"/>
            <Statement>Bracts inconspicuous, 0.75–2 mm long, more or less appressed to pedicel</Statement>
          </Lead>
          <Lead id="k1l4">
            <Parent ref="k1l3"/>
            <Statement>Phyllode margins entire, tertiary venation obscure; inflorescence rachis usually 20–30 mm long; Grampians and Mt Cole area only</Statement>
            <TaxonName ref="i5"/>
          </Lead>
          <Lead id="k1l5">
            <Parent ref="k1l3"/>
            <Statement>Phyllode margins minutely crenate, tertiary venation reticulate and prominent; inflorescence rachis 25–80 mm long</Statement>
            <TaxonName ref="i6"/>
          </Lead>
          <Lead id="k1l7">
            <Parent ref="k1l6"/>
            <Statement>Racemes less than 25 mm long</Statement>
          </Lead>
          <Lead id="k1l12">
            <Parent ref="k1l6"/>
            <Statement>Racemes 40–120 mm long; montane areas</Statement>
            <TaxonName ref="i7"/>
          </Lead>
          <Lead id="k1l8">
            <Parent ref="k1l7"/>
            <Statement>Phyllodes ovate to obovate, rarely linear, margins flat or undulate; venation sometimes obscure, pinnate</Statement>
          </Lead>
          <Lead id="k1l11">
            <Parent ref="k1l7"/>
            <Statement>Phyllodes linear, upper surface somewhat convex; venation conspicuous with a longitudinal vein near each margin</Statement>
            <TaxonName ref="i8"/>
          </Lead>
          <Lead id="k1l9">
            <Parent ref="k1l8"/>
            <Statement>Phyllodes ovate to circular, minutely crenate, glossy, green; base cordate to rounded; montane areas</Statement>
            <TaxonName ref="i3"/>
          </Lead>
          <Lead id="k1l10">
            <Parent ref="k1l8"/>
            <Statement>Phyllodes narrow-elliptic to narrow-obovate, usually entire, dull green or slightly glaucous; base tapered, rarely cuneate</Statement>
            <TaxonName ref="i9"/>
          </Lead>
          <Lead id="k1l15">
            <Parent ref="k1l14"/>
            <Statement>Phyllodes terete or slightly compressed vertically; midrib not apparent</Statement>
          </Lead>
          <Lead id="k1l22">
            <Parent ref="k1l14"/>
            <Statement>Phyllodes horizontally flattened or subulate; midrib apparent above or below</Statement>
          </Lead>
          <Lead id="k1l16">
            <Parent ref="k1l15"/>
            <Statement>Phyllodes terete, rarely slightly compressed, if decurrent then scarcely so, perpendicular or oblique to the branchlets, green</Statement>
          </Lead>
          <Lead id="k1l21">
            <Parent ref="k1l15"/>
            <Statement>Phyllodes compressed vertically, strongly decurrent by a 3–10 mm broad base, usually perpendicular to the branchlets, blue-grey; Little Desert and adjacent areas only</Statement>
            <TaxonName ref="i10"/>
          </Lead>
          <Lead id="k1l17">
            <Parent ref="k1l16"/>
            <Statement>Phyllodes more or less perpendicular to stem, 5–30 mm long, slender, straight; pod compressed</Statement>
          </Lead>
          <Lead id="k1l20">
            <Parent ref="k1l16"/>
            <Statement>Phyllodes oblique to stem, less than 6 mm long, stout, slightly recurved; pod inflated</Statement>
            <TaxonName ref="i2"/>
          </Lead>
          <Lead id="k1l18">
            <Parent ref="k1l17"/>
            <Statement>Phyllodes continuous with branchlets; pod less than 7 mm long</Statement>
            <TaxonName ref="i1"/>
          </Lead>
          <Lead id="k1l19">
            <Parent ref="k1l17"/>
            <Statement>Phyllodes articulate on branchlets; pod more than 7 mm long</Statement>
            <TaxonName ref="i4"/>
          </Lead>
          <Lead id="k1l23">
            <Parent ref="k1l22"/>
            <Statement>Plants usually grey-hispid; phyllodes concave above, V-shaped in section, mid-vein prominent below</Statement>
            <TaxonName ref="i0"/>
          </Lead>
          <Lead id="k1l24">
            <Parent ref="k1l22"/>
            <Statement>Plants glabrous or hispid; phyllodes flat or convex above, midvein prominent above</Statement>
            <TaxonName ref="i11"/>
          </Lead>
        </Leads>
      </IdentificationKey>
    </IdentificationKeys>
  </Dataset>
</Datasets>
