<?xml version="1.0" encoding="UTF-8"?>
<Datasets xmlns="http://rs.tdwg.org/UBIF/2006/" xmlns:xsi="http://www.w3.org/2001/XMLSchema-instance" xsi:schemaLocation="http://rs.tdwg.org/UBIF/2006/ http://rs.tdwg.org/UBIF/2006/Schema/1.1/SDD.xsd">
  <TechnicalMetadata created="2014-12-08T01:23:12">
    <Generator name="KeyBase SDD export" version="0"/>
  </TechnicalMetadata>
  <Dataset xml:lang="en-au">
    <Representation>
      <Label xml:lang="en">Dennstaedtiaceae</Label>
    </Representation>
    <TaxonNames>
      <TaxonName id="i0">
        <Representation>
          <Label>Dennstaedtia</Label>
        </Representation>
      </TaxonName>
      <TaxonName id="i1">
        <Representation>
          <Label>Histiopteris</Label>
        </Representation>
      </TaxonName>
      <TaxonName id="i2">
        <Representation>
          <Label>Hypolepis</Label>
        </Representation>
      </TaxonName>
      <TaxonName id="i3">
        <Representation>
          <Label>Pteridium</Label>
        </Representation>
      </TaxonName>
    </TaxonNames>
    <IdentificationKeys>
      <IdentificationKey id="k1">
        <Representation>
          <Label xml:lang="en">Dennstaedtiaceae</Label>
        </Representation>
        <Leads>
          <Lead id="k1l1">
            <Statement>Sori spherical, discrete, protected or not protected by reflexed flap of leaf margin</Statement>
          </Lead>
          <Lead id="k1l4">
            <Statement>Sori linear and continuous, protected by reflexed leaf margins</Statement>
          </Lead>
          <Lead id="k1l2">
            <Parent ref="k1l1"/>
            <Statement>Inner indusium and reflexed flap of leaf margin forming 2-valved, cup-like structure around each sorus; hairs on undersurface of lamina thin and colourless</Statement>
            <TaxonName ref="i0"/>
          </Lead>
          <Lead id="k1l3">
            <Parent ref="k1l1"/>
            <Statement>Inner indusium absent; sori protected or not protected by reflexed flap of leaf margin; hairs on undersurface of lamina sometimes with coloured glandular tip</Statement>
            <TaxonName ref="i2"/>
          </Lead>
          <Lead id="k1l5">
            <Parent ref="k1l4"/>
            <Statement>Rhizome with scales; fronds membranous, pale or blue-green; pinnules sessile, opposite, more than 6 mm wide; inner indusium absent</Statement>
            <TaxonName ref="i1"/>
          </Lead>
          <Lead id="k1l6">
            <Parent ref="k1l4"/>
            <Statement>Rhizome with hairs; fronds harsh-textured, dark green; pinnules shortly stalked, alternate and less than 6 mm wide; inner indusium present</Statement>
            <TaxonName ref="i3"/>
          </Lead>
        </Leads>
      </IdentificationKey>
    </IdentificationKeys>
  </Dataset>
</Datasets>
