<?xml version="1.0" encoding="UTF-8"?>
<Datasets xmlns="http://rs.tdwg.org/UBIF/2006/" xmlns:xsi="http://www.w3.org/2001/XMLSchema-instance" xsi:schemaLocation="http://rs.tdwg.org/UBIF/2006/ http://rs.tdwg.org/UBIF/2006/Schema/1.1/SDD.xsd">
  <TechnicalMetadata created="2014-12-08T01:23:16">
    <Generator name="KeyBase SDD export" version="0"/>
  </TechnicalMetadata>
  <Dataset xml:lang="en-au">
    <Representation>
      <Label xml:lang="en">Deyeuxia</Label>
    </Representation>
    <TaxonNames>
      <TaxonName id="i0">
        <Representation>
          <Label>Deyeuxia affinis</Label>
        </Representation>
      </TaxonName>
      <TaxonName id="i1">
        <Representation>
          <Label>Deyeuxia brachyathera</Label>
        </Representation>
      </TaxonName>
      <TaxonName id="i2">
        <Representation>
          <Label>Deyeuxia carinata</Label>
        </Representation>
      </TaxonName>
      <TaxonName id="i3">
        <Representation>
          <Label>Deyeuxia contracta</Label>
        </Representation>
      </TaxonName>
      <TaxonName id="i4">
        <Representation>
          <Label>Deyeuxia crassiuscula</Label>
        </Representation>
      </TaxonName>
      <TaxonName id="i5">
        <Representation>
          <Label>Deyeuxia decipiens</Label>
        </Representation>
      </TaxonName>
      <TaxonName id="i6">
        <Representation>
          <Label>Deyeuxia densa</Label>
        </Representation>
      </TaxonName>
      <TaxonName id="i7">
        <Representation>
          <Label>Deyeuxia frigida</Label>
        </Representation>
      </TaxonName>
      <TaxonName id="i8">
        <Representation>
          <Label>Deyeuxia gunniana</Label>
        </Representation>
      </TaxonName>
      <TaxonName id="i9">
        <Representation>
          <Label>Deyeuxia imbricata</Label>
        </Representation>
      </TaxonName>
      <TaxonName id="i10">
        <Representation>
          <Label>Deyeuxia innominata</Label>
        </Representation>
      </TaxonName>
      <TaxonName id="i11">
        <Representation>
          <Label>Deyeuxia minor</Label>
        </Representation>
      </TaxonName>
      <TaxonName id="i12">
        <Representation>
          <Label>Deyeuxia monticola</Label>
        </Representation>
      </TaxonName>
      <TaxonName id="i13">
        <Representation>
          <Label>Deyeuxia nudiflora</Label>
        </Representation>
      </TaxonName>
      <TaxonName id="i14">
        <Representation>
          <Label>Deyeuxia parviseta var. boormanii</Label>
        </Representation>
      </TaxonName>
      <TaxonName id="i15">
        <Representation>
          <Label>Deyeuxia pungens</Label>
        </Representation>
      </TaxonName>
      <TaxonName id="i16">
        <Representation>
          <Label>Deyeuxia quadriseta</Label>
        </Representation>
      </TaxonName>
      <TaxonName id="i17">
        <Representation>
          <Label>Deyeuxia rodwayi</Label>
        </Representation>
      </TaxonName>
      <TaxonName id="i18">
        <Representation>
          <Label>Deyeuxia scaberula</Label>
        </Representation>
      </TaxonName>
      <TaxonName id="i19">
        <Representation>
          <Label>Deyeuxia talariata</Label>
        </Representation>
      </TaxonName>
    </TaxonNames>
    <IdentificationKeys>
      <IdentificationKey id="k1">
        <Representation>
          <Label xml:lang="en">Deyeuxia</Label>
        </Representation>
        <Leads>
          <Lead id="k1l1">
            <Statement>Mature lemma generally shorter than or subequal to glumes, occasional spikelets may have the lemma up to 0.5 mm longer than the glumes</Statement>
          </Lead>
          <Lead id="k1l42">
            <Statement>Mature lemma distinctly and consistently exceeding glumes by 0.5 mm or more</Statement>
          </Lead>
          <Lead id="k1l2">
            <Parent ref="k1l1"/>
            <Statement>Awn about as long as lemma or longer, and distinctly exceeding it</Statement>
          </Lead>
          <Lead id="k1l19">
            <Parent ref="k1l1"/>
            <Statement>Awn much shorter than lemma, usually not or barely exceeding it (awns of some species are early-deciduous, check several spikelets in inflorescence or look for scar of awn)</Statement>
          </Lead>
          <Lead id="k1l3">
            <Parent ref="k1l2"/>
            <Statement>Awn attached in lower one-third of lemma</Statement>
          </Lead>
          <Lead id="k1l6">
            <Parent ref="k1l2"/>
            <Statement>Awn attached above lower one-third of lemma</Statement>
          </Lead>
          <Lead id="k1l4">
            <Parent ref="k1l3"/>
            <Statement>Rachilla bristle plumose, about half as long to almost as long as lemma; leaf-blades stiffish, narrowly inrolled; sheaths usually reddish; inflorescence more or less cylindric but rarely dense; chiefly of alps and subalps</Statement>
            <TaxonName ref="i12"/>
          </Lead>
          <Lead id="k1l5">
            <Parent ref="k1l3"/>
            <Statement>Rachilla bristle not produced; leaf-blades flat, sheaths pale; inflorescence usually dense, cylindric; widespread but rare in alps or subalps</Statement>
            <TaxonName ref="i16"/>
          </Lead>
          <Lead id="k1l7">
            <Parent ref="k1l6"/>
            <Statement>Awn geniculate, twisted at base</Statement>
          </Lead>
          <Lead id="k1l18">
            <Parent ref="k1l6"/>
            <Statement>Awn not twisted at base, recurved but not abruptly bent</Statement>
            <TaxonName ref="i1"/>
          </Lead>
          <Lead id="k1l8">
            <Parent ref="k1l7"/>
            <Statement>Inflorescence loose, sometimes the branches held against the axis (usually when young), but not bearing spikelets to near their bases</Statement>
          </Lead>
          <Lead id="k1l11">
            <Parent ref="k1l7"/>
            <Statement>Inflorescence more or less cylindric, panicle branches bearing spikelets almost to their bases</Statement>
          </Lead>
          <Lead id="k1l9">
            <Parent ref="k1l8"/>
            <Statement>Spikelets 4–5.5 mm long; mature lemmas hardly plump, awned from about midway</Statement>
            <TaxonName ref="i7"/>
          </Lead>
          <Lead id="k1l10">
            <Parent ref="k1l8"/>
            <Statement>Spikelets 3–4 mm long; mature lemmas plump, usually awned above midway</Statement>
            <TaxonName ref="i17"/>
          </Lead>
          <Lead id="k1l12">
            <Parent ref="k1l11"/>
            <Statement>Rachilla bristle produced beyond callus; lemma not 4-toothed at apex (but sometimes shallowly cleft into 2 lobes)</Statement>
          </Lead>
          <Lead id="k1l15">
            <Parent ref="k1l11"/>
            <Statement>Rachilla bristle not produced beyond callus; lemma shortly 4-toothed at apex</Statement>
          </Lead>
          <Lead id="k1l13">
            <Parent ref="k1l12"/>
            <Statement>Spikelets strongly laterally compressed; lemmas acute or obtuse, shining and virtually smooth in the lower part, scabrous above; rachilla bristle to c. 1 mm long, not plumose</Statement>
            <TaxonName ref="i2"/>
          </Lead>
          <Lead id="k1l14">
            <Parent ref="k1l12"/>
            <Statement>Spikelets not strongly laterally compressed; lemmas narrow-acuminate at apex, evenly scabrous; rachilla bristle plumose, about half as long as lemma; mostly in lowlands but at high-altitudes in the Grampians</Statement>
            <TaxonName ref="i6"/>
          </Lead>
          <Lead id="k1l16">
            <Parent ref="k1l15"/>
            <Statement>Lemmas strongly 5-nerved and rather abruptly narrowed above midway; scabrous in lower part but virtually smooth between nerves; spikelets mostly c. 3.5 mm long; panicle typically 4 cm long or less</Statement>
            <TaxonName ref="i11"/>
          </Lead>
          <Lead id="k1l17">
            <Parent ref="k1l15"/>
            <Statement>Lemmas indistinctly nerved, evenly tapered to apex; smooth or uniformly and very finely scabrous; spikelets mostly c. 5 mm long; panicle typically 5 cm long or more</Statement>
            <TaxonName ref="i16"/>
          </Lead>
          <Lead id="k1l20">
            <Parent ref="k1l19"/>
            <Statement>Callus hairs much less than half as long as lemma</Statement>
          </Lead>
          <Lead id="k1l35">
            <Parent ref="k1l19"/>
            <Statement>Callus hairs half to three-quarters as long as lemma; montane to alpine grasses of wettish sites</Statement>
          </Lead>
          <Lead id="k1l21">
            <Parent ref="k1l20"/>
            <Statement>Leaf-blades flat or folded, not needle-pointed; lemmas indistinctly nerved; grasses of forests or higher alps</Statement>
          </Lead>
          <Lead id="k1l34">
            <Parent ref="k1l20"/>
            <Statement>Leaf-blades rather stiff, strongly inrolled and needle-pointed; inflorescence narrow, more or less cylindric; lemmas rather prominently 5–7-nerved; rare, apparently confined to rocky outcrops near Suggan Buggan</Statement>
            <TaxonName ref="i15"/>
          </Lead>
          <Lead id="k1l22">
            <Parent ref="k1l21"/>
            <Statement>Inflorescence rather dense, cylindric, with branches bearing spikelets virtually to base; leaves rather rigid</Statement>
          </Lead>
          <Lead id="k1l25">
            <Parent ref="k1l21"/>
            <Statement>Inflorescence loose, usually spreading, if contracted then branches not bearing spikelets to base; leaves rather lax, lacking a thickened apical point; forest grasses</Statement>
          </Lead>
          <Lead id="k1l23">
            <Parent ref="k1l22"/>
            <Statement>Spikelets 3.5–4 mm long; lemmas acute; rachilla bristle c. 0.5 mm long; blades mostly flat, but apex keeled with a thickened, incurved point; leaves often tinged reddish; uncommon grass of higher alps</Statement>
            <TaxonName ref="i4"/>
          </Lead>
          <Lead id="k1l24">
            <Parent ref="k1l22"/>
            <Statement>Spikelets 2–3.5 mm long; lemmas truncate; rachilla bristle not produced; leaves channelled throughout, not or rarely reddish; rare lowland grass</Statement>
            <TaxonName ref="i9"/>
          </Lead>
          <Lead id="k1l26">
            <Parent ref="k1l25"/>
            <Statement>Plants typically tufted with unbranched culms; lemma awned (but awn may be deciduous)</Statement>
          </Lead>
          <Lead id="k1l33">
            <Parent ref="k1l25"/>
            <Statement>Plants with fine, wiry, much-branched culms; often climbing (to c. 2 m high); lemma awnless or with very fine awn less than 1 mm long, attached just below apex; rare and apparently confined to moist lowland forests in the far east</Statement>
            <TaxonName ref="i13"/>
          </Lead>
          <Lead id="k1l27">
            <Parent ref="k1l26"/>
            <Statement>Spikelets 2–2.5 (rarely to 3) mm long; lemmas smooth or minutely scabrous, membranous at least at upper margin</Statement>
          </Lead>
          <Lead id="k1l30">
            <Parent ref="k1l26"/>
            <Statement>Spikelets 3–5 mm long; lemmas rather coarsely scabrous, firm throughout; typically of upland forests</Statement>
          </Lead>
          <Lead id="k1l28">
            <Parent ref="k1l27"/>
            <Statement>Lemma minutely but distinctly scabrous, nerves not prominent; rachilla bristle c. 0.5 mm long, glabrous or sparsely hairy; lax, fine-leaved grass, usually in rainforest</Statement>
            <TaxonName ref="i3"/>
          </Lead>
          <Lead id="k1l29">
            <Parent ref="k1l27"/>
            <Statement>Lemma smooth, or almost so, prominently 5-nerved; rachilla bristle absent; usually a more or less erect grass of dry forest</Statement>
            <TaxonName ref="i5"/>
          </Lead>
          <Lead id="k1l31">
            <Parent ref="k1l30"/>
            <Statement>Awn geniculate, readily deciduous; lemma plump; glumes gaping</Statement>
            <TaxonName ref="i17"/>
          </Lead>
          <Lead id="k1l32">
            <Parent ref="k1l30"/>
            <Statement>Awn straight or nearly so, not readily deciduous; lemma narrow; glumes hardly gaping</Statement>
            <TaxonName ref="i18"/>
          </Lead>
          <Lead id="k1l36">
            <Parent ref="k1l35"/>
            <Statement>Awn usually absent from at least some lemmas in inflorescence, up to 0.8 mm long; leaves flat or almost filiform, not particularly stiff</Statement>
          </Lead>
          <Lead id="k1l41">
            <Parent ref="k1l35"/>
            <Statement>Awn always present, 0.8–2 mm long; leaves closely folded, stiff; rare, highalpine grass of stony or gravelly seepage areas</Statement>
            <TaxonName ref="i0"/>
          </Lead>
          <Lead id="k1l37">
            <Parent ref="k1l36"/>
            <Statement>Inflorescence less than 18 cm long, narrowly contracted</Statement>
          </Lead>
          <Lead id="k1l40">
            <Parent ref="k1l36"/>
            <Statement>Inflorescence 20 cm long or more, very loose, with widely spreading branches; loosely tufted grass of montane swamps in Bonang-Bendoc area</Statement>
            <TaxonName ref="i14"/>
          </Lead>
          <Lead id="k1l38">
            <Parent ref="k1l37"/>
            <Statement>Spikelets 2–3 mm long; culms to 20 cm high; occasional grass of wetter grasslands and heathlands throughout alps</Statement>
            <TaxonName ref="i10"/>
          </Lead>
          <Lead id="k1l39">
            <Parent ref="k1l37"/>
            <Statement>Spikelets 3.8–5.5 mm long; culms 25 cm high or more; rare grass of sphagnum bogs on the Cobberas and Nunniong Plateau</Statement>
            <TaxonName ref="i19"/>
          </Lead>
          <Lead id="k1l43">
            <Parent ref="k1l42"/>
            <Statement>Plants tufted with simple culms; never climbing</Statement>
          </Lead>
          <Lead id="k1l46">
            <Parent ref="k1l42"/>
            <Statement>Plants with fine, wiry, much-branched culms; often climbing (to c. 2 m high); awn absent or very fine and appressed to lemma; rare and apparently confined to moist lowland forests in the far east</Statement>
            <TaxonName ref="i13"/>
          </Lead>
          <Lead id="k1l44">
            <Parent ref="k1l43"/>
            <Statement>Panicle 12–30 cm long, often nodding, branches neither stiff nor widely spreading; glumes acute, scabrous-pubescent along the length of the keel</Statement>
            <TaxonName ref="i5"/>
          </Lead>
          <Lead id="k1l45">
            <Parent ref="k1l43"/>
            <Statement>Panicle to 8 cm long, with stiff, widely spreading branches at maturity; glumes obtuse, smooth or minutely scabrous along keel near tip</Statement>
            <TaxonName ref="i8"/>
          </Lead>
        </Leads>
      </IdentificationKey>
    </IdentificationKeys>
  </Dataset>
</Datasets>
