<?xml version="1.0" encoding="UTF-8"?>
<Datasets xmlns="http://rs.tdwg.org/UBIF/2006/" xmlns:xsi="http://www.w3.org/2001/XMLSchema-instance" xsi:schemaLocation="http://rs.tdwg.org/UBIF/2006/ http://rs.tdwg.org/UBIF/2006/Schema/1.1/SDD.xsd">
  <TechnicalMetadata created="2014-12-08T01:23:18">
    <Generator name="KeyBase SDD export" version="0"/>
  </TechnicalMetadata>
  <Dataset xml:lang="en-au">
    <Representation>
      <Label xml:lang="en">Dianella</Label>
    </Representation>
    <TaxonNames>
      <TaxonName id="i0">
        <Representation>
          <Label>Dianella caerulea</Label>
        </Representation>
      </TaxonName>
      <TaxonName id="i1">
        <Representation>
          <Label>Dianella longifolia</Label>
        </Representation>
      </TaxonName>
      <TaxonName id="i2">
        <Representation>
          <Label>Dianella revoluta</Label>
        </Representation>
      </TaxonName>
      <TaxonName id="i3">
        <Representation>
          <Label>Dianella tasmanica</Label>
        </Representation>
      </TaxonName>
    </TaxonNames>
    <IdentificationKeys>
      <IdentificationKey id="k1">
        <Representation>
          <Label xml:lang="en">Dianella</Label>
        </Representation>
        <Leads>
          <Lead id="k1l1">
            <Statement>Anthers yellow or pale yellowish-brown; leaf margins flat or slightly recurved, midrib usually scabrous or toothed (but sometimes sparsely and/or minutely so)</Statement>
          </Lead>
          <Lead id="k1l6">
            <Statement>Anthers brown to almost black; leaf margins revolute above basal sheath, midrib virtually or quite smooth</Statement>
            <TaxonName ref="i2"/>
          </Lead>
          <Lead id="k1l2">
            <Parent ref="k1l1"/>
            <Statement>Leaf margins and midribs rather sparsely and irregularly serrate-scabrous or smooth; leaves mostly less than 2 cm wide; anther longer than swollen part of filment; habitat various</Statement>
          </Lead>
          <Lead id="k1l5">
            <Parent ref="k1l1"/>
            <Statement>Leaf margins and abaxial midrib prominently serrate-scabrous; leaves commonly 2 cm wide or more; anther shorter than or subequal to swollen part of filament; robust, rhizomatous plants chiefly of cooler forests of mountains and gullies</Statement>
            <TaxonName ref="i3"/>
          </Lead>
          <Lead id="k1l3">
            <Parent ref="k1l2"/>
            <Statement>Leaf-sheath closely folded and fused about the midrib, clearly differentiated from blade; leaves dark green; rhizomatous plants to c. 0.5 m high; roots fibrous</Statement>
            <TaxonName ref="i0"/>
          </Lead>
          <Lead id="k1l4">
            <Parent ref="k1l2"/>
            <Statement>Leaf-sheath broadly V-shaped or Y-shaped in section, not markedly distinct from blade; leaves usually pale, often glaucous; tufted or rhizomatous plants, often higher than 0.5 m; roots fleshy</Statement>
            <TaxonName ref="i1"/>
          </Lead>
        </Leads>
      </IdentificationKey>
    </IdentificationKeys>
  </Dataset>
</Datasets>
