<?xml version="1.0" encoding="UTF-8"?>
<Datasets xmlns="http://rs.tdwg.org/UBIF/2006/" xmlns:xsi="http://www.w3.org/2001/XMLSchema-instance" xsi:schemaLocation="http://rs.tdwg.org/UBIF/2006/ http://rs.tdwg.org/UBIF/2006/Schema/1.1/SDD.xsd">
  <TechnicalMetadata created="2014-12-08T01:23:47">
    <Generator name="KeyBase SDD export" version="0"/>
  </TechnicalMetadata>
  <Dataset xml:lang="en-au">
    <Representation>
      <Label xml:lang="en">Dichodontium</Label>
    </Representation>
    <TaxonNames>
      <TaxonName id="i0">
        <Representation>
          <Label>Cynodontium strumulosum</Label>
        </Representation>
      </TaxonName>
      <TaxonName id="i1">
        <Representation>
          <Label>Dichodontium flavescens</Label>
        </Representation>
      </TaxonName>
      <TaxonName id="i2">
        <Representation>
          <Label>Dichodontium olympicum</Label>
        </Representation>
      </TaxonName>
      <TaxonName id="i3">
        <Representation>
          <Label>Dichodontium pellucidum</Label>
        </Representation>
      </TaxonName>
    </TaxonNames>
    <IdentificationKeys>
      <IdentificationKey id="k1">
        <Representation>
          <Label xml:lang="en">Dichodontium</Label>
        </Representation>
        <Leads>
          <Lead id="k1l1">
            <Statement>Adaxial costal surface with quadrate cells throughout; leaf margins plane; cells pluripapillose with papillar salients more than 5 Âµm high; plant typically in zone of melt-water in very high montane areas</Statement>
            <TaxonName ref="i2"/>
          </Lead>
          <Lead id="k1l2">
            <Statement>Adaxial costal surface with rectangular cells in at least the distal portion of leaf; leaf margins usually recurved near the base; cells mammillose or papillose with papillar salients lower</Statement>
          </Lead>
          <Lead id="k1l3">
            <Parent ref="k1l2"/>
            <Statement>Leaves regularly crenulate above, seldom longer than 2 mm; plant of rocky outcrops at high elevations</Statement>
            <TaxonName ref="i0"/>
          </Lead>
          <Lead id="k1l4">
            <Parent ref="k1l2"/>
            <Statement>Leaves irregularly serrulate to dentate above, some more than 2 mm long; plant of riverbanks and muddy seepages at many elevations</Statement>
          </Lead>
          <Lead id="k1l5">
            <Parent ref="k1l4"/>
            <Statement>Leaves mostly more than 4:1, contracted gradually from the broad immediate base to the acuminate apex; teeth of upper leaf margin in part composed of a complete cell</Statement>
            <TaxonName ref="i1"/>
          </Lead>
          <Lead id="k1l6">
            <Parent ref="k1l4"/>
            <Statement>Leaves about 3-4:1, broadest a few cells above the immediate leaf base and contracted to a broadly acute or obtuse apex; teeth of upper leaf margin seldom as large as a full cell</Statement>
            <TaxonName ref="i3"/>
          </Lead>
        </Leads>
      </IdentificationKey>
    </IdentificationKeys>
  </Dataset>
</Datasets>
