<?xml version="1.0" encoding="UTF-8"?>
<Datasets xmlns="http://rs.tdwg.org/UBIF/2006/" xmlns:xsi="http://www.w3.org/2001/XMLSchema-instance" xsi:schemaLocation="http://rs.tdwg.org/UBIF/2006/ http://rs.tdwg.org/UBIF/2006/Schema/1.1/SDD.xsd">
  <TechnicalMetadata created="2014-12-08T01:23:16">
    <Generator name="KeyBase SDD export" version="0"/>
  </TechnicalMetadata>
  <Dataset xml:lang="en-au">
    <Representation>
      <Label xml:lang="en">Dichelachne</Label>
    </Representation>
    <TaxonNames>
      <TaxonName id="i0">
        <Representation>
          <Label>Dichelachne crinita</Label>
        </Representation>
      </TaxonName>
      <TaxonName id="i1">
        <Representation>
          <Label>Dichelachne hirtella</Label>
        </Representation>
      </TaxonName>
      <TaxonName id="i2">
        <Representation>
          <Label>Dichelachne inaequiglumis</Label>
        </Representation>
      </TaxonName>
      <TaxonName id="i3">
        <Representation>
          <Label>Dichelachne micrantha</Label>
        </Representation>
      </TaxonName>
      <TaxonName id="i4">
        <Representation>
          <Label>Dichelachne rara</Label>
        </Representation>
      </TaxonName>
      <TaxonName id="i5">
        <Representation>
          <Label>Dichelachne sieberiana</Label>
        </Representation>
      </TaxonName>
    </TaxonNames>
    <IdentificationKeys>
      <IdentificationKey id="k1">
        <Representation>
          <Label xml:lang="en">Dichelachne</Label>
        </Representation>
        <Leads>
          <Lead id="k1l1">
            <Statement>Awn inserted at least 1.2 mm from lemma apex; inflorescence normally erect, moderately to quite dense</Statement>
          </Lead>
          <Lead id="k1l4">
            <Statement>Awn inserted less than 1.2 mm from lemma apex; inflorescence dense or open, sometimes drooping</Statement>
          </Lead>
          <Lead id="k1l2">
            <Parent ref="k1l1"/>
            <Statement>Lemma smooth, glabrous; awn glabrous or minutely scabrous, fine throughout (not obviously divided into a thicker, strongly twisted column section and finer bristle), sinuous; glumes narrow-acuminate</Statement>
            <TaxonName ref="i0"/>
          </Lead>
          <Lead id="k1l3">
            <Parent ref="k1l1"/>
            <Statement>Lemma scabrous-pubescent; awn distinctly pubescent in the lower, thicker, strongly twisted column section, once or twice bent; glumes acute</Statement>
            <TaxonName ref="i1"/>
          </Lead>
          <Lead id="k1l5">
            <Parent ref="k1l4"/>
            <Statement>Spikelet more than 4 mm long; inflorescence contracted or open</Statement>
          </Lead>
          <Lead id="k1l12">
            <Parent ref="k1l4"/>
            <Statement>Spikelet less than 4 mm long; inflorescence usually contracted and spike-like</Statement>
            <TaxonName ref="i3"/>
          </Lead>
          <Lead id="k1l6">
            <Parent ref="k1l5"/>
            <Statement>Lemma shorter than or equal to lower glume; inflorescence usually contracted and erect</Statement>
          </Lead>
          <Lead id="k1l9">
            <Parent ref="k1l5"/>
            <Statement>Lemma longer than lower (and often also upper) glume; inflorescence usually loose, often drooping</Statement>
          </Lead>
          <Lead id="k1l7">
            <Parent ref="k1l6"/>
            <Statement>Lemma and (at least lower part of) awn scabrous-pubescent, 6–8 mm and 15–30 mm long respectively; awn inserted at least 1 mm from lemma apex</Statement>
            <TaxonName ref="i1"/>
          </Lead>
          <Lead id="k1l8">
            <Parent ref="k1l6"/>
            <Statement>Lemma and awn glabrous (but often finely scabrous), mostly 4.5–6 mm and 10–25 mm long respectively; awn inserted 0–1 mm from lemma apex</Statement>
            <TaxonName ref="i4"/>
          </Lead>
          <Lead id="k1l10">
            <Parent ref="k1l9"/>
            <Statement>Lemma smooth to minutely scabrous; awn sinuate to weakly bigeniculate with an indistinct column, not or barely twisted at maturity; longest callus hairs to 1 mm long</Statement>
            <TaxonName ref="i2"/>
          </Lead>
          <Lead id="k1l11">
            <Parent ref="k1l9"/>
            <Statement>Lemma distinctly scabrous; awn bigeniculate with a distinct column, thickened and strongly twisted at maturity; longest callus hairs 1–1.5 mm long</Statement>
            <TaxonName ref="i5"/>
          </Lead>
        </Leads>
      </IdentificationKey>
    </IdentificationKeys>
  </Dataset>
</Datasets>
