<?xml version="1.0" encoding="UTF-8"?>
<Datasets xmlns="http://rs.tdwg.org/UBIF/2006/" xmlns:xsi="http://www.w3.org/2001/XMLSchema-instance" xsi:schemaLocation="http://rs.tdwg.org/UBIF/2006/ http://rs.tdwg.org/UBIF/2006/Schema/1.1/SDD.xsd">
  <TechnicalMetadata created="2014-12-08T01:23:47">
    <Generator name="KeyBase SDD export" version="0"/>
  </TechnicalMetadata>
  <Dataset xml:lang="en-au">
    <Representation>
      <Label xml:lang="en">Dicranella</Label>
    </Representation>
    <TaxonNames>
      <TaxonName id="i0">
        <Representation>
          <Label>Cynodontium jenneri</Label>
        </Representation>
      </TaxonName>
      <TaxonName id="i1">
        <Representation>
          <Label>Cynodontium strumulosum</Label>
        </Representation>
      </TaxonName>
      <TaxonName id="i2">
        <Representation>
          <Label>Cynodontium tenellum</Label>
        </Representation>
      </TaxonName>
      <TaxonName id="i3">
        <Representation>
          <Label>Dicranella crispa</Label>
        </Representation>
      </TaxonName>
      <TaxonName id="i4">
        <Representation>
          <Label>Dicranella grevilleana</Label>
        </Representation>
      </TaxonName>
      <TaxonName id="i5">
        <Representation>
          <Label>Dicranella heteromalla</Label>
        </Representation>
      </TaxonName>
      <TaxonName id="i6">
        <Representation>
          <Label>Dicranella hilariana</Label>
        </Representation>
      </TaxonName>
      <TaxonName id="i7">
        <Representation>
          <Label>Dicranella howei</Label>
        </Representation>
      </TaxonName>
      <TaxonName id="i8">
        <Representation>
          <Label>Dicranella pacifica</Label>
        </Representation>
      </TaxonName>
      <TaxonName id="i9">
        <Representation>
          <Label>Dicranella palustris</Label>
        </Representation>
      </TaxonName>
      <TaxonName id="i10">
        <Representation>
          <Label>Dicranella rufescens</Label>
        </Representation>
      </TaxonName>
      <TaxonName id="i11">
        <Representation>
          <Label>Dicranella schreberiana</Label>
        </Representation>
      </TaxonName>
      <TaxonName id="i12">
        <Representation>
          <Label>Dicranella subulata</Label>
        </Representation>
      </TaxonName>
      <TaxonName id="i13">
        <Representation>
          <Label>Dicranella varia</Label>
        </Representation>
      </TaxonName>
    </TaxonNames>
    <IdentificationKeys>
      <IdentificationKey id="k1">
        <Representation>
          <Label xml:lang="en">Dicranella</Label>
        </Representation>
        <Leads>
          <Lead id="k1l1">
            <Statement>Leaf squarrose from a strongly sheathing base</Statement>
          </Lead>
          <Lead id="k1l8">
            <Statement>Leaf base not abruptly expanded and sheathing</Statement>
          </Lead>
          <Lead id="k1l2">
            <Parent ref="k1l1"/>
            <Statement>Leaf base only gradually contracted to the lanceolate limb; leaf apex broadly obtuse to rounded</Statement>
            <TaxonName ref="i9"/>
          </Lead>
          <Lead id="k1l3">
            <Parent ref="k1l1"/>
            <Statement>Leaf base abruptly contracted to the subulate limb with the shoulders defining nearly a 45 angle relative to the costa; leaf apex narrowly obtuse to acute</Statement>
          </Lead>
          <Lead id="k1l4">
            <Parent ref="k1l3"/>
            <Statement>Capsule erect and sulcate; distal portion of subula 2-3 cells thick, not well-differentiated in cross-section from the costa</Statement>
            <TaxonName ref="i3"/>
          </Lead>
          <Lead id="k1l5">
            <Parent ref="k1l3"/>
            <Statement>Capsule inclined, sulcate or not; distal portion of subula mostly unistratose except for the margin</Statement>
          </Lead>
          <Lead id="k1l6">
            <Parent ref="k1l5"/>
            <Statement>Leaves distally denticulate; many of the cells at mid-leaf more than 10 Âµm wide; capsules sulcate when dry</Statement>
            <TaxonName ref="i4"/>
          </Lead>
          <Lead id="k1l7">
            <Parent ref="k1l5"/>
            <Statement>Leaves entire or nearly so to the apex; cells at mid-leaf about 5 Âµm wide; capsules smooth when dry</Statement>
            <TaxonName ref="i11"/>
          </Lead>
          <Lead id="k1l9">
            <Parent ref="k1l8"/>
            <Statement>Plant crispate when dry; leaf margins recurved</Statement>
          </Lead>
          <Lead id="k1l14">
            <Parent ref="k1l8"/>
            <Statement>Plant not crispate; leaf margins incurved or recurved and bistratose</Statement>
          </Lead>
          <Lead id="k1l10">
            <Parent ref="k1l9"/>
            <Statement>Median leaf cells papillose or papillose on high mammillae; leaf margins unistratose</Statement>
            <TaxonName ref="i1"/>
          </Lead>
          <Lead id="k1l11">
            <Parent ref="k1l9"/>
            <Statement>Median leaf cells smooth or mammillose</Statement>
          </Lead>
          <Lead id="k1l12">
            <Parent ref="k1l11"/>
            <Statement>Leaf margins unistratose; perigonium with acute bracts; median leaf cells mostly more than 12 Âµm wide</Statement>
            <TaxonName ref="i0"/>
          </Lead>
          <Lead id="k1l13">
            <Parent ref="k1l11"/>
            <Statement>Leaf margins bistratose; perigonium with obtuse bracts; median leaf cells mostly less than 10 Âµm wide</Statement>
            <TaxonName ref="i2"/>
          </Lead>
          <Lead id="k1l15">
            <Parent ref="k1l14"/>
            <Statement>Vegetative leaves lanceolate to narrowly lanceolate, with the lamina at mid-leaf mostly more than 10 cells wide on each side of the costa; leaf margins recurved at least near the base</Statement>
          </Lead>
          <Lead id="k1l22">
            <Parent ref="k1l14"/>
            <Statement>Vegetative leaves subulate above the middle with the lamina mostly more narrow; leaf margins plane to incurved, mostly unistratose</Statement>
          </Lead>
          <Lead id="k1l16">
            <Parent ref="k1l15"/>
            <Statement>Leaves bluntly rounded or obtuse at apex with margins unistratose</Statement>
            <TaxonName ref="i6"/>
          </Lead>
          <Lead id="k1l17">
            <Parent ref="k1l15"/>
            <Statement>Leaves acute to narrowly subulate at apex with margins bistratose</Statement>
          </Lead>
          <Lead id="k1l18">
            <Parent ref="k1l17"/>
            <Statement>Costa broad, occupying about 1/3 of the leaf base; guide cells present on adaxial surface in costa cross-section; leaf margin only minutely recurved near the base; lateral walls of the exothecial cells somewhat sinuose, not much thicker than the transverse walls</Statement>
            <TaxonName ref="i7"/>
          </Lead>
          <Lead id="k1l19">
            <Parent ref="k1l17"/>
            <Statement>Costa occupying up to 1/4 of leaf base; guide cells not adaxially exposed; leaf margin recurved to mid-leaf; lateral walls of the exothecial cells nearly straight, about twice as thick as the associated transverse walls</Statement>
          </Lead>
          <Lead id="k1l20">
            <Parent ref="k1l19"/>
            <Statement>Upper leaves to 2 mm long; leaf cells near the apex mostly two or more times as long as broad</Statement>
            <TaxonName ref="i13"/>
          </Lead>
          <Lead id="k1l21">
            <Parent ref="k1l19"/>
            <Statement>Upper leaves more than 3 mm long; leaf cells near the apex mostly less than twice as long as broad</Statement>
            <TaxonName ref="i8"/>
          </Lead>
          <Lead id="k1l23">
            <Parent ref="k1l22"/>
            <Statement>Seta yellow, even when old; mouth of capsule oblique when dry and deoperculate; spores nearly smooth</Statement>
            <TaxonName ref="i5"/>
          </Lead>
          <Lead id="k1l24">
            <Parent ref="k1l22"/>
            <Statement>Seta becoming red-brown to purple at maturity; mouth of capsule not oblique; spores finely papillose</Statement>
          </Lead>
          <Lead id="k1l25">
            <Parent ref="k1l24"/>
            <Statement>Capsule erect or nearly so, symmetric; annulus wanting</Statement>
            <TaxonName ref="i10"/>
          </Lead>
          <Lead id="k1l26">
            <Parent ref="k1l24"/>
            <Statement>Capsule inclined to horizontal, asymmetric; annulus well developed, of two rows of cells</Statement>
            <TaxonName ref="i12"/>
          </Lead>
        </Leads>
      </IdentificationKey>
    </IdentificationKeys>
  </Dataset>
</Datasets>
