<?xml version="1.0" encoding="UTF-8"?>
<Datasets xmlns="http://rs.tdwg.org/UBIF/2006/" xmlns:xsi="http://www.w3.org/2001/XMLSchema-instance" xsi:schemaLocation="http://rs.tdwg.org/UBIF/2006/ http://rs.tdwg.org/UBIF/2006/Schema/1.1/SDD.xsd">
  <TechnicalMetadata created="2014-12-08T01:23:47">
    <Generator name="KeyBase SDD export" version="0"/>
  </TechnicalMetadata>
  <Dataset xml:lang="en-au">
    <Representation>
      <Label xml:lang="en">Dicranoweisia</Label>
    </Representation>
    <TaxonNames>
      <TaxonName id="i0">
        <Representation>
          <Label>Amphidium: various species</Label>
        </Representation>
      </TaxonName>
      <TaxonName id="i1">
        <Representation>
          <Label>Cynodontium: various species</Label>
        </Representation>
      </TaxonName>
      <TaxonName id="i2">
        <Representation>
          <Label>Dicranoweisia cirrata</Label>
        </Representation>
      </TaxonName>
      <TaxonName id="i3">
        <Representation>
          <Label>Dicranoweisia contermina</Label>
        </Representation>
      </TaxonName>
      <TaxonName id="i4">
        <Representation>
          <Label>Dicranoweisia roellii</Label>
        </Representation>
      </TaxonName>
    </TaxonNames>
    <IdentificationKeys>
      <IdentificationKey id="k1">
        <Representation>
          <Label xml:lang="en">Dicranoweisia</Label>
        </Representation>
        <Leads>
          <Lead id="k1l1">
            <Statement>Median and basal cells with cuticular papillosity; costa with substereids, and without clear definition of the guide cells; sporophytes immersed to slightly emergent</Statement>
            <TaxonName ref="i0"/>
          </Lead>
          <Lead id="k1l2">
            <Statement>Cuticular papillosity absent or present as long streaks restricted to median leaf cells; costa with a strong abaxial stereid band; sporophytes exserted on a long seta</Statement>
          </Lead>
          <Lead id="k1l3">
            <Parent ref="k1l2"/>
            <Statement>Margins recurved near the base; cuticular papillosity lacking</Statement>
          </Lead>
          <Lead id="k1l6">
            <Parent ref="k1l2"/>
            <Statement>Margins plane to incurved; cuticular ridges present on median laminal cells</Statement>
          </Lead>
          <Lead id="k1l4">
            <Parent ref="k1l3"/>
            <Statement>Plant epiphytic and on logs and fenceposts, often at low elevations; juxtacostal, immediate supra-basal cells usually with very thick walls (lumen/wall ratio often greater than 1)</Statement>
            <TaxonName ref="i2"/>
          </Lead>
          <Lead id="k1l5">
            <Parent ref="k1l3"/>
            <Statement>Plant on soil or rocks at high elevations; juxtacostal, supra-basal cells without such wall thickening</Statement>
            <TaxonName ref="i1"/>
          </Lead>
          <Lead id="k1l7">
            <Parent ref="k1l6"/>
            <Statement>Basal portions of peristome teeth striate; awn comprising about 1/3 of perichaetial leaf length; plant common in forests at mid elevations</Statement>
            <TaxonName ref="i3"/>
          </Lead>
          <Lead id="k1l8">
            <Parent ref="k1l6"/>
            <Statement>Peristome teeth papillose throughout; awn comprising about 1/2 of perichaetial leaf length; plant rare and local in alpine regions</Statement>
            <TaxonName ref="i4"/>
          </Lead>
        </Leads>
      </IdentificationKey>
    </IdentificationKeys>
  </Dataset>
</Datasets>
