<?xml version="1.0" encoding="UTF-8"?>
<Datasets xmlns="http://rs.tdwg.org/UBIF/2006/" xmlns:xsi="http://www.w3.org/2001/XMLSchema-instance" xsi:schemaLocation="http://rs.tdwg.org/UBIF/2006/ http://rs.tdwg.org/UBIF/2006/Schema/1.1/SDD.xsd">
  <TechnicalMetadata created="2014-12-08T01:23:47">
    <Generator name="KeyBase SDD export" version="0"/>
  </TechnicalMetadata>
  <Dataset xml:lang="en-au">
    <Representation>
      <Label xml:lang="en">Didymodon</Label>
    </Representation>
    <TaxonNames>
      <TaxonName id="i0">
        <Representation>
          <Label>Bryoerythrophyllum columbianum</Label>
        </Representation>
      </TaxonName>
      <TaxonName id="i1">
        <Representation>
          <Label>Bryoerythrophyllum recurvirostrum</Label>
        </Representation>
      </TaxonName>
      <TaxonName id="i2">
        <Representation>
          <Label>Didymodon australasiae</Label>
        </Representation>
      </TaxonName>
      <TaxonName id="i3">
        <Representation>
          <Label>Didymodon brachyphyllus</Label>
        </Representation>
      </TaxonName>
      <TaxonName id="i4">
        <Representation>
          <Label>Didymodon eckeliae</Label>
        </Representation>
      </TaxonName>
      <TaxonName id="i5">
        <Representation>
          <Label>Didymodon fallax</Label>
        </Representation>
      </TaxonName>
      <TaxonName id="i6">
        <Representation>
          <Label>Didymodon ferrugineus</Label>
        </Representation>
      </TaxonName>
      <TaxonName id="i7">
        <Representation>
          <Label>Didymodon insulanus</Label>
        </Representation>
      </TaxonName>
      <TaxonName id="i8">
        <Representation>
          <Label>Didymodon nevadensis</Label>
        </Representation>
      </TaxonName>
      <TaxonName id="i9">
        <Representation>
          <Label>Didymodon nicholsonii</Label>
        </Representation>
      </TaxonName>
      <TaxonName id="i10">
        <Representation>
          <Label>Didymodon norrisii</Label>
        </Representation>
      </TaxonName>
      <TaxonName id="i11">
        <Representation>
          <Label>Didymodon occidentalis</Label>
        </Representation>
      </TaxonName>
      <TaxonName id="i12">
        <Representation>
          <Label>Didymodon revolutus</Label>
        </Representation>
      </TaxonName>
      <TaxonName id="i13">
        <Representation>
          <Label>Didymodon rigidulus</Label>
        </Representation>
      </TaxonName>
      <TaxonName id="i14">
        <Representation>
          <Label>Didymodon tectorum</Label>
        </Representation>
      </TaxonName>
      <TaxonName id="i15">
        <Representation>
          <Label>Didymodon tophaceus</Label>
        </Representation>
      </TaxonName>
      <TaxonName id="i16">
        <Representation>
          <Label>Didymodon umbrosus</Label>
        </Representation>
      </TaxonName>
      <TaxonName id="i17">
        <Representation>
          <Label>Didymodon vinealis</Label>
        </Representation>
      </TaxonName>
      <TaxonName id="i18">
        <Representation>
          <Label>Pseudocrossidium obtusulum</Label>
        </Representation>
      </TaxonName>
      <TaxonName id="i19">
        <Representation>
          <Label>Triquetrella californica</Label>
        </Representation>
      </TaxonName>
    </TaxonNames>
    <IdentificationKeys>
      <IdentificationKey id="k1">
        <Representation>
          <Label xml:lang="en">Didymodon</Label>
        </Representation>
        <Leads>
          <Lead id="k1l1">
            <Statement>Leaves bistratose from edge to edge (not just along margin)</Statement>
          </Lead>
          <Lead id="k1l4">
            <Statement>Leaves bistratose at most along margins</Statement>
          </Lead>
          <Lead id="k1l2">
            <Parent ref="k1l1"/>
            <Statement>Leaves strongly 3-ranked, squarrose spreading when moist from a somewhat sheathing base; plant of shallow soil over rocks, mostly in grassy areas near the coast</Statement>
            <TaxonName ref="i19"/>
          </Lead>
          <Lead id="k1l3">
            <Parent ref="k1l1"/>
            <Statement>Leaves spirally inserted and inconspicuously ranked, closely imbricate and ascending to erect spreading; plant of calcareous seeps</Statement>
            <TaxonName ref="i15"/>
          </Lead>
          <Lead id="k1l5">
            <Parent ref="k1l4"/>
            <Statement>Median cells of leaf densely papillose with the papillae obscuring the cell walls at least in distal portion of leaf; adaxial cells of costa mostly quadrate, densely pluripapillose with bifid papillae</Statement>
          </Lead>
          <Lead id="k1l10">
            <Parent ref="k1l4"/>
            <Statement>Median cells of leaf low and bluntly papillose to almost smooth; adaxial cells of costa short-oblong or occasionally quadrate, often nearly smooth</Statement>
          </Lead>
          <Lead id="k1l6">
            <Parent ref="k1l5"/>
            <Statement>Plant conspicuously reddish with coloration obvious in the walls of the laminal cells under the compound microscope; leaf margin recurved with marginal cells not significantly less papillose than interior cells</Statement>
          </Lead>
          <Lead id="k1l9">
            <Parent ref="k1l5"/>
            <Statement>Plant of various colors but with red coloration not obvious in the compound microscope; leaf margin revolute in at least one complete spiral with the marginal cells low papillose to almost smooth relative to the interior cells</Statement>
            <TaxonName ref="i18"/>
          </Lead>
          <Lead id="k1l7">
            <Parent ref="k1l6"/>
            <Statement>Basal cells of normally developed leaves quadrate or nearly so; area of differentiated interior basal cells ovate; costa short excurrent in the acute and entire apex</Statement>
            <TaxonName ref="i0"/>
          </Lead>
          <Lead id="k1l8">
            <Parent ref="k1l6"/>
            <Statement>Basal cells short rectangular &gt;2:1; area of differentiated basal cells elliptical to oblong, mostly with nearly parallel lateral margins; costa subpercurrent to percurrent in the rather blunt, often dentate apex</Statement>
            <TaxonName ref="i1"/>
          </Lead>
          <Lead id="k1l11">
            <Parent ref="k1l10"/>
            <Statement>Leaf margins crenulate-papillose in distal 1/2; leaves not keeled; plant fragile with leafy stems breaking from clone</Statement>
            <TaxonName ref="i10"/>
          </Lead>
          <Lead id="k1l12">
            <Parent ref="k1l10"/>
            <Statement>Leaf margins entire or, if crenulate, leaves keeled; plant not very fragile</Statement>
          </Lead>
          <Lead id="k1l13">
            <Parent ref="k1l12"/>
            <Statement>Adaxial surface of costa at mid-leaf with elongate rectangular (&gt;2.5:1) cells</Statement>
          </Lead>
          <Lead id="k1l16">
            <Parent ref="k1l12"/>
            <Statement>Adaxial surface of costa at mid-leaf with quadrate to very short rectangular cells</Statement>
          </Lead>
          <Lead id="k1l14">
            <Parent ref="k1l13"/>
            <Statement>Moist leaves when detached from stem describing less than 120 degrees of arc; costa broadened at base</Statement>
            <TaxonName ref="i5"/>
          </Lead>
          <Lead id="k1l15">
            <Parent ref="k1l13"/>
            <Statement>Moist leaves when detached from stem describing almost 180 degrees of arc, almost impossible to lay flat on slide without cutting into short portions; costa almost evenly tapered to apex</Statement>
            <TaxonName ref="i6"/>
          </Lead>
          <Lead id="k1l17">
            <Parent ref="k1l16"/>
            <Statement>Margins recurved nearly to apex; leaf apex sometimes obtuse</Statement>
          </Lead>
          <Lead id="k1l24">
            <Parent ref="k1l16"/>
            <Statement>Margins recurved only in the proximal 2/3 or less; apex more narrow</Statement>
          </Lead>
          <Lead id="k1l18">
            <Parent ref="k1l17"/>
            <Statement>Costa medially about 8 cells broad, often branched (spurred) in its distal portion; plant of calcarous rocks</Statement>
            <TaxonName ref="i12"/>
          </Lead>
          <Lead id="k1l19">
            <Parent ref="k1l17"/>
            <Statement>Costa mostly more narrow, not spurred; plant of more varied ecology</Statement>
          </Lead>
          <Lead id="k1l20">
            <Parent ref="k1l19"/>
            <Statement>Leaf apex mucronate, not at all cucullate; costa very short excurrent in the mucro; leaves deltoid to deltoid lanceolate</Statement>
            <TaxonName ref="i14"/>
          </Lead>
          <Lead id="k1l21">
            <Parent ref="k1l19"/>
            <Statement>Leaf apex obtuse to bluntly acute, cucullate to somewhat concave; costa percurrent to subpercurrent; leaves ovate to ovate-lanceolate</Statement>
          </Lead>
          <Lead id="k1l22">
            <Parent ref="k1l21"/>
            <Statement>Cells of adaxial costa surface bulging and with proportions deeper than wide so that that surface appears convex in hand-lens view; guide cells in more than one layer below those adaxial epidermal cells</Statement>
            <TaxonName ref="i8"/>
          </Lead>
          <Lead id="k1l23">
            <Parent ref="k1l21"/>
            <Statement>Cells of adaxial costa not bulging; guide cells in only a single layer</Statement>
            <TaxonName ref="i3"/>
          </Lead>
          <Lead id="k1l25">
            <Parent ref="k1l24"/>
            <Statement>Lamina on each side of costa in mid-leaf erect or nearly so, thus causing the costa to appear to occupy a medial groove; leaf apex usually with a differentiated conical apical cell</Statement>
          </Lead>
          <Lead id="k1l34">
            <Parent ref="k1l24"/>
            <Statement>Leaves not channeled or with only a channeling of the extreme distal portion of the leaf; leaf apex usually without a differentiated conical apical cell</Statement>
          </Lead>
          <Lead id="k1l26">
            <Parent ref="k1l25"/>
            <Statement>Leaf apices bistratose at least in the distal portion; these apices often regularly caducous; basal cells mostly quadrate</Statement>
            <TaxonName ref="i11"/>
          </Lead>
          <Lead id="k1l27">
            <Parent ref="k1l25"/>
            <Statement>Leaf apices unistratose and not fragile; basal cells mostly rectangular</Statement>
          </Lead>
          <Lead id="k1l28">
            <Parent ref="k1l27"/>
            <Statement>Leaves evenly crenulate with margins bistratose in 1-2 rows in at least the distal 1/2</Statement>
            <TaxonName ref="i4"/>
          </Lead>
          <Lead id="k1l29">
            <Parent ref="k1l27"/>
            <Statement>Leaves entire throughout with marginal bistratosity appearing only in marginal patches</Statement>
          </Lead>
          <Lead id="k1l30">
            <Parent ref="k1l29"/>
            <Statement>Leaves narrowly lanceolate (&gt;6:1) with the apex often terminated by a cluster of rhizoids; marginal cells of leaf base often short-rectangular; dry leaves usually somewhat crispate</Statement>
            <TaxonName ref="i9"/>
          </Lead>
          <Lead id="k1l31">
            <Parent ref="k1l29"/>
            <Statement>Leaves lanceolate but mostly proportionately broader, without terminal rhizoids; marginal cells of leaf base rectangular; dry leaves not crispate</Statement>
          </Lead>
          <Lead id="k1l32">
            <Parent ref="k1l31"/>
            <Statement>Leaves to 2.5 mm long with the apices more or less regularly erect and not very crispate; leaf margins recurved to above the middle</Statement>
            <TaxonName ref="i17"/>
          </Lead>
          <Lead id="k1l33">
            <Parent ref="k1l31"/>
            <Statement>Leaves longer with the apices flexuose; leaf apices strongly crispate with leaf margins recurved only in distal 1/3</Statement>
            <TaxonName ref="i7"/>
          </Lead>
          <Lead id="k1l35">
            <Parent ref="k1l34"/>
            <Statement>Juxtacostal basal cells not so thin-walled, mostly short-rectangular with the lumen/wall ratio often less than 6:1; leaf not distally channeled</Statement>
            <TaxonName ref="i13"/>
          </Lead>
          <Lead id="k1l36">
            <Parent ref="k1l34"/>
            <Statement>Juxtacostal basal cells thin-walled and rectangular, often somewhat inflated, lumen/wall ratio greater than 10:1; leaf usually strongly and abruptly channeled in extreme apex</Statement>
          </Lead>
          <Lead id="k1l37">
            <Parent ref="k1l36"/>
            <Statement>Cortical cells of stem inflated; marginal, basal cells forming a moderately differentiated area of more narrowly rectangular cells; adaxial cells of costa usually somewhat elongate</Statement>
            <TaxonName ref="i16"/>
          </Lead>
          <Lead id="k1l38">
            <Parent ref="k1l36"/>
            <Statement>Cortical cells of stem not differentiated; basal cells without a margin of more narrow cells; adaxial cells of costa uniformly quadrate</Statement>
            <TaxonName ref="i2"/>
          </Lead>
        </Leads>
      </IdentificationKey>
    </IdentificationKeys>
  </Dataset>
</Datasets>
