<?xml version="1.0" encoding="UTF-8"?>
<Datasets xmlns="http://rs.tdwg.org/UBIF/2006/" xmlns:xsi="http://www.w3.org/2001/XMLSchema-instance" xsi:schemaLocation="http://rs.tdwg.org/UBIF/2006/ http://rs.tdwg.org/UBIF/2006/Schema/1.1/SDD.xsd">
  <TechnicalMetadata created="2014-12-08T01:23:17">
    <Generator name="KeyBase SDD export" version="0"/>
  </TechnicalMetadata>
  <Dataset xml:lang="en-au">
    <Representation>
      <Label xml:lang="en">Digitaria</Label>
    </Representation>
    <TaxonNames>
      <TaxonName id="i0">
        <Representation>
          <Label>Digitaria ammophila</Label>
        </Representation>
      </TaxonName>
      <TaxonName id="i1">
        <Representation>
          <Label>Digitaria brownii</Label>
        </Representation>
      </TaxonName>
      <TaxonName id="i2">
        <Representation>
          <Label>Digitaria coenicola</Label>
        </Representation>
      </TaxonName>
      <TaxonName id="i3">
        <Representation>
          <Label>Digitaria diffusa</Label>
        </Representation>
      </TaxonName>
      <TaxonName id="i4">
        <Representation>
          <Label>Digitaria ischaemum</Label>
        </Representation>
      </TaxonName>
      <TaxonName id="i5">
        <Representation>
          <Label>Digitaria sanguinalis</Label>
        </Representation>
      </TaxonName>
    </TaxonNames>
    <IdentificationKeys>
      <IdentificationKey id="k1">
        <Representation>
          <Label xml:lang="en">Digitaria</Label>
        </Representation>
        <Leads>
          <Lead id="k1l1">
            <Statement>Spikelets densely silky-hairy on adaxial surface; panicle branches stiffly spreading; uncommon perennials of dry areas</Statement>
          </Lead>
          <Lead id="k1l6">
            <Statement>Spikelets glabrous to shortly pubescent; panicle branches not stiff; widespread annuals of disturbed or irrigated areas</Statement>
          </Lead>
          <Lead id="k1l2">
            <Parent ref="k1l1"/>
            <Statement>Lower panicle branches whorled, devoid of spikelets in the lower 2 cm or more, widely spreading at maturity</Statement>
          </Lead>
          <Lead id="k1l5">
            <Parent ref="k1l1"/>
            <Statement>Panicle branches not whorled, bearing spikelets virtually to base, remaining suberect at maturity</Statement>
            <TaxonName ref="i1"/>
          </Lead>
          <Lead id="k1l3">
            <Parent ref="k1l2"/>
            <Statement>Spikelets 2–3 mm long; leaf margins strongly crimped</Statement>
            <TaxonName ref="i0"/>
          </Lead>
          <Lead id="k1l4">
            <Parent ref="k1l2"/>
            <Statement>Spikelets 3–4.5 mm long; leaf margins plane or weakly undulate</Statement>
            <TaxonName ref="i2"/>
          </Lead>
          <Lead id="k1l7">
            <Parent ref="k1l6"/>
            <Statement>Spikelets less than 2.5 mm long; upper glume subequal to spikelet</Statement>
          </Lead>
          <Lead id="k1l10">
            <Parent ref="k1l6"/>
            <Statement>Spikelets 2.6–3.2 mm long; upper glume c. half as long as spikelet</Statement>
            <TaxonName ref="i5"/>
          </Lead>
          <Lead id="k1l8">
            <Parent ref="k1l7"/>
            <Statement>Inflorescence not digitate, branches spaced along main axis; spikelets bearing short acute hairs (often obscure); native perennial</Statement>
            <TaxonName ref="i3"/>
          </Lead>
          <Lead id="k1l9">
            <Parent ref="k1l7"/>
            <Statement>Inflorescence digitate or subdigitate; spikelets with club-shaped hairs; weedy annual</Statement>
            <TaxonName ref="i4"/>
          </Lead>
        </Leads>
      </IdentificationKey>
    </IdentificationKeys>
  </Dataset>
</Datasets>
