<?xml version="1.0" encoding="UTF-8"?>
<Datasets xmlns="http://rs.tdwg.org/UBIF/2006/" xmlns:xsi="http://www.w3.org/2001/XMLSchema-instance" xsi:schemaLocation="http://rs.tdwg.org/UBIF/2006/ http://rs.tdwg.org/UBIF/2006/Schema/1.1/SDD.xsd">
  <TechnicalMetadata created="2014-12-08T01:23:26">
    <Generator name="KeyBase SDD export" version="0"/>
  </TechnicalMetadata>
  <Dataset xml:lang="en-au">
    <Representation>
      <Label xml:lang="en">Dillwynia</Label>
    </Representation>
    <TaxonNames>
      <TaxonName id="i0">
        <Representation>
          <Label>Dillwynia cinerascens</Label>
        </Representation>
      </TaxonName>
      <TaxonName id="i1">
        <Representation>
          <Label>Dillwynia glaberrima</Label>
        </Representation>
      </TaxonName>
      <TaxonName id="i2">
        <Representation>
          <Label>Dillwynia hispida</Label>
        </Representation>
      </TaxonName>
      <TaxonName id="i3">
        <Representation>
          <Label>Dillwynia juniperina</Label>
        </Representation>
      </TaxonName>
      <TaxonName id="i4">
        <Representation>
          <Label>Dillwynia oreodoxa</Label>
        </Representation>
      </TaxonName>
      <TaxonName id="i5">
        <Representation>
          <Label>Dillwynia phylicoides</Label>
        </Representation>
      </TaxonName>
      <TaxonName id="i6">
        <Representation>
          <Label>Dillwynia prostrata</Label>
        </Representation>
      </TaxonName>
      <TaxonName id="i7">
        <Representation>
          <Label>Dillwynia ramosissima</Label>
        </Representation>
      </TaxonName>
      <TaxonName id="i8">
        <Representation>
          <Label>Dillwynia sericea</Label>
        </Representation>
      </TaxonName>
      <TaxonName id="i9">
        <Representation>
          <Label>Dillwynia sieberi</Label>
        </Representation>
      </TaxonName>
      <TaxonName id="i10">
        <Representation>
          <Label>Dillwynia uncinata</Label>
        </Representation>
      </TaxonName>
    </TaxonNames>
    <IdentificationKeys>
      <IdentificationKey id="k1">
        <Representation>
          <Label xml:lang="en">Dillwynia</Label>
        </Representation>
        <Leads>
          <Lead id="k1l1">
            <Statement>Leaves distinctly pungent</Statement>
          </Lead>
          <Lead id="k1l6">
            <Statement>Leaves never pungent but sometimes acuminate</Statement>
          </Lead>
          <Lead id="k1l2">
            <Parent ref="k1l1"/>
            <Statement>Leaves distinctly petiolate, spreading or inclined to stems, rarely reflexed</Statement>
          </Lead>
          <Lead id="k1l5">
            <Parent ref="k1l1"/>
            <Statement>Leaves sessile, spreading or reflexed</Statement>
            <TaxonName ref="i3"/>
          </Lead>
          <Lead id="k1l3">
            <Parent ref="k1l2"/>
            <Statement>Leaves spirally twisted, inclined to stems; tall shrub from the Grampians</Statement>
            <TaxonName ref="i4"/>
          </Lead>
          <Lead id="k1l4">
            <Parent ref="k1l2"/>
            <Statement>Leaves never spirally twisted, usually spreading; rare shrub of northern and eastern Victoria</Statement>
            <TaxonName ref="i9"/>
          </Lead>
          <Lead id="k1l7">
            <Parent ref="k1l6"/>
            <Statement>Plant erect, decumbent or procumbent, never completely prostrate; branches never rooting at nodes</Statement>
          </Lead>
          <Lead id="k1l20">
            <Parent ref="k1l6"/>
            <Statement>Plant prostrate; branches often rooting at nodes; rare plant of East Gippsland</Statement>
            <TaxonName ref="i6"/>
          </Lead>
          <Lead id="k1l8">
            <Parent ref="k1l7"/>
            <Statement>Leaves never spirally twisted</Statement>
          </Lead>
          <Lead id="k1l19">
            <Parent ref="k1l7"/>
            <Statement>Leaves spirally twisted</Statement>
            <TaxonName ref="i5"/>
          </Lead>
          <Lead id="k1l9">
            <Parent ref="k1l8"/>
            <Statement>Flowers solitary or paired in axils</Statement>
          </Lead>
          <Lead id="k1l12">
            <Parent ref="k1l8"/>
            <Statement>Flowers mostly in axillary or terminal clusters of 3 or more</Statement>
          </Lead>
          <Lead id="k1l10">
            <Parent ref="k1l9"/>
            <Statement>Stems glabrous, often spinescent; flowers mostly single; localized shrub of central Victoria</Statement>
            <TaxonName ref="i7"/>
          </Lead>
          <Lead id="k1l11">
            <Parent ref="k1l9"/>
            <Statement>Stems densely covered with spreading or appressed hairs, not spinescent; flowers mostly in pairs; widespread, variable shrub</Statement>
            <TaxonName ref="i8"/>
          </Lead>
          <Lead id="k1l13">
            <Parent ref="k1l12"/>
            <Statement>Calyx gradually tapered to base, glabrous or with scattered spreading hairs (rarely appressed-pubescent), upper 2 lobes distinct although sometimes shallowly cleft; flower clusters often long-pedunculate; corolla deciduous</Statement>
          </Lead>
          <Lead id="k1l16">
            <Parent ref="k1l12"/>
            <Statement>Calyx abruptly tapered at base, moderately to densely covered with short appressed hairs, upper 2 lobes not or hardly distinct, appearing as a broad, truncate or slightly indented lip; flower clusters not long-pedunculate; corolla persistent in fruit</Statement>
          </Lead>
          <Lead id="k1l14">
            <Parent ref="k1l13"/>
            <Statement>Flowers predominantly yellow; upper 2 lobes of calyx blunt; leaves usually glabrous, slender, to 3 cm long</Statement>
            <TaxonName ref="i1"/>
          </Lead>
          <Lead id="k1l15">
            <Parent ref="k1l13"/>
            <Statement>Flowers predominantly red or orange; upper 2 lobes of calyx acute; leaves often hispid, thickish, rarely exceeding 1 cm in length</Statement>
            <TaxonName ref="i2"/>
          </Lead>
          <Lead id="k1l17">
            <Parent ref="k1l16"/>
            <Statement>Leaves rather crowded, at least toward ends of branches, slender, straight or slightly recurved near apex, to c. 3 cm long; widespread shrub</Statement>
            <TaxonName ref="i0"/>
          </Lead>
          <Lead id="k1l18">
            <Parent ref="k1l16"/>
            <Statement>Leaves scattered, thickish, recurved, usually under 1 cm long; twiggy shrub of north-west mallee</Statement>
            <TaxonName ref="i10"/>
          </Lead>
        </Leads>
      </IdentificationKey>
    </IdentificationKeys>
  </Dataset>
</Datasets>
