<?xml version="1.0" encoding="UTF-8"?>
<Datasets xmlns="http://rs.tdwg.org/UBIF/2006/" xmlns:xsi="http://www.w3.org/2001/XMLSchema-instance" xsi:schemaLocation="http://rs.tdwg.org/UBIF/2006/ http://rs.tdwg.org/UBIF/2006/Schema/1.1/SDD.xsd">
  <TechnicalMetadata created="2014-12-08T01:23:19">
    <Generator name="KeyBase SDD export" version="0"/>
  </TechnicalMetadata>
  <Dataset xml:lang="en-au">
    <Representation>
      <Label xml:lang="en">Dipodium</Label>
    </Representation>
    <TaxonNames>
      <TaxonName id="i0">
        <Representation>
          <Label>Dipodium campanulatum</Label>
        </Representation>
      </TaxonName>
      <TaxonName id="i1">
        <Representation>
          <Label>Dipodium hamiltonianum</Label>
        </Representation>
      </TaxonName>
      <TaxonName id="i2">
        <Representation>
          <Label>Dipodium pardalinum</Label>
        </Representation>
      </TaxonName>
      <TaxonName id="i3">
        <Representation>
          <Label>Dipodium punctatum</Label>
        </Representation>
      </TaxonName>
      <TaxonName id="i4">
        <Representation>
          <Label>Dipodium roseum</Label>
        </Representation>
      </TaxonName>
      <TaxonName id="i5">
        <Representation>
          <Label>Dipodium variegatum</Label>
        </Representation>
      </TaxonName>
    </TaxonNames>
    <IdentificationKeys>
      <IdentificationKey id="k1">
        <Representation>
          <Label xml:lang="en">Dipodium</Label>
        </Representation>
        <Leads>
          <Lead id="k1l1">
            <Statement>Petals and sepals cream or pink-spotted or blotched with dark pink or maroon (rarely wholly pink or white)</Statement>
          </Lead>
          <Lead id="k1l10">
            <Statement>Petals and sepals yellow to greenish, spotted and streaked with red or mauve</Statement>
            <TaxonName ref="i1"/>
          </Lead>
          <Lead id="k1l2">
            <Parent ref="k1l1"/>
            <Statement>Pedicels and ovaries without coloured spots; petals and sepals light rosy pink or white with darker spots or blotches, or rarely wholly pink or white</Statement>
          </Lead>
          <Lead id="k1l9">
            <Parent ref="k1l1"/>
            <Statement>Pedicels and ovaries with maroon spots; petals and sepals cream or light pink with heavy maroon blotching; East Gippsland only</Statement>
            <TaxonName ref="i5"/>
          </Lead>
          <Lead id="k1l3">
            <Parent ref="k1l2"/>
            <Statement>Perianth segments not or hardly recurved, heavily blotched</Statement>
          </Lead>
          <Lead id="k1l6">
            <Parent ref="k1l2"/>
            <Statement>Perianth segments strongly recurved, unspotted, finely spotted or blotched</Statement>
          </Lead>
          <Lead id="k1l4">
            <Parent ref="k1l3"/>
            <Statement>Flowers bell-shaped, white with heavy pink blotches</Statement>
            <TaxonName ref="i0"/>
          </Lead>
          <Lead id="k1l5">
            <Parent ref="k1l3"/>
            <Statement>Flowers opening widely, pale to dark reddish-pink with heavy darker blotches</Statement>
            <TaxonName ref="i3"/>
          </Lead>
          <Lead id="k1l7">
            <Parent ref="k1l6"/>
            <Statement>Perianth segments white to pale pink with many large darker pink blotches; labellum with blotches; stems usually green</Statement>
            <TaxonName ref="i2"/>
          </Lead>
          <Lead id="k1l8">
            <Parent ref="k1l6"/>
            <Statement>Perianth segments pink with few, or no, darker pink spots; labellum with longitudinal pink stripes; stems usually purplish</Statement>
            <TaxonName ref="i4"/>
          </Lead>
        </Leads>
      </IdentificationKey>
    </IdentificationKeys>
  </Dataset>
</Datasets>
