<?xml version="1.0" encoding="UTF-8"?>
<Datasets xmlns="http://rs.tdwg.org/UBIF/2006/" xmlns:xsi="http://www.w3.org/2001/XMLSchema-instance" xsi:schemaLocation="http://rs.tdwg.org/UBIF/2006/ http://rs.tdwg.org/UBIF/2006/Schema/1.1/SDD.xsd">
  <TechnicalMetadata created="2014-12-08T01:23:21">
    <Generator name="KeyBase SDD export" version="0"/>
  </TechnicalMetadata>
  <Dataset xml:lang="en-au">
    <Representation>
      <Label xml:lang="en">Dissocarpus</Label>
    </Representation>
    <TaxonNames>
      <TaxonName id="i0">
        <Representation>
          <Label>Dissocarpus biflorus</Label>
        </Representation>
      </TaxonName>
      <TaxonName id="i1">
        <Representation>
          <Label>Dissocarpus paradoxus</Label>
        </Representation>
      </TaxonName>
    </TaxonNames>
    <IdentificationKeys>
      <IdentificationKey id="k1">
        <Representation>
          <Label xml:lang="en">Dissocarpus</Label>
        </Representation>
        <Leads>
          <Lead id="k1l1">
            <Statement>Fruiting perianths 2 or 3 in an axillary cluster, the aggregate fruit 5–10 mm diam.; spines absent</Statement>
            <TaxonName ref="i0"/>
          </Lead>
          <Lead id="k1l2">
            <Statement>Fruiting perianths 8–16 forming a hard, woolly, burr-like aggregate fruit 10–15 mm diam.; spines numerous, sometimes hooked</Statement>
            <TaxonName ref="i1"/>
          </Lead>
        </Leads>
      </IdentificationKey>
    </IdentificationKeys>
  </Dataset>
</Datasets>
