<?xml version="1.0" encoding="UTF-8"?>
<Datasets xmlns="http://rs.tdwg.org/UBIF/2006/" xmlns:xsi="http://www.w3.org/2001/XMLSchema-instance" xsi:schemaLocation="http://rs.tdwg.org/UBIF/2006/ http://rs.tdwg.org/UBIF/2006/Schema/1.1/SDD.xsd">
  <TechnicalMetadata created="2014-12-08T01:23:19">
    <Generator name="KeyBase SDD export" version="0"/>
  </TechnicalMetadata>
  <Dataset xml:lang="en-au">
    <Representation>
      <Label xml:lang="en">Diuris</Label>
    </Representation>
    <TaxonNames>
      <TaxonName id="i0">
        <Representation>
          <Label>Diuris Xfastidiosa</Label>
        </Representation>
      </TaxonName>
      <TaxonName id="i1">
        <Representation>
          <Label>Diuris Xpalachila</Label>
        </Representation>
      </TaxonName>
      <TaxonName id="i2">
        <Representation>
          <Label>Diuris basaltica</Label>
        </Representation>
      </TaxonName>
      <TaxonName id="i3">
        <Representation>
          <Label>Diuris behrii</Label>
        </Representation>
      </TaxonName>
      <TaxonName id="i4">
        <Representation>
          <Label>Diuris chryseopsis</Label>
        </Representation>
      </TaxonName>
      <TaxonName id="i5">
        <Representation>
          <Label>Diuris daltonii</Label>
        </Representation>
      </TaxonName>
      <TaxonName id="i6">
        <Representation>
          <Label>Diuris dendrobioides</Label>
        </Representation>
      </TaxonName>
      <TaxonName id="i7">
        <Representation>
          <Label>Diuris fragrantissima</Label>
        </Representation>
      </TaxonName>
      <TaxonName id="i8">
        <Representation>
          <Label>Diuris fucosa</Label>
        </Representation>
      </TaxonName>
      <TaxonName id="i9">
        <Representation>
          <Label>Diuris gregaria</Label>
        </Representation>
      </TaxonName>
      <TaxonName id="i10">
        <Representation>
          <Label>Diuris monticola</Label>
        </Representation>
      </TaxonName>
      <TaxonName id="i11">
        <Representation>
          <Label>Diuris ochroma</Label>
        </Representation>
      </TaxonName>
      <TaxonName id="i12">
        <Representation>
          <Label>Diuris orientis</Label>
        </Representation>
      </TaxonName>
      <TaxonName id="i13">
        <Representation>
          <Label>Diuris palustris</Label>
        </Representation>
      </TaxonName>
      <TaxonName id="i14">
        <Representation>
          <Label>Diuris pardina</Label>
        </Representation>
      </TaxonName>
      <TaxonName id="i15">
        <Representation>
          <Label>Diuris protena</Label>
        </Representation>
      </TaxonName>
      <TaxonName id="i16">
        <Representation>
          <Label>Diuris punctata</Label>
        </Representation>
      </TaxonName>
      <TaxonName id="i17">
        <Representation>
          <Label>Diuris sp. aff. dendrobioides (Bairnsdale)</Label>
        </Representation>
      </TaxonName>
      <TaxonName id="i18">
        <Representation>
          <Label>Diuris subalpina</Label>
        </Representation>
      </TaxonName>
      <TaxonName id="i19">
        <Representation>
          <Label>Diuris sulphurea</Label>
        </Representation>
      </TaxonName>
      <TaxonName id="i20">
        <Representation>
          <Label>Diuris tricolor</Label>
        </Representation>
      </TaxonName>
    </TaxonNames>
    <IdentificationKeys>
      <IdentificationKey id="k1">
        <Representation>
          <Label xml:lang="en">Diuris</Label>
        </Representation>
        <Leads>
          <Lead id="k1l1">
            <Statement>Lateral sepals &gt;30 mm long</Statement>
          </Lead>
          <Lead id="k1l12">
            <Statement>Lateral sepals &lt;25 mm long</Statement>
          </Lead>
          <Lead id="k1l2">
            <Parent ref="k1l1"/>
            <Statement>Flowers predominantly yellow, with some white and purplish markings on the labellum</Statement>
            <TaxonName ref="i20"/>
          </Lead>
          <Lead id="k1l3">
            <Parent ref="k1l1"/>
            <Statement>Flowers predominantly purple, lilac or white</Statement>
          </Lead>
          <Lead id="k1l4">
            <Parent ref="k1l3"/>
            <Statement>Flowers white with purple markings</Statement>
          </Lead>
          <Lead id="k1l9">
            <Parent ref="k1l3"/>
            <Statement>Flowers purple with darker markings (rarely entirely white)</Statement>
          </Lead>
          <Lead id="k1l5">
            <Parent ref="k1l4"/>
            <Statement>Lateral sepals &gt;60mm long on mature plants; plants often &gt;30 cm tall; flowers late November to early December; north-east Victoria</Statement>
            <TaxonName ref="i6"/>
          </Lead>
          <Lead id="k1l6">
            <Parent ref="k1l4"/>
            <Statement>Lateral sepals to 60 mm long; plants to 30 cm tall; flowers October to late November; southern Victoria</Statement>
          </Lead>
          <Lead id="k1l7">
            <Parent ref="k1l6"/>
            <Statement>Flowers mostly white with some pale mauve markings; flowers from October to early November; grasslands immediately west of Melbourne</Statement>
            <TaxonName ref="i7"/>
          </Lead>
          <Lead id="k1l8">
            <Parent ref="k1l6"/>
            <Statement>Flowers white or pale mauve with copious darker lilac blotches; flowers mostly November; grasslands near Bairnsdale</Statement>
            <TaxonName ref="i17"/>
          </Lead>
          <Lead id="k1l10">
            <Parent ref="k1l9"/>
            <Statement>Flowers mauve to purple; labellum with a short neck between mid-lobe and lateral lobes; petal claws to 6 mm long; north-east Victoria</Statement>
            <TaxonName ref="i16"/>
          </Lead>
          <Lead id="k1l11">
            <Parent ref="k1l9"/>
            <Statement>Flowers dark purple; labellum with a long neck between mid-lobe and lateral lobes; petal claws &gt;6 mm long; widespread</Statement>
            <TaxonName ref="i5"/>
          </Lead>
          <Lead id="k1l13">
            <Parent ref="k1l12"/>
            <Statement>Lateral lobes of labellum much shorter and narrower than mid-lobe</Statement>
          </Lead>
          <Lead id="k1l34">
            <Parent ref="k1l12"/>
            <Statement>Lateral lobes of labellum similar in length and breadth to mid-lobe</Statement>
          </Lead>
          <Lead id="k1l14">
            <Parent ref="k1l13"/>
            <Statement>Flowers white to cream-yellow with maroon to brownish striations or blotches on inner and outer surface; montane river valleys</Statement>
            <TaxonName ref="i11"/>
          </Lead>
          <Lead id="k1l15">
            <Parent ref="k1l13"/>
            <Statement>Flowers bright yellow to orange, sometimes with darker striations or blotches on inner and outer surface</Statement>
          </Lead>
          <Lead id="k1l16">
            <Parent ref="k1l15"/>
            <Statement>Plants often robust, to 50 cm tall; dorsal sepal proportionately large, to 20 mm long, often heavily striated</Statement>
            <TaxonName ref="i3"/>
          </Lead>
          <Lead id="k1l17">
            <Parent ref="k1l15"/>
            <Statement>Plants usually slender, to 35 cm tall; dorsal sepal to 15 mm long, not heavily striated</Statement>
          </Lead>
          <Lead id="k1l18">
            <Parent ref="k1l17"/>
            <Statement>At least some plants forming dense clumps by vegetative propagation; often in grasslands of western Victoria</Statement>
          </Lead>
          <Lead id="k1l21">
            <Parent ref="k1l17"/>
            <Statement>Plants usually solitary</Statement>
          </Lead>
          <Lead id="k1l19">
            <Parent ref="k1l18"/>
            <Statement>Flowers bright golden yellow, often with a darker orange labellum callus, porrect to semi-nodding, not opening widely; grasslands immediately west of Melbourne</Statement>
            <TaxonName ref="i2"/>
          </Lead>
          <Lead id="k1l20">
            <Parent ref="k1l18"/>
            <Statement>Flowers uniformly bright yellow, porrect to semi-erect, usually opening widely; grasslands and grassy woodlands west of Melbourne</Statement>
            <TaxonName ref="i9"/>
          </Lead>
          <Lead id="k1l22">
            <Parent ref="k1l21"/>
            <Statement>Labellum mid-lobe with prominent dark striae, a thick extensive callus and the central part heavily marked with tan-brown resembling a stain; known only from Wycheproof and Swan Hill</Statement>
            <TaxonName ref="i8"/>
          </Lead>
          <Lead id="k1l23">
            <Parent ref="k1l21"/>
            <Statement>Labellum mid-lobe not as above</Statement>
          </Lead>
          <Lead id="k1l24">
            <Parent ref="k1l23"/>
            <Statement>Labellum lamina on a long prominent basal claw</Statement>
          </Lead>
          <Lead id="k1l27">
            <Parent ref="k1l23"/>
            <Statement>Labellum lamina on a short basal claw</Statement>
          </Lead>
          <Lead id="k1l25">
            <Parent ref="k1l24"/>
            <Statement>Flowers October to December; montane to subalpine areas</Statement>
            <TaxonName ref="i18"/>
          </Lead>
          <Lead id="k1l26">
            <Parent ref="k1l24"/>
            <Statement>Flowers August to September; grasslands of northern Victoria</Statement>
            <TaxonName ref="i15"/>
          </Lead>
          <Lead id="k1l28">
            <Parent ref="k1l27"/>
            <Statement>Flowers erect, labellum and lateral sepals directed upwards</Statement>
            <TaxonName ref="i0"/>
          </Lead>
          <Lead id="k1l29">
            <Parent ref="k1l27"/>
            <Statement>Flowers porrect to nodding, labellum and lateral sepals directed horizontally or downwards</Statement>
          </Lead>
          <Lead id="k1l30">
            <Parent ref="k1l29"/>
            <Statement>Labellum callus a pair of basal ridges; labellum mid-lobe flat, fan-shaped</Statement>
            <TaxonName ref="i1"/>
          </Lead>
          <Lead id="k1l31">
            <Parent ref="k1l29"/>
            <Statement>Labellum callus a single central ridge; labellum mid-lobe more or less ovate</Statement>
          </Lead>
          <Lead id="k1l32">
            <Parent ref="k1l31"/>
            <Statement>Petals 3.5–7 mm wide; flowers mostly September and October; lowland habitats to 800 metres</Statement>
            <TaxonName ref="i4"/>
          </Lead>
          <Lead id="k1l33">
            <Parent ref="k1l31"/>
            <Statement>Petals 4–9 mm wide; flowers mostly November to January; highland habitats over 800 metres</Statement>
            <TaxonName ref="i10"/>
          </Lead>
          <Lead id="k1l35">
            <Parent ref="k1l34"/>
            <Statement>Leaves thread-like and usually twisted, 8 or more per plant; flowers to about 20 mm across</Statement>
            <TaxonName ref="i13"/>
          </Lead>
          <Lead id="k1l36">
            <Parent ref="k1l34"/>
            <Statement>Leaves linear and channelled, 1–3 per plant; flowers more than 20 mm across</Statement>
          </Lead>
          <Lead id="k1l37">
            <Parent ref="k1l36"/>
            <Statement>Labellum callus a pair of basal ridges; lateral sepals usually strongly crossed</Statement>
            <TaxonName ref="i14"/>
          </Lead>
          <Lead id="k1l38">
            <Parent ref="k1l36"/>
            <Statement>Labellum callus a single central ridge; lateral sepals usually more or less parallel</Statement>
          </Lead>
          <Lead id="k1l39">
            <Parent ref="k1l38"/>
            <Statement>Labellum lobes of similar length, callus extending only on to base of mid-lobe; flowers usually yellow with bold red, pink or brownish markings</Statement>
            <TaxonName ref="i12"/>
          </Lead>
          <Lead id="k1l40">
            <Parent ref="k1l38"/>
            <Statement>Labellum mid-lobe about twice as long as side lobes, callus extending well on to lamina of mid-lobe; flowers bright yellow with two prominent brownish blotches on base of dorsal sepal</Statement>
            <TaxonName ref="i19"/>
          </Lead>
        </Leads>
      </IdentificationKey>
    </IdentificationKeys>
  </Dataset>
</Datasets>
