<?xml version="1.0" encoding="UTF-8"?>
<Datasets xmlns="http://rs.tdwg.org/UBIF/2006/" xmlns:xsi="http://www.w3.org/2001/XMLSchema-instance" xsi:schemaLocation="http://rs.tdwg.org/UBIF/2006/ http://rs.tdwg.org/UBIF/2006/Schema/1.1/SDD.xsd">
  <TechnicalMetadata created="2014-12-08T01:23:29">
    <Generator name="KeyBase SDD export" version="0"/>
  </TechnicalMetadata>
  <Dataset xml:lang="en-au">
    <Representation>
      <Label xml:lang="en">Dodonaea viscosa</Label>
    </Representation>
    <TaxonNames>
      <TaxonName id="i0">
        <Representation>
          <Label>Dodonaea viscosa subsp. angustifolia</Label>
        </Representation>
      </TaxonName>
      <TaxonName id="i1">
        <Representation>
          <Label>Dodonaea viscosa subsp. angustissima</Label>
        </Representation>
      </TaxonName>
      <TaxonName id="i2">
        <Representation>
          <Label>Dodonaea viscosa subsp. cuneata</Label>
        </Representation>
      </TaxonName>
      <TaxonName id="i3">
        <Representation>
          <Label>Dodonaea viscosa subsp. spatulata</Label>
        </Representation>
      </TaxonName>
    </TaxonNames>
    <IdentificationKeys>
      <IdentificationKey id="k1">
        <Representation>
          <Label xml:lang="en">Dodonaea viscosa</Label>
        </Representation>
        <Leads>
          <Lead id="k1l1">
            <Statement>Leaves linear, lanceolate to narrow-elliptic or rarely oblanceolate, with length-width ratio 5–15 (–30):1; apex acute, narrow acute to acuminate, obtuse or sometimes rounded or obtuse with a short abrupt point</Statement>
          </Lead>
          <Lead id="k1l6">
            <Statement>Leaves obovate to spatulate or obtriangular to angular-obovate, with length-width ratio usually less than 6:1; apex broad-acute to obtuse, truncate or some- times obtuse or emarginate</Statement>
          </Lead>
          <Lead id="k1l2">
            <Parent ref="k1l1"/>
            <Statement>Leaves linear to narrow-oblong, rarely oblanceolate, not tapered at apex; apex acute to obtuse, sometimes rounded with a short abrupt point, sessile or with petiole (1–) 4–7 (10) mm long</Statement>
          </Lead>
          <Lead id="k1l5">
            <Parent ref="k1l1"/>
            <Statement>Leaves linear-lanceolate, narrowly tapered at apex and base; apex narrow-acute to acuminate, base tapering to petiole 2.0–15 (–18) mm long</Statement>
            <TaxonName ref="i0"/>
          </Lead>
          <Lead id="k1l3">
            <Parent ref="k1l2"/>
            <Statement>Leaves (1–) 2–4 (–6) mm wide, with length-width ratio at least 7.5:1, linear to narrow oblong, rarely oblanceolate, sessile</Statement>
            <TaxonName ref="i1"/>
          </Lead>
          <Lead id="k1l4">
            <Parent ref="k1l2"/>
            <Statement>Leaves 6–10 (–18) mm wide, with length-width ratio less than 7.5:1, usually obovate to spatulate, sometimes oblanceolate, not linear to narrow-oblong, sessile or with petiole to c. 10 mm long</Statement>
            <TaxonName ref="i3"/>
          </Lead>
          <Lead id="k1l7">
            <Parent ref="k1l6"/>
            <Statement>Leaves obtriangular to angular-obovate, or narrow-obovate, lamina (0.8–) 1.5–2.5 (–3.8) cm long, usually with length-width ratio less than 3.5:1; apex trun-cate or obtuse, usually with a short abrupt point or sometimes irregularly 2–3-toothed, rarely emarginate</Statement>
            <TaxonName ref="i2"/>
          </Lead>
          <Lead id="k1l8">
            <Parent ref="k1l6"/>
            <Statement>Leaves obovate to spatulate, lamina (2.3–) 3–5.5 (–9) cm long, usually with length-width ratio greater than 3.5:1; apex broad-acute to obtuse, sometimes with a short abrupt point</Statement>
            <TaxonName ref="i3"/>
          </Lead>
        </Leads>
      </IdentificationKey>
    </IdentificationKeys>
  </Dataset>
</Datasets>
