<?xml version="1.0" encoding="UTF-8"?>
<Datasets xmlns="http://rs.tdwg.org/UBIF/2006/" xmlns:xsi="http://www.w3.org/2001/XMLSchema-instance" xsi:schemaLocation="http://rs.tdwg.org/UBIF/2006/ http://rs.tdwg.org/UBIF/2006/Schema/1.1/SDD.xsd">
  <TechnicalMetadata created="2014-12-08T01:23:13">
    <Generator name="KeyBase SDD export" version="0"/>
  </TechnicalMetadata>
  <Dataset xml:lang="en-au">
    <Representation>
      <Label xml:lang="en">Doodia</Label>
    </Representation>
    <TaxonNames>
      <TaxonName id="i0">
        <Representation>
          <Label>Doodia aspera</Label>
        </Representation>
      </TaxonName>
      <TaxonName id="i1">
        <Representation>
          <Label>Doodia caudata</Label>
        </Representation>
      </TaxonName>
      <TaxonName id="i2">
        <Representation>
          <Label>Doodia media</Label>
        </Representation>
      </TaxonName>
    </TaxonNames>
    <IdentificationKeys>
      <IdentificationKey id="k1">
        <Representation>
          <Label xml:lang="en">Doodia</Label>
        </Representation>
        <Leads>
          <Lead id="k1l1">
            <Statement>Pinnae in lower part of lamina shortly stalked or with basal margins approaching midvein at least on upper side, separate</Statement>
          </Lead>
          <Lead id="k1l4">
            <Statement>Pinnae sessile, bases flanged, except for an isolated pair of shortly stalked pinnae at base (which may be absent in some specimens); stipe and rachis rough, with black scales</Statement>
            <TaxonName ref="i0"/>
          </Lead>
          <Lead id="k1l2">
            <Parent ref="k1l1"/>
            <Statement>Pinnae stalked in lower half of lamina; fertile fronds longer and more erect than sterile ones; stipe and rachis generally smooth</Statement>
            <TaxonName ref="i1"/>
          </Lead>
          <Lead id="k1l3">
            <Parent ref="k1l1"/>
            <Statement>Pinnae stalked for less than lower one-third of lamina (pinnae bases in middle region of lamina may be narrowed (more so on upper side) but not stalked); fertile fronds similar to sterile ones or else (when growing among rocks) longer and with pinnae more separated; stipe and rachis moderately rough and tuberculate</Statement>
            <TaxonName ref="i2"/>
          </Lead>
        </Leads>
      </IdentificationKey>
    </IdentificationKeys>
  </Dataset>
</Datasets>
