<?xml version="1.0" encoding="UTF-8"?>
<Datasets xmlns="http://rs.tdwg.org/UBIF/2006/" xmlns:xsi="http://www.w3.org/2001/XMLSchema-instance" xsi:schemaLocation="http://rs.tdwg.org/UBIF/2006/ http://rs.tdwg.org/UBIF/2006/Schema/1.1/SDD.xsd">
  <TechnicalMetadata created="2014-12-08T01:23:47">
    <Generator name="KeyBase SDD export" version="0"/>
  </TechnicalMetadata>
  <Dataset xml:lang="en-au">
    <Representation>
      <Label xml:lang="en">Drepanocladus</Label>
    </Representation>
    <TaxonNames>
      <TaxonName id="i0">
        <Representation>
          <Label>Campylium polygamum</Label>
        </Representation>
      </TaxonName>
      <TaxonName id="i1">
        <Representation>
          <Label>Cratoneuron filicinum</Label>
        </Representation>
      </TaxonName>
      <TaxonName id="i2">
        <Representation>
          <Label>Drepanocladus aduncus</Label>
        </Representation>
      </TaxonName>
      <TaxonName id="i3">
        <Representation>
          <Label>Drepanocladus capillifolius</Label>
        </Representation>
      </TaxonName>
      <TaxonName id="i4">
        <Representation>
          <Label>Drepanocladus crassicostatus</Label>
        </Representation>
      </TaxonName>
      <TaxonName id="i5">
        <Representation>
          <Label>Drepanocladus polycarpos</Label>
        </Representation>
      </TaxonName>
      <TaxonName id="i6">
        <Representation>
          <Label>Drepanocladus sordidus</Label>
        </Representation>
      </TaxonName>
      <TaxonName id="i7">
        <Representation>
          <Label>Hamatocaulis vernicosus</Label>
        </Representation>
      </TaxonName>
      <TaxonName id="i8">
        <Representation>
          <Label>Leptodictyum humile</Label>
        </Representation>
      </TaxonName>
      <TaxonName id="i9">
        <Representation>
          <Label>Leptodictyum riparium</Label>
        </Representation>
      </TaxonName>
      <TaxonName id="i10">
        <Representation>
          <Label>Limprichtia revolvens</Label>
        </Representation>
      </TaxonName>
      <TaxonName id="i11">
        <Representation>
          <Label>Palustriella commutata</Label>
        </Representation>
      </TaxonName>
      <TaxonName id="i12">
        <Representation>
          <Label>Palustriella falcata</Label>
        </Representation>
      </TaxonName>
      <TaxonName id="i13">
        <Representation>
          <Label>Sanionia uncinata</Label>
        </Representation>
      </TaxonName>
      <TaxonName id="i14">
        <Representation>
          <Label>Warnstorfia exannulata</Label>
        </Representation>
      </TaxonName>
      <TaxonName id="i15">
        <Representation>
          <Label>Warnstorfia fluitans</Label>
        </Representation>
      </TaxonName>
    </TaxonNames>
    <IdentificationKeys>
      <IdentificationKey id="k1">
        <Representation>
          <Label xml:lang="en">Drepanocladus</Label>
        </Representation>
        <Leads>
          <Lead id="k1l1">
            <Statement>Leaves longitudinally plicate, mostly falcate-secund</Statement>
          </Lead>
          <Lead id="k1l10">
            <Statement>Leaves of wet or dry plant not plicate or, if so, not falcate</Statement>
          </Lead>
          <Lead id="k1l2">
            <Parent ref="k1l1"/>
            <Statement>Alar cells very thin-walled and hyaline in a strongly demarcated region that extends to the costa; foliose paraphyllia scattered over the stem (especially visible near the stem apex); at least the basal cells with distal prorations</Statement>
          </Lead>
          <Lead id="k1l7">
            <Parent ref="k1l1"/>
            <Statement>Alar cells not inflated and hyaline, or with the inflated cells in a smaller group; paraphyllia not present; none of the cells prorate</Statement>
          </Lead>
          <Lead id="k1l3">
            <Parent ref="k1l2"/>
            <Statement>Paraphyllia lanceolate, more than one cell wide except terminal cell</Statement>
            <TaxonName ref="i1"/>
          </Lead>
          <Lead id="k1l4">
            <Parent ref="k1l2"/>
            <Statement>Paraphyllia linear, only one cell wide for several cells distally</Statement>
          </Lead>
          <Lead id="k1l5">
            <Parent ref="k1l4"/>
            <Statement>Stem leaves deltoid-triangular with a somewhat cordate base, abruptly narrowed near the leaf middle into a long acumen; alar cells forming a large group in the cordate base</Statement>
            <TaxonName ref="i11"/>
          </Lead>
          <Lead id="k1l6">
            <Parent ref="k1l4"/>
            <Statement>Stem leaves lanceolate and falcate, gradually narrowed from near the base to the long acuminate apex; alar cells forming a small group to 5 cells long at margin</Statement>
            <TaxonName ref="i12"/>
          </Lead>
          <Lead id="k1l8">
            <Parent ref="k1l7"/>
            <Statement>Stem cross-section with an obvious hyaloderm; leaves falcate-secund from the base; plant never with a reddish pigmentation, autoicous</Statement>
            <TaxonName ref="i13"/>
          </Lead>
          <Lead id="k1l9">
            <Parent ref="k1l7"/>
            <Statement>Hyalodermis absent; leaves straight in proximal 1/2, becoming falcate distally; plant mostly with a reddish pigmentation, dioicous</Statement>
            <TaxonName ref="i7"/>
          </Lead>
          <Lead id="k1l11">
            <Parent ref="k1l10"/>
            <Statement>Alar cells inflated and extending nearly or completely across the leaf base; plant aquatic or in seepages</Statement>
          </Lead>
          <Lead id="k1l22">
            <Parent ref="k1l10"/>
            <Statement>Alar cells not in such a large group; habitat various</Statement>
          </Lead>
          <Lead id="k1l12">
            <Parent ref="k1l11"/>
            <Statement>Plant typically brownish-green to purple or reddish; leaves with nematogons on each side of the costa, these nematogons appearing as empty cells strongly differentiated from the highly pigmented adjacent cells; plant mostly in running water of small streams</Statement>
            <TaxonName ref="i14"/>
          </Lead>
          <Lead id="k1l13">
            <Parent ref="k1l11"/>
            <Statement>Plant typically green to glaucous-green although sometimes darker due to a covering of sediments, never reddish or purple; plant without nematogons on the leaves; mostly in seepages and slow-flowing to stagnant waters</Statement>
          </Lead>
          <Lead id="k1l14">
            <Parent ref="k1l13"/>
            <Statement>Leaf margin serrate to serrulate; leaves broadly ovate, about 2:1; lanceolate to filamentous paraphyllia normally sparse but present on well-developed stems; plants of calcareous seepages</Statement>
            <TaxonName ref="i1"/>
          </Lead>
          <Lead id="k1l15">
            <Parent ref="k1l13"/>
            <Statement>Leaf margin absolutely entire, even at apex; leaves ovate-lanceolate, more than 3:1; paraphyllia absent; plant of slow-flowing or stagnant waters</Statement>
          </Lead>
          <Lead id="k1l16">
            <Parent ref="k1l15"/>
            <Statement>Costa percurrent to excurrent</Statement>
            <TaxonName ref="i3"/>
          </Lead>
          <Lead id="k1l17">
            <Parent ref="k1l15"/>
            <Statement>Costa ending somewhat before the apex</Statement>
          </Lead>
          <Lead id="k1l18">
            <Parent ref="k1l17"/>
            <Statement>Plant with quadrate or very short rectangular cells in 1-4 rows immediately above the alar region</Statement>
            <TaxonName ref="i5"/>
          </Lead>
          <Lead id="k1l19">
            <Parent ref="k1l17"/>
            <Statement>Alar region not set off by rows of short cells</Statement>
          </Lead>
          <Lead id="k1l20">
            <Parent ref="k1l19"/>
            <Statement>Leaves typically falcate-secund with acumen not well-demarcated from the rest of the leaf</Statement>
            <TaxonName ref="i2"/>
          </Lead>
          <Lead id="k1l21">
            <Parent ref="k1l19"/>
            <Statement>Leaves straight with acumen well-demarcated</Statement>
            <TaxonName ref="i0"/>
          </Lead>
          <Lead id="k1l23">
            <Parent ref="k1l22"/>
            <Statement>Terminal cell of leaf 1.5-3:1; alar cells only gradually differentiated from adjacent laminal cells</Statement>
          </Lead>
          <Lead id="k1l26">
            <Parent ref="k1l22"/>
            <Statement>Terminal cell of leaf longer and not much differentiated; alar cells somewhat different from adjacent laminal cells</Statement>
          </Lead>
          <Lead id="k1l24">
            <Parent ref="k1l23"/>
            <Statement>Plant mostly growing submerged in water or on frequently submerged objects; leaves obliquely attached to stem; median leaf cells mostly more than 10:1</Statement>
            <TaxonName ref="i9"/>
          </Lead>
          <Lead id="k1l25">
            <Parent ref="k1l23"/>
            <Statement>Plants growing on mesic or very wet habitats, seldom submerged; line of leaf insertion at a right angle to the long axis of the stem; median leaf cells seldom more than 8:1</Statement>
            <TaxonName ref="i8"/>
          </Lead>
          <Lead id="k1l27">
            <Parent ref="k1l26"/>
            <Statement>Alar cells thin-walled and inflated; leaf margins serrulate, often minutely so; nematogons present as clear cells near costa in distal portion of leaf</Statement>
            <TaxonName ref="i15"/>
          </Lead>
          <Lead id="k1l28">
            <Parent ref="k1l26"/>
            <Statement>Alar cells not in an a well-demarcated area of inflation; leaf margins entire, incurved in distal portions of leaf; leaf without nematogons</Statement>
          </Lead>
          <Lead id="k1l29">
            <Parent ref="k1l28"/>
            <Statement>Outer cells of stem cross-section somewhat enlarged relative to adjacent, more interior cells; proximal 1/2-2/3 of leaf elliptic and symmetrical with only the distal portion of leaf curved in a falcate manner; plant reddened throughout</Statement>
            <TaxonName ref="i10"/>
          </Lead>
          <Lead id="k1l30">
            <Parent ref="k1l28"/>
            <Statement>Outer several rows of cells in stem cross-section markedly smaller than more interior cells; leaves falcate throughout or straight; plant green to brown</Statement>
          </Lead>
          <Lead id="k1l31">
            <Parent ref="k1l30"/>
            <Statement>Alar cells only gradually differentiated; costa of stem leaves mostly occupying more than 1/4 of leaf base, bulging on both surfaces of the leaf</Statement>
            <TaxonName ref="i4"/>
          </Lead>
          <Lead id="k1l32">
            <Parent ref="k1l30"/>
            <Statement>Alar cells thick-walled and incrassate; well-demarcated from other basal cells; costa more narrow, bulging abaxially if at all</Statement>
            <TaxonName ref="i6"/>
          </Lead>
        </Leads>
      </IdentificationKey>
    </IdentificationKeys>
  </Dataset>
</Datasets>
