<?xml version="1.0" encoding="UTF-8"?>
<Datasets xmlns="http://rs.tdwg.org/UBIF/2006/" xmlns:xsi="http://www.w3.org/2001/XMLSchema-instance" xsi:schemaLocation="http://rs.tdwg.org/UBIF/2006/ http://rs.tdwg.org/UBIF/2006/Schema/1.1/SDD.xsd">
  <TechnicalMetadata created="2014-12-08T01:23:22">
    <Generator name="KeyBase SDD export" version="0"/>
  </TechnicalMetadata>
  <Dataset xml:lang="en-au">
    <Representation>
      <Label xml:lang="en">Drosera</Label>
    </Representation>
    <TaxonNames>
      <TaxonName id="i0">
        <Representation>
          <Label>Drosera arcturi</Label>
        </Representation>
      </TaxonName>
      <TaxonName id="i1">
        <Representation>
          <Label>Drosera binata</Label>
        </Representation>
      </TaxonName>
      <TaxonName id="i2">
        <Representation>
          <Label>Drosera glanduligera</Label>
        </Representation>
      </TaxonName>
      <TaxonName id="i3">
        <Representation>
          <Label>Drosera indica</Label>
        </Representation>
      </TaxonName>
      <TaxonName id="i4">
        <Representation>
          <Label>Drosera macrantha</Label>
        </Representation>
      </TaxonName>
      <TaxonName id="i5">
        <Representation>
          <Label>Drosera peltata</Label>
        </Representation>
      </TaxonName>
      <TaxonName id="i6">
        <Representation>
          <Label>Drosera pygmaea</Label>
        </Representation>
      </TaxonName>
      <TaxonName id="i7">
        <Representation>
          <Label>Drosera spatulata</Label>
        </Representation>
      </TaxonName>
      <TaxonName id="i8">
        <Representation>
          <Label>Drosera whittakeri</Label>
        </Representation>
      </TaxonName>
    </TaxonNames>
    <IdentificationKeys>
      <IdentificationKey id="k1">
        <Representation>
          <Label xml:lang="en">Drosera</Label>
        </Representation>
        <Leads>
          <Lead id="k1l1">
            <Statement>Stem present; leaves cauline (sometimes also radical)</Statement>
          </Lead>
          <Lead id="k1l6">
            <Statement>Stem reduced, hence leaves in a basal rosette</Statement>
          </Lead>
          <Lead id="k1l2">
            <Parent ref="k1l1"/>
            <Statement>Leaves hemispherical, more or less peltate</Statement>
          </Lead>
          <Lead id="k1l5">
            <Parent ref="k1l1"/>
            <Statement>Leaves linear, not peltate</Statement>
            <TaxonName ref="i3"/>
          </Lead>
          <Lead id="k1l3">
            <Parent ref="k1l2"/>
            <Statement>Stem scrambling or climbing, weak; leaves regular, circular in outline, peltate</Statement>
            <TaxonName ref="i4"/>
          </Lead>
          <Lead id="k1l4">
            <Parent ref="k1l2"/>
            <Statement>Stem more or less erect, self-supporting; leaves irregular, more or less lunate, subpeltate</Statement>
            <TaxonName ref="i5"/>
          </Lead>
          <Lead id="k1l7">
            <Parent ref="k1l6"/>
            <Statement>Leaf-lamina entire, not linear</Statement>
          </Lead>
          <Lead id="k1l18">
            <Parent ref="k1l6"/>
            <Statement>Leaf-lamina once or twice divided into narrow-linear lobes</Statement>
            <TaxonName ref="i1"/>
          </Lead>
          <Lead id="k1l8">
            <Parent ref="k1l7"/>
            <Statement>Stipules present</Statement>
          </Lead>
          <Lead id="k1l13">
            <Parent ref="k1l7"/>
            <Statement>Stipules absent or fused to base of lamina and so appearing absent</Statement>
          </Lead>
          <Lead id="k1l9">
            <Parent ref="k1l8"/>
            <Statement>Stipules variously divided</Statement>
          </Lead>
          <Lead id="k1l12">
            <Parent ref="k1l8"/>
            <Statement>Stipules more or less entire, fused to base of petiole, 1–2 (–2.5) mm long</Statement>
            <TaxonName ref="i2"/>
          </Lead>
          <Lead id="k1l10">
            <Parent ref="k1l9"/>
            <Statement>Stipules 3-partite distally, 3–5 mm long; sepals, petals and stamens each 4</Statement>
            <TaxonName ref="i6"/>
          </Lead>
          <Lead id="k1l11">
            <Parent ref="k1l9"/>
            <Statement>Stipules laciniate, 5–7 mm long; sepals, petals and stamens each 5</Statement>
            <TaxonName ref="i7"/>
          </Lead>
          <Lead id="k1l14">
            <Parent ref="k1l13"/>
            <Statement>Leaves not sheathing at base; lamina spathulate to obovate, gradually tapering into an indistinct petiole</Statement>
          </Lead>
          <Lead id="k1l17">
            <Parent ref="k1l13"/>
            <Statement>Leaves sheathing at base; lamina linear to narrowly oblong; petiole slightly narrower than lamina</Statement>
            <TaxonName ref="i0"/>
          </Lead>
          <Lead id="k1l15">
            <Parent ref="k1l14"/>
            <Statement>Petals orange or red, 4–5 mm long; tuber absent</Statement>
            <TaxonName ref="i2"/>
          </Lead>
          <Lead id="k1l16">
            <Parent ref="k1l14"/>
            <Statement>Petals white or pink, 8–12 mm long; tuber present</Statement>
            <TaxonName ref="i8"/>
          </Lead>
        </Leads>
      </IdentificationKey>
    </IdentificationKeys>
  </Dataset>
</Datasets>
