<?xml version="1.0" encoding="UTF-8"?>
<Datasets xmlns="http://rs.tdwg.org/UBIF/2006/" xmlns:xsi="http://www.w3.org/2001/XMLSchema-instance" xsi:schemaLocation="http://rs.tdwg.org/UBIF/2006/ http://rs.tdwg.org/UBIF/2006/Schema/1.1/SDD.xsd">
  <TechnicalMetadata created="2014-12-08T01:23:22">
    <Generator name="KeyBase SDD export" version="0"/>
  </TechnicalMetadata>
  <Dataset xml:lang="en-au">
    <Representation>
      <Label xml:lang="en">Drosera peltata</Label>
    </Representation>
    <TaxonNames>
      <TaxonName id="i0">
        <Representation>
          <Label>Drosera peltata subsp. auriculata</Label>
        </Representation>
      </TaxonName>
      <TaxonName id="i1">
        <Representation>
          <Label>Drosera peltata subsp. peltata</Label>
        </Representation>
      </TaxonName>
    </TaxonNames>
    <IdentificationKeys>
      <IdentificationKey id="k1">
        <Representation>
          <Label xml:lang="en">Drosera peltata</Label>
        </Representation>
        <Leads>
          <Lead id="k1l1">
            <Statement>Seeds narrowly cylindric to oblong-cylindric, (0.5–) 1 mm long; basal leaves usually absent; basal unbranched part of style 0.3–0.5 mm long; sepals (3–) 4–6 mm long, glabrous; petals (5–) 7–8 mm long</Statement>
            <TaxonName ref="i0"/>
          </Lead>
          <Lead id="k1l2">
            <Statement>Seeds more or less narrowly ellipsoid, occasionally oblong-cylindric, 0.3–0.5 mm long; basal leaves usually present; basal unbranched part of style 0.1–0.2 (–0.3) mm long; sepals 2–4 mm long, hairy or glabrous; petals 5–6 mm long</Statement>
            <TaxonName ref="i1"/>
          </Lead>
        </Leads>
      </IdentificationKey>
    </IdentificationKeys>
  </Dataset>
</Datasets>
