<?xml version="1.0" encoding="UTF-8"?>
<Datasets xmlns="http://rs.tdwg.org/UBIF/2006/" xmlns:xsi="http://www.w3.org/2001/XMLSchema-instance" xsi:schemaLocation="http://rs.tdwg.org/UBIF/2006/ http://rs.tdwg.org/UBIF/2006/Schema/1.1/SDD.xsd">
  <TechnicalMetadata created="2014-12-08T01:23:32">
    <Generator name="KeyBase SDD export" version="0"/>
  </TechnicalMetadata>
  <Dataset xml:lang="en-au">
    <Representation>
      <Label xml:lang="en">Echium</Label>
    </Representation>
    <TaxonNames>
      <TaxonName id="i0">
        <Representation>
          <Label>Echium italicum</Label>
        </Representation>
      </TaxonName>
      <TaxonName id="i1">
        <Representation>
          <Label>Echium pininana</Label>
        </Representation>
      </TaxonName>
      <TaxonName id="i2">
        <Representation>
          <Label>Echium plantagineum</Label>
        </Representation>
      </TaxonName>
      <TaxonName id="i3">
        <Representation>
          <Label>Echium vulgare</Label>
        </Representation>
      </TaxonName>
    </TaxonNames>
    <IdentificationKeys>
      <IdentificationKey id="k1">
        <Representation>
          <Label xml:lang="en">Echium</Label>
        </Representation>
        <Leads>
          <Lead id="k1l1">
            <Statement>Annual, biennial or perennial herb; stems 1-many from base of plant, herbaceous, erect; leaves in a basal rosette, with smaller cauline leaves above; inflorescence rarely more than 1.2 m high</Statement>
          </Lead>
          <Lead id="k1l6">
            <Statement>Shrub; stem erect, unbranched, woody; leaves crowded towards apex of stem; inflo- rescence produced once only, to c. 3.5 m high</Statement>
            <TaxonName ref="i1"/>
          </Lead>
          <Lead id="k1l2">
            <Parent ref="k1l1"/>
            <Statement>Corolla usually blue (rarely pink or white), zygomorphic; at least 1 stamen included in corolla-tube; hairs on younger parts of inflorescences white</Statement>
          </Lead>
          <Lead id="k1l5">
            <Parent ref="k1l1"/>
            <Statement>Corolla yellow, c. regular; all 5 stamens much-exserted from corolla-tube; hairs on younger parts of inflorescences yellowish</Statement>
            <TaxonName ref="i0"/>
          </Lead>
          <Lead id="k1l3">
            <Parent ref="k1l2"/>
            <Statement>Cauline leaves with cordate to auriculate bases; corolla 20–30 mm long, purplish-blue (rarely pink or white); 2 stamens exserted, the others included; plant annual</Statement>
            <TaxonName ref="i2"/>
          </Lead>
          <Lead id="k1l4">
            <Parent ref="k1l2"/>
            <Statement>Cauline leaves with cuneate bases; corolla 12–15 mm long, blue; 4 stamens much exserted, the fifth included; plant biennial</Statement>
            <TaxonName ref="i3"/>
          </Lead>
        </Leads>
      </IdentificationKey>
    </IdentificationKeys>
  </Dataset>
</Datasets>
