<?xml version="1.0" encoding="UTF-8"?>
<Datasets xmlns="http://rs.tdwg.org/UBIF/2006/" xmlns:xsi="http://www.w3.org/2001/XMLSchema-instance" xsi:schemaLocation="http://rs.tdwg.org/UBIF/2006/ http://rs.tdwg.org/UBIF/2006/Schema/1.1/SDD.xsd">
  <TechnicalMetadata created="2014-12-08T01:23:17">
    <Generator name="KeyBase SDD export" version="0"/>
  </TechnicalMetadata>
  <Dataset xml:lang="en-au">
    <Representation>
      <Label xml:lang="en">Echinochloa</Label>
    </Representation>
    <TaxonNames>
      <TaxonName id="i0">
        <Representation>
          <Label>Echinochloa colona</Label>
        </Representation>
      </TaxonName>
      <TaxonName id="i1">
        <Representation>
          <Label>Echinochloa crus-galli</Label>
        </Representation>
      </TaxonName>
      <TaxonName id="i2">
        <Representation>
          <Label>Echinochloa esculenta</Label>
        </Representation>
      </TaxonName>
      <TaxonName id="i3">
        <Representation>
          <Label>Echinochloa frumentacea</Label>
        </Representation>
      </TaxonName>
      <TaxonName id="i4">
        <Representation>
          <Label>Echinochloa muricata</Label>
        </Representation>
      </TaxonName>
    </TaxonNames>
    <IdentificationKeys>
      <IdentificationKey id="k1">
        <Representation>
          <Label xml:lang="en">Echinochloa</Label>
        </Representation>
        <Leads>
          <Lead id="k1l1">
            <Statement>Spikelets loose to crowded, but not distinctly ranked, hardly gaping at maturity; leaf-blades usually under 12 mm wide</Statement>
          </Lead>
          <Lead id="k1l6">
            <Statement>Spikelets crowded, distinctly ranked in 4–6 rows along dense, compact panicle branches, very turgid and gaping at maturity; leaf-blades wider than 1 cm (often 2 cm or more)</Statement>
          </Lead>
          <Lead id="k1l2">
            <Parent ref="k1l1"/>
            <Statement>Primary branches of inflorescence with bristles subtending all or most of the spikelets; spikelets longer than 3 mm; leaf-blades not regularly red-banded</Statement>
          </Lead>
          <Lead id="k1l5">
            <Parent ref="k1l1"/>
            <Statement>Primary branches of inflorescence lacking bristles, or sometimes a few present toward base, not subtending spikelets; spikelets less than 3 mm long; leaf-blades typically red-banded</Statement>
            <TaxonName ref="i0"/>
          </Lead>
          <Lead id="k1l3">
            <Parent ref="k1l2"/>
            <Statement>Panicle usually fully exserted from upper leaf-sheath at maturity; fertile lemma tapered abruptly to a short (less than 0.5 mm), membranous, often recurved or distorted apical poin</Statement>
            <TaxonName ref="i1"/>
          </Lead>
          <Lead id="k1l4">
            <Parent ref="k1l2"/>
            <Statement>Base of panicle usually remaining enclosed by upper leaf-sheath; fertile lemma tapered evenly to a firm (but not hardened) apical point</Statement>
            <TaxonName ref="i4"/>
          </Lead>
          <Lead id="k1l7">
            <Parent ref="k1l6"/>
            <Statement>Spikelets 3.2–4.5 mm long; fertile lemma and palea pale to mid-brown at maturity</Statement>
            <TaxonName ref="i2"/>
          </Lead>
          <Lead id="k1l8">
            <Parent ref="k1l6"/>
            <Statement>Spikelets 2.5–3.1 mm long; fertile lemma and palea white to pale yellow or greenish, not brown at maturity</Statement>
            <TaxonName ref="i3"/>
          </Lead>
        </Leads>
      </IdentificationKey>
    </IdentificationKeys>
  </Dataset>
</Datasets>
