<?xml version="1.0" encoding="UTF-8"?>
<Datasets xmlns="http://rs.tdwg.org/UBIF/2006/" xmlns:xsi="http://www.w3.org/2001/XMLSchema-instance" xsi:schemaLocation="http://rs.tdwg.org/UBIF/2006/ http://rs.tdwg.org/UBIF/2006/Schema/1.1/SDD.xsd">
  <TechnicalMetadata created="2014-12-08T01:23:14">
    <Generator name="KeyBase SDD export" version="0"/>
  </TechnicalMetadata>
  <Dataset xml:lang="en-au">
    <Representation>
      <Label xml:lang="en">Eleocharis</Label>
    </Representation>
    <TaxonNames>
      <TaxonName id="i0">
        <Representation>
          <Label>Eleocharis acuta</Label>
        </Representation>
      </TaxonName>
      <TaxonName id="i1">
        <Representation>
          <Label>Eleocharis atricha</Label>
        </Representation>
      </TaxonName>
      <TaxonName id="i2">
        <Representation>
          <Label>Eleocharis gracilis</Label>
        </Representation>
      </TaxonName>
      <TaxonName id="i3">
        <Representation>
          <Label>Eleocharis macbarronii</Label>
        </Representation>
      </TaxonName>
      <TaxonName id="i4">
        <Representation>
          <Label>Eleocharis minuta</Label>
        </Representation>
      </TaxonName>
      <TaxonName id="i5">
        <Representation>
          <Label>Eleocharis pallens</Label>
        </Representation>
      </TaxonName>
      <TaxonName id="i6">
        <Representation>
          <Label>Eleocharis plana</Label>
        </Representation>
      </TaxonName>
      <TaxonName id="i7">
        <Representation>
          <Label>Eleocharis pusilla</Label>
        </Representation>
      </TaxonName>
      <TaxonName id="i8">
        <Representation>
          <Label>Eleocharis sphacelata</Label>
        </Representation>
      </TaxonName>
    </TaxonNames>
    <IdentificationKeys>
      <IdentificationKey id="k1">
        <Representation>
          <Label xml:lang="en">Eleocharis</Label>
        </Representation>
        <Leads>
          <Lead id="k1l1">
            <Statement>Glumes less than 5 mm long, membranous with distinct midrib, often distinctly keeled, sides nerveless; spikelet distinctly wider than culm unless the latter is flat</Statement>
          </Lead>
          <Lead id="k1l16">
            <Statement>Glumes 7–11 mm long, coriaceous, finely many-nerved with distinct midrib, not at all or only obscurely keeled; spikelet not much wider than culm</Statement>
            <TaxonName ref="i8"/>
          </Lead>
          <Lead id="k1l2">
            <Parent ref="k1l1"/>
            <Statement>Style 3-fid, or rarely 2-fid in E. pattens and E. acuta and then the mouth of the uppermost leaf-sheath transverse and prominently mucronate</Statement>
          </Lead>
          <Lead id="k1l15">
            <Parent ref="k1l1"/>
            <Statement>Style 2-fid; mouth of leaf-sheath never mucronate</Statement>
            <TaxonName ref="i4"/>
          </Lead>
          <Lead id="k1l3">
            <Parent ref="k1l2"/>
            <Statement>External surface of the nut longitudinally ridged, the intervening cells transversely linear or oblong; nut obscurely trigonous or terete; leaf-sheaths membranous, with mouth oblique (often loose or difficult to observe), not dilated or thickened</Statement>
          </Lead>
          <Lead id="k1l8">
            <Parent ref="k1l2"/>
            <Statement>Surface of nut finely reticulate, wrinkled, pitted or smooth, the cells very small and often very faint, mostly shortly vertically oblong in very numerous series; nut trigonous or lenticular; uppermost leaf-sheath thickened and differentiated at the oblique or transverse mouth</Statement>
          </Lead>
          <Lead id="k1l4">
            <Parent ref="k1l3"/>
            <Statement>Nut narrow-obovoid to obovoid, with 3–5 prominent ridges on each face; culm surface smooth on and between ribs</Statement>
          </Lead>
          <Lead id="k1l7">
            <Parent ref="k1l3"/>
            <Statement>Nut obpyriform, with c. 8 prominent ridges on each face; culm surface with circular to elliptic cell outlines in longitudinal columns (obvious at X 20 magnification</Statement>
            <TaxonName ref="i3"/>
          </Lead>
          <Lead id="k1l5">
            <Parent ref="k1l4"/>
            <Statement>Spikelet narrow-ovoid to linear, 10–20 mm long, rarely producing fruit; glumes 3–5 mm long; plants often proliferating and producing tubers; glumes red-brow</Statement>
            <TaxonName ref="i1"/>
          </Lead>
          <Lead id="k1l6">
            <Parent ref="k1l4"/>
            <Statement>Spikelet ovoid, 2–7 mm long, usually setting fruit; glumes 2.0–2.5 mm long; plants neither proliferating nor with tubers; glumes dark red-brown to blackish</Statement>
            <TaxonName ref="i7"/>
          </Lead>
          <Lead id="k1l9">
            <Parent ref="k1l8"/>
            <Statement>Nut biconvex or plano-convex, with the dorsal angle not ribbed if present; mouth of leaf-sheath truncate and mucronate</Statement>
          </Lead>
          <Lead id="k1l14">
            <Parent ref="k1l8"/>
            <Statement>Nut more or less equally trigonous with ribbed dorsal angle; mouth of leaf-sheath oblique, usually not mucronate</Statement>
            <TaxonName ref="i2"/>
          </Lead>
          <Lead id="k1l10">
            <Parent ref="k1l9"/>
            <Statement>Rhizome creeping; nut not strongly ribbed on the angles; anthers with apical appendage c. 0.2 mm long; glumes tardily deciduous; culms faintly striate or obscurely wrinkled, otherwise smooth</Statement>
          </Lead>
          <Lead id="k1l13">
            <Parent ref="k1l9"/>
            <Statement>Rhizome very short; culms densely tufted; nut with ± prominently ribbed angles; anther appendage not exceeding 0.15 mm in length; glumes readily deciduous; culms strongly longitudinally ridged (obvious at least when dried) with surface minutely reticulate and glistening between ridges</Statement>
            <TaxonName ref="i5"/>
          </Lead>
          <Lead id="k1l11">
            <Parent ref="k1l10"/>
            <Statement>Culms terete or nearly so, ± trigonous immediately below the spikelet (may be flattened when dried, and then mucro at mouth of leaf-sheath may be in any position relative to ?margins? of ?flattened? culm); spikelet often much wider than culm</Statement>
            <TaxonName ref="i0"/>
          </Lead>
          <Lead id="k1l12">
            <Parent ref="k1l10"/>
            <Statement>Culms strongly flattened when fresh, even at apex; mucro at mouth of leaf-sheaths always at middle of one flat face of culm; spikelet slightly wider than culm</Statement>
            <TaxonName ref="i6"/>
          </Lead>
        </Leads>
      </IdentificationKey>
    </IdentificationKeys>
  </Dataset>
</Datasets>
