<?xml version="1.0" encoding="UTF-8"?>
<Datasets xmlns="http://rs.tdwg.org/UBIF/2006/" xmlns:xsi="http://www.w3.org/2001/XMLSchema-instance" xsi:schemaLocation="http://rs.tdwg.org/UBIF/2006/ http://rs.tdwg.org/UBIF/2006/Schema/1.1/SDD.xsd">
  <TechnicalMetadata created="2014-12-08T01:23:47">
    <Generator name="KeyBase SDD export" version="0"/>
  </TechnicalMetadata>
  <Dataset xml:lang="en-au">
    <Representation>
      <Label xml:lang="en">Encalypta</Label>
    </Representation>
    <TaxonNames>
      <TaxonName id="i0">
        <Representation>
          <Label>Encalypta affinis</Label>
        </Representation>
      </TaxonName>
      <TaxonName id="i1">
        <Representation>
          <Label>Encalypta brevicollis</Label>
        </Representation>
      </TaxonName>
      <TaxonName id="i2">
        <Representation>
          <Label>Encalypta brevipes</Label>
        </Representation>
      </TaxonName>
      <TaxonName id="i3">
        <Representation>
          <Label>Encalypta ciliata</Label>
        </Representation>
      </TaxonName>
      <TaxonName id="i4">
        <Representation>
          <Label>Encalypta intermedia</Label>
        </Representation>
      </TaxonName>
      <TaxonName id="i5">
        <Representation>
          <Label>Encalypta procera</Label>
        </Representation>
      </TaxonName>
      <TaxonName id="i6">
        <Representation>
          <Label>Encalypta rhaptocarpa</Label>
        </Representation>
      </TaxonName>
      <TaxonName id="i7">
        <Representation>
          <Label>Encalypta vulgaris</Label>
        </Representation>
      </TaxonName>
    </TaxonNames>
    <IdentificationKeys>
      <IdentificationKey id="k1">
        <Representation>
          <Label xml:lang="en">Encalypta</Label>
        </Representation>
        <Leads>
          <Lead id="k1l1">
            <Statement>Leaf axils densely beset with a dense cushion of rhizoids, usually gemmiparous; basal leaf cells thin-walled but with large trigones, especially near the boundary with the heavily papillose median laminal cells; uniseriate, filamentous and papillose rhizoidiform gemmae in leaf axils</Statement>
            <TaxonName ref="i5"/>
          </Lead>
          <Lead id="k1l2">
            <Statement>Leaf axils without rhizoid cushions; basal leaf cells not so abruptly demarcated from median laminal cells; gemmae not present</Statement>
          </Lead>
          <Lead id="k1l3">
            <Parent ref="k1l2"/>
            <Statement>Transverse walls of the enlarged basal cells thickened and concolorous; abaxial surface of basal cells papillose with that papillosity extending across the leaf or confined to a few rows of cells on the leaf margin</Statement>
            <TaxonName ref="i0"/>
          </Lead>
          <Lead id="k1l4">
            <Parent ref="k1l2"/>
            <Statement>Basal cells not at all papillose or with the papillae of the median cells somewhat transgressing onto the adjacent basal cells</Statement>
          </Lead>
          <Lead id="k1l5">
            <Parent ref="k1l4"/>
            <Statement>Transverse walls of basal cells thickened and reddened with the line between the cells of the base and those of the limb rather abrupt and almost perpendicular to long axis of leaf</Statement>
            <TaxonName ref="i6"/>
          </Lead>
          <Lead id="k1l6">
            <Parent ref="k1l4"/>
            <Statement>Transverse walls of basal cells yellow to orange with the line between the basal and limb cells an upside-down "U"</Statement>
          </Lead>
          <Lead id="k1l7">
            <Parent ref="k1l6"/>
            <Statement>Leaf margins recurved at least in middle with that recurvature on both sides of leaf; calyptra fringed with the individual straps set off from the main body by a line of quadrate cells</Statement>
            <TaxonName ref="i3"/>
          </Lead>
          <Lead id="k1l8">
            <Parent ref="k1l6"/>
            <Statement>Leaf margins plane or recurved near base on only one side; calyptra not fringed or with fringes not so defined at base</Statement>
          </Lead>
          <Lead id="k1l9">
            <Parent ref="k1l8"/>
            <Statement>Leaves with a strongly developed hair point mostly more than 1.5 mm long; leaf apices mostly cucullate; calyptra fringed; rare plants not yet found in California</Statement>
          </Lead>
          <Lead id="k1l12">
            <Parent ref="k1l8"/>
            <Statement>Leaves muticous or with the hair point usually absent from the lower leaves; calyptra not fringed; abundant plants in California</Statement>
          </Lead>
          <Lead id="k1l10">
            <Parent ref="k1l9"/>
            <Statement>Capsules smooth and cylindrical even when dry; calyptra with beak constituting about 1/3 of its total length</Statement>
            <TaxonName ref="i1"/>
          </Lead>
          <Lead id="k1l11">
            <Parent ref="k1l9"/>
            <Statement>Capsules ribbed at least near mouth, often wrinkled throughout; calyptra with beak ill-defined and constituting less than 1/4 of its length</Statement>
            <TaxonName ref="i2"/>
          </Lead>
          <Lead id="k1l13">
            <Parent ref="k1l12"/>
            <Statement>Rhizoids pale and repeatedly branched, not monopodial, forming a dense cushion in leaf axils, mostly 10-12 Âµm in diameter; enlarged basal cells mostly 2-3:1, to 12 Âµm broad; seta short with capsule barely exserted above the perichaetial leaves</Statement>
            <TaxonName ref="i4"/>
          </Lead>
          <Lead id="k1l14">
            <Parent ref="k1l12"/>
            <Statement>Rhizoids red-brown, to 35 Âµm in diameter, monopodially branched with branches of much smaller diameter, not densely clustered in leaf axils; enlarged basal cells mostly 3-6:1, to 18 Âµm broad; seta longer with capsule above even the tips of the perichaetial leaves</Statement>
            <TaxonName ref="i7"/>
          </Lead>
        </Leads>
      </IdentificationKey>
    </IdentificationKeys>
  </Dataset>
</Datasets>
