<?xml version="1.0" encoding="UTF-8"?>
<Datasets xmlns="http://rs.tdwg.org/UBIF/2006/" xmlns:xsi="http://www.w3.org/2001/XMLSchema-instance" xsi:schemaLocation="http://rs.tdwg.org/UBIF/2006/ http://rs.tdwg.org/UBIF/2006/Schema/1.1/SDD.xsd">
  <TechnicalMetadata created="2014-12-08T01:23:16">
    <Generator name="KeyBase SDD export" version="0"/>
  </TechnicalMetadata>
  <Dataset xml:lang="en-au">
    <Representation>
      <Label xml:lang="en">Enneapogon</Label>
    </Representation>
    <TaxonNames>
      <TaxonName id="i0">
        <Representation>
          <Label>Enneapogon avenaceus</Label>
        </Representation>
      </TaxonName>
      <TaxonName id="i1">
        <Representation>
          <Label>Enneapogon gracilis</Label>
        </Representation>
      </TaxonName>
      <TaxonName id="i2">
        <Representation>
          <Label>Enneapogon nigricans</Label>
        </Representation>
      </TaxonName>
    </TaxonNames>
    <IdentificationKeys>
      <IdentificationKey id="k1">
        <Representation>
          <Label xml:lang="en">Enneapogon</Label>
        </Representation>
        <Leads>
          <Lead id="k1l1">
            <Statement>Body of lower lemma hairy at least in lower part, callus hairs not reaching to base of awns; glumes 5–9-nerved across middle</Statement>
          </Lead>
          <Lead id="k1l4">
            <Statement>Body of lower lemma glabrous but callus hairs long, exceeding base of awns; glumes 11–21-nerved (across middle); grass of sandy sites in north-west only</Statement>
            <TaxonName ref="i0"/>
          </Lead>
          <Lead id="k1l2">
            <Parent ref="k1l1"/>
            <Statement>Nodes of culms glabrous; body of lemma thickened at maturity, concealing the nerves on the dorsal surface, lemma margins virtually glabrous; awns about as long as body of lemma, the outer ones entered by 2 nerves, or occasionally awns 11 in number; confined to upper Snowy River area in the east</Statement>
            <TaxonName ref="i1"/>
          </Lead>
          <Lead id="k1l3">
            <Parent ref="k1l1"/>
            <Statement>Nodes of culms densely bearded; body of mature lemma membranous to papery, conspicuously nerved, margins ciliate in upper half; awns always 9 in number, about twice as long as body of lemma, the outer pair single-nerved; scattered through drier areas</Statement>
            <TaxonName ref="i2"/>
          </Lead>
        </Leads>
      </IdentificationKey>
    </IdentificationKeys>
  </Dataset>
</Datasets>
