<?xml version="1.0" encoding="UTF-8"?>
<Datasets xmlns="http://rs.tdwg.org/UBIF/2006/" xmlns:xsi="http://www.w3.org/2001/XMLSchema-instance" xsi:schemaLocation="http://rs.tdwg.org/UBIF/2006/ http://rs.tdwg.org/UBIF/2006/Schema/1.1/SDD.xsd">
  <TechnicalMetadata created="2014-12-08T01:23:47">
    <Generator name="KeyBase SDD export" version="0"/>
  </TechnicalMetadata>
  <Dataset xml:lang="en-au">
    <Representation>
      <Label xml:lang="en">Entosthodon</Label>
    </Representation>
    <TaxonNames>
      <TaxonName id="i0">
        <Representation>
          <Label>Entosthodon attenuatus</Label>
        </Representation>
      </TaxonName>
      <TaxonName id="i1">
        <Representation>
          <Label>Entosthodon bolanderi</Label>
        </Representation>
      </TaxonName>
      <TaxonName id="i2">
        <Representation>
          <Label>Entosthodon californicus</Label>
        </Representation>
      </TaxonName>
      <TaxonName id="i3">
        <Representation>
          <Label>Entosthodon drummondii</Label>
        </Representation>
      </TaxonName>
      <TaxonName id="i4">
        <Representation>
          <Label>Entosthodon fascicularis</Label>
        </Representation>
      </TaxonName>
      <TaxonName id="i5">
        <Representation>
          <Label>Entosthodon kochii</Label>
        </Representation>
      </TaxonName>
      <TaxonName id="i6">
        <Representation>
          <Label>Entosthodon planoconvexus</Label>
        </Representation>
      </TaxonName>
      <TaxonName id="i7">
        <Representation>
          <Label>Entosthodon rubrisetus</Label>
        </Representation>
      </TaxonName>
      <TaxonName id="i8">
        <Representation>
          <Label>Entosthodon tucsoni</Label>
        </Representation>
      </TaxonName>
    </TaxonNames>
    <IdentificationKeys>
      <IdentificationKey id="k1">
        <Representation>
          <Label xml:lang="en">Entosthodon</Label>
        </Representation>
        <Leads>
          <Lead id="k1l1">
            <Statement>Leaves broadly acute to obtuse</Statement>
          </Lead>
          <Lead id="k1l4">
            <Statement>Leaves mucronate to acuminate</Statement>
          </Lead>
          <Lead id="k1l2">
            <Parent ref="k1l1"/>
            <Statement>Peristome double; leaves ovate to elliptic ovate; suboral exothecial cells long and narrow, to 6 times as wide as long in up to 8 rows</Statement>
            <TaxonName ref="i2"/>
          </Lead>
          <Lead id="k1l3">
            <Parent ref="k1l1"/>
            <Statement>Exostome present and well-developed, to 250 Âµm long, endostome absent; leaves ligulate; suboral exothecial cells short rectangular, to 3 times as wide as long in only a few rows</Statement>
            <TaxonName ref="i5"/>
          </Lead>
          <Lead id="k1l5">
            <Parent ref="k1l4"/>
            <Statement>Costa broad and long, ending at least in the base of the acumen; capsules pyriform, less than 2:1</Statement>
            <TaxonName ref="i3"/>
          </Lead>
          <Lead id="k1l6">
            <Parent ref="k1l4"/>
            <Statement>Costa not so extended</Statement>
          </Lead>
          <Lead id="k1l7">
            <Parent ref="k1l6"/>
            <Statement>Costa ending at 1/2-3/4 of leaf; leaf apex slenderly and abruptly acuminate</Statement>
          </Lead>
          <Lead id="k1l10">
            <Parent ref="k1l6"/>
            <Statement>Costa stronger; leaf apex various</Statement>
          </Lead>
          <Lead id="k1l8">
            <Parent ref="k1l7"/>
            <Statement>Exostome long and well-developed with teeth of newly deoperculate capsule meeting at their tips in the open capsule mouth; capsules pyriform, more than twice as long as wide; spores 28-30 Âµm in diameter; endostome present</Statement>
            <TaxonName ref="i1"/>
          </Lead>
          <Lead id="k1l9">
            <Parent ref="k1l7"/>
            <Statement>Exostome abortive, consisting of only a few cell fragments; capsules short pyriform to oblong, less than twice as long as wide; spores 35-40 Âµm in diameter; endostome absent</Statement>
            <TaxonName ref="i8"/>
          </Lead>
          <Lead id="k1l11">
            <Parent ref="k1l10"/>
            <Statement>Leaves nearly entire or finely crenulate, bordered by several rows of narrower cells</Statement>
            <TaxonName ref="i0"/>
          </Lead>
          <Lead id="k1l12">
            <Parent ref="k1l10"/>
            <Statement>Leaves with at least some serrulations near the apex, elimbate</Statement>
          </Lead>
          <Lead id="k1l13">
            <Parent ref="k1l12"/>
            <Statement>Capsules somewhat inclined and asymmetric; terminal cells in leaf acumen markedly elongated with only one or 2 tiers of cells in that acumen; suboral cells of exothecium not or hardly differentiated</Statement>
            <TaxonName ref="i7"/>
          </Lead>
          <Lead id="k1l14">
            <Parent ref="k1l12"/>
            <Statement>Capsules strictly erect and symmetric; terminal cells of acumen not so elongate; suboral cells differentiated in 2-4 rows, transversely elongated</Statement>
          </Lead>
          <Lead id="k1l15">
            <Parent ref="k1l14"/>
            <Statement>Operculum flat, without an apiculus; spores mostly about 20 Âµm in diameter</Statement>
            <TaxonName ref="i6"/>
          </Lead>
          <Lead id="k1l16">
            <Parent ref="k1l14"/>
            <Statement>Operculum with a small apiculus; spores 25-30 Âµm in largest diameter</Statement>
            <TaxonName ref="i4"/>
          </Lead>
        </Leads>
      </IdentificationKey>
    </IdentificationKeys>
  </Dataset>
</Datasets>
