<?xml version="1.0" encoding="UTF-8"?>
<Datasets xmlns="http://rs.tdwg.org/UBIF/2006/" xmlns:xsi="http://www.w3.org/2001/XMLSchema-instance" xsi:schemaLocation="http://rs.tdwg.org/UBIF/2006/ http://rs.tdwg.org/UBIF/2006/Schema/1.1/SDD.xsd">
  <TechnicalMetadata created="2014-12-08T01:23:28">
    <Generator name="KeyBase SDD export" version="0"/>
  </TechnicalMetadata>
  <Dataset xml:lang="en-au">
    <Representation>
      <Label xml:lang="en">Epilobium</Label>
    </Representation>
    <TaxonNames>
      <TaxonName id="i0">
        <Representation>
          <Label>Epilobium billardierianum</Label>
        </Representation>
      </TaxonName>
      <TaxonName id="i1">
        <Representation>
          <Label>Epilobium brunnescens</Label>
        </Representation>
      </TaxonName>
      <TaxonName id="i2">
        <Representation>
          <Label>Epilobium ciliatum</Label>
        </Representation>
      </TaxonName>
      <TaxonName id="i3">
        <Representation>
          <Label>Epilobium curtisiae</Label>
        </Representation>
      </TaxonName>
      <TaxonName id="i4">
        <Representation>
          <Label>Epilobium gunnianum</Label>
        </Representation>
      </TaxonName>
      <TaxonName id="i5">
        <Representation>
          <Label>Epilobium hirtigerum</Label>
        </Representation>
      </TaxonName>
      <TaxonName id="i6">
        <Representation>
          <Label>Epilobium pallidiflorum</Label>
        </Representation>
      </TaxonName>
      <TaxonName id="i7">
        <Representation>
          <Label>Epilobium sarmentaceum</Label>
        </Representation>
      </TaxonName>
      <TaxonName id="i8">
        <Representation>
          <Label>Epilobium tasmanicum</Label>
        </Representation>
      </TaxonName>
      <TaxonName id="i9">
        <Representation>
          <Label>Epilobium willisii</Label>
        </Representation>
      </TaxonName>
    </TaxonNames>
    <IdentificationKeys>
      <IdentificationKey id="k1">
        <Representation>
          <Label xml:lang="en">Epilobium</Label>
        </Representation>
        <Leads>
          <Lead id="k1l1">
            <Statement>Plants more or less erect; lowlands to alps</Statement>
          </Lead>
          <Lead id="k1l12">
            <Statement>Plants creeping or prostrate; alpine or subalpine</Statement>
          </Lead>
          <Lead id="k1l2">
            <Parent ref="k1l1"/>
            <Statement>Seeds without a pale cellular rim</Statement>
          </Lead>
          <Lead id="k1l11">
            <Parent ref="k1l1"/>
            <Statement>Seeds with a pale cellular rim surrounding ventral face; mainly damp situations at high altitudes</Statement>
            <TaxonName ref="i4"/>
          </Lead>
          <Lead id="k1l3">
            <Parent ref="k1l2"/>
            <Statement>Stems and leaves lacking long, spreading non-glandular hairs; leaves mostly opposite, at least on lower parts of stems</Statement>
          </Lead>
          <Lead id="k1l10">
            <Parent ref="k1l2"/>
            <Statement>Plant usually greyish from a dense covering of conspicuous long, spreading non-glandular hairs; leaves mostly alternate</Statement>
            <TaxonName ref="i5"/>
          </Lead>
          <Lead id="k1l4">
            <Parent ref="k1l3"/>
            <Statement>Dead leaves not normally retained on base of stems; inner surface of hypanthium with a ring of hairs; fruiting pedicel usually less than 3 cm long</Statement>
          </Lead>
          <Lead id="k1l9">
            <Parent ref="k1l3"/>
            <Statement>Dead leaves often retained on base of stems; inner surface of hypanthium glabrous; fruiting pedicel 1.5–5 cm long; mainly dry, rocky slopes at high altitudes</Statement>
            <TaxonName ref="i7"/>
          </Lead>
          <Lead id="k1l5">
            <Parent ref="k1l4"/>
            <Statement>Petals 3–14 mm long; papillae on seeds not arranged in obvious longitudinal lines</Statement>
          </Lead>
          <Lead id="k1l8">
            <Parent ref="k1l4"/>
            <Statement>Petals to 5.5 mm long; papillae on seeds arranged in obvious longitudinal lines</Statement>
            <TaxonName ref="i2"/>
          </Lead>
          <Lead id="k1l6">
            <Parent ref="k1l5"/>
            <Statement>Inflorescences erect; flowers usually less than 2 cm across</Statement>
            <TaxonName ref="i0"/>
          </Lead>
          <Lead id="k1l7">
            <Parent ref="k1l5"/>
            <Statement>Inflorescences nodding; flowers large and showy, 2 cm or more across</Statement>
            <TaxonName ref="i6"/>
          </Lead>
          <Lead id="k1l13">
            <Parent ref="k1l12"/>
            <Statement>Seeds with a pale cellular rim</Statement>
          </Lead>
          <Lead id="k1l16">
            <Parent ref="k1l12"/>
            <Statement>Seeds without a pale cellular rim</Statement>
          </Lead>
          <Lead id="k1l14">
            <Parent ref="k1l13"/>
            <Statement>Tips of stems often somewhat ascending; coma absent from seeds</Statement>
            <TaxonName ref="i3"/>
          </Lead>
          <Lead id="k1l15">
            <Parent ref="k1l13"/>
            <Statement>Plant completely prostrate; coma present on seeds</Statement>
            <TaxonName ref="i9"/>
          </Lead>
          <Lead id="k1l17">
            <Parent ref="k1l16"/>
            <Statement>Plant completely prostrate; leaves opposite throughout, margins entire or with few weakly developed teeth</Statement>
            <TaxonName ref="i1"/>
          </Lead>
          <Lead id="k1l18">
            <Parent ref="k1l16"/>
            <Statement>Tips of stems often somewhat ascending; leaves opposite on lower stems, alternate near inflorescences, margins with sparse, shallow teeth</Statement>
            <TaxonName ref="i8"/>
          </Lead>
        </Leads>
      </IdentificationKey>
    </IdentificationKeys>
  </Dataset>
</Datasets>
