<?xml version="1.0" encoding="UTF-8"?>
<Datasets xmlns="http://rs.tdwg.org/UBIF/2006/" xmlns:xsi="http://www.w3.org/2001/XMLSchema-instance" xsi:schemaLocation="http://rs.tdwg.org/UBIF/2006/ http://rs.tdwg.org/UBIF/2006/Schema/1.1/SDD.xsd">
  <TechnicalMetadata created="2014-12-08T01:23:34">
    <Generator name="KeyBase SDD export" version="0"/>
  </TechnicalMetadata>
  <Dataset xml:lang="en-au">
    <Representation>
      <Label xml:lang="en">Eremophila glabra</Label>
    </Representation>
    <TaxonNames>
      <TaxonName id="i0">
        <Representation>
          <Label>Eremophila glabra subsp. 1</Label>
        </Representation>
      </TaxonName>
      <TaxonName id="i1">
        <Representation>
          <Label>Eremophila glabra subsp. 2</Label>
        </Representation>
      </TaxonName>
    </TaxonNames>
    <IdentificationKeys>
      <IdentificationKey id="k1">
        <Representation>
          <Label xml:lang="en">Eremophila glabra</Label>
        </Representation>
        <Leads>
          <Lead id="k1l1">
            <Statement>Stems with raised glabrous lines decurrent from petiole bases; leaves lanceolate to oblanceolate, usually more than 4 mm wide, entire; shrub more or less erect, usually more than 0.5 m high</Statement>
            <TaxonName ref="i0"/>
          </Lead>
          <Lead id="k1l2">
            <Statement>Stems lacking raised glabrous lines decurrent from petiole bases; leaves linear to linear-lanceolate, usually 1–4 mm wide, often toothed near apex; shrub low, sprawling, usually less than 0.5 m high, occasionally to 1 m</Statement>
            <TaxonName ref="i1"/>
          </Lead>
        </Leads>
      </IdentificationKey>
    </IdentificationKeys>
  </Dataset>
</Datasets>
