<?xml version="1.0" encoding="UTF-8"?>
<Datasets xmlns="http://rs.tdwg.org/UBIF/2006/" xmlns:xsi="http://www.w3.org/2001/XMLSchema-instance" xsi:schemaLocation="http://rs.tdwg.org/UBIF/2006/ http://rs.tdwg.org/UBIF/2006/Schema/1.1/SDD.xsd">
  <TechnicalMetadata created="2014-12-08T01:23:34">
    <Generator name="KeyBase SDD export" version="0"/>
  </TechnicalMetadata>
  <Dataset xml:lang="en-au">
    <Representation>
      <Label xml:lang="en">Eremophila</Label>
    </Representation>
    <TaxonNames>
      <TaxonName id="i0">
        <Representation>
          <Label>Eremophila bignoniiflora</Label>
        </Representation>
      </TaxonName>
      <TaxonName id="i1">
        <Representation>
          <Label>Eremophila crassifolia</Label>
        </Representation>
      </TaxonName>
      <TaxonName id="i2">
        <Representation>
          <Label>Eremophila deserti</Label>
        </Representation>
      </TaxonName>
      <TaxonName id="i3">
        <Representation>
          <Label>Eremophila divaricata</Label>
        </Representation>
      </TaxonName>
      <TaxonName id="i4">
        <Representation>
          <Label>Eremophila gibbifolia</Label>
        </Representation>
      </TaxonName>
      <TaxonName id="i5">
        <Representation>
          <Label>Eremophila glabra</Label>
        </Representation>
      </TaxonName>
      <TaxonName id="i6">
        <Representation>
          <Label>Eremophila longifolia</Label>
        </Representation>
      </TaxonName>
      <TaxonName id="i7">
        <Representation>
          <Label>Eremophila maculata</Label>
        </Representation>
      </TaxonName>
      <TaxonName id="i8">
        <Representation>
          <Label>Eremophila oppositifolia</Label>
        </Representation>
      </TaxonName>
      <TaxonName id="i9">
        <Representation>
          <Label>Eremophila polyclada</Label>
        </Representation>
      </TaxonName>
      <TaxonName id="i10">
        <Representation>
          <Label>Eremophila scoparia</Label>
        </Representation>
      </TaxonName>
      <TaxonName id="i11">
        <Representation>
          <Label>Eremophila sturtii</Label>
        </Representation>
      </TaxonName>
    </TaxonNames>
    <IdentificationKeys>
      <IdentificationKey id="k1">
        <Representation>
          <Label xml:lang="en">Eremophila</Label>
        </Representation>
        <Leads>
          <Lead id="k1l1">
            <Statement>Corolla zygomorphic; stamens 4</Statement>
          </Lead>
          <Lead id="k1l22">
            <Statement>Corolla virtually actinomorphic; stamens 5</Statement>
            <TaxonName ref="i2"/>
          </Lead>
          <Lead id="k1l2">
            <Parent ref="k1l1"/>
            <Statement>Corolla with upper lip 4-lobed, deeply separated from lower 1-lobed lip</Statement>
          </Lead>
          <Lead id="k1l5">
            <Parent ref="k1l1"/>
            <Statement>Corolla with upper lip 2-lobed, lower lip 3-lobed or lobes more or less equal</Statement>
          </Lead>
          <Lead id="k1l3">
            <Parent ref="k1l2"/>
            <Statement>Pedicels shorter than calyx, straight, stellate-hairy; sepals lanceolate; corolla not spotted</Statement>
            <TaxonName ref="i5"/>
          </Lead>
          <Lead id="k1l4">
            <Parent ref="k1l2"/>
            <Statement>Pedicels much longer than calyx, sigmoidal, glabrous; sepals ovate; corolla usually spotted inside</Statement>
            <TaxonName ref="i7"/>
          </Lead>
          <Lead id="k1l6">
            <Parent ref="k1l5"/>
            <Statement>Leaves more than 15 mm long (mostly more than 20 mm long); corolla variously coloured</Statement>
          </Lead>
          <Lead id="k1l15">
            <Parent ref="k1l5"/>
            <Statement>Leaves less than 15 mm long (mostly less than 10 mm long); corolla blue or lilac</Statement>
          </Lead>
          <Lead id="k1l7">
            <Parent ref="k1l6"/>
            <Statement>Calyx-lobes imbricate at base, ovate, acute, 3–4 mm wide</Statement>
          </Lead>
          <Lead id="k1l10">
            <Parent ref="k1l6"/>
            <Statement>Calyx-lobes never imbricate at base, either less than 3 mm wide or obtuse</Statement>
          </Lead>
          <Lead id="k1l8">
            <Parent ref="k1l7"/>
            <Statement>Leaves more than 5 cm long, mostly more than 4 mm wide; corolla creamy-white; stamens shortly exserted; fruit ovoid, 15–20 mm long; shrub or small tree, never divaricate</Statement>
            <TaxonName ref="i0"/>
          </Lead>
          <Lead id="k1l9">
            <Parent ref="k1l7"/>
            <Statement>Leaves less than 5 cm long and 3 mm wide; corolla pinkish; stamens included; fruit narrow-obloid, c. 10 mm long; divaricate shrub</Statement>
            <TaxonName ref="i9"/>
          </Lead>
          <Lead id="k1l11">
            <Parent ref="k1l10"/>
            <Statement>Leaves 1–3 mm wide, apex hooked; sepals oblanceolate, obtuse, more than 5 mm long; corolla white, pinkish or lilac; drupe dry, hoary-pubescent</Statement>
          </Lead>
          <Lead id="k1l14">
            <Parent ref="k1l10"/>
            <Statement>Leaves more than 3 mm wide, apex straight; sepals lanceolate, acute, mostly c. 4 mm long; corolla dull red; drupe succulent, glabrous</Statement>
            <TaxonName ref="i6"/>
          </Lead>
          <Lead id="k1l12">
            <Parent ref="k1l11"/>
            <Statement>Leaves often opposite, 3–9 cm long, hoary; calyx hoary; corolla 20 mm long or more, glabrous outside, white or suffused with pink</Statement>
            <TaxonName ref="i8"/>
          </Lead>
          <Lead id="k1l13">
            <Parent ref="k1l11"/>
            <Statement>Leaves always alternate, less than 3 cm long, glabrous, viscid; calyx glabrous, vis- cid; corolla less than 15 mm long, pubescent outside, pale lilac</Statement>
            <TaxonName ref="i11"/>
          </Lead>
          <Lead id="k1l16">
            <Parent ref="k1l15"/>
            <Statement>Plant glabrous, never silvery in appearance; leaves with apex blunt or straight, bases not decurrent; calyx lobes imbricate at base</Statement>
          </Lead>
          <Lead id="k1l21">
            <Parent ref="k1l15"/>
            <Statement>Plant silvery in appearance from an indumentum of minute appressed scales; leaves with apex hooked, bases long-decurrent; calyx lobes never imbricate at base</Statement>
            <TaxonName ref="i10"/>
          </Lead>
          <Lead id="k1l17">
            <Parent ref="k1l16"/>
            <Statement>Leaves ovate to oblong, less than 8 mm long; branchlets never spine-tipped; calyx 5-lobed; corolla less than 12 mm long, glabrous externally; drupe not longer than calyx</Statement>
          </Lead>
          <Lead id="k1l20">
            <Parent ref="k1l16"/>
            <Statement>Leaves linear-lanceolate to -oblanceolate, mostly 5–15 mm long; branchlets sometimes spine-tipped; calyx usually 4-lobed; corolla usually 12–20 mm long, stellate-pubescent externally; drupe longer than calyx</Statement>
            <TaxonName ref="i3"/>
          </Lead>
          <Lead id="k1l18">
            <Parent ref="k1l17"/>
            <Statement>Leaves ovate, obovate or orbicular, 4–8 mm long, decurved, flat or concave above, wrinkled below; drupe ovoid, succulent</Statement>
            <TaxonName ref="i1"/>
          </Lead>
          <Lead id="k1l19">
            <Parent ref="k1l17"/>
            <Statement>Leaves oblong to cordiform, 2–5 mm long, erect and appressed, plano-convex, tuberculate below; drupe thin, flattened, almost dry</Statement>
            <TaxonName ref="i4"/>
          </Lead>
        </Leads>
      </IdentificationKey>
    </IdentificationKeys>
  </Dataset>
</Datasets>
