<?xml version="1.0" encoding="UTF-8"?>
<Datasets xmlns="http://rs.tdwg.org/UBIF/2006/" xmlns:xsi="http://www.w3.org/2001/XMLSchema-instance" xsi:schemaLocation="http://rs.tdwg.org/UBIF/2006/ http://rs.tdwg.org/UBIF/2006/Schema/1.1/SDD.xsd">
  <TechnicalMetadata created="2014-12-08T01:23:24">
    <Generator name="KeyBase SDD export" version="0"/>
  </TechnicalMetadata>
  <Dataset xml:lang="en-au">
    <Representation>
      <Label xml:lang="en">Ericaceae</Label>
    </Representation>
    <TaxonNames>
      <TaxonName id="i0">
        <Representation>
          <Label>Arbutus</Label>
        </Representation>
      </TaxonName>
      <TaxonName id="i1">
        <Representation>
          <Label>Erica</Label>
        </Representation>
      </TaxonName>
      <TaxonName id="i2">
        <Representation>
          <Label>Gaultheria</Label>
        </Representation>
      </TaxonName>
    </TaxonNames>
    <IdentificationKeys>
      <IdentificationKey id="k1">
        <Representation>
          <Label xml:lang="en">Ericaceae</Label>
        </Representation>
        <Leads>
          <Lead id="k1l1">
            <Statement>Leaves obovate to ovate or lanceolate, 2 cm long or more; margins plane (but usually serrate); sepals and petals each 5; corolla deciduous</Statement>
          </Lead>
          <Lead id="k1l4">
            <Statement>Leaves narrow-linear, to 1 cm long; margins closely revolute; sepals and petals each 4; corolla persisent</Statement>
            <TaxonName ref="i1"/>
          </Lead>
          <Lead id="k1l2">
            <Parent ref="k1l1"/>
            <Statement>Fruit a globular berry, c. 2 cm diam., rough and orange-red at maturity; stems with gland-tipped hairs; tall shrub or small tree escaped from cultivation</Statement>
            <TaxonName ref="i0"/>
          </Lead>
          <Lead id="k1l3">
            <Parent ref="k1l1"/>
            <Statement>Fruit a capsule, enclosed at maturity by the white or pinkish, enlarged and thickened calyx; stems with acicular bristles; weak montane shrub to c. 1.6 m high</Statement>
            <TaxonName ref="i2"/>
          </Lead>
        </Leads>
      </IdentificationKey>
    </IdentificationKeys>
  </Dataset>
</Datasets>
