<?xml version="1.0" encoding="UTF-8"?>
<Datasets xmlns="http://rs.tdwg.org/UBIF/2006/" xmlns:xsi="http://www.w3.org/2001/XMLSchema-instance" xsi:schemaLocation="http://rs.tdwg.org/UBIF/2006/ http://rs.tdwg.org/UBIF/2006/Schema/1.1/SDD.xsd">
  <TechnicalMetadata created="2014-12-08T01:23:37">
    <Generator name="KeyBase SDD export" version="0"/>
  </TechnicalMetadata>
  <Dataset xml:lang="en-au">
    <Representation>
      <Label xml:lang="en">Erigeron</Label>
    </Representation>
    <TaxonNames>
      <TaxonName id="i0">
        <Representation>
          <Label>Erigeron bellidioides</Label>
        </Representation>
      </TaxonName>
      <TaxonName id="i1">
        <Representation>
          <Label>Erigeron conyzoides</Label>
        </Representation>
      </TaxonName>
      <TaxonName id="i2">
        <Representation>
          <Label>Erigeron karvinskianus</Label>
        </Representation>
      </TaxonName>
      <TaxonName id="i3">
        <Representation>
          <Label>Erigeron nitidus</Label>
        </Representation>
      </TaxonName>
      <TaxonName id="i4">
        <Representation>
          <Label>Erigeron paludicola</Label>
        </Representation>
      </TaxonName>
      <TaxonName id="i5">
        <Representation>
          <Label>Erigeron tasmanicus</Label>
        </Representation>
      </TaxonName>
    </TaxonNames>
    <IdentificationKeys>
      <IdentificationKey id="k1">
        <Representation>
          <Label xml:lang="en">Erigeron</Label>
        </Representation>
        <Leads>
          <Lead id="k1l1">
            <Statement>Plants unbranched above (but sometimes with branching rhizomes), with leaves rosetted or crowded at base and capitula solitary, on erect peduncles, or plant stiffly erect, with capitula in narrowly corymbose inflorescence; native species of subalps or alps</Statement>
          </Lead>
          <Lead id="k1l10">
            <Statement>Plants sprawling, usually freely branched with numerous capitula; at least some leaves usually deeply toothed or lobed; cypselas c. 1 mm long, with pappus c. 2 mm long; garden-escaped plant of disturbed sites</Statement>
            <TaxonName ref="i2"/>
          </Lead>
          <Lead id="k1l2">
            <Parent ref="k1l1"/>
            <Statement>Leaves all or mostly basal, either strictly rosetted or crowded at base; capitula solitary on simple peduncles to c. 30 cm high</Statement>
          </Lead>
          <Lead id="k1l9">
            <Parent ref="k1l1"/>
            <Statement>Plants erect, 40 cm high or more, leaves alternate along the erect stem; capitula in a narrowly branched corymb</Statement>
            <TaxonName ref="i1"/>
          </Lead>
          <Lead id="k1l3">
            <Parent ref="k1l2"/>
            <Statement>Plants with short, thickish rhizomes, solitary or colony-forming; leaves in a basal rosette, distinctly differentiated from bracts of peduncles</Statement>
          </Lead>
          <Lead id="k1l8">
            <Parent ref="k1l2"/>
            <Statement>Plants with spreading, slender, often branched rhizomes; leaves crowded but rarely truly rosetted at base, passing gradually into bracts of peduncles; plants of moist mossbeds, heathlands and swampy sites</Statement>
            <TaxonName ref="i4"/>
          </Lead>
          <Lead id="k1l4">
            <Parent ref="k1l3"/>
            <Statement>Leaves non-viscid, glabrous or with eglandular hairs</Statement>
          </Lead>
          <Lead id="k1l7">
            <Parent ref="k1l3"/>
            <Statement>Leaves viscid (often shining) from more or less sessile glandular hairs</Statement>
            <TaxonName ref="i3"/>
          </Lead>
          <Lead id="k1l5">
            <Parent ref="k1l4"/>
            <Statement>Leaves and peduncles pubescent; leaves commonly wider than 1 cm; widespread in alps</Statement>
            <TaxonName ref="i0"/>
          </Lead>
          <Lead id="k1l6">
            <Parent ref="k1l4"/>
            <Statement>Leaves and peduncles glabrous; leaves to 1 cm wide; Baw Baw Plateau</Statement>
            <TaxonName ref="i5"/>
          </Lead>
        </Leads>
      </IdentificationKey>
    </IdentificationKeys>
  </Dataset>
</Datasets>
