<?xml version="1.0" encoding="UTF-8"?>
<Datasets xmlns="http://rs.tdwg.org/UBIF/2006/" xmlns:xsi="http://www.w3.org/2001/XMLSchema-instance" xsi:schemaLocation="http://rs.tdwg.org/UBIF/2006/ http://rs.tdwg.org/UBIF/2006/Schema/1.1/SDD.xsd">
  <TechnicalMetadata created="2014-12-08T01:23:42">
    <Generator name="KeyBase SDD export" version="0"/>
  </TechnicalMetadata>
  <Dataset xml:lang="en-au">
    <Representation>
      <Label xml:lang="en">Eriochilus</Label>
    </Representation>
    <TaxonNames>
      <TaxonName id="i0">
        <Representation>
          <Label>Eriochilus cucullatus</Label>
        </Representation>
      </TaxonName>
      <TaxonName id="i1">
        <Representation>
          <Label>Eriochilus magenteus</Label>
        </Representation>
      </TaxonName>
    </TaxonNames>
    <IdentificationKeys>
      <IdentificationKey id="k1">
        <Representation>
          <Label xml:lang="en">Eriochilus</Label>
        </Representation>
        <Leads>
          <Lead id="k1l1">
            <Statement>Flowers mostly bright pink to magenta; leaf broadly ovate-cordate, upper surface bright green, shiny, glabrous; high montane and alpine areas</Statement>
            <TaxonName ref="i1"/>
          </Lead>
          <Lead id="k1l2">
            <Statement>Flowers mostly white; leaf ovate to narrowly ovate-cordate, upper surface dark green, dull, slightly rough to distinctly verrucose; widespread in lowland and montane areas</Statement>
            <TaxonName ref="i0"/>
          </Lead>
        </Leads>
      </IdentificationKey>
    </IdentificationKeys>
  </Dataset>
</Datasets>
