<?xml version="1.0" encoding="UTF-8"?>
<Datasets xmlns="http://rs.tdwg.org/UBIF/2006/" xmlns:xsi="http://www.w3.org/2001/XMLSchema-instance" xsi:schemaLocation="http://rs.tdwg.org/UBIF/2006/ http://rs.tdwg.org/UBIF/2006/Schema/1.1/SDD.xsd">
  <TechnicalMetadata created="2014-12-08T01:23:31">
    <Generator name="KeyBase SDD export" version="0"/>
  </TechnicalMetadata>
  <Dataset xml:lang="en-au">
    <Representation>
      <Label xml:lang="en">Eryngium</Label>
    </Representation>
    <TaxonNames>
      <TaxonName id="i0">
        <Representation>
          <Label>Eryngium ovinum</Label>
        </Representation>
      </TaxonName>
      <TaxonName id="i1">
        <Representation>
          <Label>Eryngium paludosum</Label>
        </Representation>
      </TaxonName>
      <TaxonName id="i2">
        <Representation>
          <Label>Eryngium vesiculosum</Label>
        </Representation>
      </TaxonName>
    </TaxonNames>
    <IdentificationKeys>
      <IdentificationKey id="k1">
        <Representation>
          <Label xml:lang="en">Eryngium</Label>
        </Representation>
        <Leads>
          <Lead id="k1l1">
            <Statement>Erect plants to 60 cm high with basal leaves up to 50 cm long; flowering stems and bracteoles often tinged with blue or purple; flowering heads 10–20 mm or more long, borne on erect or trailing stems</Statement>
          </Lead>
          <Lead id="k1l4">
            <Statement>Prostrate plants with basal leaves up to 35 cm long; flowering stems and bracteoles not tinged with blue or purple; flowering heads 5–7 mm long borne on peduncles arising directly from centre of rosette and from trailing stems</Statement>
            <TaxonName ref="i2"/>
          </Lead>
          <Lead id="k1l2">
            <Parent ref="k1l1"/>
            <Statement>Flowering heads more or less ovoid, mostly about 10 mm long but reaching 15 mm and about 10 mm wide; bracteoles between involucre and apex conspicuous, often exceeding flowers by 8–15 mm; basal leaves usually deeply divided and spiny</Statement>
            <TaxonName ref="i0"/>
          </Lead>
          <Lead id="k1l3">
            <Parent ref="k1l1"/>
            <Statement>Flowering heads cylindric, mostly about 15 mm long but sometimes reaching 20 mm or more, about twice as long as wide; bracteoles between involucre and apex inconspicuous, exceeding the flowers by no more than 3 mm, often much less; basal leaves entire, cylindric, septate, occasionally with a few teeth or spines of variable length in upper portion</Statement>
            <TaxonName ref="i1"/>
          </Lead>
        </Leads>
      </IdentificationKey>
    </IdentificationKeys>
  </Dataset>
</Datasets>
