<?xml version="1.0" encoding="UTF-8"?>
<Datasets xmlns="http://rs.tdwg.org/UBIF/2006/" xmlns:xsi="http://www.w3.org/2001/XMLSchema-instance" xsi:schemaLocation="http://rs.tdwg.org/UBIF/2006/ http://rs.tdwg.org/UBIF/2006/Schema/1.1/SDD.xsd">
  <TechnicalMetadata created="2014-12-08T01:23:28">
    <Generator name="KeyBase SDD export" version="0"/>
  </TechnicalMetadata>
  <Dataset xml:lang="en-au">
    <Representation>
      <Label xml:lang="en">Eucalyptus</Label>
    </Representation>
    <TaxonNames>
      <TaxonName id="i0">
        <Representation>
          <Label>Eucalyptus agglomerata</Label>
        </Representation>
      </TaxonName>
      <TaxonName id="i1">
        <Representation>
          <Label>Eucalyptus aggregata</Label>
        </Representation>
      </TaxonName>
      <TaxonName id="i2">
        <Representation>
          <Label>Eucalyptus albens</Label>
        </Representation>
      </TaxonName>
      <TaxonName id="i3">
        <Representation>
          <Label>Eucalyptus alligatrix subsp. alligatrix</Label>
        </Representation>
      </TaxonName>
      <TaxonName id="i4">
        <Representation>
          <Label>Eucalyptus alligatrix subsp. limaensis</Label>
        </Representation>
      </TaxonName>
      <TaxonName id="i5">
        <Representation>
          <Label>Eucalyptus angophoroides</Label>
        </Representation>
      </TaxonName>
      <TaxonName id="i6">
        <Representation>
          <Label>Eucalyptus arenacea</Label>
        </Representation>
      </TaxonName>
      <TaxonName id="i7">
        <Representation>
          <Label>Eucalyptus aromaphloia</Label>
        </Representation>
      </TaxonName>
      <TaxonName id="i8">
        <Representation>
          <Label>Eucalyptus baueriana</Label>
        </Representation>
      </TaxonName>
      <TaxonName id="i9">
        <Representation>
          <Label>Eucalyptus baxteri</Label>
        </Representation>
      </TaxonName>
      <TaxonName id="i10">
        <Representation>
          <Label>Eucalyptus behriana</Label>
        </Representation>
      </TaxonName>
      <TaxonName id="i11">
        <Representation>
          <Label>Eucalyptus blakelyi</Label>
        </Representation>
      </TaxonName>
      <TaxonName id="i12">
        <Representation>
          <Label>Eucalyptus bosistoana</Label>
        </Representation>
      </TaxonName>
      <TaxonName id="i13">
        <Representation>
          <Label>Eucalyptus botryoides</Label>
        </Representation>
      </TaxonName>
      <TaxonName id="i14">
        <Representation>
          <Label>Eucalyptus bridgesiana</Label>
        </Representation>
      </TaxonName>
      <TaxonName id="i15">
        <Representation>
          <Label>Eucalyptus brookeriana</Label>
        </Representation>
      </TaxonName>
      <TaxonName id="i16">
        <Representation>
          <Label>Eucalyptus cadens</Label>
        </Representation>
      </TaxonName>
      <TaxonName id="i17">
        <Representation>
          <Label>Eucalyptus calycogona</Label>
        </Representation>
      </TaxonName>
      <TaxonName id="i18">
        <Representation>
          <Label>Eucalyptus camaldulensis</Label>
        </Representation>
      </TaxonName>
      <TaxonName id="i19">
        <Representation>
          <Label>Eucalyptus camphora</Label>
        </Representation>
      </TaxonName>
      <TaxonName id="i20">
        <Representation>
          <Label>Eucalyptus cephalocarpa</Label>
        </Representation>
      </TaxonName>
      <TaxonName id="i21">
        <Representation>
          <Label>Eucalyptus chapmaniana</Label>
        </Representation>
      </TaxonName>
      <TaxonName id="i22">
        <Representation>
          <Label>Eucalyptus cinerea</Label>
        </Representation>
      </TaxonName>
      <TaxonName id="i23">
        <Representation>
          <Label>Eucalyptus cladocalyx</Label>
        </Representation>
      </TaxonName>
      <TaxonName id="i24">
        <Representation>
          <Label>Eucalyptus consideniana</Label>
        </Representation>
      </TaxonName>
      <TaxonName id="i25">
        <Representation>
          <Label>Eucalyptus conspicua</Label>
        </Representation>
      </TaxonName>
      <TaxonName id="i26">
        <Representation>
          <Label>Eucalyptus crenulata</Label>
        </Representation>
      </TaxonName>
      <TaxonName id="i27">
        <Representation>
          <Label>Eucalyptus croajingolensis</Label>
        </Representation>
      </TaxonName>
      <TaxonName id="i28">
        <Representation>
          <Label>Eucalyptus cyanophylla</Label>
        </Representation>
      </TaxonName>
      <TaxonName id="i29">
        <Representation>
          <Label>Eucalyptus cypellocarpa</Label>
        </Representation>
      </TaxonName>
      <TaxonName id="i30">
        <Representation>
          <Label>Eucalyptus dalrympleana</Label>
        </Representation>
      </TaxonName>
      <TaxonName id="i31">
        <Representation>
          <Label>Eucalyptus delegatensis</Label>
        </Representation>
      </TaxonName>
      <TaxonName id="i32">
        <Representation>
          <Label>Eucalyptus denticulata</Label>
        </Representation>
      </TaxonName>
      <TaxonName id="i33">
        <Representation>
          <Label>Eucalyptus diversifolia</Label>
        </Representation>
      </TaxonName>
      <TaxonName id="i34">
        <Representation>
          <Label>Eucalyptus dives</Label>
        </Representation>
      </TaxonName>
      <TaxonName id="i35">
        <Representation>
          <Label>Eucalyptus dumosa</Label>
        </Representation>
      </TaxonName>
      <TaxonName id="i36">
        <Representation>
          <Label>Eucalyptus elaeophloia</Label>
        </Representation>
      </TaxonName>
      <TaxonName id="i37">
        <Representation>
          <Label>Eucalyptus elata</Label>
        </Representation>
      </TaxonName>
      <TaxonName id="i38">
        <Representation>
          <Label>Eucalyptus fasciculosa</Label>
        </Representation>
      </TaxonName>
      <TaxonName id="i39">
        <Representation>
          <Label>Eucalyptus fastigata</Label>
        </Representation>
      </TaxonName>
      <TaxonName id="i40">
        <Representation>
          <Label>Eucalyptus fraxinoides</Label>
        </Representation>
      </TaxonName>
      <TaxonName id="i41">
        <Representation>
          <Label>Eucalyptus froggattii</Label>
        </Representation>
      </TaxonName>
      <TaxonName id="i42">
        <Representation>
          <Label>Eucalyptus fulgens</Label>
        </Representation>
      </TaxonName>
      <TaxonName id="i43">
        <Representation>
          <Label>Eucalyptus glaucescens</Label>
        </Representation>
      </TaxonName>
      <TaxonName id="i44">
        <Representation>
          <Label>Eucalyptus globoidea</Label>
        </Representation>
      </TaxonName>
      <TaxonName id="i45">
        <Representation>
          <Label>Eucalyptus globulus</Label>
        </Representation>
      </TaxonName>
      <TaxonName id="i46">
        <Representation>
          <Label>Eucalyptus globulus subsp. globulus</Label>
        </Representation>
      </TaxonName>
      <TaxonName id="i47">
        <Representation>
          <Label>Eucalyptus globulus subsp. maidenii</Label>
        </Representation>
      </TaxonName>
      <TaxonName id="i48">
        <Representation>
          <Label>Eucalyptus goniocalyx</Label>
        </Representation>
      </TaxonName>
      <TaxonName id="i49">
        <Representation>
          <Label>Eucalyptus gracilis</Label>
        </Representation>
      </TaxonName>
      <TaxonName id="i50">
        <Representation>
          <Label>Eucalyptus gummifera</Label>
        </Representation>
      </TaxonName>
      <TaxonName id="i51">
        <Representation>
          <Label>Eucalyptus ignorabilis</Label>
        </Representation>
      </TaxonName>
      <TaxonName id="i52">
        <Representation>
          <Label>Eucalyptus incrassata</Label>
        </Representation>
      </TaxonName>
      <TaxonName id="i53">
        <Representation>
          <Label>Eucalyptus kitsoniana</Label>
        </Representation>
      </TaxonName>
      <TaxonName id="i54">
        <Representation>
          <Label>Eucalyptus kybeanensis</Label>
        </Representation>
      </TaxonName>
      <TaxonName id="i55">
        <Representation>
          <Label>Eucalyptus largiflorens</Label>
        </Representation>
      </TaxonName>
      <TaxonName id="i56">
        <Representation>
          <Label>Eucalyptus leptophylla</Label>
        </Representation>
      </TaxonName>
      <TaxonName id="i57">
        <Representation>
          <Label>Eucalyptus leucoxylon</Label>
        </Representation>
      </TaxonName>
      <TaxonName id="i58">
        <Representation>
          <Label>Eucalyptus macarthurii</Label>
        </Representation>
      </TaxonName>
      <TaxonName id="i59">
        <Representation>
          <Label>Eucalyptus mackintii</Label>
        </Representation>
      </TaxonName>
      <TaxonName id="i60">
        <Representation>
          <Label>Eucalyptus macrorhyncha</Label>
        </Representation>
      </TaxonName>
      <TaxonName id="i61">
        <Representation>
          <Label>Eucalyptus maculata</Label>
        </Representation>
      </TaxonName>
      <TaxonName id="i62">
        <Representation>
          <Label>Eucalyptus mannifera</Label>
        </Representation>
      </TaxonName>
      <TaxonName id="i63">
        <Representation>
          <Label>Eucalyptus melliodora</Label>
        </Representation>
      </TaxonName>
      <TaxonName id="i64">
        <Representation>
          <Label>Eucalyptus microcarpa</Label>
        </Representation>
      </TaxonName>
      <TaxonName id="i65">
        <Representation>
          <Label>Eucalyptus mitchelliana</Label>
        </Representation>
      </TaxonName>
      <TaxonName id="i66">
        <Representation>
          <Label>Eucalyptus muelleriana</Label>
        </Representation>
      </TaxonName>
      <TaxonName id="i67">
        <Representation>
          <Label>Eucalyptus neglecta</Label>
        </Representation>
      </TaxonName>
      <TaxonName id="i68">
        <Representation>
          <Label>Eucalyptus nitens</Label>
        </Representation>
      </TaxonName>
      <TaxonName id="i69">
        <Representation>
          <Label>Eucalyptus nortonii</Label>
        </Representation>
      </TaxonName>
      <TaxonName id="i70">
        <Representation>
          <Label>Eucalyptus obliqua</Label>
        </Representation>
      </TaxonName>
      <TaxonName id="i71">
        <Representation>
          <Label>Eucalyptus oleosa</Label>
        </Representation>
      </TaxonName>
      <TaxonName id="i72">
        <Representation>
          <Label>Eucalyptus ovata</Label>
        </Representation>
      </TaxonName>
      <TaxonName id="i73">
        <Representation>
          <Label>Eucalyptus pauciflora</Label>
        </Representation>
      </TaxonName>
      <TaxonName id="i74">
        <Representation>
          <Label>Eucalyptus perriniana</Label>
        </Representation>
      </TaxonName>
      <TaxonName id="i75">
        <Representation>
          <Label>Eucalyptus phenax</Label>
        </Representation>
      </TaxonName>
      <TaxonName id="i76">
        <Representation>
          <Label>Eucalyptus polyanthemos</Label>
        </Representation>
      </TaxonName>
      <TaxonName id="i77">
        <Representation>
          <Label>Eucalyptus polybractea</Label>
        </Representation>
      </TaxonName>
      <TaxonName id="i78">
        <Representation>
          <Label>Eucalyptus porosa</Label>
        </Representation>
      </TaxonName>
      <TaxonName id="i79">
        <Representation>
          <Label>Eucalyptus radiata</Label>
        </Representation>
      </TaxonName>
      <TaxonName id="i80">
        <Representation>
          <Label>Eucalyptus regnans</Label>
        </Representation>
      </TaxonName>
      <TaxonName id="i81">
        <Representation>
          <Label>Eucalyptus rubida</Label>
        </Representation>
      </TaxonName>
      <TaxonName id="i82">
        <Representation>
          <Label>Eucalyptus saxatilis</Label>
        </Representation>
      </TaxonName>
      <TaxonName id="i83">
        <Representation>
          <Label>Eucalyptus serraensis</Label>
        </Representation>
      </TaxonName>
      <TaxonName id="i84">
        <Representation>
          <Label>Eucalyptus sideroxylon</Label>
        </Representation>
      </TaxonName>
      <TaxonName id="i85">
        <Representation>
          <Label>Eucalyptus sieberi</Label>
        </Representation>
      </TaxonName>
      <TaxonName id="i86">
        <Representation>
          <Label>Eucalyptus smithii</Label>
        </Representation>
      </TaxonName>
      <TaxonName id="i87">
        <Representation>
          <Label>Eucalyptus socialis</Label>
        </Representation>
      </TaxonName>
      <TaxonName id="i88">
        <Representation>
          <Label>Eucalyptus splendens</Label>
        </Representation>
      </TaxonName>
      <TaxonName id="i89">
        <Representation>
          <Label>Eucalyptus stellulata</Label>
        </Representation>
      </TaxonName>
      <TaxonName id="i90">
        <Representation>
          <Label>Eucalyptus strzeleckii</Label>
        </Representation>
      </TaxonName>
      <TaxonName id="i91">
        <Representation>
          <Label>Eucalyptus tereticornis</Label>
        </Representation>
      </TaxonName>
      <TaxonName id="i92">
        <Representation>
          <Label>Eucalyptus tricarpa</Label>
        </Representation>
      </TaxonName>
      <TaxonName id="i93">
        <Representation>
          <Label>Eucalyptus verrucata</Label>
        </Representation>
      </TaxonName>
      <TaxonName id="i94">
        <Representation>
          <Label>Eucalyptus viminalis subsp. cygnetensis</Label>
        </Representation>
      </TaxonName>
      <TaxonName id="i95">
        <Representation>
          <Label>Eucalyptus viminalis subsp. pryoriana</Label>
        </Representation>
      </TaxonName>
      <TaxonName id="i96">
        <Representation>
          <Label>Eucalyptus viminalis subsp. viminalis</Label>
        </Representation>
      </TaxonName>
      <TaxonName id="i97">
        <Representation>
          <Label>Eucalyptus viridis</Label>
        </Representation>
      </TaxonName>
      <TaxonName id="i98">
        <Representation>
          <Label>Eucalyptus willisii</Label>
        </Representation>
      </TaxonName>
      <TaxonName id="i99">
        <Representation>
          <Label>Eucalyptus yarraensis</Label>
        </Representation>
      </TaxonName>
    </TaxonNames>
    <IdentificationKeys>
      <IdentificationKey id="k1">
        <Representation>
          <Label xml:lang="en">Eucalyptus</Label>
        </Representation>
        <Leads>
          <Lead id="k1l1">
            <Statement>Inflorescences unbranched, in leaf-axils, or on naked sections of branchlets inside crown</Statement>
          </Lead>
          <Lead id="k1l192">
            <Statement>Inflorescences compound; terminal (panicles) or axillary</Statement>
          </Lead>
          <Lead id="k1l2">
            <Parent ref="k1l1"/>
            <Statement>Buds in 7s or more (sometimes fewer by abortion, but then scars usually apparent)</Statement>
          </Lead>
          <Lead id="k1l155">
            <Parent ref="k1l1"/>
            <Statement>Buds single and/or in 3s</Statement>
          </Lead>
          <Lead id="k1l3">
            <Parent ref="k1l2"/>
            <Statement>Operculum scar present on mature buds</Statement>
          </Lead>
          <Lead id="k1l92">
            <Parent ref="k1l2"/>
            <Statement>Operculum scar absent on mature buds</Statement>
          </Lead>
          <Lead id="k1l4">
            <Parent ref="k1l3"/>
            <Statement>Crown including conspicuous, glaucous, orbicular to broadly elliptic or ovate juvenile leaves throughout; buds to 15, glaucous</Statement>
          </Lead>
          <Lead id="k1l7">
            <Parent ref="k1l3"/>
            <Statement>Crown of narrowly to broadly lanceolate or falcate adult leaves, if ovate, green</Statement>
          </Lead>
          <Lead id="k1l5">
            <Parent ref="k1l4"/>
            <Statement>Crown comprising sessile, ovate, crenulate leaves, to 6 cm long, 5 cm wide; buds pedicellate; swampy sites near Buxton and Yarra Glen only</Statement>
            <TaxonName ref="i26"/>
          </Lead>
          <Lead id="k1l6">
            <Parent ref="k1l4"/>
            <Statement>Crown with mixed, broad, glaucous juvenile leaves and narrower adult leaves to 15 cm long, 3.5 cm wide; buds sessile</Statement>
            <TaxonName ref="i67"/>
          </Lead>
          <Lead id="k1l8">
            <Parent ref="k1l7"/>
            <Statement>Adult leaves strongly discolorous</Statement>
          </Lead>
          <Lead id="k1l11">
            <Parent ref="k1l7"/>
            <Statement>Adult leaves concolorous, if slightly discolorous, bark finely fibrous or tessellated</Statement>
          </Lead>
          <Lead id="k1l9">
            <Parent ref="k1l8"/>
            <Statement>Bark held in thick longitudinal slabs; buds in leaf-axils; lowland forest east from Bairnsdale</Statement>
            <TaxonName ref="i13"/>
          </Lead>
          <Lead id="k1l10">
            <Parent ref="k1l8"/>
            <Statement>Bark smooth, mottled; buds on naked sections of branchlets inside crown</Statement>
            <TaxonName ref="i23"/>
          </Lead>
          <Lead id="k1l12">
            <Parent ref="k1l11"/>
            <Statement>Tree</Statement>
          </Lead>
          <Lead id="k1l71">
            <Parent ref="k1l11"/>
            <Statement>Mallee</Statement>
          </Lead>
          <Lead id="k1l13">
            <Parent ref="k1l12"/>
            <Statement>Juvenile leaves opposite for more than 10 pairs, usually sessile, (if soon sub-opposite, leaves orbicular to ovate, crenulate)</Statement>
          </Lead>
          <Lead id="k1l42">
            <Parent ref="k1l12"/>
            <Statement>Juvenile leaves opposite for less than 10 pairs, soon becoming alternate, shortly petiolate or rarely subsessile</Statement>
          </Lead>
          <Lead id="k1l14">
            <Parent ref="k1l13"/>
            <Statement>Bark smooth</Statement>
          </Lead>
          <Lead id="k1l23">
            <Parent ref="k1l13"/>
            <Statement>Bark rough at least on part of trunk</Statement>
          </Lead>
          <Lead id="k1l15">
            <Parent ref="k1l14"/>
            <Statement>Inflorescences not prominently bracteate; tall trees of hills and ranges</Statement>
          </Lead>
          <Lead id="k1l22">
            <Parent ref="k1l14"/>
            <Statement>Inflorescences prominently bracteate; small tree of coastal areas</Statement>
            <TaxonName ref="i53"/>
          </Lead>
          <Lead id="k1l16">
            <Parent ref="k1l15"/>
            <Statement>Buds smooth, operculum conical</Statement>
          </Lead>
          <Lead id="k1l21">
            <Parent ref="k1l15"/>
            <Statement>Buds warty, operculum umbonate</Statement>
            <TaxonName ref="i47"/>
          </Lead>
          <Lead id="k1l17">
            <Parent ref="k1l16"/>
            <Statement>Adult leaves with smooth margin</Statement>
          </Lead>
          <Lead id="k1l20">
            <Parent ref="k1l16"/>
            <Statement>Adult leaves with toothed margin</Statement>
            <TaxonName ref="i32"/>
          </Lead>
          <Lead id="k1l18">
            <Parent ref="k1l17"/>
            <Statement>Fruit cylindric to truncate-ovoid, to 1 cm long, 0.9 cm wide; stamens irregularly flexed in bud</Statement>
            <TaxonName ref="i29"/>
          </Lead>
          <Lead id="k1l19">
            <Parent ref="k1l17"/>
            <Statement>Fruit cupular, to 0.7 cm long, 0.6 cm wide; stamens inflexed in bud</Statement>
            <TaxonName ref="i68"/>
          </Lead>
          <Lead id="k1l24">
            <Parent ref="k1l23"/>
            <Statement>Juvenile leaves lanceolate to narrowly lanceolate</Statement>
          </Lead>
          <Lead id="k1l29">
            <Parent ref="k1l23"/>
            <Statement>Juvenile leaves oblong, orbicular or ovate</Statement>
          </Lead>
          <Lead id="k1l25">
            <Parent ref="k1l24"/>
            <Statement>Bark thick and fibrous on trunk and larger branches</Statement>
          </Lead>
          <Lead id="k1l28">
            <Parent ref="k1l24"/>
            <Statement>Bark compact, hard and narrowly fissured on trunk; east from the Black Range south-west of Licola to Howe Range</Statement>
            <TaxonName ref="i86"/>
          </Lead>
          <Lead id="k1l26">
            <Parent ref="k1l25"/>
            <Statement>Juvenile leaves with tapered bases; only west of Portland</Statement>
            <TaxonName ref="i88"/>
          </Lead>
          <Lead id="k1l27">
            <Parent ref="k1l25"/>
            <Statement>Juvenile leaves with round bases; widespread in south-west</Statement>
            <TaxonName ref="i94"/>
          </Lead>
          <Lead id="k1l30">
            <Parent ref="k1l29"/>
            <Statement>Fruit obconical, hemispherical or campanulate, disc raised-annular</Statement>
          </Lead>
          <Lead id="k1l39">
            <Parent ref="k1l29"/>
            <Statement>Fruit cupular, cylindric or truncate-ovoid, disc usually descending</Statement>
          </Lead>
          <Lead id="k1l31">
            <Parent ref="k1l30"/>
            <Statement>Juvenile leaves entire</Statement>
          </Lead>
          <Lead id="k1l36">
            <Parent ref="k1l30"/>
            <Statement>Juvenile leaves crenulate</Statement>
          </Lead>
          <Lead id="k1l32">
            <Parent ref="k1l31"/>
            <Statement>Bark rough to small branches, not ribbony; buds usually glaucous</Statement>
          </Lead>
          <Lead id="k1l35">
            <Parent ref="k1l31"/>
            <Statement>Bark rough on trunk and to base of branches, crown ribbony; buds never glaucous; naturalized around Emerald</Statement>
            <TaxonName ref="i58"/>
          </Lead>
          <Lead id="k1l33">
            <Parent ref="k1l32"/>
            <Statement>Crown of alternate, green, lanceolate or falcate adult leaves to 2 cm wide</Statement>
            <TaxonName ref="i20"/>
          </Lead>
          <Lead id="k1l34">
            <Parent ref="k1l32"/>
            <Statement>Crown always with some broad, opposite, glaucous, juvenile leaves; adult leaves usually also present, to 3 cm wide</Statement>
            <TaxonName ref="i25"/>
          </Lead>
          <Lead id="k1l37">
            <Parent ref="k1l36"/>
            <Statement>Juvenile leaves green</Statement>
            <TaxonName ref="i5"/>
          </Lead>
          <Lead id="k1l38">
            <Parent ref="k1l36"/>
            <Statement>Juvenile leaves glaucous</Statement>
            <TaxonName ref="i14"/>
          </Lead>
          <Lead id="k1l40">
            <Parent ref="k1l39"/>
            <Statement>Buds and fruit not glaucous</Statement>
            <TaxonName ref="i48"/>
          </Lead>
          <Lead id="k1l41">
            <Parent ref="k1l39"/>
            <Statement>Buds and fruit glaucous</Statement>
            <TaxonName ref="i69"/>
          </Lead>
          <Lead id="k1l43">
            <Parent ref="k1l42"/>
            <Statement>Bark on trunk rough</Statement>
          </Lead>
          <Lead id="k1l60">
            <Parent ref="k1l42"/>
            <Statement>Bark smooth, sometimes with a few persistent basal slabs</Statement>
          </Lead>
          <Lead id="k1l44">
            <Parent ref="k1l43"/>
            <Statement>Adult leaves ovate, broadly lanceolate or elliptic</Statement>
          </Lead>
          <Lead id="k1l51">
            <Parent ref="k1l43"/>
            <Statement>Adult leaves lanceolate, narrowly lanceolate or falcate</Statement>
          </Lead>
          <Lead id="k1l45">
            <Parent ref="k1l44"/>
            <Statement>Juvenile leaves not or only slightly discolorous, margin entire</Statement>
          </Lead>
          <Lead id="k1l50">
            <Parent ref="k1l44"/>
            <Statement>Juvenile leaves markedly discolorous, crenulate, glandular</Statement>
            <TaxonName ref="i15"/>
          </Lead>
          <Lead id="k1l46">
            <Parent ref="k1l45"/>
            <Statement>Bark rough only on part of trunk, not branches</Statement>
          </Lead>
          <Lead id="k1l49">
            <Parent ref="k1l45"/>
            <Statement>Bark rough to 10 cm diam. branches</Statement>
            <TaxonName ref="i99"/>
          </Lead>
          <Lead id="k1l47">
            <Parent ref="k1l46"/>
            <Statement>New growth of mature crown distinctly glaucous; adult leaves with petioles 0.6–1.5 cm long</Statement>
            <TaxonName ref="i16"/>
          </Lead>
          <Lead id="k1l48">
            <Parent ref="k1l46"/>
            <Statement>New growth of mature crown green; adult leaves with petioles 1.8–3 cm long</Statement>
            <TaxonName ref="i19"/>
          </Lead>
          <Lead id="k1l52">
            <Parent ref="k1l51"/>
            <Statement>Stamens inflexed; fruit otherwise</Statement>
          </Lead>
          <Lead id="k1l59">
            <Parent ref="k1l51"/>
            <Statement>Stamens irregularly flexed; fruit obconical</Statement>
            <TaxonName ref="i1"/>
          </Lead>
          <Lead id="k1l53">
            <Parent ref="k1l52"/>
            <Statement>Fruit hemispherical; bark thick, firm, rough to small branches, furrowed longitudinally</Statement>
          </Lead>
          <Lead id="k1l56">
            <Parent ref="k1l52"/>
            <Statement>Fruit cupular, barrel-shaped or campanulate; bark fibrous or tessellated</Statement>
          </Lead>
          <Lead id="k1l54">
            <Parent ref="k1l53"/>
            <Statement>Adult leaves dull green to bluish-green</Statement>
            <TaxonName ref="i7"/>
          </Lead>
          <Lead id="k1l55">
            <Parent ref="k1l53"/>
            <Statement>Adult leaves glossy green; south-east from Healesville to Driffield</Statement>
            <TaxonName ref="i42"/>
          </Lead>
          <Lead id="k1l57">
            <Parent ref="k1l56"/>
            <Statement>Adult leaves to 8 cm long, 1.2 cm wide, glossy; north from Little Desert</Statement>
            <TaxonName ref="i49"/>
          </Lead>
          <Lead id="k1l58">
            <Parent ref="k1l56"/>
            <Statement>Adult leaves to 18 cm long, 2 cm wide, dull; east from near Erica</Statement>
            <TaxonName ref="i51"/>
          </Lead>
          <Lead id="k1l61">
            <Parent ref="k1l60"/>
            <Statement>Seeds cuboid; hilum terminal;?red-gums</Statement>
          </Lead>
          <Lead id="k1l66">
            <Parent ref="k1l60"/>
            <Statement>Seeds flattened-ellipsoid; hilum ventral</Statement>
          </Lead>
          <Lead id="k1l62">
            <Parent ref="k1l61"/>
            <Statement>Operculum conical, never beaked</Statement>
          </Lead>
          <Lead id="k1l65">
            <Parent ref="k1l61"/>
            <Statement>Operculum distinctly beaked; seeds smooth, yellow or yellow-brown</Statement>
            <TaxonName ref="i18"/>
          </Lead>
          <Lead id="k1l63">
            <Parent ref="k1l62"/>
            <Statement>Buds fusiform; seeds black, rough</Statement>
            <TaxonName ref="i11"/>
          </Lead>
          <Lead id="k1l64">
            <Parent ref="k1l62"/>
            <Statement>Buds obese, long or short; seeds black and rough, or yellow and smooth, or both</Statement>
            <TaxonName ref="i91"/>
          </Lead>
          <Lead id="k1l67">
            <Parent ref="k1l66"/>
            <Statement>Adult leaves lanceolate to broadly lanceolate or ovate, mostly wider than 1.5 cm, glossy green; petioles to 4 cm long</Statement>
          </Lead>
          <Lead id="k1l70">
            <Parent ref="k1l66"/>
            <Statement>Adult leaves narrowly lanceolate, to 1.5 cm wide, dull blue-green; petioles to 2.5 cm long</Statement>
            <TaxonName ref="i62"/>
          </Lead>
          <Lead id="k1l68">
            <Parent ref="k1l67"/>
            <Statement>Growing tips of crown green; juvenile leaves orbicular to ovate</Statement>
            <TaxonName ref="i72"/>
          </Lead>
          <Lead id="k1l69">
            <Parent ref="k1l67"/>
            <Statement>Growing tips of crown glaucous; juvenile leaves ovate or lanceolate</Statement>
            <TaxonName ref="i90"/>
          </Lead>
          <Lead id="k1l72">
            <Parent ref="k1l71"/>
            <Statement>Disc of fruit level, raised-annular or descending</Statement>
          </Lead>
          <Lead id="k1l91">
            <Parent ref="k1l71"/>
            <Statement>Disc of fruit steeply ascending; granite ranges and gorges in east Gippsland</Statement>
            <TaxonName ref="i86"/>
          </Lead>
          <Lead id="k1l73">
            <Parent ref="k1l72"/>
            <Statement>Features not as above</Statement>
          </Lead>
          <Lead id="k1l90">
            <Parent ref="k1l72"/>
            <Statement>Young inflorescences with prominent enclosing bracts; buds and fruits sessile; adult leaves to 18 cm long, 3.5 cm wide</Statement>
            <TaxonName ref="i53"/>
          </Lead>
          <Lead id="k1l74">
            <Parent ref="k1l73"/>
            <Statement>Adult leaves dull (or slightly glossy inside crown), green, blue-green, greyish or glaucous</Statement>
          </Lead>
          <Lead id="k1l79">
            <Parent ref="k1l73"/>
            <Statement>Adult leaves bright, glossy green</Statement>
          </Lead>
          <Lead id="k1l75">
            <Parent ref="k1l74"/>
            <Statement>Pith of branchlets glandular; operculum ridged, hardly beaked</Statement>
          </Lead>
          <Lead id="k1l78">
            <Parent ref="k1l74"/>
            <Statement>Pith of branchlets without glands; operculum smooth, strongly beaked</Statement>
            <TaxonName ref="i87"/>
          </Lead>
          <Lead id="k1l76">
            <Parent ref="k1l75"/>
            <Statement>Adult leaves bluish-grey to glaucous, to 3 cm wide</Statement>
            <TaxonName ref="i28"/>
          </Lead>
          <Lead id="k1l77">
            <Parent ref="k1l75"/>
            <Statement>Adult leaves light green, to 2 cm wide</Statement>
            <TaxonName ref="i35"/>
          </Lead>
          <Lead id="k1l80">
            <Parent ref="k1l79"/>
            <Statement>Pith of branchlets without glands</Statement>
          </Lead>
          <Lead id="k1l87">
            <Parent ref="k1l79"/>
            <Statement>Pith of branchlets glandular</Statement>
          </Lead>
          <Lead id="k1l81">
            <Parent ref="k1l80"/>
            <Statement>Fruit round in cross-section</Statement>
          </Lead>
          <Lead id="k1l86">
            <Parent ref="k1l80"/>
            <Statement>Fruit more or less square in cross-section</Statement>
            <TaxonName ref="i17"/>
          </Lead>
          <Lead id="k1l82">
            <Parent ref="k1l81"/>
            <Statement>Operculum more or less equal to hypanthium; all stamens fertile</Statement>
          </Lead>
          <Lead id="k1l85">
            <Parent ref="k1l81"/>
            <Statement>Operculum much shorter than hypanthium; staminodes present</Statement>
            <TaxonName ref="i49"/>
          </Lead>
          <Lead id="k1l83">
            <Parent ref="k1l82"/>
            <Statement>Stamens inflexed; operculum same width as hypanthium; fruit with thick rim and prominent whitish disc</Statement>
            <TaxonName ref="i56"/>
          </Lead>
          <Lead id="k1l84">
            <Parent ref="k1l82"/>
            <Statement>Stamens irregularly flexed; operculum usually narrower than hypanthium; fruit with thin rim and semi-persistent style remains</Statement>
            <TaxonName ref="i71"/>
          </Lead>
          <Lead id="k1l88">
            <Parent ref="k1l87"/>
            <Statement>Fruit to 1.3 cm long, 1.1 cm diam., often contracted towards rim, often ribbed; adult leaves very glossy</Statement>
            <TaxonName ref="i52"/>
          </Lead>
          <Lead id="k1l89">
            <Parent ref="k1l87"/>
            <Statement>Fruit to 0.8 cm long, 0.7 cm diam., cupular, not ribbed; adult leaves glossy</Statement>
            <TaxonName ref="i75"/>
          </Lead>
          <Lead id="k1l93">
            <Parent ref="k1l92"/>
            <Statement>Anthers basifixed, adnate, globoid or cuboid</Statement>
          </Lead>
          <Lead id="k1l104">
            <Parent ref="k1l92"/>
            <Statement>Anthers dorsifixed, versatile, reniform to oblong</Statement>
          </Lead>
          <Lead id="k1l94">
            <Parent ref="k1l93"/>
            <Statement>Outer stamens without anthers; filaments inflexed in bud, anthers cuboid</Statement>
          </Lead>
          <Lead id="k1l97">
            <Parent ref="k1l93"/>
            <Statement>Features not as above</Statement>
          </Lead>
          <Lead id="k1l95">
            <Parent ref="k1l94"/>
            <Statement>Bark fibrous, loose, yellowish-brown</Statement>
            <TaxonName ref="i63"/>
          </Lead>
          <Lead id="k1l96">
            <Parent ref="k1l94"/>
            <Statement>Bark thick, hard, furrowed, black (ironbark)</Statement>
            <TaxonName ref="i84"/>
          </Lead>
          <Lead id="k1l98">
            <Parent ref="k1l97"/>
            <Statement>Adult leaves to 13 cm long, dull or glossy; valves of fruit 3–5; mallee or small tree</Statement>
          </Lead>
          <Lead id="k1l103">
            <Parent ref="k1l97"/>
            <Statement>Adult leaves to 20 cm long, dull to slightly glossy; valves of fruit 5 or 6; tree to 60 m tall</Statement>
            <TaxonName ref="i12"/>
          </Lead>
          <Lead id="k1l99">
            <Parent ref="k1l98"/>
            <Statement>Bark rough on part, of stems only</Statement>
          </Lead>
          <Lead id="k1l102">
            <Parent ref="k1l98"/>
            <Statement>Bark rough over whole trunk or stems and base of branches; intramarginal vein prominently remote from leaf edge</Statement>
            <TaxonName ref="i78"/>
          </Lead>
          <Lead id="k1l100">
            <Parent ref="k1l99"/>
            <Statement>Buds glaucous; adult leaves grey to bluish-green</Statement>
            <TaxonName ref="i77"/>
          </Lead>
          <Lead id="k1l101">
            <Parent ref="k1l99"/>
            <Statement>Buds green; adult leaves green</Statement>
            <TaxonName ref="i97"/>
          </Lead>
          <Lead id="k1l105">
            <Parent ref="k1l104"/>
            <Statement>Features not as above</Statement>
          </Lead>
          <Lead id="k1l154">
            <Parent ref="k1l104"/>
            <Statement>Coastal mallee with smooth bark; adult leaves glossy, olive-green to bluish-green; buds diamond-shaped; fruit to 1.5 cm wide; Portland area only</Statement>
            <TaxonName ref="i33"/>
          </Lead>
          <Lead id="k1l106">
            <Parent ref="k1l105"/>
            <Statement>Inflorescences paired in the axils</Statement>
          </Lead>
          <Lead id="k1l109">
            <Parent ref="k1l105"/>
            <Statement>Inflorescences single in the axils</Statement>
          </Lead>
          <Lead id="k1l107">
            <Parent ref="k1l106"/>
            <Statement>Bark rough over whole trunk; disc of fruit slightly domed</Statement>
            <TaxonName ref="i39"/>
          </Lead>
          <Lead id="k1l108">
            <Parent ref="k1l106"/>
            <Statement>Bark rough on part of trunk only; disc of fruit flat, usually just below rim</Statement>
            <TaxonName ref="i80"/>
          </Lead>
          <Lead id="k1l110">
            <Parent ref="k1l109"/>
            <Statement>Juvenile leaves opposite and sessile for many pairs</Statement>
          </Lead>
          <Lead id="k1l121">
            <Parent ref="k1l109"/>
            <Statement>Juvenile leaves soon alternate, petiolate</Statement>
          </Lead>
          <Lead id="k1l111">
            <Parent ref="k1l110"/>
            <Statement>Buds clavate, pedicellate; juvenile leaves ovate, lanceolate or falcate</Statement>
          </Lead>
          <Lead id="k1l120">
            <Parent ref="k1l110"/>
            <Statement>Buds fusiform, sessile, in stellate clusters; juvenile leaves orbicular to ovate</Statement>
            <TaxonName ref="i89"/>
          </Lead>
          <Lead id="k1l112">
            <Parent ref="k1l111"/>
            <Statement>Bark rough on at least most of trunk, closely fibrous but never compact or hard</Statement>
          </Lead>
          <Lead id="k1l119">
            <Parent ref="k1l111"/>
            <Statement>Bark smooth, or rough on lower trunk only and compact, hard, dark grey; buds to more than 30 per umbel; along streams in East Gippsland</Statement>
            <TaxonName ref="i37"/>
          </Lead>
          <Lead id="k1l113">
            <Parent ref="k1l112"/>
            <Statement>Juvenile leaves to 3.5 cm wide</Statement>
          </Lead>
          <Lead id="k1l118">
            <Parent ref="k1l112"/>
            <Statement>Juvenile leaves broadly ovate, to 15 cm long, 7 cm wide, glaucous or blue-green; adult leaves broadly lanceolate to lanceolate, to 15 cm long, 3 cm wide</Statement>
            <TaxonName ref="i34"/>
          </Lead>
          <Lead id="k1l114">
            <Parent ref="k1l113"/>
            <Statement>Juvenile leaves more than 1.5 cm wide; operculum hemispherical to conical</Statement>
          </Lead>
          <Lead id="k1l117">
            <Parent ref="k1l113"/>
            <Statement>Juvenile leaves to 1.5 cm wide; operculum conical</Statement>
            <TaxonName ref="i79"/>
          </Lead>
          <Lead id="k1l115">
            <Parent ref="k1l114"/>
            <Statement>Adult leaves thin-textured, dull bluish-grey, rarely green; forest trees of Eastern Highlands east from near Marysville, and East Gippsland</Statement>
            <TaxonName ref="i27"/>
          </Lead>
          <Lead id="k1l116">
            <Parent ref="k1l114"/>
            <Statement>Adult leaves not thin-textured, glossy green; small trees of coastal and sub-coastal areas west from Bairnsdale, and the Grampians</Statement>
            <TaxonName ref="i98"/>
          </Lead>
          <Lead id="k1l122">
            <Parent ref="k1l121"/>
            <Statement>Features not as above</Statement>
          </Lead>
          <Lead id="k1l153">
            <Parent ref="k1l121"/>
            <Statement>Adult leaves slightly discolorous, glossy, green, highly glandular; buds pedicellate, clavate; fruit pedicellate, to 1 cm long, 1.2 cm wide; bark stringy; seedling and juvenile leaves more or less flat</Statement>
            <TaxonName ref="i66"/>
          </Lead>
          <Lead id="k1l123">
            <Parent ref="k1l122"/>
            <Statement>All seedling and juvenile leaves leaves smooth</Statement>
          </Lead>
          <Lead id="k1l138">
            <Parent ref="k1l122"/>
            <Statement>Seedling leaves scabrous, at least for first few pairs; later juvenile leaves smooth</Statement>
          </Lead>
          <Lead id="k1l124">
            <Parent ref="k1l123"/>
            <Statement>Juvenile leaves glossy, green</Statement>
          </Lead>
          <Lead id="k1l129">
            <Parent ref="k1l123"/>
            <Statement>Juvenile leaves dull, light green or bluish-green to glaucous</Statement>
          </Lead>
          <Lead id="k1l125">
            <Parent ref="k1l124"/>
            <Statement>Juvenile leaves to 10 cm long, 2 cm wide, petiole short; fruit sessile, disc level or ascending; small subalpine trees or mallees</Statement>
          </Lead>
          <Lead id="k1l128">
            <Parent ref="k1l124"/>
            <Statement>Juvenile leaves to 19 cm long, 8 cm wide, broadly ovate, oblique and pendulous; fruit pedicellate, disc descending; widespread, usually a well-formed tree, sometimes stunted in coastal areas</Statement>
            <TaxonName ref="i70"/>
          </Lead>
          <Lead id="k1l126">
            <Parent ref="k1l125"/>
            <Statement>Buds clavate or turbinate; fruit hemispherical to obconical; high mountain peaks in eastern Victoria</Statement>
            <TaxonName ref="i54"/>
          </Lead>
          <Lead id="k1l127">
            <Parent ref="k1l125"/>
            <Statement>Buds fusiform, in stellate clusters; fruit truncate-globose; Mt Buffalo endemic</Statement>
            <TaxonName ref="i65"/>
          </Lead>
          <Lead id="k1l130">
            <Parent ref="k1l129"/>
            <Statement>Bark rough at least on base of trunk</Statement>
          </Lead>
          <Lead id="k1l137">
            <Parent ref="k1l129"/>
            <Statement>Bark smooth</Statement>
            <TaxonName ref="i73"/>
          </Lead>
          <Lead id="k1l131">
            <Parent ref="k1l130"/>
            <Statement>Bark rough for at least half height of trunk</Statement>
          </Lead>
          <Lead id="k1l136">
            <Parent ref="k1l130"/>
            <Statement>Bark rough on lower part of trunk, rarely to half height of trunk, scribbles prominent on smooth bark; fruit urceolate; far East Gippsland only</Statement>
            <TaxonName ref="i40"/>
          </Lead>
          <Lead id="k1l132">
            <Parent ref="k1l131"/>
            <Statement>Fruit obconical to hemispherical; juvenile leaves to 17 cm long, 8 cm wide; trees of coastal ranges and hills</Statement>
          </Lead>
          <Lead id="k1l135">
            <Parent ref="k1l131"/>
            <Statement>Fruit barrel-shaped; juvenile leaves to 25 cm long, 10 cm wide; trees of high altitude forests</Statement>
            <TaxonName ref="i31"/>
          </Lead>
          <Lead id="k1l133">
            <Parent ref="k1l132"/>
            <Statement>Bark finely fibrous, grey; fruit hemispherical to obconical with (3) 4 valves</Statement>
            <TaxonName ref="i24"/>
          </Lead>
          <Lead id="k1l134">
            <Parent ref="k1l132"/>
            <Statement>Bark furrowed, compact, brown-black; fruit obconical with 3 valves</Statement>
            <TaxonName ref="i85"/>
          </Lead>
          <Lead id="k1l139">
            <Parent ref="k1l138"/>
            <Statement>Mallees or straggly trees of inland dunes (Big and Little Deserts) or stony ranges (Grampians, Mt Arapiles)</Statement>
          </Lead>
          <Lead id="k1l144">
            <Parent ref="k1l138"/>
            <Statement>Small to tall, erect trees of the coast, Grampians and eastern hills and ranges</Statement>
          </Lead>
          <Lead id="k1l140">
            <Parent ref="k1l139"/>
            <Statement>Buds sessile, warty; bark smooth to flaky</Statement>
          </Lead>
          <Lead id="k1l143">
            <Parent ref="k1l139"/>
            <Statement>Buds pedicellate, not warty; operculum usually hemispherical; adult leaves to 10 cm long, 2.2 cm wide; bark stringy</Statement>
            <TaxonName ref="i6"/>
          </Lead>
          <Lead id="k1l141">
            <Parent ref="k1l140"/>
            <Statement>Adult leaves ovate or broadly lanceolate; buds 3 or 7; fruit to 1.2 cm long, 1.8 cm diam</Statement>
            <TaxonName ref="i83"/>
          </Lead>
          <Lead id="k1l142">
            <Parent ref="k1l140"/>
            <Statement>Adult leaves almost orbicular; buds 1 or 3 (7); fruit to 1.8 cm long, 2.5 cm diam</Statement>
            <TaxonName ref="i93"/>
          </Lead>
          <Lead id="k1l145">
            <Parent ref="k1l144"/>
            <Statement>Buds not warty</Statement>
          </Lead>
          <Lead id="k1l152">
            <Parent ref="k1l144"/>
            <Statement>Buds warty; adult leaves prominently oblique, broadly lanceolate, to 13 cm long, 3 cm wide</Statement>
            <TaxonName ref="i9"/>
          </Lead>
          <Lead id="k1l146">
            <Parent ref="k1l145"/>
            <Statement>Operculum acutely conical</Statement>
          </Lead>
          <Lead id="k1l151">
            <Parent ref="k1l145"/>
            <Statement>Operculum strongly beaked</Statement>
            <TaxonName ref="i60"/>
          </Lead>
          <Lead id="k1l147">
            <Parent ref="k1l146"/>
            <Statement>Adult leaves blue-green to olive-green</Statement>
          </Lead>
          <Lead id="k1l150">
            <Parent ref="k1l146"/>
            <Statement>Adult leaves green</Statement>
            <TaxonName ref="i44"/>
          </Lead>
          <Lead id="k1l148">
            <Parent ref="k1l147"/>
            <Statement>Fruit tightly clustered with sides compressed</Statement>
            <TaxonName ref="i0"/>
          </Lead>
          <Lead id="k1l149">
            <Parent ref="k1l147"/>
            <Statement>Fruit not tightly clustered, round</Statement>
            <TaxonName ref="i59"/>
          </Lead>
          <Lead id="k1l156">
            <Parent ref="k1l155"/>
            <Statement>Buds single</Statement>
          </Lead>
          <Lead id="k1l159">
            <Parent ref="k1l155"/>
            <Statement>Buds in 3s</Statement>
          </Lead>
          <Lead id="k1l157">
            <Parent ref="k1l156"/>
            <Statement>Bark smooth; adult leaves acuminate, to 30 cm long; Otways and South Gippsland only</Statement>
            <TaxonName ref="i46"/>
          </Lead>
          <Lead id="k1l158">
            <Parent ref="k1l156"/>
            <Statement>Bark rough; adult leaves often emarginate, to 12 cm long; southern Grampians only</Statement>
            <TaxonName ref="i93"/>
          </Lead>
          <Lead id="k1l160">
            <Parent ref="k1l159"/>
            <Statement>Operculum scar absent on mature buds</Statement>
          </Lead>
          <Lead id="k1l165">
            <Parent ref="k1l159"/>
            <Statement>Operculum scar present on mature buds</Statement>
          </Lead>
          <Lead id="k1l161">
            <Parent ref="k1l160"/>
            <Statement>Peduncles more than 0.5 cm long; widespread</Statement>
          </Lead>
          <Lead id="k1l164">
            <Parent ref="k1l160"/>
            <Statement>Peduncles to 0.2 cm long; Grampians only</Statement>
            <TaxonName ref="i83"/>
          </Lead>
          <Lead id="k1l162">
            <Parent ref="k1l161"/>
            <Statement>Bark smooth throughout, or coarse and fibrous at base only</Statement>
            <TaxonName ref="i57"/>
          </Lead>
          <Lead id="k1l163">
            <Parent ref="k1l161"/>
            <Statement>Bark rough throughout, hard, furrowed, black (ironbark)</Statement>
            <TaxonName ref="i92"/>
          </Lead>
          <Lead id="k1l166">
            <Parent ref="k1l165"/>
            <Statement>Buds smooth, green or glaucous; fruit less than 1.5 cm wide</Statement>
          </Lead>
          <Lead id="k1l191">
            <Parent ref="k1l165"/>
            <Statement>Buds warty, glaucous; fruit to 2.4 cm wide, ribbed</Statement>
            <TaxonName ref="i45"/>
          </Lead>
          <Lead id="k1l167">
            <Parent ref="k1l166"/>
            <Statement>Bark rough over at least half of trunk</Statement>
          </Lead>
          <Lead id="k1l178">
            <Parent ref="k1l166"/>
            <Statement>Bark smooth, or rough for less than half of trunk or stems</Statement>
          </Lead>
          <Lead id="k1l168">
            <Parent ref="k1l167"/>
            <Statement>Crown mostly of glaucous, ovate to orbicular juvenile leaves or of mixed broadly lanceolate, glaucous and narrower green adult leaves</Statement>
          </Lead>
          <Lead id="k1l173">
            <Parent ref="k1l167"/>
            <Statement>Crown of narrow, lanceolate or falcate adult leaves</Statement>
          </Lead>
          <Lead id="k1l169">
            <Parent ref="k1l168"/>
            <Statement>Crown predominantly adult with some broadly lanceolate, intermediate leaves</Statement>
          </Lead>
          <Lead id="k1l172">
            <Parent ref="k1l168"/>
            <Statement>Crown predominantly juvenile with leaves opposite, sessile, orbicular to broadly ovate</Statement>
            <TaxonName ref="i22"/>
          </Lead>
          <Lead id="k1l170">
            <Parent ref="k1l169"/>
            <Statement>Adult leaves glossy</Statement>
            <TaxonName ref="i3"/>
          </Lead>
          <Lead id="k1l171">
            <Parent ref="k1l169"/>
            <Statement>Adult leaves dull</Statement>
            <TaxonName ref="i25"/>
          </Lead>
          <Lead id="k1l174">
            <Parent ref="k1l173"/>
            <Statement>Juvenile leaves orbicular to ovate, glaucous</Statement>
          </Lead>
          <Lead id="k1l177">
            <Parent ref="k1l173"/>
            <Statement>Juvenile leaves lanceolate, green</Statement>
            <TaxonName ref="i95"/>
          </Lead>
          <Lead id="k1l175">
            <Parent ref="k1l174"/>
            <Statement>Bark rough to small branches; adult leaves narrowly lanceolate, to 1.5 cm wide; Swanpool area only</Statement>
            <TaxonName ref="i4"/>
          </Lead>
          <Lead id="k1l176">
            <Parent ref="k1l174"/>
            <Statement>Bark rough on part or most of trunk; adult leaves lanceolate or falcate, 3 cm wide</Statement>
            <TaxonName ref="i21"/>
          </Lead>
          <Lead id="k1l179">
            <Parent ref="k1l178"/>
            <Statement>Crown with lanceolate or falcate leaves only</Statement>
          </Lead>
          <Lead id="k1l190">
            <Parent ref="k1l178"/>
            <Statement>Crown with both adult leaves and persistent connate, glaucous juvenile leaves</Statement>
            <TaxonName ref="i74"/>
          </Lead>
          <Lead id="k1l180">
            <Parent ref="k1l179"/>
            <Statement>Juvenile leaves elliptic, orbicular or ovate, glaucous to pale green</Statement>
          </Lead>
          <Lead id="k1l189">
            <Parent ref="k1l179"/>
            <Statement>Juvenile leaves lanceolate, green</Statement>
            <TaxonName ref="i96"/>
          </Lead>
          <Lead id="k1l181">
            <Parent ref="k1l180"/>
            <Statement>Juvenile leaves glaucous</Statement>
          </Lead>
          <Lead id="k1l186">
            <Parent ref="k1l180"/>
            <Statement>Juvenile leaves pale green</Statement>
          </Lead>
          <Lead id="k1l182">
            <Parent ref="k1l181"/>
            <Statement>Fruit cupular, obconical or hemispherical</Statement>
          </Lead>
          <Lead id="k1l185">
            <Parent ref="k1l181"/>
            <Statement>Fruit campanulate; operculum strongly beaked; rocky hills and gorges of upper Snowy River</Statement>
            <TaxonName ref="i82"/>
          </Lead>
          <Lead id="k1l183">
            <Parent ref="k1l182"/>
            <Statement>Buds cylindric, operculum much shorter than hypanthium</Statement>
            <TaxonName ref="i43"/>
          </Lead>
          <Lead id="k1l184">
            <Parent ref="k1l182"/>
            <Statement>Buds ovoid, operculum more or less equal to hypanthium</Statement>
            <TaxonName ref="i81"/>
          </Lead>
          <Lead id="k1l187">
            <Parent ref="k1l186"/>
            <Statement>Peduncles to 0.8 cm long; juvenile leaves pale green; buds pedicellate; medium-sized to tall tree of mountain forests</Statement>
            <TaxonName ref="i30"/>
          </Lead>
          <Lead id="k1l188">
            <Parent ref="k1l186"/>
            <Statement>Peduncles to 0.4 cm long; juvenile leaves green to blue-green; buds more or less sessile; small tree or mallee of Nunniong Plateau</Statement>
            <TaxonName ref="i36"/>
          </Lead>
          <Lead id="k1l193">
            <Parent ref="k1l192"/>
            <Statement>Adult leaves with numerous, prominent, pinnate side veins at wide angle to midrib</Statement>
          </Lead>
          <Lead id="k1l196">
            <Parent ref="k1l192"/>
            <Statement>Adult leaves lacking or with irregular pinnate side veins</Statement>
          </Lead>
          <Lead id="k1l194">
            <Parent ref="k1l193"/>
            <Statement>Adult leaves discolorous; bark rough; near-coastal far East Gippsland</Statement>
            <TaxonName ref="i50"/>
          </Lead>
          <Lead id="k1l195">
            <Parent ref="k1l193"/>
            <Statement>Adult leaves concolorous; bark smooth; north-west of Orbost</Statement>
            <TaxonName ref="i61"/>
          </Lead>
          <Lead id="k1l197">
            <Parent ref="k1l196"/>
            <Statement>Buds and fruit round in cross-section</Statement>
          </Lead>
          <Lead id="k1l216">
            <Parent ref="k1l196"/>
            <Statement>Buds and fruit square in cross-section</Statement>
            <TaxonName ref="i41"/>
          </Lead>
          <Lead id="k1l198">
            <Parent ref="k1l197"/>
            <Statement>Stamens inflexed, outer staminodes</Statement>
          </Lead>
          <Lead id="k1l205">
            <Parent ref="k1l197"/>
            <Statement>Stamens irregularly flexed, all fertile</Statement>
          </Lead>
          <Lead id="k1l199">
            <Parent ref="k1l198"/>
            <Statement>Operculum scar present on mature buds</Statement>
          </Lead>
          <Lead id="k1l204">
            <Parent ref="k1l198"/>
            <Statement>Operculum scar absent on mature buds; adult leaves to 14 cm long, to 1.5 cm wide</Statement>
            <TaxonName ref="i63"/>
          </Lead>
          <Lead id="k1l200">
            <Parent ref="k1l199"/>
            <Statement>Bark rough</Statement>
          </Lead>
          <Lead id="k1l203">
            <Parent ref="k1l199"/>
            <Statement>Bark mostly smooth; south-west of Edenhope only</Statement>
            <TaxonName ref="i38"/>
          </Lead>
          <Lead id="k1l201">
            <Parent ref="k1l200"/>
            <Statement>Leaves of mature crown glossy, green</Statement>
            <TaxonName ref="i8"/>
          </Lead>
          <Lead id="k1l202">
            <Parent ref="k1l200"/>
            <Statement>Leaves of mature crown dull, green, grey-green or glaucous</Statement>
            <TaxonName ref="i76"/>
          </Lead>
          <Lead id="k1l206">
            <Parent ref="k1l205"/>
            <Statement>Valves of fruit 3 or 4</Statement>
          </Lead>
          <Lead id="k1l215">
            <Parent ref="k1l205"/>
            <Statement>Valves of fruit 5 or 6</Statement>
            <TaxonName ref="i12"/>
          </Lead>
          <Lead id="k1l207">
            <Parent ref="k1l206"/>
            <Statement>Bark rough on trunk or stems only or extending to base of larger branches</Statement>
          </Lead>
          <Lead id="k1l214">
            <Parent ref="k1l206"/>
            <Statement>Bark rough to small branches</Statement>
            <TaxonName ref="i55"/>
          </Lead>
          <Lead id="k1l208">
            <Parent ref="k1l207"/>
            <Statement>Otherwise</Statement>
          </Lead>
          <Lead id="k1l213">
            <Parent ref="k1l207"/>
            <Statement>Mallee; adult leaves ovate to broadly lanceolate, to 10 cm long, 3 cm wide, glossy, green</Statement>
            <TaxonName ref="i10"/>
          </Lead>
          <Lead id="k1l209">
            <Parent ref="k1l208"/>
            <Statement>Tree; adult leaves broadly lanceolate or lanceolate</Statement>
          </Lead>
          <Lead id="k1l212">
            <Parent ref="k1l208"/>
            <Statement>Mallee; adult leaves linear or narrowly lanceolate</Statement>
            <TaxonName ref="i97"/>
          </Lead>
          <Lead id="k1l210">
            <Parent ref="k1l209"/>
            <Statement>Adult leaves dull, grey-green; fruit to 1.5 cm long</Statement>
            <TaxonName ref="i2"/>
          </Lead>
          <Lead id="k1l211">
            <Parent ref="k1l209"/>
            <Statement>Adult leaves slightly glossy, green; fruit to 0.7 cm long</Statement>
            <TaxonName ref="i64"/>
          </Lead>
        </Leads>
      </IdentificationKey>
    </IdentificationKeys>
  </Dataset>
</Datasets>
