<?xml version="1.0" encoding="UTF-8"?>
<Datasets xmlns="http://rs.tdwg.org/UBIF/2006/" xmlns:xsi="http://www.w3.org/2001/XMLSchema-instance" xsi:schemaLocation="http://rs.tdwg.org/UBIF/2006/ http://rs.tdwg.org/UBIF/2006/Schema/1.1/SDD.xsd">
  <TechnicalMetadata created="2014-12-08T01:23:36">
    <Generator name="KeyBase SDD export" version="0"/>
  </TechnicalMetadata>
  <Dataset xml:lang="en-au">
    <Representation>
      <Label xml:lang="en">Euchiton</Label>
    </Representation>
    <TaxonNames>
      <TaxonName id="i0">
        <Representation>
          <Label>Euchiton argentifolius</Label>
        </Representation>
      </TaxonName>
      <TaxonName id="i1">
        <Representation>
          <Label>Euchiton fordianus</Label>
        </Representation>
      </TaxonName>
      <TaxonName id="i2">
        <Representation>
          <Label>Euchiton gymnocephalus</Label>
        </Representation>
      </TaxonName>
      <TaxonName id="i3">
        <Representation>
          <Label>Euchiton involucratus</Label>
        </Representation>
      </TaxonName>
      <TaxonName id="i4">
        <Representation>
          <Label>Euchiton nitidulus</Label>
        </Representation>
      </TaxonName>
      <TaxonName id="i5">
        <Representation>
          <Label>Euchiton sp. 1</Label>
        </Representation>
      </TaxonName>
      <TaxonName id="i6">
        <Representation>
          <Label>Euchiton sphaericus</Label>
        </Representation>
      </TaxonName>
      <TaxonName id="i7">
        <Representation>
          <Label>Euchiton traversii</Label>
        </Representation>
      </TaxonName>
      <TaxonName id="i8">
        <Representation>
          <Label>Euchiton umbricola</Label>
        </Representation>
      </TaxonName>
    </TaxonNames>
    <IdentificationKeys>
      <IdentificationKey id="k1">
        <Representation>
          <Label xml:lang="en">Euchiton</Label>
        </Representation>
        <Leads>
          <Lead id="k1l1">
            <Statement>Inflorescence a dense terminal cluster of sessile capitula (sometimes with smaller clusters in axils of flowering stem), usually immediately subtended by several spreading floral leaves, not elongating in fruit; cypselas (except in E. umbricola) under 0.8 mm long; at least the lower leaves usually green (rarely grey-cottony) on upper surface; lowlands to subalps</Statement>
          </Lead>
          <Lead id="k1l8">
            <Statement>Capitula solitary and terminal or up to c. 15 in an elongating, corymbose to racemose inflorescence; capitula lacking floral leaves or each subtended by a single floral leaf; cypselas 1 mm long or more; leaves silvery (rarely grey-green) on both surfaces; subalpine and alpine only</Statement>
          </Lead>
          <Lead id="k1l2">
            <Parent ref="k1l1"/>
            <Statement>Capitula campanulate or cup-shaped, with more than 1 (up to c. 16) bisexual florets; perennials, often stoloniferous</Statement>
          </Lead>
          <Lead id="k1l7">
            <Parent ref="k1l1"/>
            <Statement>Capitula narrowly ovoid or cylindric, with only 1 bisexual floret; basal rosette leaves not produced or absent at flowering; non-stoloniferous annuals</Statement>
            <TaxonName ref="i6"/>
          </Lead>
          <Lead id="k1l3">
            <Parent ref="k1l2"/>
            <Statement>Leaves green above (rarely the lower ones grey-cobwebbed); inner involucral bracts entire; bisexual florets much fewer than female florets; various habitats</Statement>
          </Lead>
          <Lead id="k1l6">
            <Parent ref="k1l2"/>
            <Statement>Floral leaves (and often lower leaves) densely grey- or white-felted above; inner involucral bracts lacerated at apex; bisexual florets about as many as (sometimes more than) female florets; usually growing in sheltered sites on alpine or montane cliffs or boulders</Statement>
            <TaxonName ref="i8"/>
          </Lead>
          <Lead id="k1l4">
            <Parent ref="k1l3"/>
            <Statement>Rosette leaves present at flowering; clusters of capitula subtended by 1–3 leaves, the longest not or hardly exceeding the cluster; margins of leaves not undulate; plants of dry to damp, but rarely swampy sites</Statement>
            <TaxonName ref="i2"/>
          </Lead>
          <Lead id="k1l5">
            <Parent ref="k1l3"/>
            <Statement>Rosette leaves withered at flowering; clusters of capitula subtended by 3–6 or more leaves, the longest exceeding the cluster by c. 1–4 cm; at least the upper leaves often with undulate margins; commonly plants of swampy sites</Statement>
            <TaxonName ref="i3"/>
          </Lead>
          <Lead id="k1l9">
            <Parent ref="k1l8"/>
            <Statement>Inflorescence of several capitula</Statement>
          </Lead>
          <Lead id="k1l14">
            <Parent ref="k1l8"/>
            <Statement>Inflorescence of a single capitulum</Statement>
          </Lead>
          <Lead id="k1l10">
            <Parent ref="k1l9"/>
            <Statement>Involucral bracts usually 5 mm long or more (if ever only 5 mm, then leaves grey- green)</Statement>
          </Lead>
          <Lead id="k1l13">
            <Parent ref="k1l9"/>
            <Statement>Inner involucral bracts 3.8–5 mm long; leaves silvery-white</Statement>
            <TaxonName ref="i0"/>
          </Lead>
          <Lead id="k1l11">
            <Parent ref="k1l10"/>
            <Statement>Leaves silvery-white, 5 mm wide or more; inflorescence of 5–15 capitula</Statement>
            <TaxonName ref="i1"/>
          </Lead>
          <Lead id="k1l12">
            <Parent ref="k1l10"/>
            <Statement>Leaves grey-green, rarely wider than 4 mm; inflorescence of 3–5 (–7) capitula</Statement>
            <TaxonName ref="i5"/>
          </Lead>
          <Lead id="k1l15">
            <Parent ref="k1l14"/>
            <Statement>Leaves oblanceolate to spathulate, the longest more than 1 cm long; capitula nor- mally pedunculate in flower; inner involucral bracts under 7 mm long</Statement>
          </Lead>
          <Lead id="k1l18">
            <Parent ref="k1l14"/>
            <Statement>Leaves c. oblong, less than 1 cm long; capitula sessile in flower (sometimes shortly pedunculate in fruit); inner involucral bracts 7–9 mm long</Statement>
            <TaxonName ref="i4"/>
          </Lead>
          <Lead id="k1l16">
            <Parent ref="k1l15"/>
            <Statement>Leaves to 15 mm long, crowded at base but not rosetted; flowering stems with c. 5–10 leaves not or barely smaller than basal leaves; inner involucral bracts 3.8–5 mm long; cypselas usually glabrous; plants usually mat-forming</Statement>
            <TaxonName ref="i0"/>
          </Lead>
          <Lead id="k1l17">
            <Parent ref="k1l15"/>
            <Statement>Leaves15–30 (–50) mm long, rosetted; flowering stems with c. 1–5 much-reduced leaves; inner involucral bracts 5–6.5 mm long; cypselas shortly and sparsely hairy; plants rarely mat-forming</Statement>
            <TaxonName ref="i7"/>
          </Lead>
        </Leads>
      </IdentificationKey>
    </IdentificationKeys>
  </Dataset>
</Datasets>
