<?xml version="1.0" encoding="UTF-8"?>
<Datasets xmlns="http://rs.tdwg.org/UBIF/2006/" xmlns:xsi="http://www.w3.org/2001/XMLSchema-instance" xsi:schemaLocation="http://rs.tdwg.org/UBIF/2006/ http://rs.tdwg.org/UBIF/2006/Schema/1.1/SDD.xsd">
  <TechnicalMetadata created="2014-12-08T01:23:34">
    <Generator name="KeyBase SDD export" version="0"/>
  </TechnicalMetadata>
  <Dataset xml:lang="en-au">
    <Representation>
      <Label xml:lang="en">Euphrasia crassiuscula</Label>
    </Representation>
    <TaxonNames>
      <TaxonName id="i0">
        <Representation>
          <Label>Euphrasia crassiuscula subsp. crassiuscula</Label>
        </Representation>
      </TaxonName>
      <TaxonName id="i1">
        <Representation>
          <Label>Euphrasia crassiuscula subsp. eglandulosa</Label>
        </Representation>
      </TaxonName>
      <TaxonName id="i2">
        <Representation>
          <Label>Euphrasia crassiuscula subsp. glandulifera</Label>
        </Representation>
      </TaxonName>
    </TaxonNames>
    <IdentificationKeys>
      <IdentificationKey id="k1">
        <Representation>
          <Label xml:lang="en">Euphrasia crassiuscula</Label>
        </Representation>
        <Leads>
          <Lead id="k1l1">
            <Statement>Anther connectives surrounded by usually dense (but sometimes sparse) hairs; corollas white to deep lilac or purple, with purple striations on tube and hood only or striations completely absent</Statement>
          </Lead>
          <Lead id="k1l4">
            <Statement>Anther connectives without (or with only a few) surrounding hairs; corollas white, with purple striations in tube and hood, often extending onto lobes, or striations sometimes lacking</Statement>
            <TaxonName ref="i1"/>
          </Lead>
          <Lead id="k1l2">
            <Parent ref="k1l1"/>
            <Statement>Glandular hairs absent except on corolla; corollas white to deep lilac or purple</Statement>
            <TaxonName ref="i0"/>
          </Lead>
          <Lead id="k1l3">
            <Parent ref="k1l1"/>
            <Statement>Glandular hairs present on lower parts of branches and lower leaves, sometimes extending to the bracts and calyces; corolla pale to deep lilac or purple</Statement>
            <TaxonName ref="i2"/>
          </Lead>
        </Leads>
      </IdentificationKey>
    </IdentificationKeys>
  </Dataset>
</Datasets>
