<?xml version="1.0" encoding="UTF-8"?>
<Datasets xmlns="http://rs.tdwg.org/UBIF/2006/" xmlns:xsi="http://www.w3.org/2001/XMLSchema-instance" xsi:schemaLocation="http://rs.tdwg.org/UBIF/2006/ http://rs.tdwg.org/UBIF/2006/Schema/1.1/SDD.xsd">
  <TechnicalMetadata created="2014-12-08T01:23:29">
    <Generator name="KeyBase SDD export" version="0"/>
  </TechnicalMetadata>
  <Dataset xml:lang="en-au">
    <Representation>
      <Label xml:lang="en">Euphorbiaceae</Label>
    </Representation>
    <TaxonNames>
      <TaxonName id="i0">
        <Representation>
          <Label>Adriana</Label>
        </Representation>
      </TaxonName>
      <TaxonName id="i1">
        <Representation>
          <Label>Amperea</Label>
        </Representation>
      </TaxonName>
      <TaxonName id="i2">
        <Representation>
          <Label>Bertya</Label>
        </Representation>
      </TaxonName>
      <TaxonName id="i3">
        <Representation>
          <Label>Beyeria</Label>
        </Representation>
      </TaxonName>
      <TaxonName id="i4">
        <Representation>
          <Label>Chrozophora</Label>
        </Representation>
      </TaxonName>
      <TaxonName id="i5">
        <Representation>
          <Label>Croton</Label>
        </Representation>
      </TaxonName>
      <TaxonName id="i6">
        <Representation>
          <Label>Eremocarpus</Label>
        </Representation>
      </TaxonName>
      <TaxonName id="i7">
        <Representation>
          <Label>Euphorbia</Label>
        </Representation>
      </TaxonName>
      <TaxonName id="i8">
        <Representation>
          <Label>Micrantheum</Label>
        </Representation>
      </TaxonName>
      <TaxonName id="i9">
        <Representation>
          <Label>Phyllanthus</Label>
        </Representation>
      </TaxonName>
      <TaxonName id="i10">
        <Representation>
          <Label>Poranthera</Label>
        </Representation>
      </TaxonName>
      <TaxonName id="i11">
        <Representation>
          <Label>Pseudanthus</Label>
        </Representation>
      </TaxonName>
      <TaxonName id="i12">
        <Representation>
          <Label>Ricinocarpos</Label>
        </Representation>
      </TaxonName>
      <TaxonName id="i13">
        <Representation>
          <Label>Ricinus</Label>
        </Representation>
      </TaxonName>
      <TaxonName id="i14">
        <Representation>
          <Label>Sauropus</Label>
        </Representation>
      </TaxonName>
    </TaxonNames>
    <IdentificationKeys>
      <IdentificationKey id="k1">
        <Representation>
          <Label xml:lang="en">Euphorbiaceae</Label>
        </Representation>
        <Leads>
          <Lead id="k1l1">
            <Statement>Leaves with margins lobed and/or coarsely toothed</Statement>
          </Lead>
          <Lead id="k1l6">
            <Statement>Leaves with margins more or less entire, or leaves scale-like</Statement>
          </Lead>
          <Lead id="k1l2">
            <Parent ref="k1l1"/>
            <Statement>Leaves usually less than 8 cm wide, never palmately divided; fruit less than 15 mm long</Statement>
          </Lead>
          <Lead id="k1l5">
            <Parent ref="k1l1"/>
            <Statement>Leaves 10–30 cm wide, palmately divided into 7–9 serrate lobes; fruit a spiny capsule 15–25 mm long</Statement>
            <TaxonName ref="i13"/>
          </Lead>
          <Lead id="k1l3">
            <Parent ref="k1l2"/>
            <Statement>Leaves often lobed; petiole lacking glands</Statement>
            <TaxonName ref="i0"/>
          </Lead>
          <Lead id="k1l4">
            <Parent ref="k1l2"/>
            <Statement>Leaves never lobed; petiole with a pair of stalked glands at junction with lamina</Statement>
            <TaxonName ref="i5"/>
          </Lead>
          <Lead id="k1l7">
            <Parent ref="k1l6"/>
            <Statement>At least some flowers with a perianth; involucre of bracts absent; milky latex absent</Statement>
          </Lead>
          <Lead id="k1l37">
            <Parent ref="k1l6"/>
            <Statement>Flowers all lacking individual perianths; inflorescence consisting of 1 female flower and 8–10 male flowers, surrounded by a calyx-like involucre of bracts; plant exuding a milky latex if cut or broken</Statement>
            <TaxonName ref="i7"/>
          </Lead>
          <Lead id="k1l8">
            <Parent ref="k1l7"/>
            <Statement>Stems not leafless at flowering time; plant not broom-like</Statement>
          </Lead>
          <Lead id="k1l35">
            <Parent ref="k1l7"/>
            <Statement>Stems leafless or nearly so at flowering time; plant broom-like</Statement>
            <TaxonName ref="i1"/>
          </Lead>
          <Lead id="k1l36">
            <Parent ref="k1l7"/>
            <Statement>Stems leafless or nearly so at flowering time; plant broom-like</Statement>
            <TaxonName ref="i1"/>
          </Lead>
          <Lead id="k1l9">
            <Parent ref="k1l8"/>
            <Statement>Plants with stellate hairs at least on young shoots</Statement>
          </Lead>
          <Lead id="k1l20">
            <Parent ref="k1l8"/>
            <Statement>Plants glabrous or with simple hairs only</Statement>
          </Lead>
          <Lead id="k1l10">
            <Parent ref="k1l9"/>
            <Statement>Plant herbaceous; leaves broad-ovate to rhombic, petiole as long as lamina</Statement>
          </Lead>
          <Lead id="k1l13">
            <Parent ref="k1l9"/>
            <Statement>Plant a shrub, small tree or herb; leaves not as above, petiole much shorter than lamina</Statement>
          </Lead>
          <Lead id="k1l11">
            <Parent ref="k1l10"/>
            <Statement>Plant sparsely covered with stellate hairs; leaves entire or toothed; styles 3, bifid; capsule covered with peltate scales</Statement>
            <TaxonName ref="i4"/>
          </Lead>
          <Lead id="k1l12">
            <Parent ref="k1l10"/>
            <Statement>Plant densely covered with stellate hairs; leaves entire; style 1, simple; capsule smooth</Statement>
            <TaxonName ref="i6"/>
          </Lead>
          <Lead id="k1l14">
            <Parent ref="k1l13"/>
            <Statement>Flowers terminal (sometimes appearing axillary); both sepals and petals present at least in male flowers</Statement>
          </Lead>
          <Lead id="k1l17">
            <Parent ref="k1l13"/>
            <Statement>Flowers solitary in axils; perianth usually in 1 whorl</Statement>
          </Lead>
          <Lead id="k1l15">
            <Parent ref="k1l14"/>
            <Statement>Stipules present; petiole with a pair of stalked glands at junction with lamina; capsule c. smooth</Statement>
            <TaxonName ref="i5"/>
          </Lead>
          <Lead id="k1l16">
            <Parent ref="k1l14"/>
            <Statement>Stipules absent; petiole lacking glands; capsule muricate</Statement>
            <TaxonName ref="i12"/>
          </Lead>
          <Lead id="k1l18">
            <Parent ref="k1l17"/>
            <Statement>Stamens cohering in a central column; styles 3, almost free, deeply bifid; capsule ovoid or oblong, usually 1-seeded</Statement>
            <TaxonName ref="i2"/>
          </Lead>
          <Lead id="k1l19">
            <Parent ref="k1l17"/>
            <Statement>Stamens free; stigma sessile, entire or more or less 3-lobed; capsule subglobose, 3-seeded</Statement>
            <TaxonName ref="i3"/>
          </Lead>
          <Lead id="k1l21">
            <Parent ref="k1l20"/>
            <Statement>Stipules absent; male flowers usually with more than 9 stamens</Statement>
          </Lead>
          <Lead id="k1l26">
            <Parent ref="k1l20"/>
            <Statement>Stipules present although often minute; male flowers with 3–9 stamens</Statement>
          </Lead>
          <Lead id="k1l22">
            <Parent ref="k1l21"/>
            <Statement>Flowers solitary in axils; perianth usually in 1 whorl</Statement>
          </Lead>
          <Lead id="k1l25">
            <Parent ref="k1l21"/>
            <Statement>Flowers terminal; sepals and petals usually present in all flowers</Statement>
            <TaxonName ref="i12"/>
          </Lead>
          <Lead id="k1l23">
            <Parent ref="k1l22"/>
            <Statement>Stamens cohering in a central column; styles 3, almost free, deeply bifid; capsule ovoid or oblong, usually 1-seeded</Statement>
            <TaxonName ref="i2"/>
          </Lead>
          <Lead id="k1l24">
            <Parent ref="k1l22"/>
            <Statement>Stamens free; stigma sessile, entire or more or less 3-lobed; capsule subglobose, 3-seeded</Statement>
            <TaxonName ref="i3"/>
          </Lead>
          <Lead id="k1l27">
            <Parent ref="k1l26"/>
            <Statement>Leaves not in 3s</Statement>
          </Lead>
          <Lead id="k1l34">
            <Parent ref="k1l26"/>
            <Statement>Leaves mostly in 3s</Statement>
            <TaxonName ref="i8"/>
          </Lead>
          <Lead id="k1l28">
            <Parent ref="k1l27"/>
            <Statement>Flowers axillary</Statement>
          </Lead>
          <Lead id="k1l33">
            <Parent ref="k1l27"/>
            <Statement>Flowers terminal</Statement>
            <TaxonName ref="i10"/>
          </Lead>
          <Lead id="k1l29">
            <Parent ref="k1l28"/>
            <Statement>Stamens 3; leaves all alternate</Statement>
          </Lead>
          <Lead id="k1l32">
            <Parent ref="k1l28"/>
            <Statement>Stamens 6; some leaves opposite</Statement>
            <TaxonName ref="i11"/>
          </Lead>
          <Lead id="k1l30">
            <Parent ref="k1l29"/>
            <Statement>Disc or glands present; fruit depressed-globose</Statement>
            <TaxonName ref="i9"/>
          </Lead>
          <Lead id="k1l31">
            <Parent ref="k1l29"/>
            <Statement>Disc and glands absent; fruit ovoid or more or less globose</Statement>
            <TaxonName ref="i14"/>
          </Lead>
        </Leads>
      </IdentificationKey>
    </IdentificationKeys>
  </Dataset>
</Datasets>
