<?xml version="1.0" encoding="UTF-8"?>
<Datasets xmlns="http://rs.tdwg.org/UBIF/2006/" xmlns:xsi="http://www.w3.org/2001/XMLSchema-instance" xsi:schemaLocation="http://rs.tdwg.org/UBIF/2006/ http://rs.tdwg.org/UBIF/2006/Schema/1.1/SDD.xsd">
  <TechnicalMetadata created="2014-12-08T01:23:34">
    <Generator name="KeyBase SDD export" version="0"/>
  </TechnicalMetadata>
  <Dataset xml:lang="en-au">
    <Representation>
      <Label xml:lang="en">Euphrasia</Label>
    </Representation>
    <TaxonNames>
      <TaxonName id="i0">
        <Representation>
          <Label>Euphrasia caudata</Label>
        </Representation>
      </TaxonName>
      <TaxonName id="i1">
        <Representation>
          <Label>Euphrasia collina</Label>
        </Representation>
      </TaxonName>
      <TaxonName id="i2">
        <Representation>
          <Label>Euphrasia crassiuscula</Label>
        </Representation>
      </TaxonName>
      <TaxonName id="i3">
        <Representation>
          <Label>Euphrasia eichleri</Label>
        </Representation>
      </TaxonName>
      <TaxonName id="i4">
        <Representation>
          <Label>Euphrasia gibbsiae</Label>
        </Representation>
      </TaxonName>
      <TaxonName id="i5">
        <Representation>
          <Label>Euphrasia lasianthera</Label>
        </Representation>
      </TaxonName>
      <TaxonName id="i6">
        <Representation>
          <Label>Euphrasia scabra</Label>
        </Representation>
      </TaxonName>
    </TaxonNames>
    <IdentificationKeys>
      <IdentificationKey id="k1">
        <Representation>
          <Label xml:lang="en">Euphrasia</Label>
        </Representation>
        <Leads>
          <Lead id="k1l1">
            <Statement>Annual herb, with a single main stem, and branching in consecutive nodes</Statement>
          </Lead>
          <Lead id="k1l6">
            <Statement>Perennial herb, with after first year more than one main stem, and branching in sporadic nodes</Statement>
          </Lead>
          <Lead id="k1l2">
            <Parent ref="k1l1"/>
            <Statement>Corolla white to lilac, with yellow blotch sometimes on lower side of mouth</Statement>
          </Lead>
          <Lead id="k1l5">
            <Parent ref="k1l1"/>
            <Statement>Corolla yellow</Statement>
            <TaxonName ref="i6"/>
          </Lead>
          <Lead id="k1l3">
            <Parent ref="k1l2"/>
            <Statement>Corolla lilac, lacking purple striations. Leaves pinnatifid, the apical lobe 2–15 mm long</Statement>
            <TaxonName ref="i0"/>
          </Lead>
          <Lead id="k1l4">
            <Parent ref="k1l2"/>
            <Statement>Corolla white to lilac, with purple longitudinal striations on the lobes. Leaves crenate-serrate, the apical lobe 2–6.5 mm long</Statement>
            <TaxonName ref="i3"/>
          </Lead>
          <Lead id="k1l7">
            <Parent ref="k1l6"/>
            <Statement>Calyx and bracts without prominent eglandular hairy margin, the outer surface glabrous or glandular-hairy</Statement>
          </Lead>
          <Lead id="k1l12">
            <Parent ref="k1l6"/>
            <Statement>Calyx and bracts densely lined by soft long white eglandular hairs, the outer surface lacking glandular hairs</Statement>
            <TaxonName ref="i2"/>
          </Lead>
          <Lead id="k1l8">
            <Parent ref="k1l7"/>
            <Statement>Corolla white to lilac with prominent purple longitudinal striations on the lobes; anther backs glabrous or hairy</Statement>
          </Lead>
          <Lead id="k1l11">
            <Parent ref="k1l7"/>
            <Statement>Corolla white to lilac, not prominently lined; anther backs hairy</Statement>
            <TaxonName ref="i1"/>
          </Lead>
          <Lead id="k1l9">
            <Parent ref="k1l8"/>
            <Statement>Leaves with 1–2 pairs of teeth; anther backs glabrous</Statement>
            <TaxonName ref="i4"/>
          </Lead>
          <Lead id="k1l10">
            <Parent ref="k1l8"/>
            <Statement>Leaves with 1–7 pairs of teeth; anther backs hairy</Statement>
            <TaxonName ref="i5"/>
          </Lead>
        </Leads>
      </IdentificationKey>
    </IdentificationKeys>
  </Dataset>
</Datasets>
