<?xml version="1.0" encoding="UTF-8"?>
<Datasets xmlns="http://rs.tdwg.org/UBIF/2006/" xmlns:xsi="http://www.w3.org/2001/XMLSchema-instance" xsi:schemaLocation="http://rs.tdwg.org/UBIF/2006/ http://rs.tdwg.org/UBIF/2006/Schema/1.1/SDD.xsd">
  <TechnicalMetadata created="2014-12-08T01:23:47">
    <Generator name="KeyBase SDD export" version="0"/>
  </TechnicalMetadata>
  <Dataset xml:lang="en-au">
    <Representation>
      <Label xml:lang="en">Eurhynchium</Label>
    </Representation>
    <TaxonNames>
      <TaxonName id="i0">
        <Representation>
          <Label>Eurhynchium hians</Label>
        </Representation>
      </TaxonName>
      <TaxonName id="i1">
        <Representation>
          <Label>Eurhynchium pulchellum</Label>
        </Representation>
      </TaxonName>
      <TaxonName id="i2">
        <Representation>
          <Label>Eurhynchium striatum</Label>
        </Representation>
      </TaxonName>
      <TaxonName id="i3">
        <Representation>
          <Label>Kindbergia oregana</Label>
        </Representation>
      </TaxonName>
      <TaxonName id="i4">
        <Representation>
          <Label>Kindbergia praelonga</Label>
        </Representation>
      </TaxonName>
      <TaxonName id="i5">
        <Representation>
          <Label>Platyhypnidium riparioides</Label>
        </Representation>
      </TaxonName>
      <TaxonName id="i6">
        <Representation>
          <Label>Scleropodium colpophyllum</Label>
        </Representation>
      </TaxonName>
      <TaxonName id="i7">
        <Representation>
          <Label>Steerecleus serrulatus</Label>
        </Representation>
      </TaxonName>
    </TaxonNames>
    <IdentificationKeys>
      <IdentificationKey id="k1">
        <Representation>
          <Label xml:lang="en">Eurhynchium</Label>
        </Representation>
        <Leads>
          <Lead id="k1l1">
            <Statement>Plants regularly pinnate, often bi- or tri-pinnate; leaf margin decurrent</Statement>
          </Lead>
          <Lead id="k1l6">
            <Statement>Plants irregularly, often sparingly branched; leaf decurrency short and often inconspicuous</Statement>
          </Lead>
          <Lead id="k1l2">
            <Parent ref="k1l1"/>
            <Statement>Leaves of stems only gradually larger than those of branches, not squarrose; leafy stems mostly prostrate</Statement>
            <TaxonName ref="i2"/>
          </Lead>
          <Lead id="k1l3">
            <Parent ref="k1l1"/>
            <Statement>Leaves of stems radically and abruptly larger, broader and more decurrent than those of branches; leafy stems usually arching above the sustrate</Statement>
          </Lead>
          <Lead id="k1l4">
            <Parent ref="k1l3"/>
            <Statement>Plant regularly plumose with a single main stem from which arises shorter, nearly unbranched, lateral stems; plant mainly of coastal moderately low elevation sites</Statement>
            <TaxonName ref="i3"/>
          </Lead>
          <Lead id="k1l5">
            <Parent ref="k1l3"/>
            <Statement>Plant irregularly branched or tri- to tetra-pinnate; plant mainly of higher elevation, or of deeply shaded sites</Statement>
            <TaxonName ref="i4"/>
          </Lead>
          <Lead id="k1l7">
            <Parent ref="k1l6"/>
            <Statement>Plant complanate-foliate; leaves with a well-demarcated and laterally twisted acumen and with the cells in that acumen mostly more than 4:1</Statement>
            <TaxonName ref="i7"/>
          </Lead>
          <Lead id="k1l8">
            <Parent ref="k1l6"/>
            <Statement>Plants not complanate; leaves not acuminate or with the acumen poorly defined; cells in acumen various but often very short</Statement>
          </Lead>
          <Lead id="k1l9">
            <Parent ref="k1l8"/>
            <Statement>Leaves orbicular; leaf apices not at all acuminate, plant aquatic</Statement>
            <TaxonName ref="i5"/>
          </Lead>
          <Lead id="k1l10">
            <Parent ref="k1l8"/>
            <Statement>Leaves longer than broad; leaf apices blunt to obtuse; plant on mesic to rather dry sites</Statement>
          </Lead>
          <Lead id="k1l11">
            <Parent ref="k1l10"/>
            <Statement>Leaves deeply concave with basal cells rectangular across the entire base</Statement>
            <TaxonName ref="i6"/>
          </Lead>
          <Lead id="k1l12">
            <Parent ref="k1l10"/>
            <Statement>Leaves not deeply concave; differentiated cells of leaf base confined to alar region</Statement>
          </Lead>
          <Lead id="k1l13">
            <Parent ref="k1l12"/>
            <Statement>Leaves ovate-lanceolate with a short but blunt acumen; seta smooth</Statement>
            <TaxonName ref="i1"/>
          </Lead>
          <Lead id="k1l14">
            <Parent ref="k1l12"/>
            <Statement>Leaves elliptic to elliptic lanceolate with a broadly acute to almost obtuse apex; seta papillose throughout</Statement>
            <TaxonName ref="i0"/>
          </Lead>
        </Leads>
      </IdentificationKey>
    </IdentificationKeys>
  </Dataset>
</Datasets>
