<?xml version="1.0" encoding="UTF-8"?>
<Datasets xmlns="http://rs.tdwg.org/UBIF/2006/" xmlns:xsi="http://www.w3.org/2001/XMLSchema-instance" xsi:schemaLocation="http://rs.tdwg.org/UBIF/2006/ http://rs.tdwg.org/UBIF/2006/Schema/1.1/SDD.xsd">
  <TechnicalMetadata created="2014-12-08T01:24:14">
    <Generator name="KeyBase SDD export" version="0"/>
  </TechnicalMetadata>
  <Dataset xml:lang="en-au">
    <Representation>
      <Label xml:lang="en">Family Group 24</Label>
    </Representation>
    <TaxonNames>
      <TaxonName id="i0">
        <Representation>
          <Label>Balsaminaceae</Label>
        </Representation>
      </TaxonName>
      <TaxonName id="i1">
        <Representation>
          <Label>Bataceae</Label>
        </Representation>
      </TaxonName>
      <TaxonName id="i2">
        <Representation>
          <Label>Brassicaceae</Label>
        </Representation>
      </TaxonName>
      <TaxonName id="i3">
        <Representation>
          <Label>Caryophyllaceae</Label>
        </Representation>
      </TaxonName>
      <TaxonName id="i4">
        <Representation>
          <Label>Droseraceae</Label>
        </Representation>
      </TaxonName>
      <TaxonName id="i5">
        <Representation>
          <Label>Elatinaceae</Label>
        </Representation>
      </TaxonName>
      <TaxonName id="i6">
        <Representation>
          <Label>Ericaceae</Label>
        </Representation>
      </TaxonName>
      <TaxonName id="i7">
        <Representation>
          <Label>Euphorbiaceae</Label>
        </Representation>
      </TaxonName>
      <TaxonName id="i8">
        <Representation>
          <Label>Fabaceae</Label>
        </Representation>
      </TaxonName>
      <TaxonName id="i9">
        <Representation>
          <Label>Frankeniaceae</Label>
        </Representation>
      </TaxonName>
      <TaxonName id="i10">
        <Representation>
          <Label>Gentianaceae</Label>
        </Representation>
      </TaxonName>
      <TaxonName id="i11">
        <Representation>
          <Label>Geraniaceae</Label>
        </Representation>
      </TaxonName>
      <TaxonName id="i12">
        <Representation>
          <Label>Hydrangeaceae</Label>
        </Representation>
      </TaxonName>
      <TaxonName id="i13">
        <Representation>
          <Label>Hypericaceae</Label>
        </Representation>
      </TaxonName>
      <TaxonName id="i14">
        <Representation>
          <Label>Linaceae</Label>
        </Representation>
      </TaxonName>
      <TaxonName id="i15">
        <Representation>
          <Label>Lythraceae</Label>
        </Representation>
      </TaxonName>
      <TaxonName id="i16">
        <Representation>
          <Label>Malvaceae</Label>
        </Representation>
      </TaxonName>
      <TaxonName id="i17">
        <Representation>
          <Label>Montiaceae</Label>
        </Representation>
      </TaxonName>
      <TaxonName id="i18">
        <Representation>
          <Label>Myrsinaceae</Label>
        </Representation>
      </TaxonName>
      <TaxonName id="i19">
        <Representation>
          <Label>Papaveraceae</Label>
        </Representation>
      </TaxonName>
      <TaxonName id="i20">
        <Representation>
          <Label>Parnassiaceae</Label>
        </Representation>
      </TaxonName>
      <TaxonName id="i21">
        <Representation>
          <Label>Plumbaginaceae</Label>
        </Representation>
      </TaxonName>
      <TaxonName id="i22">
        <Representation>
          <Label>Polygalaceae</Label>
        </Representation>
      </TaxonName>
      <TaxonName id="i23">
        <Representation>
          <Label>Resedaceae</Label>
        </Representation>
      </TaxonName>
      <TaxonName id="i24">
        <Representation>
          <Label>Saxifragaceae</Label>
        </Representation>
      </TaxonName>
      <TaxonName id="i25">
        <Representation>
          <Label>Tropaeolaceae</Label>
        </Representation>
      </TaxonName>
      <TaxonName id="i26">
        <Representation>
          <Label>Violaceae</Label>
        </Representation>
      </TaxonName>
    </TaxonNames>
    <IdentificationKeys>
      <IdentificationKey id="k1">
        <Representation>
          <Label xml:lang="en">Family Group 24</Label>
        </Representation>
        <Leads>
          <Lead id="k1l1">
            <Statement>Flower bilateral</Statement>
          </Lead>
          <Lead id="k1l18">
            <Statement>Flower radial</Statement>
          </Lead>
          <Lead id="k1l2">
            <Parent ref="k1l1"/>
            <Statement>Proximal part of calyx with a protruding, hollow spur</Statement>
          </Lead>
          <Lead id="k1l5">
            <Parent ref="k1l1"/>
            <Statement>Proximal part of calyx without a protruding spur, spur 0 or fused to pedicel</Statement>
          </Lead>
          <Lead id="k1l3">
            <Parent ref="k1l2"/>
            <Statement>Leaf not peltate; ovary chambers 5, several-seeded; fruit an exploding capsule</Statement>
            <TaxonName ref="i0"/>
          </Lead>
          <Lead id="k1l4">
            <Parent ref="k1l2"/>
            <Statement>Leaf peltate; ovary chambers 3, 1-seeded; fruit breaking into 3 1-seeded mericarps</Statement>
            <TaxonName ref="i25"/>
          </Lead>
          <Lead id="k1l6">
            <Parent ref="k1l5"/>
            <Statement>Filaments of all or all but 1 stamen fused, at least proximally</Statement>
          </Lead>
          <Lead id="k1l11">
            <Parent ref="k1l5"/>
            <Statement>Filaments free (0 or fused in pairs)</Statement>
          </Lead>
          <Lead id="k1l7">
            <Parent ref="k1l6"/>
            <Statement>Petals not strongly overlapping; ovary chambers and style branches 5; style base elongating, forming a stiff beak, beak segments coiled on segments of dry fruit</Statement>
            <TaxonName ref="i11"/>
          </Lead>
          <Lead id="k1l8">
            <Parent ref="k1l6"/>
            <Statement>Petals strongly overlapping; ovary chambers 1 or 2, style unbranched, not forming beak on fruit</Statement>
          </Lead>
          <Lead id="k1l9">
            <Parent ref="k1l8"/>
            <Statement>Sepals all fused, at least at base, forming a cup-shaped to cylindric calyx tube, generally not petal-like; the odd petal [banner] uppermost, overlapping the margins of the 2 upper lateral petals; lower 2 lateral petals generally free at base but fused toward the tip, forming a keel that encloses stamens and ovary; fruit a legume or indehiscent pod</Statement>
            <TaxonName ref="i8"/>
          </Lead>
          <Lead id="k1l10">
            <Parent ref="k1l8"/>
            <Statement>Sepals free, 2 of them petal-like, spreading and very different from the other 3; the odd petal lowermost, often appendaged, folded and forming a keel enclosing stamens and ovary, a banner petal never present; fruit a flattened capsule</Statement>
            <TaxonName ref="i22"/>
          </Lead>
          <Lead id="k1l12">
            <Parent ref="k1l11"/>
            <Statement>Flowers solitary; petals 5</Statement>
            <TaxonName ref="i26"/>
          </Lead>
          <Lead id="k1l13">
            <Parent ref="k1l11"/>
            <Statement>Flowers in raceme or spike; petals 2 or 4</Statement>
          </Lead>
          <Lead id="k1l14">
            <Parent ref="k1l13"/>
            <Statement>Inflorescence a spike; ovary 4-lobed, stigmas 4; developing fruit open at tip; stamens 3--4</Statement>
            <TaxonName ref="i23"/>
          </Lead>
          <Lead id="k1l15">
            <Parent ref="k1l13"/>
            <Statement>Inflorescence a raceme or panicle; ovary unlobed or 2-lobed, stigma 1--2; developing fruit closed at tip</Statement>
          </Lead>
          <Lead id="k1l16">
            <Parent ref="k1l15"/>
            <Statement>Sepals free to base; stamens 6; flowers not subtended by bracts</Statement>
            <TaxonName ref="i2"/>
          </Lead>
          <Lead id="k1l17">
            <Parent ref="k1l15"/>
            <Statement>Sepals proximally fused to hypanthium; stamens 3; each flower subtended by a bract</Statement>
            <TaxonName ref="i24"/>
          </Lead>
          <Lead id="k1l19">
            <Parent ref="k1l18"/>
            <Statement>Plants without green pigmentation</Statement>
            <TaxonName ref="i6"/>
          </Lead>
          <Lead id="k1l20">
            <Parent ref="k1l18"/>
            <Statement>Plants green and photosynthetic</Statement>
          </Lead>
          <Lead id="k1l21">
            <Parent ref="k1l20"/>
            <Statement>Petals 4</Statement>
          </Lead>
          <Lead id="k1l38">
            <Parent ref="k1l20"/>
            <Statement>Petals 5 or more</Statement>
          </Lead>
          <Lead id="k1l22">
            <Parent ref="k1l21"/>
            <Statement>Leaves alternate, sometimes all basal</Statement>
          </Lead>
          <Lead id="k1l25">
            <Parent ref="k1l21"/>
            <Statement>Leaves opposite or whorled</Statement>
          </Lead>
          <Lead id="k1l23">
            <Parent ref="k1l22"/>
            <Statement>Leaves +- fleshy; sepals 2</Statement>
            <TaxonName ref="i17"/>
          </Lead>
          <Lead id="k1l24">
            <Parent ref="k1l22"/>
            <Statement>Leaves not fleshy; sepals 4</Statement>
            <TaxonName ref="i2"/>
          </Lead>
          <Lead id="k1l26">
            <Parent ref="k1l25"/>
            <Statement>Leaves +- cylindric or 3-angled in &times;-section, fleshy; flowers unisexual, dioecious perennial herb or subshrub; petals present only in staminate flowers</Statement>
            <TaxonName ref="i1"/>
          </Lead>
          <Lead id="k1l27">
            <Parent ref="k1l25"/>
            <Statement>Leaves not fleshy; flowers bisexual, annual to subshrub; petals present in all flowers</Statement>
          </Lead>
          <Lead id="k1l28">
            <Parent ref="k1l27"/>
            <Statement>Sepals free or nearly so, hypanthium 0</Statement>
          </Lead>
          <Lead id="k1l33">
            <Parent ref="k1l27"/>
            <Statement>Sepals fused, at least toward base, or hypanthium present</Statement>
          </Lead>
          <Lead id="k1l29">
            <Parent ref="k1l28"/>
            <Statement>Petals 6--20 mm, each bearing a prominent, fringed appendage</Statement>
            <TaxonName ref="i10"/>
          </Lead>
          <Lead id="k1l30">
            <Parent ref="k1l28"/>
            <Statement>Petals &lt;= 6 mm, not appendaged</Statement>
          </Lead>
          <Lead id="k1l31">
            <Parent ref="k1l30"/>
            <Statement>Flowers pedicelled, terminal or from distal axils, sometimes in cymes; leaf without stipules; stamens 4 or 8</Statement>
            <TaxonName ref="i3"/>
          </Lead>
          <Lead id="k1l32">
            <Parent ref="k1l30"/>
            <Statement>Flowers +- sessile in leaf axils (pedicel elongating in fruit); leaf with stipules; stamens 8</Statement>
            <TaxonName ref="i5"/>
          </Lead>
          <Lead id="k1l34">
            <Parent ref="k1l33"/>
            <Statement>Leaves generally shallowly few-toothed; inflorescence a dense cyme or raceme borne on a terminal peduncle --- ovary actually 1/2 inferior but easily misinterpreted as superior</Statement>
            <TaxonName ref="i12"/>
          </Lead>
          <Lead id="k1l35">
            <Parent ref="k1l33"/>
            <Statement>Leaves entire; inflorescence of axillary or terminal cymes or flowers solitary, axillary</Statement>
          </Lead>
          <Lead id="k1l36">
            <Parent ref="k1l35"/>
            <Statement>Petals borne on receptacle; style 2--3(4)-branched, rarely unbranched</Statement>
            <TaxonName ref="i9"/>
          </Lead>
          <Lead id="k1l37">
            <Parent ref="k1l35"/>
            <Statement>Petals borne on inner face of hypanthium; style unbranched</Statement>
            <TaxonName ref="i15"/>
          </Lead>
          <Lead id="k1l39">
            <Parent ref="k1l38"/>
            <Statement>Flower unisexual</Statement>
            <TaxonName ref="i7"/>
          </Lead>
          <Lead id="k1l40">
            <Parent ref="k1l38"/>
            <Statement>Flower bisexual</Statement>
          </Lead>
          <Lead id="k1l41">
            <Parent ref="k1l40"/>
            <Statement>Sepals 2 or 3</Statement>
          </Lead>
          <Lead id="k1l44">
            <Parent ref="k1l40"/>
            <Statement>Sepals 5 or more</Statement>
          </Lead>
          <Lead id="k1l42">
            <Parent ref="k1l41"/>
            <Statement>Leaves +- fleshy; sepals persistent on opened flower and fruit</Statement>
            <TaxonName ref="i17"/>
          </Lead>
          <Lead id="k1l43">
            <Parent ref="k1l41"/>
            <Statement>Leaves not fleshy; sepals early-deciduous, 0 in open flower and fruit</Statement>
            <TaxonName ref="i19"/>
          </Lead>
          <Lead id="k1l45">
            <Parent ref="k1l44"/>
            <Statement>Stamens &gt; in number than petals</Statement>
          </Lead>
          <Lead id="k1l66">
            <Parent ref="k1l44"/>
            <Statement>Stamens = in number to petals or fewer</Statement>
          </Lead>
          <Lead id="k1l46">
            <Parent ref="k1l45"/>
            <Statement>Leaves alternate, sometimes all basal</Statement>
          </Lead>
          <Lead id="k1l53">
            <Parent ref="k1l45"/>
            <Statement>Leaves opposite or whorled</Statement>
          </Lead>
          <Lead id="k1l47">
            <Parent ref="k1l46"/>
            <Statement>Style branches and stigmas 5; style elongating, forming a beak; ovules 1 per ovary chamber; fruit breaking into 5 one-seeded mericarps, each tipped with a coiled beak segment</Statement>
            <TaxonName ref="i11"/>
          </Lead>
          <Lead id="k1l48">
            <Parent ref="k1l46"/>
            <Statement>Styles or style branches 1--3, stigmas 1--3; style not elongating or forming a beak; ovules several--many per ovary chamber; fruit a capsule</Statement>
          </Lead>
          <Lead id="k1l49">
            <Parent ref="k1l48"/>
            <Statement>Stigmas 2--3, sessile or borne on 2--3 styles or style branches</Statement>
            <TaxonName ref="i24"/>
          </Lead>
          <Lead id="k1l50">
            <Parent ref="k1l48"/>
            <Statement>Stigma 1, sessile or borne on an unbranched style</Statement>
          </Lead>
          <Lead id="k1l51">
            <Parent ref="k1l50"/>
            <Statement>Flower disk-shaped, without a hypanthium; stamens dehiscent by pores</Statement>
            <TaxonName ref="i6"/>
          </Lead>
          <Lead id="k1l52">
            <Parent ref="k1l50"/>
            <Statement>Flower with a tubular hypanthium; stamens dehiscent along the sides by slits</Statement>
            <TaxonName ref="i15"/>
          </Lead>
          <Lead id="k1l54">
            <Parent ref="k1l53"/>
            <Statement>Stigma and style 1</Statement>
          </Lead>
          <Lead id="k1l57">
            <Parent ref="k1l53"/>
            <Statement>Stigmas 2--6</Statement>
          </Lead>
          <Lead id="k1l55">
            <Parent ref="k1l54"/>
            <Statement>Flower without a hypanthium; leaf toothed</Statement>
            <TaxonName ref="i6"/>
          </Lead>
          <Lead id="k1l56">
            <Parent ref="k1l54"/>
            <Statement>Flower with a tubular hypanthium; leaf entire</Statement>
            <TaxonName ref="i15"/>
          </Lead>
          <Lead id="k1l58">
            <Parent ref="k1l57"/>
            <Statement>Leaf lobed; opposite leaves a single pair, the remainder all basal; stigmas 3 --- ovary chamber 1, placentas parietal --- ovary actually +- 1/2 inferior</Statement>
            <TaxonName ref="i24"/>
          </Lead>
          <Lead id="k1l59">
            <Parent ref="k1l57"/>
            <Statement>Leaf entire or shallowly toothed; opposite leaves generally several--many pairs; stigmas 2--6</Statement>
          </Lead>
          <Lead id="k1l60">
            <Parent ref="k1l59"/>
            <Statement>Leaf entire; ovary chamber 1 (rarely 2--4)</Statement>
          </Lead>
          <Lead id="k1l63">
            <Parent ref="k1l59"/>
            <Statement>Leaf crenate-serrate to serrate; ovary chambers 5--6</Statement>
          </Lead>
          <Lead id="k1l61">
            <Parent ref="k1l60"/>
            <Statement>Leaf not gland-dotted; petals white to pink, purple, or red; placentas free-central (axile)</Statement>
            <TaxonName ref="i3"/>
          </Lead>
          <Lead id="k1l62">
            <Parent ref="k1l60"/>
            <Statement>Leaf gland-dotted; petals yellow; placentas parietal</Statement>
            <TaxonName ref="i13"/>
          </Lead>
          <Lead id="k1l64">
            <Parent ref="k1l63"/>
            <Statement>Flowers 1--few, sessile or short-pedicelled in leaf axils; annual; leaf teeth gland-tipped</Statement>
            <TaxonName ref="i5"/>
          </Lead>
          <Lead id="k1l65">
            <Parent ref="k1l63"/>
            <Statement>Flowers in a dense cyme or raceme borne on a terminal peduncle; perennial herb to subshrub; leaf teeth not gland-tipped --- ovary actually 1/2 inferior but easily misinterpreted as superior</Statement>
            <TaxonName ref="i12"/>
          </Lead>
          <Lead id="k1l67">
            <Parent ref="k1l66"/>
            <Statement>Leaves opposite or whorled</Statement>
          </Lead>
          <Lead id="k1l80">
            <Parent ref="k1l66"/>
            <Statement>Leaves alternate, sometimes all basal</Statement>
          </Lead>
          <Lead id="k1l68">
            <Parent ref="k1l67"/>
            <Statement>Leaves, or at least distal-most, toothed or lobed (proximally generally entire in _Sclerolinon_)</Statement>
          </Lead>
          <Lead id="k1l71">
            <Parent ref="k1l67"/>
            <Statement>Leaves entire</Statement>
          </Lead>
          <Lead id="k1l69">
            <Parent ref="k1l68"/>
            <Statement>Petals white to pink or purple; inflorescence an umbel</Statement>
            <TaxonName ref="i11"/>
          </Lead>
          <Lead id="k1l70">
            <Parent ref="k1l68"/>
            <Statement>Petals yellow; inflorescence a cyme</Statement>
            <TaxonName ref="i14"/>
          </Lead>
          <Lead id="k1l72">
            <Parent ref="k1l71"/>
            <Statement>Stamens opposite petals --- petals actually fused but easily misinterpreted as free</Statement>
            <TaxonName ref="i18"/>
          </Lead>
          <Lead id="k1l73">
            <Parent ref="k1l71"/>
            <Statement>Stamens alternate petals or of different numbers</Statement>
          </Lead>
          <Lead id="k1l74">
            <Parent ref="k1l73"/>
            <Statement>Sepals evidently fused above base</Statement>
          </Lead>
          <Lead id="k1l77">
            <Parent ref="k1l73"/>
            <Statement>Sepals free or nearly so</Statement>
          </Lead>
          <Lead id="k1l75">
            <Parent ref="k1l74"/>
            <Statement>Leaf +- linear, acute</Statement>
            <TaxonName ref="i3"/>
          </Lead>
          <Lead id="k1l76">
            <Parent ref="k1l74"/>
            <Statement>Leaf oblong to obovate, obtuse, margin often curled under and leaf appearing narrower</Statement>
            <TaxonName ref="i9"/>
          </Lead>
          <Lead id="k1l78">
            <Parent ref="k1l77"/>
            <Statement>Petals without fringed nectary pits</Statement>
            <TaxonName ref="i3"/>
          </Lead>
          <Lead id="k1l79">
            <Parent ref="k1l77"/>
            <Statement>Base or center of each petal with 2 fringed nectary pits (sometimes appearing as 1 due to overlapping fringes) --- petals actually fused but easily misinterpreted as free</Statement>
            <TaxonName ref="i10"/>
          </Lead>
          <Lead id="k1l81">
            <Parent ref="k1l80"/>
            <Statement>Leaf linear, entire</Statement>
          </Lead>
          <Lead id="k1l84">
            <Parent ref="k1l80"/>
            <Statement>Leaf wider, often toothed or lobed</Statement>
          </Lead>
          <Lead id="k1l82">
            <Parent ref="k1l81"/>
            <Statement>Leaves cauline; flowers solitary or in racemes, panicles, or cymes</Statement>
            <TaxonName ref="i14"/>
          </Lead>
          <Lead id="k1l83">
            <Parent ref="k1l81"/>
            <Statement>Leaves all basal; flowers in scapose heads</Statement>
            <TaxonName ref="i21"/>
          </Lead>
          <Lead id="k1l85">
            <Parent ref="k1l84"/>
            <Statement>Leaf covered with long, gland-tipped, insect-trapping hairs</Statement>
            <TaxonName ref="i4"/>
          </Lead>
          <Lead id="k1l86">
            <Parent ref="k1l84"/>
            <Statement>Leaf without insect-trapping hairs</Statement>
          </Lead>
          <Lead id="k1l87">
            <Parent ref="k1l86"/>
            <Statement>Styles, style branches, or stigmas 2--4</Statement>
          </Lead>
          <Lead id="k1l92">
            <Parent ref="k1l86"/>
            <Statement>Styles or style branches 5 or more</Statement>
          </Lead>
          <Lead id="k1l88">
            <Parent ref="k1l87"/>
            <Statement>Flowers solitary; stamens alternating with toothed or fringed staminodes; stigmas 4</Statement>
            <TaxonName ref="i20"/>
          </Lead>
          <Lead id="k1l89">
            <Parent ref="k1l87"/>
            <Statement>Flowers 2--many; staminodes 0; stigmas 2--3</Statement>
          </Lead>
          <Lead id="k1l90">
            <Parent ref="k1l89"/>
            <Statement>Annual; leaf veins pinnate or lateral veins obscure; hypanthium 0; ovary unlobed</Statement>
            <TaxonName ref="i14"/>
          </Lead>
          <Lead id="k1l91">
            <Parent ref="k1l89"/>
            <Statement>Perennial herb; leaf veins +- palmate; hypanthium present; ovary generally 2--3-lobed distally</Statement>
            <TaxonName ref="i24"/>
          </Lead>
          <Lead id="k1l93">
            <Parent ref="k1l92"/>
            <Statement>Filaments fused in tube around style; petals thread-like</Statement>
            <TaxonName ref="i16"/>
          </Lead>
          <Lead id="k1l94">
            <Parent ref="k1l92"/>
            <Statement>Filaments free or fused only at base; petals wider</Statement>
          </Lead>
          <Lead id="k1l95">
            <Parent ref="k1l94"/>
            <Statement>Style elongating, forming a beak; fruit breaking into 5 one-seeded mericarps, each tipped with a coiled beak segment; flowers in umbels</Statement>
            <TaxonName ref="i11"/>
          </Lead>
          <Lead id="k1l96">
            <Parent ref="k1l94"/>
            <Statement>Styles not elongating and forming a beak; fruit not breaking into mericarps; flowers in a raceme, cyme, or panicle-like inflorescence</Statement>
          </Lead>
          <Lead id="k1l97">
            <Parent ref="k1l96"/>
            <Statement>Sepals free, +- green; fruit a capsule, 5- or 10-seeded; flowers in a raceme or cyme</Statement>
            <TaxonName ref="i14"/>
          </Lead>
          <Lead id="k1l98">
            <Parent ref="k1l96"/>
            <Statement>Sepals fused, generally pink to blue; fruit indehiscent, 1-seeded; flowers in a panicle-like inflorescence</Statement>
            <TaxonName ref="i21"/>
          </Lead>
        </Leads>
      </IdentificationKey>
    </IdentificationKeys>
  </Dataset>
</Datasets>
