<?xml version="1.0" encoding="UTF-8"?>
<Datasets xmlns="http://rs.tdwg.org/UBIF/2006/" xmlns:xsi="http://www.w3.org/2001/XMLSchema-instance" xsi:schemaLocation="http://rs.tdwg.org/UBIF/2006/ http://rs.tdwg.org/UBIF/2006/Schema/1.1/SDD.xsd">
  <TechnicalMetadata created="2014-12-08T01:24:13">
    <Generator name="KeyBase SDD export" version="0"/>
  </TechnicalMetadata>
  <Dataset xml:lang="en-au">
    <Representation>
      <Label xml:lang="en">Family Group 6</Label>
    </Representation>
    <TaxonNames>
      <TaxonName id="i0">
        <Representation>
          <Label>Alismataceae</Label>
        </Representation>
      </TaxonName>
      <TaxonName id="i1">
        <Representation>
          <Label>Amaranthaceae</Label>
        </Representation>
      </TaxonName>
      <TaxonName id="i2">
        <Representation>
          <Label>Apiaceae</Label>
        </Representation>
      </TaxonName>
      <TaxonName id="i3">
        <Representation>
          <Label>Apodanthaceae</Label>
        </Representation>
      </TaxonName>
      <TaxonName id="i4">
        <Representation>
          <Label>Araceae</Label>
        </Representation>
      </TaxonName>
      <TaxonName id="i5">
        <Representation>
          <Label>Asteraceae</Label>
        </Representation>
      </TaxonName>
      <TaxonName id="i6">
        <Representation>
          <Label>Bataceae</Label>
        </Representation>
      </TaxonName>
      <TaxonName id="i7">
        <Representation>
          <Label>Cannabaceae</Label>
        </Representation>
      </TaxonName>
      <TaxonName id="i8">
        <Representation>
          <Label>Caryophyllaceae</Label>
        </Representation>
      </TaxonName>
      <TaxonName id="i9">
        <Representation>
          <Label>Ceratophyllaceae</Label>
        </Representation>
      </TaxonName>
      <TaxonName id="i10">
        <Representation>
          <Label>Chenopodiaceae</Label>
        </Representation>
      </TaxonName>
      <TaxonName id="i11">
        <Representation>
          <Label>Crassulaceae</Label>
        </Representation>
      </TaxonName>
      <TaxonName id="i12">
        <Representation>
          <Label>Cucurbitaceae</Label>
        </Representation>
      </TaxonName>
      <TaxonName id="i13">
        <Representation>
          <Label>Cyperaceae</Label>
        </Representation>
      </TaxonName>
      <TaxonName id="i14">
        <Representation>
          <Label>Datiscaceae</Label>
        </Representation>
      </TaxonName>
      <TaxonName id="i15">
        <Representation>
          <Label>Euphorbiaceae</Label>
        </Representation>
      </TaxonName>
      <TaxonName id="i16">
        <Representation>
          <Label>Haloragaceae</Label>
        </Representation>
      </TaxonName>
      <TaxonName id="i17">
        <Representation>
          <Label>Hydrocharitaceae</Label>
        </Representation>
      </TaxonName>
      <TaxonName id="i18">
        <Representation>
          <Label>Melanthiaceae</Label>
        </Representation>
      </TaxonName>
      <TaxonName id="i19">
        <Representation>
          <Label>Poaceae</Label>
        </Representation>
      </TaxonName>
      <TaxonName id="i20">
        <Representation>
          <Label>Polygonaceae</Label>
        </Representation>
      </TaxonName>
      <TaxonName id="i21">
        <Representation>
          <Label>Ranunculaceae</Label>
        </Representation>
      </TaxonName>
      <TaxonName id="i22">
        <Representation>
          <Label>Rosaceae</Label>
        </Representation>
      </TaxonName>
      <TaxonName id="i23">
        <Representation>
          <Label>Rubiaceae</Label>
        </Representation>
      </TaxonName>
      <TaxonName id="i24">
        <Representation>
          <Label>Ruscaceae</Label>
        </Representation>
      </TaxonName>
      <TaxonName id="i25">
        <Representation>
          <Label>Smilacaceae</Label>
        </Representation>
      </TaxonName>
      <TaxonName id="i26">
        <Representation>
          <Label>Typhaceae</Label>
        </Representation>
      </TaxonName>
      <TaxonName id="i27">
        <Representation>
          <Label>Urticaceae</Label>
        </Representation>
      </TaxonName>
      <TaxonName id="i28">
        <Representation>
          <Label>Viscaceae</Label>
        </Representation>
      </TaxonName>
      <TaxonName id="i29">
        <Representation>
          <Label>Zosteraceae</Label>
        </Representation>
      </TaxonName>
    </TaxonNames>
    <IdentificationKeys>
      <IdentificationKey id="k1">
        <Representation>
          <Label xml:lang="en">Family Group 6</Label>
        </Representation>
        <Leads>
          <Lead id="k1l1">
            <Statement>Plant fully aquatic, submersed, floating in water, or stranded on mud</Statement>
          </Lead>
          <Lead id="k1l12">
            <Statement>Plant terrestrial or parasitic on stem of woody host plant, or if growing in wet habitat, rooted in place and emerging well above water surface</Statement>
          </Lead>
          <Lead id="k1l2">
            <Parent ref="k1l1"/>
            <Statement>Plant generally free-floating, at or just below water surface, plant body 0.4--10 mm; leaves and stems not differentiated; roots 0--few, unbranched --- stamens emerging from tiny lateral, membrane-covered pouch or from minute cavity on top of plant body</Statement>
            <TaxonName ref="i4"/>
          </Lead>
          <Lead id="k1l3">
            <Parent ref="k1l1"/>
            <Statement>Plant rooted in bottom sediments or free-floating, &gt;&gt; 10 mm; leaves and stems clearly differentiated; roots often branched</Statement>
          </Lead>
          <Lead id="k1l4">
            <Parent ref="k1l3"/>
            <Statement>Leaves alternate</Statement>
          </Lead>
          <Lead id="k1l7">
            <Parent ref="k1l3"/>
            <Statement>Leaves opposite or whorled</Statement>
          </Lead>
          <Lead id="k1l5">
            <Parent ref="k1l4"/>
            <Statement>Flowers in dense, spheric heads, these solitary or in axillary or terminal clusters, not enclosed in leaf sheaths; freshwater habitats</Statement>
            <TaxonName ref="i26"/>
          </Lead>
          <Lead id="k1l6">
            <Parent ref="k1l4"/>
            <Statement>Flowers in axillary spikes, these generally enclosed and concealed in sheaths of subtending leaves; marine habitats</Statement>
            <TaxonName ref="i29"/>
          </Lead>
          <Lead id="k1l8">
            <Parent ref="k1l7"/>
            <Statement>Leaf blades entire, toothed, or shallowly lobed</Statement>
            <TaxonName ref="i17"/>
          </Lead>
          <Lead id="k1l9">
            <Parent ref="k1l7"/>
            <Statement>Leaf blades [at least those of submersed leaves] divided into linear or thread-like lobes</Statement>
          </Lead>
          <Lead id="k1l10">
            <Parent ref="k1l9"/>
            <Statement>Blades of leaves repeatedly forked</Statement>
            <TaxonName ref="i9"/>
          </Lead>
          <Lead id="k1l11">
            <Parent ref="k1l9"/>
            <Statement>Blades of leaves pinnately divided</Statement>
            <TaxonName ref="i16"/>
          </Lead>
          <Lead id="k1l13">
            <Parent ref="k1l12"/>
            <Statement>Plant parasitic on stem of woody host plant</Statement>
          </Lead>
          <Lead id="k1l16">
            <Parent ref="k1l12"/>
            <Statement>Plant free-living</Statement>
          </Lead>
          <Lead id="k1l14">
            <Parent ref="k1l13"/>
            <Statement>Flowers of parasite borne directly on stems of host; remainder of parasite internal within tissues of host; stems and leaves not differentiated; on _Psorothamnus_</Statement>
            <TaxonName ref="i3"/>
          </Lead>
          <Lead id="k1l15">
            <Parent ref="k1l13"/>
            <Statement>Flowers borne on leafy branches of parasite; shoots of parasite external; leaves differentiated though sometimes reduced to scales; on various woody hosts [not _Psorothamnus_]</Statement>
            <TaxonName ref="i28"/>
          </Lead>
          <Lead id="k1l17">
            <Parent ref="k1l16"/>
            <Statement>Leaves opposite or whorled, not all basal</Statement>
          </Lead>
          <Lead id="k1l30">
            <Parent ref="k1l16"/>
            <Statement>Leaves alternate or all basal</Statement>
          </Lead>
          <Lead id="k1l18">
            <Parent ref="k1l17"/>
            <Statement>Stems or leaves thick and fleshy; inflorescence a terminal spike</Statement>
          </Lead>
          <Lead id="k1l21">
            <Parent ref="k1l17"/>
            <Statement>Stems and leaves of normal texture, not thick and fleshy; inflorescences various</Statement>
          </Lead>
          <Lead id="k1l19">
            <Parent ref="k1l18"/>
            <Statement>Leaves +- cylindric or 3-angled in &times;-section; petal-like perianth parts 4</Statement>
            <TaxonName ref="i6"/>
          </Lead>
          <Lead id="k1l20">
            <Parent ref="k1l18"/>
            <Statement>Leaves fleshy, scale-like; petal-like perianth parts 0</Statement>
            <TaxonName ref="i10"/>
          </Lead>
          <Lead id="k1l22">
            <Parent ref="k1l21"/>
            <Statement>Leaves palmately compound or simple and deeply lobed</Statement>
            <TaxonName ref="i7"/>
          </Lead>
          <Lead id="k1l23">
            <Parent ref="k1l21"/>
            <Statement>Leaves simple, entire or toothed</Statement>
          </Lead>
          <Lead id="k1l24">
            <Parent ref="k1l23"/>
            <Statement>Leaves whorled</Statement>
            <TaxonName ref="i23"/>
          </Lead>
          <Lead id="k1l25">
            <Parent ref="k1l23"/>
            <Statement>Leaves opposite</Statement>
          </Lead>
          <Lead id="k1l26">
            <Parent ref="k1l25"/>
            <Statement>Leaves sessile or nearly so, entire</Statement>
            <TaxonName ref="i8"/>
          </Lead>
          <Lead id="k1l27">
            <Parent ref="k1l25"/>
            <Statement>Leaves conspicuously petioled, toothed</Statement>
          </Lead>
          <Lead id="k1l28">
            <Parent ref="k1l27"/>
            <Statement>Stamens 8--15(20); stinging hairs 0</Statement>
            <TaxonName ref="i15"/>
          </Lead>
          <Lead id="k1l29">
            <Parent ref="k1l27"/>
            <Statement>Stamens 4; stinging hairs present or 0</Statement>
            <TaxonName ref="i27"/>
          </Lead>
          <Lead id="k1l31">
            <Parent ref="k1l30"/>
            <Statement>Leaves stiff and sword-like, 5--15 dm; inflorescence a large panicle; perianth parts 6</Statement>
            <TaxonName ref="i24"/>
          </Lead>
          <Lead id="k1l32">
            <Parent ref="k1l30"/>
            <Statement>Leaves not sword-like, often smaller; inflorescences various; perianth parts often other than 6</Statement>
          </Lead>
          <Lead id="k1l33">
            <Parent ref="k1l32"/>
            <Statement>Leaf blades linear or narrowly lanceolate, simple and entire, veins parallel; leaf bases sheathing</Statement>
          </Lead>
          <Lead id="k1l38">
            <Parent ref="k1l32"/>
            <Statement>Leaf blades variously shaped, sometimes toothed, lobed, or compound, veins mostly pinnate or palmate; leaf bases generally not sheathing</Statement>
          </Lead>
          <Lead id="k1l34">
            <Parent ref="k1l33"/>
            <Statement>Inflorescence a panicle or raceme of showy flowers; perianth parts all petal-like, white to +- yellow, each with a glistening, +- green-yellow gland in proximal half</Statement>
            <TaxonName ref="i18"/>
          </Lead>
          <Lead id="k1l35">
            <Parent ref="k1l33"/>
            <Statement>Inflorescence a cluster of spikelets (sometimes panicle- or raceme-like); perianth parts 0 or minute scales</Statement>
          </Lead>
          <Lead id="k1l36">
            <Parent ref="k1l35"/>
            <Statement>Stem triangular, nodes not swollen; leaf blades channeled</Statement>
            <TaxonName ref="i13"/>
          </Lead>
          <Lead id="k1l37">
            <Parent ref="k1l35"/>
            <Statement>Stem round; nodes generally swollen and knot-like; leaf blades generally flat</Statement>
            <TaxonName ref="i19"/>
          </Lead>
          <Lead id="k1l39">
            <Parent ref="k1l38"/>
            <Statement>Ocreae present, persistent or not; nodes generally swollen</Statement>
            <TaxonName ref="i20"/>
          </Lead>
          <Lead id="k1l40">
            <Parent ref="k1l38"/>
            <Statement>Ocreae 0; nodes generally not swollen</Statement>
          </Lead>
          <Lead id="k1l41">
            <Parent ref="k1l40"/>
            <Statement>Leaves all basal</Statement>
          </Lead>
          <Lead id="k1l46">
            <Parent ref="k1l40"/>
            <Statement>At least some leaves cauline</Statement>
          </Lead>
          <Lead id="k1l42">
            <Parent ref="k1l41"/>
            <Statement>Leaves compound, leaflets 3; perianth parts in 5s; stolons present</Statement>
            <TaxonName ref="i22"/>
          </Lead>
          <Lead id="k1l43">
            <Parent ref="k1l41"/>
            <Statement>Leaves simple, entire; perianth parts in 3s; stolons 0</Statement>
          </Lead>
          <Lead id="k1l44">
            <Parent ref="k1l43"/>
            <Statement>Perianth clearly differentiated into sepals and petals; plant +- emergent aquatic, annual or perennial herb</Statement>
            <TaxonName ref="i0"/>
          </Lead>
          <Lead id="k1l45">
            <Parent ref="k1l43"/>
            <Statement>Perianth whorls not strongly differentiated, outer and inner similar; plant terrestrial, matted per</Statement>
            <TaxonName ref="i20"/>
          </Lead>
          <Lead id="k1l47">
            <Parent ref="k1l46"/>
            <Statement>Plants vines</Statement>
          </Lead>
          <Lead id="k1l52">
            <Parent ref="k1l46"/>
            <Statement>Plants prostrate to erect herbs</Statement>
          </Lead>
          <Lead id="k1l48">
            <Parent ref="k1l47"/>
            <Statement>Tendrils 0; perianth parts not at all petal-like; stamens free</Statement>
            <TaxonName ref="i7"/>
          </Lead>
          <Lead id="k1l49">
            <Parent ref="k1l47"/>
            <Statement>Tendrils present; perianth parts petal-like</Statement>
          </Lead>
          <Lead id="k1l50">
            <Parent ref="k1l49"/>
            <Statement>Perianth parts fused, at least at base; stamens fused, number difficult to determine</Statement>
            <TaxonName ref="i12"/>
          </Lead>
          <Lead id="k1l51">
            <Parent ref="k1l49"/>
            <Statement>Perianth parts free; stamens 6, free</Statement>
            <TaxonName ref="i25"/>
          </Lead>
          <Lead id="k1l53">
            <Parent ref="k1l52"/>
            <Statement>Flowers in heads or umbels</Statement>
          </Lead>
          <Lead id="k1l60">
            <Parent ref="k1l52"/>
            <Statement>Flowers in axillary clusters, racemes, or panicles</Statement>
          </Lead>
          <Lead id="k1l54">
            <Parent ref="k1l53"/>
            <Statement>Inflorescence a simple or compound umbel</Statement>
            <TaxonName ref="i2"/>
          </Lead>
          <Lead id="k1l55">
            <Parent ref="k1l53"/>
            <Statement>Inflorescence of 1 or more heads</Statement>
          </Lead>
          <Lead id="k1l56">
            <Parent ref="k1l55"/>
            <Statement>Heads without involucres</Statement>
            <TaxonName ref="i10"/>
          </Lead>
          <Lead id="k1l57">
            <Parent ref="k1l55"/>
            <Statement>Heads each subtended by an involucre</Statement>
          </Lead>
          <Lead id="k1l58">
            <Parent ref="k1l57"/>
            <Statement>Stamens free; petals free</Statement>
            <TaxonName ref="i2"/>
          </Lead>
          <Lead id="k1l59">
            <Parent ref="k1l57"/>
            <Statement>Stamens fused by their anthers; petals fused or 0</Statement>
            <TaxonName ref="i5"/>
          </Lead>
          <Lead id="k1l61">
            <Parent ref="k1l60"/>
            <Statement>Leaves deeply lobed or compound</Statement>
          </Lead>
          <Lead id="k1l68">
            <Parent ref="k1l60"/>
            <Statement>Leaves entire or toothed</Statement>
          </Lead>
          <Lead id="k1l62">
            <Parent ref="k1l61"/>
            <Statement>Leaves palmately compound, the leaflets serrate</Statement>
            <TaxonName ref="i7"/>
          </Lead>
          <Lead id="k1l63">
            <Parent ref="k1l61"/>
            <Statement>Leaves pinnately dissected or compound, the lobes or leaflets entire to coarsely toothed</Statement>
          </Lead>
          <Lead id="k1l64">
            <Parent ref="k1l63"/>
            <Statement>Leaves simple or 1-pinnate; anthers subsessile, 3--6 mm --- sepals 4--9, inflorescence a leafy raceme or panicle</Statement>
            <TaxonName ref="i14"/>
          </Lead>
          <Lead id="k1l65">
            <Parent ref="k1l63"/>
            <Statement>Leaves 2--4-pinnate; anthers exserted on slender filaments</Statement>
          </Lead>
          <Lead id="k1l66">
            <Parent ref="k1l65"/>
            <Statement>Leaflets coarsely crenate or shallowly lobed; sepals 4--5; petals 0; anthers linear, 1.5--5 mm; inflorescence an open panicle</Statement>
            <TaxonName ref="i21"/>
          </Lead>
          <Lead id="k1l67">
            <Parent ref="k1l65"/>
            <Statement>Leaflets 2-serrate; sepals 5; petals 5; anthers oval, &lt; 1 mm; inflorescence a panicle of dense spikes</Statement>
            <TaxonName ref="i22"/>
          </Lead>
          <Lead id="k1l69">
            <Parent ref="k1l68"/>
            <Statement>Blades of leaves with several main veins; perianth parts &gt;= 6 mm</Statement>
            <TaxonName ref="i18"/>
          </Lead>
          <Lead id="k1l70">
            <Parent ref="k1l68"/>
            <Statement>Blades of leaves with 1--3 main veins; perianth parts generally &lt;= 5 mm</Statement>
          </Lead>
          <Lead id="k1l71">
            <Parent ref="k1l70"/>
            <Statement>Herbage armed with stinging, nettle-like hairs</Statement>
            <TaxonName ref="i15"/>
          </Lead>
          <Lead id="k1l72">
            <Parent ref="k1l70"/>
            <Statement>Herbage glabrous or with non-stinging hairs</Statement>
          </Lead>
          <Lead id="k1l73">
            <Parent ref="k1l72"/>
            <Statement>Leaves covered with stellate scales or hairs</Statement>
            <TaxonName ref="i15"/>
          </Lead>
          <Lead id="k1l74">
            <Parent ref="k1l72"/>
            <Statement>Leaves without stellate scales or hairs</Statement>
          </Lead>
          <Lead id="k1l75">
            <Parent ref="k1l74"/>
            <Statement>Leaves generally bearing bead-like, sessile hairs or powdery scales</Statement>
            <TaxonName ref="i10"/>
          </Lead>
          <Lead id="k1l76">
            <Parent ref="k1l74"/>
            <Statement>Leaves glabrous or glaucous</Statement>
          </Lead>
          <Lead id="k1l77">
            <Parent ref="k1l76"/>
            <Statement>Leaves fleshy; sepals, petals each 4(5)</Statement>
            <TaxonName ref="i11"/>
          </Lead>
          <Lead id="k1l78">
            <Parent ref="k1l76"/>
            <Statement>Leaves thin or fleshy; sepals 2--6, petals 0</Statement>
          </Lead>
          <Lead id="k1l79">
            <Parent ref="k1l78"/>
            <Statement>Milky latex present; leaf blade base generally with 2 glands</Statement>
            <TaxonName ref="i15"/>
          </Lead>
          <Lead id="k1l80">
            <Parent ref="k1l78"/>
            <Statement>Milky latex 0; leaf blade base without glands</Statement>
          </Lead>
          <Lead id="k1l81">
            <Parent ref="k1l80"/>
            <Statement>Leaf +- round, blade with translucent dots; plant mat-forming</Statement>
            <TaxonName ref="i27"/>
          </Lead>
          <Lead id="k1l82">
            <Parent ref="k1l80"/>
            <Statement>Leaf linear to (ob)ovate, blade without translucent dots; plant mat-forming to erect</Statement>
            <TaxonName ref="i1"/>
          </Lead>
        </Leads>
      </IdentificationKey>
    </IdentificationKeys>
  </Dataset>
</Datasets>
