<?xml version="1.0" encoding="UTF-8"?>
<Datasets xmlns="http://rs.tdwg.org/UBIF/2006/" xmlns:xsi="http://www.w3.org/2001/XMLSchema-instance" xsi:schemaLocation="http://rs.tdwg.org/UBIF/2006/ http://rs.tdwg.org/UBIF/2006/Schema/1.1/SDD.xsd">
  <TechnicalMetadata created="2014-12-08T01:24:14">
    <Generator name="KeyBase SDD export" version="0"/>
  </TechnicalMetadata>
  <Dataset xml:lang="en-au">
    <Representation>
      <Label xml:lang="en">Family Group 11</Label>
    </Representation>
    <TaxonNames>
      <TaxonName id="i0">
        <Representation>
          <Label>Anacardiaceae</Label>
        </Representation>
      </TaxonName>
      <TaxonName id="i1">
        <Representation>
          <Label>Betulaceae</Label>
        </Representation>
      </TaxonName>
      <TaxonName id="i2">
        <Representation>
          <Label>Chenopodiaceae</Label>
        </Representation>
      </TaxonName>
      <TaxonName id="i3">
        <Representation>
          <Label>Euphorbiaceae</Label>
        </Representation>
      </TaxonName>
      <TaxonName id="i4">
        <Representation>
          <Label>Fagaceae</Label>
        </Representation>
      </TaxonName>
      <TaxonName id="i5">
        <Representation>
          <Label>Garryaceae</Label>
        </Representation>
      </TaxonName>
      <TaxonName id="i6">
        <Representation>
          <Label>Juglandaceae</Label>
        </Representation>
      </TaxonName>
      <TaxonName id="i7">
        <Representation>
          <Label>Moraceae</Label>
        </Representation>
      </TaxonName>
      <TaxonName id="i8">
        <Representation>
          <Label>Myricaceae</Label>
        </Representation>
      </TaxonName>
      <TaxonName id="i9">
        <Representation>
          <Label>Salicaceae</Label>
        </Representation>
      </TaxonName>
      <TaxonName id="i10">
        <Representation>
          <Label>Sarcobataceae</Label>
        </Representation>
      </TaxonName>
      <TaxonName id="i11">
        <Representation>
          <Label>Viscaceae</Label>
        </Representation>
      </TaxonName>
    </TaxonNames>
    <IdentificationKeys>
      <IdentificationKey id="k1">
        <Representation>
          <Label xml:lang="en">Family Group 11</Label>
        </Representation>
        <Leads>
          <Lead id="k1l1">
            <Statement>Plant parasitic on stem of woody host plant</Statement>
            <TaxonName ref="i11"/>
          </Lead>
          <Lead id="k1l2">
            <Statement>Plant free-living, rooted in ground</Statement>
          </Lead>
          <Lead id="k1l3">
            <Parent ref="k1l2"/>
            <Statement>Leaves fleshy, scale-like or linear to oblanceolate; catkins erect</Statement>
          </Lead>
          <Lead id="k1l6">
            <Parent ref="k1l2"/>
            <Statement>Leaves non-fleshy, +- thin to leathery, with well-developed flat blades, generally wider; catkins erect to drooping</Statement>
          </Lead>
          <Lead id="k1l4">
            <Parent ref="k1l3"/>
            <Statement>Leaves scale-like; distal stems +- fleshy, jointed</Statement>
            <TaxonName ref="i2"/>
          </Lead>
          <Lead id="k1l5">
            <Parent ref="k1l3"/>
            <Statement>Leaves linear to oblanceolate, +- cylindric; distal stems not jointed</Statement>
            <TaxonName ref="i10"/>
          </Lead>
          <Lead id="k1l7">
            <Parent ref="k1l6"/>
            <Statement>Leaves opposite</Statement>
            <TaxonName ref="i5"/>
          </Lead>
          <Lead id="k1l8">
            <Parent ref="k1l6"/>
            <Statement>Leaves alternate</Statement>
          </Lead>
          <Lead id="k1l9">
            <Parent ref="k1l8"/>
            <Statement>Leaf compound</Statement>
          </Lead>
          <Lead id="k1l12">
            <Parent ref="k1l8"/>
            <Statement>Leaf simple</Statement>
          </Lead>
          <Lead id="k1l10">
            <Parent ref="k1l9"/>
            <Statement>Plants dioecious, evergreen; staminate catkin-like inflorescence branched --- inflorescence resembles catkin when young, but is actually a branched panicle</Statement>
            <TaxonName ref="i0"/>
          </Lead>
          <Lead id="k1l11">
            <Parent ref="k1l9"/>
            <Statement>Plants monoecious, deciduous; staminate catkin unbranched</Statement>
            <TaxonName ref="i6"/>
          </Lead>
          <Lead id="k1l13">
            <Parent ref="k1l12"/>
            <Statement>Fruit capsule; seeds 3--many</Statement>
          </Lead>
          <Lead id="k1l16">
            <Parent ref="k1l12"/>
            <Statement>Fruit dry or fleshy, indehiscent; seed generally 1</Statement>
          </Lead>
          <Lead id="k1l14">
            <Parent ref="k1l13"/>
            <Statement>Ovary 3-lobed; seeds 3, without a tuft of hairs; stems brittle</Statement>
            <TaxonName ref="i3"/>
          </Lead>
          <Lead id="k1l15">
            <Parent ref="k1l13"/>
            <Statement>Ovary unlobed; seeds several--many, each with a tuft of hairs; stems not brittle</Statement>
            <TaxonName ref="i9"/>
          </Lead>
          <Lead id="k1l17">
            <Parent ref="k1l16"/>
            <Statement>Shrubs of +- saline desert habitats; leaves densely stellate-hairy or scaly-puberulent and +- glabrous in age</Statement>
            <TaxonName ref="i2"/>
          </Lead>
          <Lead id="k1l18">
            <Parent ref="k1l16"/>
            <Statement>Shrubs or trees, generally of moister habitats; leaves glabrous or variously hairy</Statement>
          </Lead>
          <Lead id="k1l19">
            <Parent ref="k1l18"/>
            <Statement>Milky latex present; sepals of pistillate inflorescence enlarged and fleshy in fruit, ripening together with the ovaries as a spheric to ellipsoid or ovoid multiple fruit</Statement>
            <TaxonName ref="i7"/>
          </Lead>
          <Lead id="k1l20">
            <Parent ref="k1l18"/>
            <Statement>Milky latex 0; sepals 0 or if present, not becoming fleshy; ovaries ripening as individual drupes, nuts, or winged achenes</Statement>
          </Lead>
          <Lead id="k1l21">
            <Parent ref="k1l20"/>
            <Statement>Leaf blade dotted with minute, bead-like, peltate resin glands, aromatic; stipules 0; staminate catkins short, densely flowered; sepals 0; fruit a papillate, wax-coated drupe, free of subtending bracts Or an achene enclosed between a pair of spongy bractlets</Statement>
            <TaxonName ref="i8"/>
          </Lead>
          <Lead id="k1l22">
            <Parent ref="k1l20"/>
            <Statement>Leaf blade not dotted with minute, bead-like resin glands (except in some Betulaceae), generally not aromatic; stipules formed but generally early-deciduous; staminate catkins elongated, either +- flexible and drooping or stiff and spike-like; sepals present in staminate catkins (except _Corylus_ in Betulaceae); fruit a nut or winged achene</Statement>
          </Lead>
          <Lead id="k1l23">
            <Parent ref="k1l22"/>
            <Statement>Fruits many, small, flattened, winged achenes, clustered in a cone-like fruit catkin; plant deciduous; pistillate flower calyx 0</Statement>
            <TaxonName ref="i1"/>
          </Lead>
          <Lead id="k1l24">
            <Parent ref="k1l22"/>
            <Statement>Fruits 1--3, each a well-developed nut, subtended or surrounded by a husk-, cup-, or spiny, bur-like involucre; plant deciduous or evergreen; pistillate flower calyx fused to ovary, sepal tips surrounding style base</Statement>
          </Lead>
          <Lead id="k1l25">
            <Parent ref="k1l24"/>
            <Statement>Fruit a nut enclosed in a tubular, husk-like involucre; involucral bractlets 2, papery; staminate catkins drooping, densely flowered, bractlets +- concealing flowers, sepals 0; deciduous shrub</Statement>
            <TaxonName ref="i1"/>
          </Lead>
          <Lead id="k1l26">
            <Parent ref="k1l24"/>
            <Statement>Fruit a nut in a scaly cup-like involucre or 1--3 nuts enclosed in a spiny, bur-like involucre; involucral bractlets many, scaly or spiny; staminate catkins very slender and drooping or stiff and spike-like, bractlets inconspicuous, sepals present; deciduous or evergreen tree or shrub</Statement>
            <TaxonName ref="i4"/>
          </Lead>
        </Leads>
      </IdentificationKey>
    </IdentificationKeys>
  </Dataset>
</Datasets>
