<?xml version="1.0" encoding="UTF-8"?>
<Datasets xmlns="http://rs.tdwg.org/UBIF/2006/" xmlns:xsi="http://www.w3.org/2001/XMLSchema-instance" xsi:schemaLocation="http://rs.tdwg.org/UBIF/2006/ http://rs.tdwg.org/UBIF/2006/Schema/1.1/SDD.xsd">
  <TechnicalMetadata created="2014-12-08T01:24:14">
    <Generator name="KeyBase SDD export" version="0"/>
  </TechnicalMetadata>
  <Dataset xml:lang="en-au">
    <Representation>
      <Label xml:lang="en">Family Group 10</Label>
    </Representation>
    <TaxonNames>
      <TaxonName id="i0">
        <Representation>
          <Label>Alismataceae</Label>
        </Representation>
      </TaxonName>
      <TaxonName id="i1">
        <Representation>
          <Label>Apocynaceae</Label>
        </Representation>
      </TaxonName>
      <TaxonName id="i2">
        <Representation>
          <Label>Aponogetonaceae</Label>
        </Representation>
      </TaxonName>
      <TaxonName id="i3">
        <Representation>
          <Label>Arecaceae</Label>
        </Representation>
      </TaxonName>
      <TaxonName id="i4">
        <Representation>
          <Label>Cabombaceae</Label>
        </Representation>
      </TaxonName>
      <TaxonName id="i5">
        <Representation>
          <Label>Calycanthaceae</Label>
        </Representation>
      </TaxonName>
      <TaxonName id="i6">
        <Representation>
          <Label>Convolvulaceae</Label>
        </Representation>
      </TaxonName>
      <TaxonName id="i7">
        <Representation>
          <Label>Crassulaceae</Label>
        </Representation>
      </TaxonName>
      <TaxonName id="i8">
        <Representation>
          <Label>Crossosomataceae</Label>
        </Representation>
      </TaxonName>
      <TaxonName id="i9">
        <Representation>
          <Label>Juncaginaceae</Label>
        </Representation>
      </TaxonName>
      <TaxonName id="i10">
        <Representation>
          <Label>Limnanthaceae</Label>
        </Representation>
      </TaxonName>
      <TaxonName id="i11">
        <Representation>
          <Label>Melanthiaceae</Label>
        </Representation>
      </TaxonName>
      <TaxonName id="i12">
        <Representation>
          <Label>Paeoniaceae</Label>
        </Representation>
      </TaxonName>
      <TaxonName id="i13">
        <Representation>
          <Label>Papaveraceae</Label>
        </Representation>
      </TaxonName>
      <TaxonName id="i14">
        <Representation>
          <Label>Platanaceae</Label>
        </Representation>
      </TaxonName>
      <TaxonName id="i15">
        <Representation>
          <Label>Potamogetonaceae</Label>
        </Representation>
      </TaxonName>
      <TaxonName id="i16">
        <Representation>
          <Label>Ranunculaceae</Label>
        </Representation>
      </TaxonName>
      <TaxonName id="i17">
        <Representation>
          <Label>Rosaceae</Label>
        </Representation>
      </TaxonName>
      <TaxonName id="i18">
        <Representation>
          <Label>Ruppiaceae</Label>
        </Representation>
      </TaxonName>
      <TaxonName id="i19">
        <Representation>
          <Label>Saxifragaceae</Label>
        </Representation>
      </TaxonName>
      <TaxonName id="i20">
        <Representation>
          <Label>Scheuchzeriaceae</Label>
        </Representation>
      </TaxonName>
      <TaxonName id="i21">
        <Representation>
          <Label>Simaroubaceae</Label>
        </Representation>
      </TaxonName>
      <TaxonName id="i22">
        <Representation>
          <Label>Zannichelliaceae</Label>
        </Representation>
      </TaxonName>
    </TaxonNames>
    <IdentificationKeys>
      <IdentificationKey id="k1">
        <Representation>
          <Label xml:lang="en">Family Group 10</Label>
        </Representation>
        <Leads>
          <Lead id="k1l1">
            <Statement>Perianth 0 or of 1 whorl, generally called sepals even when petal-like</Statement>
          </Lead>
          <Lead id="k1l14">
            <Statement>Perianth of 2 or more whorls or spirals, the outer generally called sepals, the inner generally called petals</Statement>
          </Lead>
          <Lead id="k1l2">
            <Parent ref="k1l1"/>
            <Statement>Hypanthium present</Statement>
            <TaxonName ref="i17"/>
          </Lead>
          <Lead id="k1l3">
            <Parent ref="k1l1"/>
            <Statement>Hypanthium 0</Statement>
          </Lead>
          <Lead id="k1l4">
            <Parent ref="k1l3"/>
            <Statement>Trees; leaves palmately lobed</Statement>
            <TaxonName ref="i14"/>
          </Lead>
          <Lead id="k1l5">
            <Parent ref="k1l3"/>
            <Statement>Herbs or woody vines; leaves various</Statement>
          </Lead>
          <Lead id="k1l6">
            <Parent ref="k1l5"/>
            <Statement>Plant terrestrial or if aquatic with emergent leaves</Statement>
            <TaxonName ref="i16"/>
          </Lead>
          <Lead id="k1l7">
            <Parent ref="k1l5"/>
            <Statement>Plant aquatic with submersed or floating leaves</Statement>
          </Lead>
          <Lead id="k1l8">
            <Parent ref="k1l7"/>
            <Statement>Perianth parts 1--4</Statement>
          </Lead>
          <Lead id="k1l11">
            <Parent ref="k1l7"/>
            <Statement>Perianth +- 0</Statement>
          </Lead>
          <Lead id="k1l9">
            <Parent ref="k1l8"/>
            <Statement>Perianth part 1, white, petal-like, enlarging and turning green in age; stamens 6--18; fruit follicle, 4-seeded</Statement>
            <TaxonName ref="i2"/>
          </Lead>
          <Lead id="k1l10">
            <Parent ref="k1l8"/>
            <Statement>Perianth parts 4, green or +- brown, sepal-like; stamens 4; fruit achene-like drupe, 1-seeded</Statement>
            <TaxonName ref="i15"/>
          </Lead>
          <Lead id="k1l12">
            <Parent ref="k1l11"/>
            <Statement>Flowers bisexual, borne along axis of initially short-peduncled spike, peduncle elongating in fruit; stamens 2; pistils (2)4(8); ovary stalk in fruit 12--35 mm; fruit +- ovoid, smooth, beak 0.5--1 mm</Statement>
            <TaxonName ref="i18"/>
          </Lead>
          <Lead id="k1l13">
            <Parent ref="k1l11"/>
            <Statement>Flowers unisexual, staminate and pistillate together in sessile, 2-flowered axillary cluster; stamen 1; pistils (1)4--5(9); ovary stalk in fruit 0.1--1.5 mm; fruit abaxially curved, minutely roughened, beak 0.7--2 mm</Statement>
            <TaxonName ref="i22"/>
          </Lead>
          <Lead id="k1l15">
            <Parent ref="k1l14"/>
            <Statement>Leaves and often stems thick and fleshy; pistils generally as many as petals or sepals --- stamens 1--2 &times; as many</Statement>
            <TaxonName ref="i7"/>
          </Lead>
          <Lead id="k1l16">
            <Parent ref="k1l14"/>
            <Statement>Leaves and stems not very thick and fleshy; number of pistils same as or different from number of sepals or petals</Statement>
          </Lead>
          <Lead id="k1l17">
            <Parent ref="k1l16"/>
            <Statement>Perianth parts in 3s</Statement>
          </Lead>
          <Lead id="k1l30">
            <Parent ref="k1l16"/>
            <Statement>Perianth parts generally in 4s or 5s or indefinite in number</Statement>
          </Lead>
          <Lead id="k1l18">
            <Parent ref="k1l17"/>
            <Statement>Leaves compound</Statement>
          </Lead>
          <Lead id="k1l21">
            <Parent ref="k1l17"/>
            <Statement>Leaves simple</Statement>
          </Lead>
          <Lead id="k1l19">
            <Parent ref="k1l18"/>
            <Statement>Tree with unbranched trunk; leaves 4--7 m, leaflets many</Statement>
            <TaxonName ref="i3"/>
          </Lead>
          <Lead id="k1l20">
            <Parent ref="k1l18"/>
            <Statement>Annual; leaves &lt;= 6 cm, leaflets 3--5 --- carpels actually united by common style</Statement>
            <TaxonName ref="i10"/>
          </Lead>
          <Lead id="k1l22">
            <Parent ref="k1l21"/>
            <Statement>Flowers solitary --- sepals and petals all similar, +- white or +- red-purple; leaves floating and peltate or some or all submersed and dissected</Statement>
            <TaxonName ref="i4"/>
          </Lead>
          <Lead id="k1l23">
            <Parent ref="k1l21"/>
            <Statement>Flowers several--many in raceme- to panicle-like inflorescence</Statement>
          </Lead>
          <Lead id="k1l24">
            <Parent ref="k1l23"/>
            <Statement>Sepals green, petals white (pink)</Statement>
            <TaxonName ref="i0"/>
          </Lead>
          <Lead id="k1l25">
            <Parent ref="k1l23"/>
            <Statement>Sepals and petals the same color, +- white to green or +- red</Statement>
          </Lead>
          <Lead id="k1l26">
            <Parent ref="k1l25"/>
            <Statement>Inflorescence bractless --- carpels actually +- fused, separating in fruit</Statement>
            <TaxonName ref="i9"/>
          </Lead>
          <Lead id="k1l27">
            <Parent ref="k1l25"/>
            <Statement>Inflorescence bracted</Statement>
          </Lead>
          <Lead id="k1l28">
            <Parent ref="k1l27"/>
            <Statement>Ovules many per carpel; fruits erect --- carpels actually proximally fused [may appear +- free]</Statement>
            <TaxonName ref="i11"/>
          </Lead>
          <Lead id="k1l29">
            <Parent ref="k1l27"/>
            <Statement>Ovules 1--3 per carpel; fruits spreading</Statement>
            <TaxonName ref="i20"/>
          </Lead>
          <Lead id="k1l31">
            <Parent ref="k1l30"/>
            <Statement>Stamens &gt; 2 &times; as many as petal-like perianth segments or &gt; 15</Statement>
          </Lead>
          <Lead id="k1l44">
            <Parent ref="k1l30"/>
            <Statement>Stamens 2 &times; as many as petals or fewer</Statement>
          </Lead>
          <Lead id="k1l32">
            <Parent ref="k1l31"/>
            <Statement>Plants obviously woody; shrubs or trees</Statement>
          </Lead>
          <Lead id="k1l37">
            <Parent ref="k1l31"/>
            <Statement>Plants herbaceous or slightly woody at base</Statement>
          </Lead>
          <Lead id="k1l33">
            <Parent ref="k1l32"/>
            <Statement>Crushed leaves strongly aromatic; leaves opposite</Statement>
            <TaxonName ref="i5"/>
          </Lead>
          <Lead id="k1l34">
            <Parent ref="k1l32"/>
            <Statement>Crushed leaves not aromatic; leaves alternate</Statement>
          </Lead>
          <Lead id="k1l35">
            <Parent ref="k1l34"/>
            <Statement>Flowers solitary; seeds with arils</Statement>
            <TaxonName ref="i8"/>
          </Lead>
          <Lead id="k1l36">
            <Parent ref="k1l34"/>
            <Statement>Flowers clustered; seeds without arils</Statement>
            <TaxonName ref="i17"/>
          </Lead>
          <Lead id="k1l38">
            <Parent ref="k1l37"/>
            <Statement>Hypanthium present</Statement>
            <TaxonName ref="i17"/>
          </Lead>
          <Lead id="k1l39">
            <Parent ref="k1l37"/>
            <Statement>Hypanthium 0</Statement>
          </Lead>
          <Lead id="k1l40">
            <Parent ref="k1l39"/>
            <Statement>Sepals enlarging and persisting around fruit; stamens maturing from flower center toward edge</Statement>
            <TaxonName ref="i12"/>
          </Lead>
          <Lead id="k1l41">
            <Parent ref="k1l39"/>
            <Statement>Sepals deciduous as flower opens or withering as fruit matures; stamens maturing from flower edge toward center</Statement>
          </Lead>
          <Lead id="k1l42">
            <Parent ref="k1l41"/>
            <Statement>Sepals 2--3(4), falling as flower opens, not petal-like; carpels actually weakly fused in flower, +- separating in age</Statement>
            <TaxonName ref="i13"/>
          </Lead>
          <Lead id="k1l43">
            <Parent ref="k1l41"/>
            <Statement>Sepals 4--many, present in open flowers, sometimes petal-like; carpels generally wholly free</Statement>
            <TaxonName ref="i16"/>
          </Lead>
          <Lead id="k1l45">
            <Parent ref="k1l44"/>
            <Statement>Petals fused, at least at base</Statement>
          </Lead>
          <Lead id="k1l48">
            <Parent ref="k1l44"/>
            <Statement>Petals free but sometimes attached to a disk-like to tubular hypanthium</Statement>
          </Lead>
          <Lead id="k1l46">
            <Parent ref="k1l45"/>
            <Statement>Plant erect, prostrate, or twining; flowers generally conspicuous, not concealed by leaves; ovules many per ovary; milky latex generally present --- carpels proximally free but actually united by common stigma</Statement>
            <TaxonName ref="i1"/>
          </Lead>
          <Lead id="k1l47">
            <Parent ref="k1l45"/>
            <Statement>Plant prostrate, mat-forming; flowers minute, subsessile, axillary, generally concealed by leaves; ovules 1--2 per ovary; milky latex 0</Statement>
            <TaxonName ref="i6"/>
          </Lead>
          <Lead id="k1l49">
            <Parent ref="k1l48"/>
            <Statement>Hypanthium well developed</Statement>
          </Lead>
          <Lead id="k1l54">
            <Parent ref="k1l48"/>
            <Statement>Hypanthium 0 or inconspicuous</Statement>
          </Lead>
          <Lead id="k1l50">
            <Parent ref="k1l49"/>
            <Statement>Leaves simple, basal or cauline; stipules often 0; veins generally palmate; ovules generally several--many per carpel --- carpels slightly fused proximally but free most of their length</Statement>
            <TaxonName ref="i19"/>
          </Lead>
          <Lead id="k1l51">
            <Parent ref="k1l49"/>
            <Statement>Leaves simple or compound, generally cauline; stipules generally present; veins often pinnate; ovules generally 1--2 per carpel</Statement>
          </Lead>
          <Lead id="k1l52">
            <Parent ref="k1l51"/>
            <Statement>Shrub</Statement>
            <TaxonName ref="i8"/>
          </Lead>
          <Lead id="k1l53">
            <Parent ref="k1l51"/>
            <Statement>Herb</Statement>
            <TaxonName ref="i17"/>
          </Lead>
          <Lead id="k1l55">
            <Parent ref="k1l54"/>
            <Statement>Plant herbaceous</Statement>
          </Lead>
          <Lead id="k1l58">
            <Parent ref="k1l54"/>
            <Statement>Plant woody</Statement>
          </Lead>
          <Lead id="k1l56">
            <Parent ref="k1l55"/>
            <Statement>Annual; ovule 1 per ovary; leaves pinnately divided or compound --- carpels actually united by common style</Statement>
            <TaxonName ref="i10"/>
          </Lead>
          <Lead id="k1l57">
            <Parent ref="k1l55"/>
            <Statement>Perennial herb; ovules several--many per ovary; leaves simple and entire or variously toothed to palmately lobed or compound</Statement>
            <TaxonName ref="i19"/>
          </Lead>
          <Lead id="k1l59">
            <Parent ref="k1l58"/>
            <Statement>Leaves pinnately compound</Statement>
            <TaxonName ref="i21"/>
          </Lead>
          <Lead id="k1l60">
            <Parent ref="k1l58"/>
            <Statement>Leaves simple, entire, sometimes scale-like</Statement>
          </Lead>
          <Lead id="k1l61">
            <Parent ref="k1l60"/>
            <Statement>Flowers solitary in leaf axils; fruit a cluster of follicles; leaves elliptic, persistent or drought-deciduous</Statement>
            <TaxonName ref="i8"/>
          </Lead>
          <Lead id="k1l62">
            <Parent ref="k1l60"/>
            <Statement>Flowers in dense panicles; fruit cluster of +- dry drupes; leaves scale-like to narrowly oblong, early-deciduous --- shrub with thorny green stems</Statement>
            <TaxonName ref="i21"/>
          </Lead>
        </Leads>
      </IdentificationKey>
    </IdentificationKeys>
  </Dataset>
</Datasets>
