<?xml version="1.0" encoding="UTF-8"?>
<Datasets xmlns="http://rs.tdwg.org/UBIF/2006/" xmlns:xsi="http://www.w3.org/2001/XMLSchema-instance" xsi:schemaLocation="http://rs.tdwg.org/UBIF/2006/ http://rs.tdwg.org/UBIF/2006/Schema/1.1/SDD.xsd">
  <TechnicalMetadata created="2014-12-08T01:24:14">
    <Generator name="KeyBase SDD export" version="0"/>
  </TechnicalMetadata>
  <Dataset xml:lang="en-au">
    <Representation>
      <Label xml:lang="en">Family Group 20</Label>
    </Representation>
    <TaxonNames>
      <TaxonName id="i0">
        <Representation>
          <Label>Anacardiaceae</Label>
        </Representation>
      </TaxonName>
      <TaxonName id="i1">
        <Representation>
          <Label>Apiaceae</Label>
        </Representation>
      </TaxonName>
      <TaxonName id="i2">
        <Representation>
          <Label>Araliaceae</Label>
        </Representation>
      </TaxonName>
      <TaxonName id="i3">
        <Representation>
          <Label>Berberidaceae</Label>
        </Representation>
      </TaxonName>
      <TaxonName id="i4">
        <Representation>
          <Label>Brassicaceae</Label>
        </Representation>
      </TaxonName>
      <TaxonName id="i5">
        <Representation>
          <Label>Burseraceae</Label>
        </Representation>
      </TaxonName>
      <TaxonName id="i6">
        <Representation>
          <Label>Cleomaceae</Label>
        </Representation>
      </TaxonName>
      <TaxonName id="i7">
        <Representation>
          <Label>Fabaceae</Label>
        </Representation>
      </TaxonName>
      <TaxonName id="i8">
        <Representation>
          <Label>Geraniaceae</Label>
        </Representation>
      </TaxonName>
      <TaxonName id="i9">
        <Representation>
          <Label>Haloragaceae</Label>
        </Representation>
      </TaxonName>
      <TaxonName id="i10">
        <Representation>
          <Label>Limnanthaceae</Label>
        </Representation>
      </TaxonName>
      <TaxonName id="i11">
        <Representation>
          <Label>Malvaceae</Label>
        </Representation>
      </TaxonName>
      <TaxonName id="i12">
        <Representation>
          <Label>Meliaceae</Label>
        </Representation>
      </TaxonName>
      <TaxonName id="i13">
        <Representation>
          <Label>Nitrariaceae</Label>
        </Representation>
      </TaxonName>
      <TaxonName id="i14">
        <Representation>
          <Label>Oxalidaceae</Label>
        </Representation>
      </TaxonName>
      <TaxonName id="i15">
        <Representation>
          <Label>Papaveraceae (fumarioideae)</Label>
        </Representation>
      </TaxonName>
      <TaxonName id="i16">
        <Representation>
          <Label>Ranunculaceae</Label>
        </Representation>
      </TaxonName>
      <TaxonName id="i17">
        <Representation>
          <Label>Resedaceae</Label>
        </Representation>
      </TaxonName>
      <TaxonName id="i18">
        <Representation>
          <Label>Rosaceae</Label>
        </Representation>
      </TaxonName>
      <TaxonName id="i19">
        <Representation>
          <Label>Rutaceae</Label>
        </Representation>
      </TaxonName>
      <TaxonName id="i20">
        <Representation>
          <Label>Sapindaceae</Label>
        </Representation>
      </TaxonName>
      <TaxonName id="i21">
        <Representation>
          <Label>Saxifragaceae</Label>
        </Representation>
      </TaxonName>
      <TaxonName id="i22">
        <Representation>
          <Label>Simaroubaceae</Label>
        </Representation>
      </TaxonName>
      <TaxonName id="i23">
        <Representation>
          <Label>Staphyleaceae</Label>
        </Representation>
      </TaxonName>
      <TaxonName id="i24">
        <Representation>
          <Label>Violaceae</Label>
        </Representation>
      </TaxonName>
      <TaxonName id="i25">
        <Representation>
          <Label>Vitaceae</Label>
        </Representation>
      </TaxonName>
      <TaxonName id="i26">
        <Representation>
          <Label>Zygophyllaceae</Label>
        </Representation>
      </TaxonName>
    </TaxonNames>
    <IdentificationKeys>
      <IdentificationKey id="k1">
        <Representation>
          <Label xml:lang="en">Family Group 20</Label>
        </Representation>
        <Leads>
          <Lead id="k1l1">
            <Statement>Leaves 2 or more &times; compound or divided</Statement>
          </Lead>
          <Lead id="k1l32">
            <Statement>Leaves once compound or divided</Statement>
          </Lead>
          <Lead id="k1l2">
            <Parent ref="k1l1"/>
            <Statement>Ovary inferior</Statement>
          </Lead>
          <Lead id="k1l5">
            <Parent ref="k1l1"/>
            <Statement>Ovary superior</Statement>
          </Lead>
          <Lead id="k1l3">
            <Parent ref="k1l2"/>
            <Statement>Fruit dry, splitting into 2 mericarps; inflorescence generally a compound umbel (occasionally simple umbel, head)</Statement>
            <TaxonName ref="i1"/>
          </Lead>
          <Lead id="k1l4">
            <Parent ref="k1l2"/>
            <Statement>Fruit a berry; inflorescence a simple or branched cluster of umbels</Statement>
            <TaxonName ref="i2"/>
          </Lead>
          <Lead id="k1l6">
            <Parent ref="k1l5"/>
            <Statement>Shrub or tree</Statement>
          </Lead>
          <Lead id="k1l11">
            <Parent ref="k1l5"/>
            <Statement>Herb or subshrub</Statement>
          </Lead>
          <Lead id="k1l7">
            <Parent ref="k1l6"/>
            <Statement>Main axis of leaf bearing many small leaflets or lobes in addition to main leaflets</Statement>
            <TaxonName ref="i18"/>
          </Lead>
          <Lead id="k1l8">
            <Parent ref="k1l6"/>
            <Statement>Main axis of leaf without small leaflets or lobes in addition to main leaflets</Statement>
          </Lead>
          <Lead id="k1l9">
            <Parent ref="k1l8"/>
            <Statement>Leaflets entire; flowers cream to yellow, orange, red, or pink</Statement>
            <TaxonName ref="i7"/>
          </Lead>
          <Lead id="k1l10">
            <Parent ref="k1l8"/>
            <Statement>Leaflets serrate; flowers white to dark purple</Statement>
            <TaxonName ref="i12"/>
          </Lead>
          <Lead id="k1l12">
            <Parent ref="k1l11"/>
            <Statement>Ovary very deeply 4--6-lobed; style arising from a deep indentation in middle of ovary</Statement>
          </Lead>
          <Lead id="k1l15">
            <Parent ref="k1l11"/>
            <Statement>Ovary unlobed or only shallowly lobed; style or sessile stigma(s) terminal or from shallow depression at tip of ovary</Statement>
          </Lead>
          <Lead id="k1l13">
            <Parent ref="k1l12"/>
            <Statement>Flowers white or pink; herbage not scented</Statement>
            <TaxonName ref="i10"/>
          </Lead>
          <Lead id="k1l14">
            <Parent ref="k1l12"/>
            <Statement>Flowers yellow; herbage strongly scented</Statement>
            <TaxonName ref="i19"/>
          </Lead>
          <Lead id="k1l16">
            <Parent ref="k1l15"/>
            <Statement>Stamens 12--50</Statement>
          </Lead>
          <Lead id="k1l21">
            <Parent ref="k1l15"/>
            <Statement>Stamens 2--10</Statement>
          </Lead>
          <Lead id="k1l17">
            <Parent ref="k1l16"/>
            <Statement>Leaves, at least proximal, 2--3-ternately compound, leaflets flat, toothed to irregularly cut</Statement>
            <TaxonName ref="i16"/>
          </Lead>
          <Lead id="k1l18">
            <Parent ref="k1l16"/>
            <Statement>Leaves divided into linear, +- fleshy or flat lobes</Statement>
          </Lead>
          <Lead id="k1l19">
            <Parent ref="k1l18"/>
            <Statement>Flowers radial; leaves deeply, irregularly 2-ternately or ternately-pinnately lobed, +- fleshy; ovary (2)3(4)-chambered; fruit a capsule</Statement>
            <TaxonName ref="i13"/>
          </Lead>
          <Lead id="k1l20">
            <Parent ref="k1l18"/>
            <Statement>Flowers bilateral; leaves deeply palmately or palmate-pinnately lobed or dissected, not fleshy; ovary 1-chambered; fruit a follicle</Statement>
            <TaxonName ref="i16"/>
          </Lead>
          <Lead id="k1l22">
            <Parent ref="k1l21"/>
            <Statement>Petals 5</Statement>
          </Lead>
          <Lead id="k1l27">
            <Parent ref="k1l21"/>
            <Statement>Petals 4 or 6</Statement>
          </Lead>
          <Lead id="k1l23">
            <Parent ref="k1l22"/>
            <Statement>Flowers solitary on peduncles &gt;= 2 cm</Statement>
            <TaxonName ref="i24"/>
          </Lead>
          <Lead id="k1l24">
            <Parent ref="k1l22"/>
            <Statement>Flowers several to many in umbels or racemes</Statement>
          </Lead>
          <Lead id="k1l25">
            <Parent ref="k1l24"/>
            <Statement>Petals yellow to orange or +- red; leaflets entire; inflorescence a raceme</Statement>
            <TaxonName ref="i7"/>
          </Lead>
          <Lead id="k1l26">
            <Parent ref="k1l24"/>
            <Statement>Petals pink to purple; leaflets toothed; inflorescence an umbel</Statement>
            <TaxonName ref="i8"/>
          </Lead>
          <Lead id="k1l28">
            <Parent ref="k1l27"/>
            <Statement>Petals 6; leaves all basal</Statement>
            <TaxonName ref="i3"/>
          </Lead>
          <Lead id="k1l29">
            <Parent ref="k1l27"/>
            <Statement>Petals 4; leaves basal and cauline</Statement>
          </Lead>
          <Lead id="k1l30">
            <Parent ref="k1l29"/>
            <Statement>Petals all equal; flowers radial; inflorescence a bractless raceme</Statement>
            <TaxonName ref="i4"/>
          </Lead>
          <Lead id="k1l31">
            <Parent ref="k1l29"/>
            <Statement>Petals unequal; flowers bilateral or biradial; inflorescence a bracted raceme or panicle-like cluster</Statement>
            <TaxonName ref="i15"/>
          </Lead>
          <Lead id="k1l33">
            <Parent ref="k1l32"/>
            <Statement>Petal 1</Statement>
            <TaxonName ref="i7"/>
          </Lead>
          <Lead id="k1l34">
            <Parent ref="k1l32"/>
            <Statement>Petals 4--6</Statement>
          </Lead>
          <Lead id="k1l35">
            <Parent ref="k1l34"/>
            <Statement>Ovary &gt; 1/2 inferior</Statement>
          </Lead>
          <Lead id="k1l44">
            <Parent ref="k1l34"/>
            <Statement>Ovary superior</Statement>
          </Lead>
          <Lead id="k1l36">
            <Parent ref="k1l35"/>
            <Statement>Shrub or tree; stamens generally 20; fruit a pome</Statement>
            <TaxonName ref="i18"/>
          </Lead>
          <Lead id="k1l37">
            <Parent ref="k1l35"/>
            <Statement>Herb; stamens 5--10; fruit a capsule, splitting into mericarps, or a berry</Statement>
          </Lead>
          <Lead id="k1l38">
            <Parent ref="k1l37"/>
            <Statement>Inflorescence a raceme or spike (sometimes branched)</Statement>
          </Lead>
          <Lead id="k1l41">
            <Parent ref="k1l37"/>
            <Statement>Inflorescence a simple or compound umbel, a cluster of simple umbels, or 1--several heads</Statement>
          </Lead>
          <Lead id="k1l39">
            <Parent ref="k1l38"/>
            <Statement>Plant a freshwater aquatic; leaves all cauline, submersed leaves whorled, pinnately dissected into thread-like segments</Statement>
            <TaxonName ref="i9"/>
          </Lead>
          <Lead id="k1l40">
            <Parent ref="k1l38"/>
            <Statement>Plant terrestrial; leaves basal and cauline, alternate, +- palmately compound</Statement>
            <TaxonName ref="i21"/>
          </Lead>
          <Lead id="k1l42">
            <Parent ref="k1l41"/>
            <Statement>Styles 2; fruit splitting into 2 mericarps; inflorescence generally a compound umbel (simple umbel, 1 or more heads)</Statement>
            <TaxonName ref="i1"/>
          </Lead>
          <Lead id="k1l43">
            <Parent ref="k1l41"/>
            <Statement>Styles 5; fruit a berry; inflorescence of 2--many umbels in simple or branched cluster</Statement>
            <TaxonName ref="i2"/>
          </Lead>
          <Lead id="k1l45">
            <Parent ref="k1l44"/>
            <Statement>Stamens many, filaments fused in tube around style; styles 5+</Statement>
            <TaxonName ref="i11"/>
          </Lead>
          <Lead id="k1l46">
            <Parent ref="k1l44"/>
            <Statement>Stamens generally 4--10, or if many, free; styles generally 1--3</Statement>
          </Lead>
          <Lead id="k1l47">
            <Parent ref="k1l46"/>
            <Statement>Flowers strongly bilateral, 1 petal markedly different from others</Statement>
          </Lead>
          <Lead id="k1l52">
            <Parent ref="k1l46"/>
            <Statement>Flowers +- radial or if bilateral, petals 4 in dissimilar pairs</Statement>
          </Lead>
          <Lead id="k1l48">
            <Parent ref="k1l47"/>
            <Statement>Petals 4; sepals 2</Statement>
            <TaxonName ref="i15"/>
          </Lead>
          <Lead id="k1l49">
            <Parent ref="k1l47"/>
            <Statement>Petals 5; sepals or calyx lobes 5 (occasionally appearing to be 3 or fewer)</Statement>
          </Lead>
          <Lead id="k1l50">
            <Parent ref="k1l49"/>
            <Statement>Odd petal uppermost in flower; stamens 10(5), generally all filaments or 9 of them fused, forming a tube around ovary (filaments free); carpel 1; fruit a legume or indehiscent pod</Statement>
            <TaxonName ref="i7"/>
          </Lead>
          <Lead id="k1l51">
            <Parent ref="k1l49"/>
            <Statement>Odd petal lowermost in flower; stamens 5, free but tightly appressed against ovary; carpels 3; fruit a capsule</Statement>
            <TaxonName ref="i24"/>
          </Lead>
          <Lead id="k1l53">
            <Parent ref="k1l52"/>
            <Statement>Leaflets or leaf segments 2 or 3</Statement>
          </Lead>
          <Lead id="k1l76">
            <Parent ref="k1l52"/>
            <Statement>Leaflets or leaf segments 4 or more</Statement>
          </Lead>
          <Lead id="k1l54">
            <Parent ref="k1l53"/>
            <Statement>Herb or subshrub</Statement>
          </Lead>
          <Lead id="k1l63">
            <Parent ref="k1l53"/>
            <Statement>Tree or well-developed shrub</Statement>
          </Lead>
          <Lead id="k1l55">
            <Parent ref="k1l54"/>
            <Statement>Petals 4; stamens 6</Statement>
          </Lead>
          <Lead id="k1l58">
            <Parent ref="k1l54"/>
            <Statement>Petals 5; stamens 5 or 10</Statement>
          </Lead>
          <Lead id="k1l56">
            <Parent ref="k1l55"/>
            <Statement>Ovary sessile on receptacle; flowers of raceme not subtended by bracts</Statement>
            <TaxonName ref="i4"/>
          </Lead>
          <Lead id="k1l57">
            <Parent ref="k1l55"/>
            <Statement>Ovary separated from receptacle by a stalk; flowers of raceme generally subtended by bracts or flowers solitary, axillary</Statement>
            <TaxonName ref="i6"/>
          </Lead>
          <Lead id="k1l59">
            <Parent ref="k1l58"/>
            <Statement>Leaflet margins toothed or lobed</Statement>
            <TaxonName ref="i21"/>
          </Lead>
          <Lead id="k1l60">
            <Parent ref="k1l58"/>
            <Statement>Leaflet margins entire (sometimes apically notched)</Statement>
          </Lead>
          <Lead id="k1l61">
            <Parent ref="k1l60"/>
            <Statement>Leaves alternate or all basal; stamens +- fused, at least at base; ovules or seeds many</Statement>
            <TaxonName ref="i14"/>
          </Lead>
          <Lead id="k1l62">
            <Parent ref="k1l60"/>
            <Statement>Leaves opposite; stamens free; ovules or seeds 1 per chamber</Statement>
            <TaxonName ref="i26"/>
          </Lead>
          <Lead id="k1l64">
            <Parent ref="k1l63"/>
            <Statement>Leaves opposite</Statement>
          </Lead>
          <Lead id="k1l69">
            <Parent ref="k1l63"/>
            <Statement>Leaves alternate</Statement>
          </Lead>
          <Lead id="k1l65">
            <Parent ref="k1l64"/>
            <Statement>Leaflets 2, fused at base [leaves deeply 2-lobed], entire, resinous</Statement>
            <TaxonName ref="i26"/>
          </Lead>
          <Lead id="k1l66">
            <Parent ref="k1l64"/>
            <Statement>Leaflets 3, occasionally +- fused, toothed, not resinous</Statement>
          </Lead>
          <Lead id="k1l67">
            <Parent ref="k1l66"/>
            <Statement>Leaflets coarsely serrate or crenate; stigmas 2, +- sessile; ovary 2-winged; fruit generally splitting at maturity into winged mericarps</Statement>
            <TaxonName ref="i20"/>
          </Lead>
          <Lead id="k1l68">
            <Parent ref="k1l66"/>
            <Statement>Leaflets finely serrate; stigmas and styles 3; ovary wingless; fruit a bladdery, 3-chambered capsule</Statement>
            <TaxonName ref="i23"/>
          </Lead>
          <Lead id="k1l70">
            <Parent ref="k1l69"/>
            <Statement>Leaflets gland-dotted; fruit a round, winged achene</Statement>
            <TaxonName ref="i19"/>
          </Lead>
          <Lead id="k1l71">
            <Parent ref="k1l69"/>
            <Statement>Leaflets not gland-dotted; fruit a capsule or berry</Statement>
          </Lead>
          <Lead id="k1l72">
            <Parent ref="k1l71"/>
            <Statement>Petals 4; ovary separated from receptacle by a stalk</Statement>
            <TaxonName ref="i6"/>
          </Lead>
          <Lead id="k1l73">
            <Parent ref="k1l71"/>
            <Statement>Petals 5--6; ovary sessile on receptacle</Statement>
          </Lead>
          <Lead id="k1l74">
            <Parent ref="k1l73"/>
            <Statement>Petals 5; leaflets entire to lobed, but not spiny-toothed</Statement>
            <TaxonName ref="i0"/>
          </Lead>
          <Lead id="k1l75">
            <Parent ref="k1l73"/>
            <Statement>Petals 6; leaflets spiny-toothed</Statement>
            <TaxonName ref="i3"/>
          </Lead>
          <Lead id="k1l77">
            <Parent ref="k1l76"/>
            <Statement>Leaves palmately compound or divided</Statement>
          </Lead>
          <Lead id="k1l84">
            <Parent ref="k1l76"/>
            <Statement>Leaves pinnately compound or divided</Statement>
          </Lead>
          <Lead id="k1l78">
            <Parent ref="k1l77"/>
            <Statement>Plant woody</Statement>
          </Lead>
          <Lead id="k1l81">
            <Parent ref="k1l77"/>
            <Statement>Plant herbaceous</Statement>
          </Lead>
          <Lead id="k1l79">
            <Parent ref="k1l78"/>
            <Statement>Leaves opposite; erect shrub or tree</Statement>
            <TaxonName ref="i20"/>
          </Lead>
          <Lead id="k1l80">
            <Parent ref="k1l78"/>
            <Statement>Leaves alternate; woody vine with tendrils</Statement>
            <TaxonName ref="i25"/>
          </Lead>
          <Lead id="k1l82">
            <Parent ref="k1l81"/>
            <Statement>Leaflets entire; inflorescence a raceme; ovary separated from receptacle by a stalk</Statement>
            <TaxonName ref="i6"/>
          </Lead>
          <Lead id="k1l83">
            <Parent ref="k1l81"/>
            <Statement>Leaflets or leaf segments toothed; inflorescence (1)2-flowered; ovary sessile on receptacle</Statement>
            <TaxonName ref="i8"/>
          </Lead>
          <Lead id="k1l85">
            <Parent ref="k1l84"/>
            <Statement>Petals 4</Statement>
          </Lead>
          <Lead id="k1l88">
            <Parent ref="k1l84"/>
            <Statement>Petals 5 or more</Statement>
          </Lead>
          <Lead id="k1l86">
            <Parent ref="k1l85"/>
            <Statement>Ovary entire or +- 2-lobed; inflorescence a generally bractless raceme</Statement>
            <TaxonName ref="i4"/>
          </Lead>
          <Lead id="k1l87">
            <Parent ref="k1l85"/>
            <Statement>Ovary very deeply 4-lobed; flowers solitary and axillary or inflorescence a leafy-bracted raceme</Statement>
            <TaxonName ref="i10"/>
          </Lead>
          <Lead id="k1l89">
            <Parent ref="k1l88"/>
            <Statement>Shrub or tree (occasionally low-creeping)</Statement>
          </Lead>
          <Lead id="k1l98">
            <Parent ref="k1l88"/>
            <Statement>Herb or subshrub</Statement>
          </Lead>
          <Lead id="k1l90">
            <Parent ref="k1l89"/>
            <Statement>Petals 6; leaflets spiny-toothed; stems and leaves non-scented</Statement>
            <TaxonName ref="i3"/>
          </Lead>
          <Lead id="k1l91">
            <Parent ref="k1l89"/>
            <Statement>Petals 5(6); leaflets entire or toothed but not spiny; stems and leaves often strongly scented</Statement>
          </Lead>
          <Lead id="k1l92">
            <Parent ref="k1l91"/>
            <Statement>Ovary divided into 2--5 flattened lobes; fruit a cluster of elongated, winged achenes; leaflets with gland-tipped teeth near base</Statement>
            <TaxonName ref="i22"/>
          </Lead>
          <Lead id="k1l93">
            <Parent ref="k1l91"/>
            <Statement>Ovary entire; fruit a drupe or legume; leaflets without gland-tipped teeth</Statement>
          </Lead>
          <Lead id="k1l94">
            <Parent ref="k1l93"/>
            <Statement>Flowers solitary or few; leaflets 2--10 mm, +- entire --- small tree of DSon</Statement>
            <TaxonName ref="i5"/>
          </Lead>
          <Lead id="k1l95">
            <Parent ref="k1l93"/>
            <Statement>Flowers in racemes or panicles, often many; leaflets mostly &gt; 7 mm, often much longer, toothed or entire</Statement>
          </Lead>
          <Lead id="k1l96">
            <Parent ref="k1l95"/>
            <Statement>Corolla &lt;&lt; 1 cm diam, white to +- green or pale yellow; fruit a drupe; leaflets often toothed</Statement>
            <TaxonName ref="i0"/>
          </Lead>
          <Lead id="k1l97">
            <Parent ref="k1l95"/>
            <Statement>Corolla &gt; 1 cm diam, bright yellow; fruit a legume; leaflets entire</Statement>
            <TaxonName ref="i7"/>
          </Lead>
          <Lead id="k1l99">
            <Parent ref="k1l98"/>
            <Statement>Leaves +- cylindric [leaflets and lobes generally closely overlapping around axis], generally basal; fruit an achene; hypanthium present</Statement>
            <TaxonName ref="i18"/>
          </Lead>
          <Lead id="k1l100">
            <Parent ref="k1l98"/>
            <Statement>Leaves +- flat, basal and/or cauline; fruit nutlets, mericarps, a capsule, or a legume; hypanthium 0</Statement>
          </Lead>
          <Lead id="k1l101">
            <Parent ref="k1l100"/>
            <Statement>Anther-bearing stamens as many as petals --- fruit with long beak, splitting into 5 mericarps</Statement>
            <TaxonName ref="i8"/>
          </Lead>
          <Lead id="k1l102">
            <Parent ref="k1l100"/>
            <Statement>Anther-bearing stamens 2 &times; as many as petals (occasionally some anthers much smaller than others)</Statement>
          </Lead>
          <Lead id="k1l103">
            <Parent ref="k1l102"/>
            <Statement>Flowers in racemes or panicles; ovary chamber 1; fruit dehiscent</Statement>
          </Lead>
          <Lead id="k1l106">
            <Parent ref="k1l102"/>
            <Statement>Flowers solitary, in pairs, or in a leafy-bracted raceme; ovary chambers generally 5; fruit splitting into mericarps</Statement>
          </Lead>
          <Lead id="k1l104">
            <Parent ref="k1l103"/>
            <Statement>Terminal leaflet 0; fruit a legume</Statement>
            <TaxonName ref="i7"/>
          </Lead>
          <Lead id="k1l105">
            <Parent ref="k1l103"/>
            <Statement>Terminal leaflet present; fruit a capsule</Statement>
            <TaxonName ref="i17"/>
          </Lead>
          <Lead id="k1l107">
            <Parent ref="k1l106"/>
            <Statement>Stipules 0; ovary very deeply 5-lobed; style base surrounded by ovary lobes</Statement>
            <TaxonName ref="i10"/>
          </Lead>
          <Lead id="k1l108">
            <Parent ref="k1l106"/>
            <Statement>Stipules present; ovary entire or shallowly lobed at time of pollination; style at tip of ovary</Statement>
            <TaxonName ref="i26"/>
          </Lead>
        </Leads>
      </IdentificationKey>
    </IdentificationKeys>
  </Dataset>
</Datasets>
