<?xml version="1.0" encoding="UTF-8"?>
<Datasets xmlns="http://rs.tdwg.org/UBIF/2006/" xmlns:xsi="http://www.w3.org/2001/XMLSchema-instance" xsi:schemaLocation="http://rs.tdwg.org/UBIF/2006/ http://rs.tdwg.org/UBIF/2006/Schema/1.1/SDD.xsd">
  <TechnicalMetadata created="2014-12-08T01:24:14">
    <Generator name="KeyBase SDD export" version="0"/>
  </TechnicalMetadata>
  <Dataset xml:lang="en-au">
    <Representation>
      <Label xml:lang="en">Family Group 15</Label>
    </Representation>
    <TaxonNames>
      <TaxonName id="i0">
        <Representation>
          <Label>Aizoaceae</Label>
        </Representation>
      </TaxonName>
      <TaxonName id="i1">
        <Representation>
          <Label>Amaranthaceae</Label>
        </Representation>
      </TaxonName>
      <TaxonName id="i2">
        <Representation>
          <Label>Araceae</Label>
        </Representation>
      </TaxonName>
      <TaxonName id="i3">
        <Representation>
          <Label>Bataceae</Label>
        </Representation>
      </TaxonName>
      <TaxonName id="i4">
        <Representation>
          <Label>Berberidaceae</Label>
        </Representation>
      </TaxonName>
      <TaxonName id="i5">
        <Representation>
          <Label>Brassicaceae</Label>
        </Representation>
      </TaxonName>
      <TaxonName id="i6">
        <Representation>
          <Label>Cannabaceae</Label>
        </Representation>
      </TaxonName>
      <TaxonName id="i7">
        <Representation>
          <Label>Caryophyllaceae</Label>
        </Representation>
      </TaxonName>
      <TaxonName id="i8">
        <Representation>
          <Label>Ceratophyllaceae</Label>
        </Representation>
      </TaxonName>
      <TaxonName id="i9">
        <Representation>
          <Label>Chenopodiaceae</Label>
        </Representation>
      </TaxonName>
      <TaxonName id="i10">
        <Representation>
          <Label>Ericaceae</Label>
        </Representation>
      </TaxonName>
      <TaxonName id="i11">
        <Representation>
          <Label>Euphorbiaceae</Label>
        </Representation>
      </TaxonName>
      <TaxonName id="i12">
        <Representation>
          <Label>Lythraceae</Label>
        </Representation>
      </TaxonName>
      <TaxonName id="i13">
        <Representation>
          <Label>Molluginaceae</Label>
        </Representation>
      </TaxonName>
      <TaxonName id="i14">
        <Representation>
          <Label>Myrsinaceae</Label>
        </Representation>
      </TaxonName>
      <TaxonName id="i15">
        <Representation>
          <Label>Nyctaginaceae</Label>
        </Representation>
      </TaxonName>
      <TaxonName id="i16">
        <Representation>
          <Label>Papaveraceae</Label>
        </Representation>
      </TaxonName>
      <TaxonName id="i17">
        <Representation>
          <Label>Phytolaccaceae</Label>
        </Representation>
      </TaxonName>
      <TaxonName id="i18">
        <Representation>
          <Label>Plantaginaceae</Label>
        </Representation>
      </TaxonName>
      <TaxonName id="i19">
        <Representation>
          <Label>Polygalaceae</Label>
        </Representation>
      </TaxonName>
      <TaxonName id="i20">
        <Representation>
          <Label>Polygonaceae</Label>
        </Representation>
      </TaxonName>
      <TaxonName id="i21">
        <Representation>
          <Label>Rosaceae</Label>
        </Representation>
      </TaxonName>
      <TaxonName id="i22">
        <Representation>
          <Label>Urticaceae</Label>
        </Representation>
      </TaxonName>
      <TaxonName id="i23">
        <Representation>
          <Label>Violaceae</Label>
        </Representation>
      </TaxonName>
    </TaxonNames>
    <IdentificationKeys>
      <IdentificationKey id="k1">
        <Representation>
          <Label xml:lang="en">Family Group 15</Label>
        </Representation>
        <Leads>
          <Lead id="k1l1">
            <Statement>Leaves opposite or whorled</Statement>
          </Lead>
          <Lead id="k1l48">
            <Statement>Leaves alternate or all basal</Statement>
          </Lead>
          <Lead id="k1l2">
            <Parent ref="k1l1"/>
            <Statement>Plant aquatic, weak-stemmed; submersed, floating, or stranded on mud</Statement>
          </Lead>
          <Lead id="k1l9">
            <Parent ref="k1l1"/>
            <Statement>Plant terrestrial, sometimes in damp soil, or in areas flooded at high tide</Statement>
          </Lead>
          <Lead id="k1l3">
            <Parent ref="k1l2"/>
            <Statement>Leaves opposite; ovary lobed or unlobed; seeds 4--many</Statement>
          </Lead>
          <Lead id="k1l6">
            <Parent ref="k1l2"/>
            <Statement>Leaves whorled; ovary unlobed; seed 1</Statement>
          </Lead>
          <Lead id="k1l4">
            <Parent ref="k1l3"/>
            <Statement>Ovary unlobed, many-seeded</Statement>
            <TaxonName ref="i12"/>
          </Lead>
          <Lead id="k1l5">
            <Parent ref="k1l3"/>
            <Statement>Ovary 2- or 4-lobed, 4-seeded</Statement>
            <TaxonName ref="i18"/>
          </Lead>
          <Lead id="k1l7">
            <Parent ref="k1l6"/>
            <Statement>Leaves dissected into narrow lobes</Statement>
            <TaxonName ref="i8"/>
          </Lead>
          <Lead id="k1l8">
            <Parent ref="k1l6"/>
            <Statement>Leaves entire</Statement>
            <TaxonName ref="i18"/>
          </Lead>
          <Lead id="k1l10">
            <Parent ref="k1l9"/>
            <Statement>Ovary chambers 2 or more (doubtful cases should be keyed both ways)</Statement>
          </Lead>
          <Lead id="k1l17">
            <Parent ref="k1l9"/>
            <Statement>Ovary chamber 1</Statement>
          </Lead>
          <Lead id="k1l11">
            <Parent ref="k1l10"/>
            <Statement>Flowers unisexual</Statement>
          </Lead>
          <Lead id="k1l14">
            <Parent ref="k1l10"/>
            <Statement>Flowers bisexual</Statement>
          </Lead>
          <Lead id="k1l12">
            <Parent ref="k1l11"/>
            <Statement>Style 0, stigma sessile; leaves +- cylindric or 3-angled in &times;-section, fleshy; milky latex 0; plants of coastal salt-marshes</Statement>
            <TaxonName ref="i3"/>
          </Lead>
          <Lead id="k1l13">
            <Parent ref="k1l11"/>
            <Statement>Styles or stigmas 2--3, free; leaves thin; milky latex present or 0; plants of various habitats but not salt marsh</Statement>
            <TaxonName ref="i11"/>
          </Lead>
          <Lead id="k1l15">
            <Parent ref="k1l14"/>
            <Statement>Leaves opposite, equal; fruit circumscissile --- 1/2-inferior ovary may appear superior</Statement>
            <TaxonName ref="i0"/>
          </Lead>
          <Lead id="k1l16">
            <Parent ref="k1l14"/>
            <Statement>Leaves whorled, often unequal; fruit loculicidal</Statement>
            <TaxonName ref="i13"/>
          </Lead>
          <Lead id="k1l18">
            <Parent ref="k1l17"/>
            <Statement>Ovules 2--many; fruit a capsule</Statement>
          </Lead>
          <Lead id="k1l25">
            <Parent ref="k1l17"/>
            <Statement>Ovule 1; fruit an achene, 1-seeded capsule, or utricle</Statement>
          </Lead>
          <Lead id="k1l19">
            <Parent ref="k1l18"/>
            <Statement>Perianth parts 6(8) --- sepals actually present in bud, but early-deciduous, 0 in open flower</Statement>
            <TaxonName ref="i16"/>
          </Lead>
          <Lead id="k1l20">
            <Parent ref="k1l18"/>
            <Statement>Perianth parts (4)5</Statement>
          </Lead>
          <Lead id="k1l21">
            <Parent ref="k1l20"/>
            <Statement>Sepals free; flowers generally in cymes</Statement>
            <TaxonName ref="i7"/>
          </Lead>
          <Lead id="k1l22">
            <Parent ref="k1l20"/>
            <Statement>Sepals fused; flowers solitary in leaf axils</Statement>
          </Lead>
          <Lead id="k1l23">
            <Parent ref="k1l22"/>
            <Statement>Leaves of a pair unequal; stipules present; fruit circumscissile</Statement>
            <TaxonName ref="i0"/>
          </Lead>
          <Lead id="k1l24">
            <Parent ref="k1l22"/>
            <Statement>Leaves of a pair equal; stipules 0; fruit 5-valved</Statement>
            <TaxonName ref="i14"/>
          </Lead>
          <Lead id="k1l26">
            <Parent ref="k1l25"/>
            <Statement>Style 1, undivided or stigma 1, sessile</Statement>
          </Lead>
          <Lead id="k1l31">
            <Parent ref="k1l25"/>
            <Statement>Styles or style branches 2 or more</Statement>
          </Lead>
          <Lead id="k1l27">
            <Parent ref="k1l26"/>
            <Statement>Sepals petal-like, fused into a tube; leaves entire or slightly lobed, stinging hairs 0</Statement>
            <TaxonName ref="i15"/>
          </Lead>
          <Lead id="k1l28">
            <Parent ref="k1l26"/>
            <Statement>Sepals green, small, inconspicuous; leaves toothed or entire, sometimes with stinging hairs</Statement>
          </Lead>
          <Lead id="k1l29">
            <Parent ref="k1l28"/>
            <Statement>Herbage densely covered with branched hairs</Statement>
            <TaxonName ref="i1"/>
          </Lead>
          <Lead id="k1l30">
            <Parent ref="k1l28"/>
            <Statement>Herbage glabrous or +- hairy, hairs not branched (stinging hairs present in _Hesperocnide_, _Urtica_)</Statement>
            <TaxonName ref="i22"/>
          </Lead>
          <Lead id="k1l32">
            <Parent ref="k1l31"/>
            <Statement>Leaves palmately compound or deeply lobed</Statement>
            <TaxonName ref="i6"/>
          </Lead>
          <Lead id="k1l33">
            <Parent ref="k1l31"/>
            <Statement>Leaves simple, entire or toothed</Statement>
          </Lead>
          <Lead id="k1l34">
            <Parent ref="k1l33"/>
            <Statement>Fruit a 3-angled achene; perianth parts 6 [actually in 2 whorls of 3, but this may not be evident in open flowers]</Statement>
            <TaxonName ref="i20"/>
          </Lead>
          <Lead id="k1l35">
            <Parent ref="k1l33"/>
            <Statement>Fruit not 3-angled; perianth parts &lt;= 5</Statement>
          </Lead>
          <Lead id="k1l36">
            <Parent ref="k1l35"/>
            <Statement>Leaves with stipules</Statement>
          </Lead>
          <Lead id="k1l39">
            <Parent ref="k1l35"/>
            <Statement>Leaves without stipules</Statement>
          </Lead>
          <Lead id="k1l37">
            <Parent ref="k1l36"/>
            <Statement>Leaves petioled, fleshy; fruit a circumscissile capsule</Statement>
            <TaxonName ref="i0"/>
          </Lead>
          <Lead id="k1l38">
            <Parent ref="k1l36"/>
            <Statement>Leaves sessile, not fleshy; fruit 1-seeded, indehiscent</Statement>
            <TaxonName ref="i7"/>
          </Lead>
          <Lead id="k1l40">
            <Parent ref="k1l39"/>
            <Statement>Leaves reduced to fleshy scales; inflorescence a fleshy spike</Statement>
            <TaxonName ref="i9"/>
          </Lead>
          <Lead id="k1l41">
            <Parent ref="k1l39"/>
            <Statement>Leaves linear to ovate; inflorescences various or flowers solitary</Statement>
          </Lead>
          <Lead id="k1l42">
            <Parent ref="k1l41"/>
            <Statement>Sepals erect, linear, fused below and hardened around ovary; stamens fused to calyx; slender annual, generally &lt;= 15 cm; leaves narrowly linear, &lt;= 15 mm</Statement>
            <TaxonName ref="i7"/>
          </Lead>
          <Lead id="k1l43">
            <Parent ref="k1l41"/>
            <Statement>Sepals erect or spreading, free, not hardened around ovary (sepals generally 0 in pistillate flowers of _Atriplex_, which has a pair of +- hardened bractlets around fruit); stamens free from calyx; plants often larger, annual or perennial herb; leaves various</Statement>
          </Lead>
          <Lead id="k1l44">
            <Parent ref="k1l43"/>
            <Statement>Bracts subtending flowers dry, scarious; plants neither fleshy nor with powdery or beaded surface; habitats generally not saline</Statement>
            <TaxonName ref="i1"/>
          </Lead>
          <Lead id="k1l45">
            <Parent ref="k1l43"/>
            <Statement>Bracts subtending flowers leaf-like or fleshy; plants often fleshy or with powdery or beaded surface; habitats often +- saline</Statement>
          </Lead>
          <Lead id="k1l46">
            <Parent ref="k1l45"/>
            <Statement>Sepals pink or white, papery; plant from rhizome</Statement>
            <TaxonName ref="i1"/>
          </Lead>
          <Lead id="k1l47">
            <Parent ref="k1l45"/>
            <Statement>Sepals green or +- red-tinged, herbaceous; rhizome 0</Statement>
            <TaxonName ref="i9"/>
          </Lead>
          <Lead id="k1l49">
            <Parent ref="k1l48"/>
            <Statement>Plant aquatic, raft-like, floating on water surface or stranded on shoreline --- leaves in rosettes, wedge-shaped, sessile, velvety; flowers enclosed by small, sheathing bracts</Statement>
            <TaxonName ref="i2"/>
          </Lead>
          <Lead id="k1l50">
            <Parent ref="k1l48"/>
            <Statement>Plant terrestrial or rooted in shallow water</Statement>
          </Lead>
          <Lead id="k1l51">
            <Parent ref="k1l50"/>
            <Statement>Inflorescence a +- fleshy spike enclosed by a large, basally sheathing, often petal-like bract; petiole stout</Statement>
            <TaxonName ref="i2"/>
          </Lead>
          <Lead id="k1l52">
            <Parent ref="k1l50"/>
            <Statement>Inflorescence various but not a fleshy spike subtended by a sheathing bract; leaves sessile or +- slender-petioled</Statement>
          </Lead>
          <Lead id="k1l53">
            <Parent ref="k1l52"/>
            <Statement>Leaves with stipules, generally well developed</Statement>
          </Lead>
          <Lead id="k1l68">
            <Parent ref="k1l52"/>
            <Statement>Leaves without stipules, sometimes reduced to scale-like bracts</Statement>
          </Lead>
          <Lead id="k1l54">
            <Parent ref="k1l53"/>
            <Statement>Style 1, unbranched, or stigma sessile</Statement>
          </Lead>
          <Lead id="k1l57">
            <Parent ref="k1l53"/>
            <Statement>Styles or stigmas 2 or more</Statement>
          </Lead>
          <Lead id="k1l55">
            <Parent ref="k1l54"/>
            <Statement>Ovule 1; fruit an achene</Statement>
            <TaxonName ref="i21"/>
          </Lead>
          <Lead id="k1l56">
            <Parent ref="k1l54"/>
            <Statement>Ovules several to many; fruit a capsule --- late season cleistogamous flowers formed in most _Viola_ species</Statement>
            <TaxonName ref="i23"/>
          </Lead>
          <Lead id="k1l58">
            <Parent ref="k1l57"/>
            <Statement>Leaves palmately compound</Statement>
            <TaxonName ref="i6"/>
          </Lead>
          <Lead id="k1l59">
            <Parent ref="k1l57"/>
            <Statement>Leaves simple, entire to lobed</Statement>
          </Lead>
          <Lead id="k1l60">
            <Parent ref="k1l59"/>
            <Statement>Plant a vine, stems twining</Statement>
          </Lead>
          <Lead id="k1l63">
            <Parent ref="k1l59"/>
            <Statement>Plant prostrate to erect, stems not twining</Statement>
          </Lead>
          <Lead id="k1l61">
            <Parent ref="k1l60"/>
            <Statement>Leaves toothed, at least the proximal also palmately lobed</Statement>
            <TaxonName ref="i6"/>
          </Lead>
          <Lead id="k1l62">
            <Parent ref="k1l60"/>
            <Statement>Leaves entire</Statement>
            <TaxonName ref="i20"/>
          </Lead>
          <Lead id="k1l64">
            <Parent ref="k1l63"/>
            <Statement>Stipules fused into a membranous sheath [ocrea] around stem, the sheath sometimes torn or shredded as branches develop</Statement>
            <TaxonName ref="i20"/>
          </Lead>
          <Lead id="k1l65">
            <Parent ref="k1l63"/>
            <Statement>Stipules free, not fused around stem, not torn or shredded as branches develop</Statement>
          </Lead>
          <Lead id="k1l66">
            <Parent ref="k1l65"/>
            <Statement>Annual; stems prostrate; stinging hairs 0; flowers bisexual</Statement>
            <TaxonName ref="i7"/>
          </Lead>
          <Lead id="k1l67">
            <Parent ref="k1l65"/>
            <Statement>Perennial herb; stems spreading to erect; stinging hairs present; flowers unisexual</Statement>
            <TaxonName ref="i11"/>
          </Lead>
          <Lead id="k1l69">
            <Parent ref="k1l68"/>
            <Statement>Inflorescence flower-like with a cup-like involucre bearing 1--4(5) nectary glands that sometimes have flattened, white to +- pink, petal-like, marginal appendages --- stamens [actually staminate flowers] each with a jointed stalk [composed of a filament and a pedicel], pistillate flower 1, generally exserted from involucre, ovary 3-lobed</Statement>
            <TaxonName ref="i11"/>
          </Lead>
          <Lead id="k1l70">
            <Parent ref="k1l68"/>
            <Statement>Inflorescence not flower-like or with a cup-like, nectary-gland-bearing involucre</Statement>
          </Lead>
          <Lead id="k1l71">
            <Parent ref="k1l70"/>
            <Statement>Perianth parts 4 or 6, +- petal-like</Statement>
          </Lead>
          <Lead id="k1l74">
            <Parent ref="k1l70"/>
            <Statement>Perianth parts &lt;= 5, sometimes 0, generally not petal-like</Statement>
          </Lead>
          <Lead id="k1l72">
            <Parent ref="k1l71"/>
            <Statement>Perianth parts 4 or 6, free; stigmas 1--many, generally sessile; fruit a capsule --- sepals actually present in bud, but early-deciduous, 0 in open flower</Statement>
            <TaxonName ref="i16"/>
          </Lead>
          <Lead id="k1l73">
            <Parent ref="k1l71"/>
            <Statement>Perianth parts 6, proximally fused; stigmas 3, at tips of slender styles; fruit a 3-angled achene</Statement>
            <TaxonName ref="i20"/>
          </Lead>
          <Lead id="k1l75">
            <Parent ref="k1l74"/>
            <Statement>Leaves all basal, palmately compound; leaflets 3; perianth 0</Statement>
            <TaxonName ref="i4"/>
          </Lead>
          <Lead id="k1l76">
            <Parent ref="k1l74"/>
            <Statement>Leaves cauline, simple; perianth generally present</Statement>
          </Lead>
          <Lead id="k1l77">
            <Parent ref="k1l76"/>
            <Statement>Ovule 1; inflorescences various</Statement>
          </Lead>
          <Lead id="k1l86">
            <Parent ref="k1l76"/>
            <Statement>Ovules 2--many; inflorescence generally a raceme (spike, axillary cluster)</Statement>
          </Lead>
          <Lead id="k1l78">
            <Parent ref="k1l77"/>
            <Statement>Herbage +- densely covered with branched hairs</Statement>
          </Lead>
          <Lead id="k1l81">
            <Parent ref="k1l77"/>
            <Statement>Herbage glabrous or +- hairy, hairs not branched</Statement>
          </Lead>
          <Lead id="k1l79">
            <Parent ref="k1l78"/>
            <Statement>Flowers bisexual; hairs soft, irregularly branched, branches all short; fruit indehiscent --- leaf arrangement variable, often difficult to interpret</Statement>
            <TaxonName ref="i1"/>
          </Lead>
          <Lead id="k1l80">
            <Parent ref="k1l78"/>
            <Statement>Flowers unisexual; hairs harshly stellate, central branches often long, spreading, bristle-like; fruit dehiscent</Statement>
            <TaxonName ref="i11"/>
          </Lead>
          <Lead id="k1l82">
            <Parent ref="k1l81"/>
            <Statement>Stigma 1</Statement>
            <TaxonName ref="i22"/>
          </Lead>
          <Lead id="k1l83">
            <Parent ref="k1l81"/>
            <Statement>Stigmas 2--4</Statement>
          </Lead>
          <Lead id="k1l84">
            <Parent ref="k1l83"/>
            <Statement>Bracts subtending flowers scarious-margined or dry and scarious throughout</Statement>
            <TaxonName ref="i1"/>
          </Lead>
          <Lead id="k1l85">
            <Parent ref="k1l83"/>
            <Statement>Bracts subtending flowers 0 or not scarious or scarious-margined</Statement>
            <TaxonName ref="i9"/>
          </Lead>
          <Lead id="k1l87">
            <Parent ref="k1l86"/>
            <Statement>Flowers unisexual</Statement>
            <TaxonName ref="i11"/>
          </Lead>
          <Lead id="k1l88">
            <Parent ref="k1l86"/>
            <Statement>Flowers bisexual</Statement>
          </Lead>
          <Lead id="k1l89">
            <Parent ref="k1l88"/>
            <Statement>Plant red- and white-striped, non-photosynthetic, green pigment 0</Statement>
            <TaxonName ref="i10"/>
          </Lead>
          <Lead id="k1l90">
            <Parent ref="k1l88"/>
            <Statement>Plant green and photosynthetic</Statement>
          </Lead>
          <Lead id="k1l91">
            <Parent ref="k1l90"/>
            <Statement>Sepals 4</Statement>
            <TaxonName ref="i5"/>
          </Lead>
          <Lead id="k1l92">
            <Parent ref="k1l90"/>
            <Statement>Sepals 5</Statement>
          </Lead>
          <Lead id="k1l93">
            <Parent ref="k1l92"/>
            <Statement>Stems +- erect, &lt;= 3(7) m; leaf 6--36 cm; flowers many in spike or raceme; fruit a berry, chambers 5--12; perianth radial</Statement>
            <TaxonName ref="i17"/>
          </Lead>
          <Lead id="k1l94">
            <Parent ref="k1l92"/>
            <Statement>Stems +- decumbent, 0.5--3.5 dm; leaf &lt;= 6 cm; flowers 1--few in raceme; fruit a capsule; chambers 2; perianth bilateral --- some flowers often +- cleistogamous</Statement>
            <TaxonName ref="i19"/>
          </Lead>
        </Leads>
      </IdentificationKey>
    </IdentificationKeys>
  </Dataset>
</Datasets>
