<?xml version="1.0" encoding="UTF-8"?>
<Datasets xmlns="http://rs.tdwg.org/UBIF/2006/" xmlns:xsi="http://www.w3.org/2001/XMLSchema-instance" xsi:schemaLocation="http://rs.tdwg.org/UBIF/2006/ http://rs.tdwg.org/UBIF/2006/Schema/1.1/SDD.xsd">
  <TechnicalMetadata created="2014-12-08T01:24:14">
    <Generator name="KeyBase SDD export" version="0"/>
  </TechnicalMetadata>
  <Dataset xml:lang="en-au">
    <Representation>
      <Label xml:lang="en">Family Group 7</Label>
    </Representation>
    <TaxonNames>
      <TaxonName id="i0">
        <Representation>
          <Label>Anacardiaceae</Label>
        </Representation>
      </TaxonName>
      <TaxonName id="i1">
        <Representation>
          <Label>Aquifoliaceae</Label>
        </Representation>
      </TaxonName>
      <TaxonName id="i2">
        <Representation>
          <Label>Arecaceae</Label>
        </Representation>
      </TaxonName>
      <TaxonName id="i3">
        <Representation>
          <Label>Asteraceae</Label>
        </Representation>
      </TaxonName>
      <TaxonName id="i4">
        <Representation>
          <Label>Betulaceae</Label>
        </Representation>
      </TaxonName>
      <TaxonName id="i5">
        <Representation>
          <Label>Burseraceae</Label>
        </Representation>
      </TaxonName>
      <TaxonName id="i6">
        <Representation>
          <Label>Cannabaceae</Label>
        </Representation>
      </TaxonName>
      <TaxonName id="i7">
        <Representation>
          <Label>Chenopodiaceae</Label>
        </Representation>
      </TaxonName>
      <TaxonName id="i8">
        <Representation>
          <Label>Cupressaceae</Label>
        </Representation>
      </TaxonName>
      <TaxonName id="i9">
        <Representation>
          <Label>Elaeagnaceae</Label>
        </Representation>
      </TaxonName>
      <TaxonName id="i10">
        <Representation>
          <Label>Ephedraceae</Label>
        </Representation>
      </TaxonName>
      <TaxonName id="i11">
        <Representation>
          <Label>Ericaceae</Label>
        </Representation>
      </TaxonName>
      <TaxonName id="i12">
        <Representation>
          <Label>Euphorbiaceae</Label>
        </Representation>
      </TaxonName>
      <TaxonName id="i13">
        <Representation>
          <Label>Fabaceae</Label>
        </Representation>
      </TaxonName>
      <TaxonName id="i14">
        <Representation>
          <Label>Fagaceae</Label>
        </Representation>
      </TaxonName>
      <TaxonName id="i15">
        <Representation>
          <Label>Garryaceae</Label>
        </Representation>
      </TaxonName>
      <TaxonName id="i16">
        <Representation>
          <Label>Juglandaceae</Label>
        </Representation>
      </TaxonName>
      <TaxonName id="i17">
        <Representation>
          <Label>Lauraceae</Label>
        </Representation>
      </TaxonName>
      <TaxonName id="i18">
        <Representation>
          <Label>Moraceae</Label>
        </Representation>
      </TaxonName>
      <TaxonName id="i19">
        <Representation>
          <Label>Myricaceae</Label>
        </Representation>
      </TaxonName>
      <TaxonName id="i20">
        <Representation>
          <Label>Oleaceae</Label>
        </Representation>
      </TaxonName>
      <TaxonName id="i21">
        <Representation>
          <Label>Picrodendraceae</Label>
        </Representation>
      </TaxonName>
      <TaxonName id="i22">
        <Representation>
          <Label>Pinaceae</Label>
        </Representation>
      </TaxonName>
      <TaxonName id="i23">
        <Representation>
          <Label>Pittosporaceae</Label>
        </Representation>
      </TaxonName>
      <TaxonName id="i24">
        <Representation>
          <Label>Platanaceae</Label>
        </Representation>
      </TaxonName>
      <TaxonName id="i25">
        <Representation>
          <Label>Ranunculaceae</Label>
        </Representation>
      </TaxonName>
      <TaxonName id="i26">
        <Representation>
          <Label>Rhamnaceae</Label>
        </Representation>
      </TaxonName>
      <TaxonName id="i27">
        <Representation>
          <Label>Rosaceae</Label>
        </Representation>
      </TaxonName>
      <TaxonName id="i28">
        <Representation>
          <Label>Rubiaceae</Label>
        </Representation>
      </TaxonName>
      <TaxonName id="i29">
        <Representation>
          <Label>Ruscaceae</Label>
        </Representation>
      </TaxonName>
      <TaxonName id="i30">
        <Representation>
          <Label>Salicaceae</Label>
        </Representation>
      </TaxonName>
      <TaxonName id="i31">
        <Representation>
          <Label>Sapindaceae</Label>
        </Representation>
      </TaxonName>
      <TaxonName id="i32">
        <Representation>
          <Label>Sarcobataceae</Label>
        </Representation>
      </TaxonName>
      <TaxonName id="i33">
        <Representation>
          <Label>Scrophulariaceae</Label>
        </Representation>
      </TaxonName>
      <TaxonName id="i34">
        <Representation>
          <Label>Simaroubaceae</Label>
        </Representation>
      </TaxonName>
      <TaxonName id="i35">
        <Representation>
          <Label>Simmondsiaceae</Label>
        </Representation>
      </TaxonName>
      <TaxonName id="i36">
        <Representation>
          <Label>Smilacaceae</Label>
        </Representation>
      </TaxonName>
      <TaxonName id="i37">
        <Representation>
          <Label>Solanaceae</Label>
        </Representation>
      </TaxonName>
      <TaxonName id="i38">
        <Representation>
          <Label>Taxaceae</Label>
        </Representation>
      </TaxonName>
      <TaxonName id="i39">
        <Representation>
          <Label>Viscaceae</Label>
        </Representation>
      </TaxonName>
      <TaxonName id="i40">
        <Representation>
          <Label>Vitaceae</Label>
        </Representation>
      </TaxonName>
    </TaxonNames>
    <IdentificationKeys>
      <IdentificationKey id="k1">
        <Representation>
          <Label xml:lang="en">Family Group 7</Label>
        </Representation>
        <Leads>
          <Lead id="k1l1">
            <Statement>Plant parasitic on stem of woody host plant</Statement>
            <TaxonName ref="i39"/>
          </Lead>
          <Lead id="k1l2">
            <Statement>Plant free-living, rooted in ground</Statement>
          </Lead>
          <Lead id="k1l3">
            <Parent ref="k1l2"/>
            <Statement>Trunk unbranched, generally stout, covered with persistent woody leaf bases; leaves 4--7 m, pinnately compound</Statement>
            <TaxonName ref="i2"/>
          </Lead>
          <Lead id="k1l4">
            <Parent ref="k1l2"/>
            <Statement>Trunk(s) generally branched, stout or slender, generally not covered with persistent leaf bases; leaves generally smaller, simple or compound</Statement>
          </Lead>
          <Lead id="k1l5">
            <Parent ref="k1l4"/>
            <Statement>Leaves stiff and sword-like, 0.6--2 m, base much expanded, white, fleshy; inflorescence a large panicle</Statement>
            <TaxonName ref="i29"/>
          </Lead>
          <Lead id="k1l6">
            <Parent ref="k1l4"/>
            <Statement>Leaves not sword-like, mostly smaller, base not much expanded, white, and fleshy; inflorescences various</Statement>
          </Lead>
          <Lead id="k1l7">
            <Parent ref="k1l6"/>
            <Statement>Leaves opposite or whorled</Statement>
          </Lead>
          <Lead id="k1l44">
            <Parent ref="k1l6"/>
            <Statement>Leaves alternate (leaf often opposite a tendril or inflorescence in Vitaceae)</Statement>
          </Lead>
          <Lead id="k1l8">
            <Parent ref="k1l7"/>
            <Statement>Leaves compound</Statement>
          </Lead>
          <Lead id="k1l15">
            <Parent ref="k1l7"/>
            <Statement>Leaves simple</Statement>
          </Lead>
          <Lead id="k1l9">
            <Parent ref="k1l8"/>
            <Statement>Leaves palmate</Statement>
            <TaxonName ref="i31"/>
          </Lead>
          <Lead id="k1l10">
            <Parent ref="k1l8"/>
            <Statement>Leaves pinnate</Statement>
          </Lead>
          <Lead id="k1l11">
            <Parent ref="k1l10"/>
            <Statement>Woody vine; sepals generally 4, conspicuous, petal-like</Statement>
            <TaxonName ref="i25"/>
          </Lead>
          <Lead id="k1l12">
            <Parent ref="k1l10"/>
            <Statement>Tree or large shrub; sepals generally 5 or number difficult to determine, very small</Statement>
          </Lead>
          <Lead id="k1l13">
            <Parent ref="k1l12"/>
            <Statement>Flowers sessile or borne on short, stout pedicels</Statement>
            <TaxonName ref="i20"/>
          </Lead>
          <Lead id="k1l14">
            <Parent ref="k1l12"/>
            <Statement>Flowers borne on elongated, thread-like pedicels</Statement>
            <TaxonName ref="i31"/>
          </Lead>
          <Lead id="k1l16">
            <Parent ref="k1l15"/>
            <Statement>Leaf toothed or lobed</Statement>
          </Lead>
          <Lead id="k1l21">
            <Parent ref="k1l15"/>
            <Statement>Leaf entire (strongly wavy in some _Garrya_ species)</Statement>
          </Lead>
          <Lead id="k1l17">
            <Parent ref="k1l16"/>
            <Statement>Leaf palmately veined and lobed</Statement>
            <TaxonName ref="i31"/>
          </Lead>
          <Lead id="k1l18">
            <Parent ref="k1l16"/>
            <Statement>Leaf pinnately veined and toothed</Statement>
          </Lead>
          <Lead id="k1l19">
            <Parent ref="k1l18"/>
            <Statement>Petals 0; stamens 4--10</Statement>
            <TaxonName ref="i21"/>
          </Lead>
          <Lead id="k1l20">
            <Parent ref="k1l18"/>
            <Statement>Petals 5, united in salverform corolla; stamens 4, epipetalous</Statement>
            <TaxonName ref="i33"/>
          </Lead>
          <Lead id="k1l22">
            <Parent ref="k1l21"/>
            <Statement>Inflorescence a catkin</Statement>
          </Lead>
          <Lead id="k1l27">
            <Parent ref="k1l21"/>
            <Statement>Inflorescence not a catkin</Statement>
          </Lead>
          <Lead id="k1l23">
            <Parent ref="k1l22"/>
            <Statement>Leaf blades well developed; catkins elongate, pendent</Statement>
            <TaxonName ref="i15"/>
          </Lead>
          <Lead id="k1l24">
            <Parent ref="k1l22"/>
            <Statement>Leaves scale-, awl-, or needle-like; "catkins" short, not pendent --- actually catkin-like pollen cone of gymnosperm</Statement>
          </Lead>
          <Lead id="k1l25">
            <Parent ref="k1l24"/>
            <Statement>Internodes very short; stem concealed by persistent, overlapping, green, scale-, awl-, or needle-like leaves; pollen sacs sessile beneath scales of small cone</Statement>
            <TaxonName ref="i8"/>
          </Lead>
          <Lead id="k1l26">
            <Parent ref="k1l24"/>
            <Statement>Internodes long; stem green, bearing dry, scale-like, often early-deciduous leaves; pollen sacs borne on filament-like stalk</Statement>
            <TaxonName ref="i10"/>
          </Lead>
          <Lead id="k1l28">
            <Parent ref="k1l27"/>
            <Statement>Leaves whorled</Statement>
          </Lead>
          <Lead id="k1l33">
            <Parent ref="k1l27"/>
            <Statement>Leaves opposite</Statement>
          </Lead>
          <Lead id="k1l29">
            <Parent ref="k1l28"/>
            <Statement>Leaf with abaxial groove</Statement>
            <TaxonName ref="i11"/>
          </Lead>
          <Lead id="k1l30">
            <Parent ref="k1l28"/>
            <Statement>Leaf flat or with midvein raised on abaxial face</Statement>
          </Lead>
          <Lead id="k1l31">
            <Parent ref="k1l30"/>
            <Statement>Stamens 4; weak-stemmed shrub; stems 4-angled when young</Statement>
            <TaxonName ref="i28"/>
          </Lead>
          <Lead id="k1l32">
            <Parent ref="k1l30"/>
            <Statement>Stamens 5--10; stiff shrub; stems round</Statement>
            <TaxonName ref="i21"/>
          </Lead>
          <Lead id="k1l34">
            <Parent ref="k1l33"/>
            <Statement>Herbage covered with silvery scales</Statement>
            <TaxonName ref="i9"/>
          </Lead>
          <Lead id="k1l35">
            <Parent ref="k1l33"/>
            <Statement>Herbage glabrous or variously hairy</Statement>
          </Lead>
          <Lead id="k1l36">
            <Parent ref="k1l35"/>
            <Statement>Petals fused proximally; stamens fused to corolla</Statement>
          </Lead>
          <Lead id="k1l39">
            <Parent ref="k1l35"/>
            <Statement>Petals free or 0; stamens free from corolla</Statement>
          </Lead>
          <Lead id="k1l37">
            <Parent ref="k1l36"/>
            <Statement>Leaves glossy</Statement>
            <TaxonName ref="i28"/>
          </Lead>
          <Lead id="k1l38">
            <Parent ref="k1l36"/>
            <Statement>Leaves densely hairy</Statement>
            <TaxonName ref="i33"/>
          </Lead>
          <Lead id="k1l40">
            <Parent ref="k1l39"/>
            <Statement>Leaves thick, leathery, evergreen; flowers in peduncled, head-like clusters; sepals well developed</Statement>
            <TaxonName ref="i35"/>
          </Lead>
          <Lead id="k1l41">
            <Parent ref="k1l39"/>
            <Statement>Leaves thin, deciduous; flowers in sessile axillary clusters or short-peduncled racemes; sepals very small</Statement>
          </Lead>
          <Lead id="k1l42">
            <Parent ref="k1l41"/>
            <Statement>Bark of young stems +- red; flowers pedicelled in short axillary racemes; stamens 5--10</Statement>
            <TaxonName ref="i21"/>
          </Lead>
          <Lead id="k1l43">
            <Parent ref="k1l41"/>
            <Statement>Bark of young stems gray; flowers +- sessile in axillary clusters; stamens 1--4</Statement>
            <TaxonName ref="i20"/>
          </Lead>
          <Lead id="k1l45">
            <Parent ref="k1l44"/>
            <Statement>Tendrils present; plant a vine; inflorescence of umbels or a panicle of head- or umbel-like clusters</Statement>
          </Lead>
          <Lead id="k1l48">
            <Parent ref="k1l44"/>
            <Statement>Tendrils 0; plant a shrub or tree, rarely a vine; inflorescence various</Statement>
          </Lead>
          <Lead id="k1l46">
            <Parent ref="k1l45"/>
            <Statement>Tendrils each opposite a leaf; calyx 0 or 5-lobed; petals 5, adherent at tips, +- yellow</Statement>
            <TaxonName ref="i40"/>
          </Lead>
          <Lead id="k1l47">
            <Parent ref="k1l45"/>
            <Statement>Tendrils 2+ near petiole base; perianth parts 6 in 2 whorls of 3, petal-like, free, white to +- green or +- yellow</Statement>
            <TaxonName ref="i36"/>
          </Lead>
          <Lead id="k1l49">
            <Parent ref="k1l48"/>
            <Statement>Inflorescence a catkin or spike</Statement>
          </Lead>
          <Lead id="k1l86">
            <Parent ref="k1l48"/>
            <Statement>Inflorescence not a catkin or spike</Statement>
          </Lead>
          <Lead id="k1l50">
            <Parent ref="k1l49"/>
            <Statement>Leaves compound</Statement>
          </Lead>
          <Lead id="k1l55">
            <Parent ref="k1l49"/>
            <Statement>Leaves simple</Statement>
          </Lead>
          <Lead id="k1l51">
            <Parent ref="k1l50"/>
            <Statement>Leaves 1- and 2-pinnate, leaflets 20--28 on 1-pinnate leaves</Statement>
            <TaxonName ref="i13"/>
          </Lead>
          <Lead id="k1l52">
            <Parent ref="k1l50"/>
            <Statement>Leaves 1-pinnate, leaflets 5--21</Statement>
          </Lead>
          <Lead id="k1l53">
            <Parent ref="k1l52"/>
            <Statement>Plant evergreen --- inflorescence resembles catkin when young, but is actually a branched panicle</Statement>
            <TaxonName ref="i0"/>
          </Lead>
          <Lead id="k1l54">
            <Parent ref="k1l52"/>
            <Statement>Plant deciduous</Statement>
            <TaxonName ref="i16"/>
          </Lead>
          <Lead id="k1l56">
            <Parent ref="k1l55"/>
            <Statement>Shrubs of +- saline desert habitats; leaves sometimes thick, +- fleshy; spikes erect or very short and axillary</Statement>
          </Lead>
          <Lead id="k1l59">
            <Parent ref="k1l55"/>
            <Statement>Shrubs or trees, generally of non-saline habitats; leaves mostly thinner, not fleshy; spikes or catkins erect to pendent</Statement>
          </Lead>
          <Lead id="k1l57">
            <Parent ref="k1l56"/>
            <Statement>Leaf blades generally flat; perianth present though generally small and inconspicuous; bracts 0 or not peltate</Statement>
            <TaxonName ref="i7"/>
          </Lead>
          <Lead id="k1l58">
            <Parent ref="k1l56"/>
            <Statement>Leaf blades generally +- cylindric; perianth 0; bracts peltate</Statement>
            <TaxonName ref="i32"/>
          </Lead>
          <Lead id="k1l60">
            <Parent ref="k1l59"/>
            <Statement>Leaves scale-, awl- or needle-like; plants evergreen --- catkin-like structure actually pollen cone of a gymnosperm</Statement>
          </Lead>
          <Lead id="k1l65">
            <Parent ref="k1l59"/>
            <Statement>Leaves with well developed blades; plants evergreen or deciduous</Statement>
          </Lead>
          <Lead id="k1l61">
            <Parent ref="k1l60"/>
            <Statement>Pollen sacs borne on filament-like stalks</Statement>
            <TaxonName ref="i38"/>
          </Lead>
          <Lead id="k1l62">
            <Parent ref="k1l60"/>
            <Statement>Pollen sacs sessile on abaxial side of scale-like structures</Statement>
          </Lead>
          <Lead id="k1l63">
            <Parent ref="k1l62"/>
            <Statement>Scales with 2 pollen sacs; needle-like leaves 1--30 cm; bark generally separating in flakes or plates</Statement>
            <TaxonName ref="i22"/>
          </Lead>
          <Lead id="k1l64">
            <Parent ref="k1l62"/>
            <Statement>Scales with several pollen sacs; needle-like leaves (if present) 1--2.5 cm; bark thick, fibrous, persistent</Statement>
            <TaxonName ref="i8"/>
          </Lead>
          <Lead id="k1l66">
            <Parent ref="k1l65"/>
            <Statement>Bractlets of inflorescence well developed and readily visible at time of flower</Statement>
          </Lead>
          <Lead id="k1l73">
            <Parent ref="k1l65"/>
            <Statement>Bractlets of inflorescence 0 or very inconspicuous at time of flower</Statement>
          </Lead>
          <Lead id="k1l67">
            <Parent ref="k1l66"/>
            <Statement>Catkins pendent</Statement>
          </Lead>
          <Lead id="k1l70">
            <Parent ref="k1l66"/>
            <Statement>Catkins +- stiff, +- erect to spreading but generally not pendent</Statement>
          </Lead>
          <Lead id="k1l68">
            <Parent ref="k1l67"/>
            <Statement>Catkin-bractlets fringe-margined, early-deciduous; stamens 8--60; trees</Statement>
            <TaxonName ref="i30"/>
          </Lead>
          <Lead id="k1l69">
            <Parent ref="k1l67"/>
            <Statement>Catkin-bractlets entire or appearing 3-lobed, persistent; stamens 1--10; shrubs or trees</Statement>
            <TaxonName ref="i4"/>
          </Lead>
          <Lead id="k1l71">
            <Parent ref="k1l70"/>
            <Statement>Low, brittle shrubs; leaves thin, crenate</Statement>
            <TaxonName ref="i12"/>
          </Lead>
          <Lead id="k1l72">
            <Parent ref="k1l70"/>
            <Statement>Shrubs or trees, not brittle; leaves entire or toothed --- catkin bracts sometimes early-deciduous</Statement>
            <TaxonName ref="i30"/>
          </Lead>
          <Lead id="k1l74">
            <Parent ref="k1l73"/>
            <Statement>Evergreen shrubs or trees</Statement>
          </Lead>
          <Lead id="k1l79">
            <Parent ref="k1l73"/>
            <Statement>Deciduous shrubs or trees</Statement>
          </Lead>
          <Lead id="k1l75">
            <Parent ref="k1l74"/>
            <Statement>Main veins of leaf parallel or nearly so --- 2 perianth whorls actually present but sepals small and easily overlooked</Statement>
            <TaxonName ref="i13"/>
          </Lead>
          <Lead id="k1l76">
            <Parent ref="k1l74"/>
            <Statement>Main veins of leaf clearly pinnate</Statement>
          </Lead>
          <Lead id="k1l77">
            <Parent ref="k1l76"/>
            <Statement>Leaves glabrous or with stellate hairs, not gland-dotted; sepals present; generally of dry-land habitats; catkins slender, pendent, generally &gt;= 2 cm</Statement>
            <TaxonName ref="i14"/>
          </Lead>
          <Lead id="k1l78">
            <Parent ref="k1l76"/>
            <Statement>Leaves glabrous or with minute, straight hairs, dotted with tiny resin glands; sepals 0; generally of moist, often wetland habitats; catkins short, dense, generally &lt; 2 cm</Statement>
            <TaxonName ref="i19"/>
          </Lead>
          <Lead id="k1l80">
            <Parent ref="k1l79"/>
            <Statement>Sepals small but evident</Statement>
          </Lead>
          <Lead id="k1l83">
            <Parent ref="k1l79"/>
            <Statement>Sepals 0 or calyx modified into cup- or saucer-shaped structure or reduced to a nectary</Statement>
          </Lead>
          <Lead id="k1l81">
            <Parent ref="k1l80"/>
            <Statement>Sepals 5--7; stamens 5--20; veins pinnate; leaf bases generally symmetric</Statement>
            <TaxonName ref="i14"/>
          </Lead>
          <Lead id="k1l82">
            <Parent ref="k1l80"/>
            <Statement>Sepals 4; stamens 4; veins palmate; leaf bases oblique</Statement>
            <TaxonName ref="i18"/>
          </Lead>
          <Lead id="k1l84">
            <Parent ref="k1l83"/>
            <Statement>Leaves dotted with tiny resin glands; individual flowers difficult to distinguish</Statement>
            <TaxonName ref="i19"/>
          </Lead>
          <Lead id="k1l85">
            <Parent ref="k1l83"/>
            <Statement>Leaves not gland-dotted; individual flowers clearly distinguishable on close examination</Statement>
            <TaxonName ref="i30"/>
          </Lead>
          <Lead id="k1l87">
            <Parent ref="k1l86"/>
            <Statement>Leaves and stems armed with prickles</Statement>
          </Lead>
          <Lead id="k1l90">
            <Parent ref="k1l86"/>
            <Statement>Foliage not prickly, sometimes stems thorny or leaves spiny-toothed</Statement>
          </Lead>
          <Lead id="k1l88">
            <Parent ref="k1l87"/>
            <Statement>Petals free; stamens many</Statement>
            <TaxonName ref="i27"/>
          </Lead>
          <Lead id="k1l89">
            <Parent ref="k1l87"/>
            <Statement>Petals fused; stamens 5</Statement>
            <TaxonName ref="i37"/>
          </Lead>
          <Lead id="k1l91">
            <Parent ref="k1l90"/>
            <Statement>Leaves palmately lobed</Statement>
          </Lead>
          <Lead id="k1l94">
            <Parent ref="k1l90"/>
            <Statement>Leaves not palmately lobed</Statement>
          </Lead>
          <Lead id="k1l92">
            <Parent ref="k1l91"/>
            <Statement>Leaves peltate; inflorescence a panicle</Statement>
            <TaxonName ref="i12"/>
          </Lead>
          <Lead id="k1l93">
            <Parent ref="k1l91"/>
            <Statement>Leaves not peltate; inflorescence a head</Statement>
            <TaxonName ref="i24"/>
          </Lead>
          <Lead id="k1l95">
            <Parent ref="k1l94"/>
            <Statement>Stems and leaves densely covered with stellate hairs</Statement>
            <TaxonName ref="i12"/>
          </Lead>
          <Lead id="k1l96">
            <Parent ref="k1l94"/>
            <Statement>Stems and leaves glabrous or hairy but hairs not stellate</Statement>
          </Lead>
          <Lead id="k1l97">
            <Parent ref="k1l96"/>
            <Statement>Stamens many</Statement>
          </Lead>
          <Lead id="k1l102">
            <Parent ref="k1l96"/>
            <Statement>Stamens 12 or fewer</Statement>
          </Lead>
          <Lead id="k1l98">
            <Parent ref="k1l97"/>
            <Statement>Leaves strongly aromatic; sepals 4; petals 0; anthers dehiscing by uplifted lids</Statement>
            <TaxonName ref="i17"/>
          </Lead>
          <Lead id="k1l99">
            <Parent ref="k1l97"/>
            <Statement>Leaves not aromatic; sepals 5; petals 5; anthers dehiscent by slits</Statement>
          </Lead>
          <Lead id="k1l100">
            <Parent ref="k1l99"/>
            <Statement>Flowers in spheric heads; petals yellow, generally concealed by stamens; leaves simple or 2-pinnate</Statement>
            <TaxonName ref="i13"/>
          </Lead>
          <Lead id="k1l101">
            <Parent ref="k1l99"/>
            <Statement>Flowers in racemes; petals white, conspicuous; leaves simple</Statement>
            <TaxonName ref="i27"/>
          </Lead>
          <Lead id="k1l103">
            <Parent ref="k1l102"/>
            <Statement>Leaves compound</Statement>
          </Lead>
          <Lead id="k1l108">
            <Parent ref="k1l102"/>
            <Statement>Leaves simple (occasionally reduced to scales)</Statement>
          </Lead>
          <Lead id="k1l104">
            <Parent ref="k1l103"/>
            <Statement>Leaflets with a few, gland-tipped teeth near base</Statement>
            <TaxonName ref="i34"/>
          </Lead>
          <Lead id="k1l105">
            <Parent ref="k1l103"/>
            <Statement>Leaflets entire or teeth not gland-tipped</Statement>
          </Lead>
          <Lead id="k1l106">
            <Parent ref="k1l105"/>
            <Statement>Leaflets 3--20, lance-linear to ovate, 10--130 mm</Statement>
            <TaxonName ref="i0"/>
          </Lead>
          <Lead id="k1l107">
            <Parent ref="k1l105"/>
            <Statement>Leaflets 7--33, linear-oblong or narrowly elliptic, 2--10 mm</Statement>
            <TaxonName ref="i5"/>
          </Lead>
          <Lead id="k1l109">
            <Parent ref="k1l108"/>
            <Statement>Shrub with thorny, generally leafless green stems; leaves scale-like to narrowly oblong, early deciduous</Statement>
            <TaxonName ref="i34"/>
          </Lead>
          <Lead id="k1l110">
            <Parent ref="k1l108"/>
            <Statement>Tree, shrub, or woody vine, thorns occasionally present but stems generally leafy; leaves various, sometimes deciduous in winter or dry season</Statement>
          </Lead>
          <Lead id="k1l111">
            <Parent ref="k1l110"/>
            <Statement>Flower parts in 3s --- leaves with abaxial groove</Statement>
            <TaxonName ref="i11"/>
          </Lead>
          <Lead id="k1l112">
            <Parent ref="k1l110"/>
            <Statement>Flower parts generally in 4s, 5s, or 6s</Statement>
          </Lead>
          <Lead id="k1l113">
            <Parent ref="k1l112"/>
            <Statement>Flowers in involucred heads, these generally in few- to many-headed clusters</Statement>
            <TaxonName ref="i3"/>
          </Lead>
          <Lead id="k1l114">
            <Parent ref="k1l112"/>
            <Statement>Flowers solitary or variously clustered, not in involucred heads</Statement>
          </Lead>
          <Lead id="k1l115">
            <Parent ref="k1l114"/>
            <Statement>Leaves generally +- gray, either softly hairy or covered with powdery scales</Statement>
            <TaxonName ref="i7"/>
          </Lead>
          <Lead id="k1l116">
            <Parent ref="k1l114"/>
            <Statement>Leaves green</Statement>
          </Lead>
          <Lead id="k1l117">
            <Parent ref="k1l116"/>
            <Statement>Petals present</Statement>
          </Lead>
          <Lead id="k1l124">
            <Parent ref="k1l116"/>
            <Statement>Petals 0</Statement>
          </Lead>
          <Lead id="k1l118">
            <Parent ref="k1l117"/>
            <Statement>Leaves entire to lobed, not spiny-toothed; inflorescence a terminal or axillary panicle or umbel-like cluster, or flowers 1; flower parts generally in 5s</Statement>
          </Lead>
          <Lead id="k1l121">
            <Parent ref="k1l117"/>
            <Statement>Leaves spiny-toothed or entire; inflorescence an axillary cyme; flower parts in 4s or 5s</Statement>
          </Lead>
          <Lead id="k1l119">
            <Parent ref="k1l118"/>
            <Statement>Petals 1--5 mm</Statement>
            <TaxonName ref="i0"/>
          </Lead>
          <Lead id="k1l120">
            <Parent ref="k1l118"/>
            <Statement>Petals 10--15 mm</Statement>
            <TaxonName ref="i23"/>
          </Lead>
          <Lead id="k1l122">
            <Parent ref="k1l121"/>
            <Statement>Stamens generally 4, alternate petals</Statement>
            <TaxonName ref="i1"/>
          </Lead>
          <Lead id="k1l123">
            <Parent ref="k1l121"/>
            <Statement>Stamens 4--5, opposite petals</Statement>
            <TaxonName ref="i26"/>
          </Lead>
          <Lead id="k1l125">
            <Parent ref="k1l124"/>
            <Statement>Leaves strongly aromatic; anthers dehiscing by uplifted lids</Statement>
            <TaxonName ref="i17"/>
          </Lead>
          <Lead id="k1l126">
            <Parent ref="k1l124"/>
            <Statement>Leaves not aromatic; anthers dehiscent by slits</Statement>
          </Lead>
          <Lead id="k1l127">
            <Parent ref="k1l126"/>
            <Statement>Stamens = in number to and alternate sepals</Statement>
            <TaxonName ref="i26"/>
          </Lead>
          <Lead id="k1l128">
            <Parent ref="k1l126"/>
            <Statement>Stamens = in number to and opposite sepals or &gt; in number than sepals</Statement>
          </Lead>
          <Lead id="k1l129">
            <Parent ref="k1l128"/>
            <Statement>Leaf blade 2--12 mm; shrubs</Statement>
            <TaxonName ref="i21"/>
          </Lead>
          <Lead id="k1l130">
            <Parent ref="k1l128"/>
            <Statement>Leaf blade 30--140 mm; trees or large shrubs</Statement>
          </Lead>
          <Lead id="k1l131">
            <Parent ref="k1l130"/>
            <Statement>Leaf 3-veined from base; inflorescence a sessile axillary cluster</Statement>
            <TaxonName ref="i6"/>
          </Lead>
          <Lead id="k1l132">
            <Parent ref="k1l130"/>
            <Statement>Leaf 1-veined from base; inflorescence a stalked umbel or umbel-like raceme</Statement>
            <TaxonName ref="i18"/>
          </Lead>
        </Leads>
      </IdentificationKey>
    </IdentificationKeys>
  </Dataset>
</Datasets>
