<?xml version="1.0" encoding="UTF-8"?>
<Datasets xmlns="http://rs.tdwg.org/UBIF/2006/" xmlns:xsi="http://www.w3.org/2001/XMLSchema-instance" xsi:schemaLocation="http://rs.tdwg.org/UBIF/2006/ http://rs.tdwg.org/UBIF/2006/Schema/1.1/SDD.xsd">
  <TechnicalMetadata created="2014-12-08T01:24:14">
    <Generator name="KeyBase SDD export" version="0"/>
  </TechnicalMetadata>
  <Dataset xml:lang="en-au">
    <Representation>
      <Label xml:lang="en">Family Group 2</Label>
    </Representation>
    <TaxonNames>
      <TaxonName id="i0">
        <Representation>
          <Label>Alismataceae</Label>
        </Representation>
      </TaxonName>
      <TaxonName id="i1">
        <Representation>
          <Label>Alismataceae or Hydrocharitaceae</Label>
        </Representation>
      </TaxonName>
      <TaxonName id="i2">
        <Representation>
          <Label>Amaranthaceae</Label>
        </Representation>
      </TaxonName>
      <TaxonName id="i3">
        <Representation>
          <Label>Apiaceae</Label>
        </Representation>
      </TaxonName>
      <TaxonName id="i4">
        <Representation>
          <Label>Aponogetonaceae</Label>
        </Representation>
      </TaxonName>
      <TaxonName id="i5">
        <Representation>
          <Label>Araceae</Label>
        </Representation>
      </TaxonName>
      <TaxonName id="i6">
        <Representation>
          <Label>Araliaceae</Label>
        </Representation>
      </TaxonName>
      <TaxonName id="i7">
        <Representation>
          <Label>Azollaceae</Label>
        </Representation>
      </TaxonName>
      <TaxonName id="i8">
        <Representation>
          <Label>Brassicaceae</Label>
        </Representation>
      </TaxonName>
      <TaxonName id="i9">
        <Representation>
          <Label>Cabombaceae</Label>
        </Representation>
      </TaxonName>
      <TaxonName id="i10">
        <Representation>
          <Label>Campanulaceae</Label>
        </Representation>
      </TaxonName>
      <TaxonName id="i11">
        <Representation>
          <Label>Ceratophyllaceae</Label>
        </Representation>
      </TaxonName>
      <TaxonName id="i12">
        <Representation>
          <Label>Crassulaceae</Label>
        </Representation>
      </TaxonName>
      <TaxonName id="i13">
        <Representation>
          <Label>Cyperaceae</Label>
        </Representation>
      </TaxonName>
      <TaxonName id="i14">
        <Representation>
          <Label>Elatinaceae</Label>
        </Representation>
      </TaxonName>
      <TaxonName id="i15">
        <Representation>
          <Label>Equisetaceae</Label>
        </Representation>
      </TaxonName>
      <TaxonName id="i16">
        <Representation>
          <Label>Haloragaceae</Label>
        </Representation>
      </TaxonName>
      <TaxonName id="i17">
        <Representation>
          <Label>Hydrocharitaceae</Label>
        </Representation>
      </TaxonName>
      <TaxonName id="i18">
        <Representation>
          <Label>Isoetaceae</Label>
        </Representation>
      </TaxonName>
      <TaxonName id="i19">
        <Representation>
          <Label>Juncaceae</Label>
        </Representation>
      </TaxonName>
      <TaxonName id="i20">
        <Representation>
          <Label>Juncaginaceae</Label>
        </Representation>
      </TaxonName>
      <TaxonName id="i21">
        <Representation>
          <Label>Lentibulariaceae</Label>
        </Representation>
      </TaxonName>
      <TaxonName id="i22">
        <Representation>
          <Label>Marsileaceae</Label>
        </Representation>
      </TaxonName>
      <TaxonName id="i23">
        <Representation>
          <Label>Menyanthaceae</Label>
        </Representation>
      </TaxonName>
      <TaxonName id="i24">
        <Representation>
          <Label>Montiaceae</Label>
        </Representation>
      </TaxonName>
      <TaxonName id="i25">
        <Representation>
          <Label>Nymphaeaceae</Label>
        </Representation>
      </TaxonName>
      <TaxonName id="i26">
        <Representation>
          <Label>Onagraceae</Label>
        </Representation>
      </TaxonName>
      <TaxonName id="i27">
        <Representation>
          <Label>Onagraceae (Ludwigia) or Plantaginaceae (Veronica)</Label>
        </Representation>
      </TaxonName>
      <TaxonName id="i28">
        <Representation>
          <Label>Phrymaceae or Plantaginaceae</Label>
        </Representation>
      </TaxonName>
      <TaxonName id="i29">
        <Representation>
          <Label>Plantaginaceae</Label>
        </Representation>
      </TaxonName>
      <TaxonName id="i30">
        <Representation>
          <Label>Poaceae</Label>
        </Representation>
      </TaxonName>
      <TaxonName id="i31">
        <Representation>
          <Label>Polygonaceae</Label>
        </Representation>
      </TaxonName>
      <TaxonName id="i32">
        <Representation>
          <Label>Pontederiaceae</Label>
        </Representation>
      </TaxonName>
      <TaxonName id="i33">
        <Representation>
          <Label>Potamogetonaceae</Label>
        </Representation>
      </TaxonName>
      <TaxonName id="i34">
        <Representation>
          <Label>Ranunculaceae</Label>
        </Representation>
      </TaxonName>
      <TaxonName id="i35">
        <Representation>
          <Label>Ruppiaceae</Label>
        </Representation>
      </TaxonName>
      <TaxonName id="i36">
        <Representation>
          <Label>Salviniaceae</Label>
        </Representation>
      </TaxonName>
      <TaxonName id="i37">
        <Representation>
          <Label>Scheuchzeriaceae</Label>
        </Representation>
      </TaxonName>
      <TaxonName id="i38">
        <Representation>
          <Label>Scrophulariaceae</Label>
        </Representation>
      </TaxonName>
      <TaxonName id="i39">
        <Representation>
          <Label>Typhaceae</Label>
        </Representation>
      </TaxonName>
      <TaxonName id="i40">
        <Representation>
          <Label>Zannichelliaceae</Label>
        </Representation>
      </TaxonName>
      <TaxonName id="i41">
        <Representation>
          <Label>Zosteraceae</Label>
        </Representation>
      </TaxonName>
    </TaxonNames>
    <IdentificationKeys>
      <IdentificationKey id="k1">
        <Representation>
          <Label xml:lang="en">Family Group 2</Label>
        </Representation>
        <Leads>
          <Lead id="k1l1">
            <Statement>Plant body consisting of a jointed, hollow-stemmed central axis and whorled branches; leaves reduced to whorled scales; plant emergent</Statement>
            <TaxonName ref="i15"/>
          </Lead>
          <Lead id="k1l2">
            <Statement>Plant body various, but not consisting of a jointed, hollow-stemmed central axis and whorled branches; leaves various, but not whorled scales; plant free-floating, emergent, or submersed</Statement>
          </Lead>
          <Lead id="k1l3">
            <Parent ref="k1l2"/>
            <Statement>Plant raft-like, free-floating on water surface or stranded along shore or in drying bottom sediments, breaking apart into individuals or small clumps</Statement>
          </Lead>
          <Lead id="k1l12">
            <Parent ref="k1l2"/>
            <Statement>Plant generally anchored in bottom sediments or, if free-floating, most of plant body below water surface or not readily breaking apart --- rhizomes or stolons present or 0, sometimes elongated</Statement>
          </Lead>
          <Lead id="k1l4">
            <Parent ref="k1l3"/>
            <Statement>Individual plant generally 0.4--30 mm in length or diam, sometimes not differentiated into leaves and stems; roots unbranched</Statement>
          </Lead>
          <Lead id="k1l7">
            <Parent ref="k1l3"/>
            <Statement>Individual plant often &gt;&gt; 30 mm, differentiated into leaves and stems; roots generally branched (0 in Salviniaceae, with finely dissected, root-like submersed leaves)</Statement>
          </Lead>
          <Lead id="k1l5">
            <Parent ref="k1l4"/>
            <Statement>Plant body spheric to disk-shaped or oblong, not differentiated into stems and leaves</Statement>
            <TaxonName ref="i5"/>
          </Lead>
          <Lead id="k1l6">
            <Parent ref="k1l4"/>
            <Statement>Plant body differentiated into a short, often branched stem with small, minutely velvety-papillate, scale-like leaves</Statement>
            <TaxonName ref="i7"/>
          </Lead>
          <Lead id="k1l8">
            <Parent ref="k1l7"/>
            <Statement>Leaf blades glossy green, glabrous, finely parallel-veined; petioles often enlarged, forming gas-filled floats</Statement>
            <TaxonName ref="i32"/>
          </Lead>
          <Lead id="k1l9">
            <Parent ref="k1l7"/>
            <Statement>Leaf blades light to dark green or +- purple, velvety-hairy, +- palmately or obscurely veined, sessile, lacking floats, +- palmately or obscurely veined</Statement>
          </Lead>
          <Lead id="k1l10">
            <Parent ref="k1l9"/>
            <Statement>Leaves in floating rosettes, evidently +- palmately veined</Statement>
            <TaxonName ref="i5"/>
          </Lead>
          <Lead id="k1l11">
            <Parent ref="k1l9"/>
            <Statement>Leaves in whorls of 3, 2 floating, entire, obscurely veined, the 3rd submersed, finely dissected, root-like</Statement>
            <TaxonName ref="i36"/>
          </Lead>
          <Lead id="k1l13">
            <Parent ref="k1l12"/>
            <Statement>Leaf peltate, cordate, sagittate, or deeply notched</Statement>
          </Lead>
          <Lead id="k1l30">
            <Parent ref="k1l12"/>
            <Statement>Leaf not peltate, cordate, sagittate, or deeply notched</Statement>
          </Lead>
          <Lead id="k1l14">
            <Parent ref="k1l13"/>
            <Statement>Leaf peltate</Statement>
          </Lead>
          <Lead id="k1l17">
            <Parent ref="k1l13"/>
            <Statement>Leaf sagittate or cordate to ovate or +- round, the base shallowly to deeply notched</Statement>
          </Lead>
          <Lead id="k1l15">
            <Parent ref="k1l14"/>
            <Statement>Submersed parts not gelatinous; leaf blades generally emergent</Statement>
            <TaxonName ref="i6"/>
          </Lead>
          <Lead id="k1l16">
            <Parent ref="k1l14"/>
            <Statement>Submersed parts gelatinous; leaf blades floating</Statement>
            <TaxonName ref="i9"/>
          </Lead>
          <Lead id="k1l18">
            <Parent ref="k1l17"/>
            <Statement>Leaf blades pinnately veined; petioles long, stout; rhizome stout</Statement>
          </Lead>
          <Lead id="k1l21">
            <Parent ref="k1l17"/>
            <Statement>Leaf blades +- palmately veined; petioles long or short, slender or stout; rhizome, if present, slender</Statement>
          </Lead>
          <Lead id="k1l19">
            <Parent ref="k1l18"/>
            <Statement>Leaf sagittate; rhizome +- vertical</Statement>
            <TaxonName ref="i5"/>
          </Lead>
          <Lead id="k1l20">
            <Parent ref="k1l18"/>
            <Statement>Leaf ovate to round; rhizome horizontal</Statement>
            <TaxonName ref="i25"/>
          </Lead>
          <Lead id="k1l22">
            <Parent ref="k1l21"/>
            <Statement>Leaf blades palmately lobed, never sagittate, the lobes often toothed --- veinlets forming an irregular network</Statement>
            <TaxonName ref="i6"/>
          </Lead>
          <Lead id="k1l23">
            <Parent ref="k1l21"/>
            <Statement>Leaf blades ovate to cordate or sagittate, entire</Statement>
          </Lead>
          <Lead id="k1l24">
            <Parent ref="k1l23"/>
            <Statement>Palmate veins 3 --- smaller veins parallel, extending from main veins toward leaf margin</Statement>
            <TaxonName ref="i5"/>
          </Lead>
          <Lead id="k1l25">
            <Parent ref="k1l23"/>
            <Statement>Palmate veins generally 5--13+</Statement>
          </Lead>
          <Lead id="k1l26">
            <Parent ref="k1l25"/>
            <Statement>Stipules 1--6 cm</Statement>
            <TaxonName ref="i32"/>
          </Lead>
          <Lead id="k1l27">
            <Parent ref="k1l25"/>
            <Statement>Stipules 0</Statement>
          </Lead>
          <Lead id="k1l28">
            <Parent ref="k1l27"/>
            <Statement>Smaller veins passing like ladder-rungs between prominent main veins</Statement>
            <TaxonName ref="i1"/>
          </Lead>
          <Lead id="k1l29">
            <Parent ref="k1l27"/>
            <Statement>Smaller veins forming network</Statement>
            <TaxonName ref="i23"/>
          </Lead>
          <Lead id="k1l31">
            <Parent ref="k1l30"/>
            <Statement>Leaves all basal or basal and cauline on a generally erect, generally emergent stem, sometimes from rhizome or corm-like base anchored in bottom sediments</Statement>
          </Lead>
          <Lead id="k1l92">
            <Parent ref="k1l30"/>
            <Statement>Leaves generally all cauline; stems emergent or taking the form of underwater or floating rhizomes or stolons that are unable to support the plant body outside of water</Statement>
          </Lead>
          <Lead id="k1l32">
            <Parent ref="k1l31"/>
            <Statement>Leaves petioled, with expanded blades</Statement>
          </Lead>
          <Lead id="k1l45">
            <Parent ref="k1l31"/>
            <Statement>Leaves sessile, +- linear or reduced to bladeless sheaths</Statement>
          </Lead>
          <Lead id="k1l33">
            <Parent ref="k1l32"/>
            <Statement>Leaf serrate or dentate to lobed or compound</Statement>
          </Lead>
          <Lead id="k1l38">
            <Parent ref="k1l32"/>
            <Statement>Leaf entire, simple</Statement>
          </Lead>
          <Lead id="k1l34">
            <Parent ref="k1l33"/>
            <Statement>Leaf palmate; leaflets 4</Statement>
            <TaxonName ref="i22"/>
          </Lead>
          <Lead id="k1l35">
            <Parent ref="k1l33"/>
            <Statement>Leaf toothed to pinnately lobed or 1--3-pinnate</Statement>
          </Lead>
          <Lead id="k1l36">
            <Parent ref="k1l35"/>
            <Statement>Leaf bases sheathing; leaves, lobes, or leaflets serrate to sharply dissected</Statement>
            <TaxonName ref="i3"/>
          </Lead>
          <Lead id="k1l37">
            <Parent ref="k1l35"/>
            <Statement>Leaf bases not sheathing; lobes or leaflets entire or dentate with +- rounded teeth</Statement>
            <TaxonName ref="i8"/>
          </Lead>
          <Lead id="k1l39">
            <Parent ref="k1l38"/>
            <Statement>Leaves generally &lt;&lt; 1 cm wide</Statement>
            <TaxonName ref="i38"/>
          </Lead>
          <Lead id="k1l40">
            <Parent ref="k1l38"/>
            <Statement>Leaves generally &gt;= 1 cm wide, often much larger</Statement>
          </Lead>
          <Lead id="k1l41">
            <Parent ref="k1l40"/>
            <Statement>Wider leaves floating</Statement>
            <TaxonName ref="i4"/>
          </Lead>
          <Lead id="k1l42">
            <Parent ref="k1l40"/>
            <Statement>Wider leaves generally emergent</Statement>
          </Lead>
          <Lead id="k1l43">
            <Parent ref="k1l42"/>
            <Statement>Stipules 0</Statement>
            <TaxonName ref="i0"/>
          </Lead>
          <Lead id="k1l44">
            <Parent ref="k1l42"/>
            <Statement>Stipules present, 1--6 cm</Statement>
            <TaxonName ref="i32"/>
          </Lead>
          <Lead id="k1l46">
            <Parent ref="k1l45"/>
            <Statement>Leaves vertically folded and attached "edge-on" to the stem, obviously 2-ranked</Statement>
            <TaxonName ref="i19"/>
          </Lead>
          <Lead id="k1l47">
            <Parent ref="k1l45"/>
            <Statement>Leaves cylindric, +- angled, flat, or reduced to bladeless sheaths, but not folded, not obviously 2-ranked</Statement>
          </Lead>
          <Lead id="k1l48">
            <Parent ref="k1l47"/>
            <Statement>Leaves with flat blades or reduced to bladeless sheaths</Statement>
          </Lead>
          <Lead id="k1l69">
            <Parent ref="k1l47"/>
            <Statement>Leaves cylindric or angled</Statement>
          </Lead>
          <Lead id="k1l49">
            <Parent ref="k1l48"/>
            <Statement>Leaves bladeless or nearly so, composed mainly of a tubular sheath</Statement>
          </Lead>
          <Lead id="k1l54">
            <Parent ref="k1l48"/>
            <Statement>Leaves with ordinary flat blades and generally also +- tubular sheaths</Statement>
          </Lead>
          <Lead id="k1l50">
            <Parent ref="k1l49"/>
            <Statement>Stems +- triangular</Statement>
            <TaxonName ref="i13"/>
          </Lead>
          <Lead id="k1l51">
            <Parent ref="k1l49"/>
            <Statement>Stems round, flattened, or several-angled</Statement>
          </Lead>
          <Lead id="k1l52">
            <Parent ref="k1l51"/>
            <Statement>Leaf sheaths closed, forming a continuous cylinder around stem</Statement>
            <TaxonName ref="i13"/>
          </Lead>
          <Lead id="k1l53">
            <Parent ref="k1l51"/>
            <Statement>Leaf sheaths open on one side, with overlapping margins</Statement>
            <TaxonName ref="i19"/>
          </Lead>
          <Lead id="k1l55">
            <Parent ref="k1l54"/>
            <Statement>Leaf blade with a well-developed midvein or keel</Statement>
          </Lead>
          <Lead id="k1l58">
            <Parent ref="k1l54"/>
            <Statement>Leaf blade flat or rounded on back, lacking a prominent midvein or keel</Statement>
          </Lead>
          <Lead id="k1l56">
            <Parent ref="k1l55"/>
            <Statement>Leaf sheaths closed, forming a continuous cylinder around stem; stem generally triangular; leaves 3-ranked</Statement>
            <TaxonName ref="i13"/>
          </Lead>
          <Lead id="k1l57">
            <Parent ref="k1l55"/>
            <Statement>Leaf sheaths open on one side, with overlapping margins; stem round; leaves 2-ranked</Statement>
            <TaxonName ref="i39"/>
          </Lead>
          <Lead id="k1l59">
            <Parent ref="k1l58"/>
            <Statement>Annual; leaves all basal</Statement>
            <TaxonName ref="i34"/>
          </Lead>
          <Lead id="k1l60">
            <Parent ref="k1l58"/>
            <Statement>Perennial herb, or if annual, some leaves cauline</Statement>
          </Lead>
          <Lead id="k1l61">
            <Parent ref="k1l60"/>
            <Statement>Plant submersed; seawater or brackish water of bays and estuaries</Statement>
            <TaxonName ref="i41"/>
          </Lead>
          <Lead id="k1l62">
            <Parent ref="k1l60"/>
            <Statement>Plant emergent; fresh or brackish water of coastal or inland areas</Statement>
          </Lead>
          <Lead id="k1l63">
            <Parent ref="k1l62"/>
            <Statement>Nodes swollen; stem generally hollow</Statement>
            <TaxonName ref="i30"/>
          </Lead>
          <Lead id="k1l64">
            <Parent ref="k1l62"/>
            <Statement>Nodes not swollen; stem generally filled to center with spongy tissue</Statement>
          </Lead>
          <Lead id="k1l65">
            <Parent ref="k1l64"/>
            <Statement>Leaf generally &gt; 5 mm wide; remnants of old inflorescence a dense spike; inner surface of leaf sheaths mucilaginous</Statement>
            <TaxonName ref="i39"/>
          </Lead>
          <Lead id="k1l66">
            <Parent ref="k1l64"/>
            <Statement>Leaf &lt;= 5 mm wide; remnants of old inflorescence not evident or a raceme; inner surface of sheaths not mucilaginous</Statement>
          </Lead>
          <Lead id="k1l67">
            <Parent ref="k1l66"/>
            <Statement>Leaves +- circular to semicircular in &times;-section</Statement>
            <TaxonName ref="i20"/>
          </Lead>
          <Lead id="k1l68">
            <Parent ref="k1l66"/>
            <Statement>Leaves flat</Statement>
            <TaxonName ref="i32"/>
          </Lead>
          <Lead id="k1l70">
            <Parent ref="k1l69"/>
            <Statement>Rhizomes and stolons 0; leaves densely tufted</Statement>
          </Lead>
          <Lead id="k1l77">
            <Parent ref="k1l69"/>
            <Statement>Rhizomes or stolons present; leaves tufted or borne along rhizome or stolon</Statement>
          </Lead>
          <Lead id="k1l71">
            <Parent ref="k1l70"/>
            <Statement>Leaf divided lengthwise into 4 hollow chambers; a sporangium generally embedded in adaxial base of each leaf, containing either powdery or larger spores</Statement>
            <TaxonName ref="i18"/>
          </Lead>
          <Lead id="k1l72">
            <Parent ref="k1l70"/>
            <Statement>Leaf solid or hollow, but not regularly divided into 4 chambers; a sporangium never embedded in leaf base</Statement>
          </Lead>
          <Lead id="k1l73">
            <Parent ref="k1l72"/>
            <Statement>Plant perennial herb; leaf often with internal cross-partitions</Statement>
            <TaxonName ref="i19"/>
          </Lead>
          <Lead id="k1l74">
            <Parent ref="k1l72"/>
            <Statement>Plant annual; leaf without internal cross-partitions or partitions obscure</Statement>
          </Lead>
          <Lead id="k1l75">
            <Parent ref="k1l74"/>
            <Statement>Leaf bases not sheathing</Statement>
            <TaxonName ref="i8"/>
          </Lead>
          <Lead id="k1l76">
            <Parent ref="k1l74"/>
            <Statement>Leaf bases sheathing</Statement>
            <TaxonName ref="i20"/>
          </Lead>
          <Lead id="k1l78">
            <Parent ref="k1l77"/>
            <Statement>Leaf sharply angled</Statement>
          </Lead>
          <Lead id="k1l81">
            <Parent ref="k1l77"/>
            <Statement>Leaf cylindric</Statement>
          </Lead>
          <Lead id="k1l79">
            <Parent ref="k1l78"/>
            <Statement>Stem triangular; leaves 3-ranked</Statement>
            <TaxonName ref="i13"/>
          </Lead>
          <Lead id="k1l80">
            <Parent ref="k1l78"/>
            <Statement>Stem +- round; leaves 2-ranked</Statement>
            <TaxonName ref="i39"/>
          </Lead>
          <Lead id="k1l82">
            <Parent ref="k1l81"/>
            <Statement>Leaf with internal cross-partitions</Statement>
          </Lead>
          <Lead id="k1l85">
            <Parent ref="k1l81"/>
            <Statement>Leaf without internal cross-partitions</Statement>
          </Lead>
          <Lead id="k1l83">
            <Parent ref="k1l82"/>
            <Statement>Leaf soft, blunt, generally &lt;= 15 cm, loosely sheathing; cross-partitions often externally prominent</Statement>
            <TaxonName ref="i3"/>
          </Lead>
          <Lead id="k1l84">
            <Parent ref="k1l82"/>
            <Statement>Leaf generally stiff, acute, often &gt; 15 cm, tightly sheathing; cross-partitions readily apparent by feel but often externally obscure</Statement>
            <TaxonName ref="i19"/>
          </Lead>
          <Lead id="k1l86">
            <Parent ref="k1l85"/>
            <Statement>Leaf generally &gt;&gt; 6 cm</Statement>
          </Lead>
          <Lead id="k1l89">
            <Parent ref="k1l85"/>
            <Statement>Leaf 1--7(11) cm</Statement>
          </Lead>
          <Lead id="k1l87">
            <Parent ref="k1l86"/>
            <Statement>Stem +- straight; leaf blade tip without evident terminal pore; ligule 0.5--5 mm</Statement>
            <TaxonName ref="i20"/>
          </Lead>
          <Lead id="k1l88">
            <Parent ref="k1l86"/>
            <Statement>Stem zigzag; leaf blade tip with evident terminal pore; ligule 2--12 mm</Statement>
            <TaxonName ref="i37"/>
          </Lead>
          <Lead id="k1l90">
            <Parent ref="k1l89"/>
            <Statement>Plant spreading by rhizomes, producing +- spheric, ball-like structures [sporangium cases] +- 2--3 mm diam at bases of some leaves; new leaves uncoiling at tips</Statement>
            <TaxonName ref="i22"/>
          </Lead>
          <Lead id="k1l91">
            <Parent ref="k1l89"/>
            <Statement>Plant spreading by stolons, not producing ball-like structures at bases of leaves; new leaves not uncoiling at tips</Statement>
            <TaxonName ref="i38"/>
          </Lead>
          <Lead id="k1l93">
            <Parent ref="k1l92"/>
            <Statement>Leaves (or leaf-like branches) compound or very deeply divided</Statement>
          </Lead>
          <Lead id="k1l108">
            <Parent ref="k1l92"/>
            <Statement>Leaves simple, the margins entire, toothed, or shallowly lobed</Statement>
          </Lead>
          <Lead id="k1l94">
            <Parent ref="k1l93"/>
            <Statement>Leaf palmately compound --- leaflets 4, floating or emergent</Statement>
            <TaxonName ref="i22"/>
          </Lead>
          <Lead id="k1l95">
            <Parent ref="k1l93"/>
            <Statement>Leaf pinnately compound or variously dissected</Statement>
          </Lead>
          <Lead id="k1l96">
            <Parent ref="k1l95"/>
            <Statement>Leaflets lanceolate or wider; leaves mostly aerial</Statement>
          </Lead>
          <Lead id="k1l99">
            <Parent ref="k1l95"/>
            <Statement>Leaflets or lobes linear, at least on submersed leaves; all or many leaves submersed</Statement>
          </Lead>
          <Lead id="k1l97">
            <Parent ref="k1l96"/>
            <Statement>Leaf bases sheathing; lobes or leaflets serrate to sharply dissected</Statement>
            <TaxonName ref="i3"/>
          </Lead>
          <Lead id="k1l98">
            <Parent ref="k1l96"/>
            <Statement>Leaf bases not sheathing; lobes or leaflets entire or dentate with +- rounded teeth</Statement>
            <TaxonName ref="i8"/>
          </Lead>
          <Lead id="k1l100">
            <Parent ref="k1l99"/>
            <Statement>Underwater parts bearing small, hollow bladders that suck in and trap small organisms when hairs at opening are triggered; plant carnivorous --- highly dissected underwater parts are actually modified stems and the bladders are the leaves</Statement>
            <TaxonName ref="i21"/>
          </Lead>
          <Lead id="k1l101">
            <Parent ref="k1l99"/>
            <Statement>Underwater parts lacking bladder-like traps; plant not carnivorous</Statement>
          </Lead>
          <Lead id="k1l102">
            <Parent ref="k1l101"/>
            <Statement>Submersed leaves alternate</Statement>
            <TaxonName ref="i34"/>
          </Lead>
          <Lead id="k1l103">
            <Parent ref="k1l101"/>
            <Statement>Submersed leaves opposite or whorled</Statement>
          </Lead>
          <Lead id="k1l104">
            <Parent ref="k1l103"/>
            <Statement>Submersed leaves pinnately divided, central leaf axis evident</Statement>
            <TaxonName ref="i16"/>
          </Lead>
          <Lead id="k1l105">
            <Parent ref="k1l103"/>
            <Statement>Submersed leaves palmately dissected or repeatedly forked, central leaf axis 0</Statement>
          </Lead>
          <Lead id="k1l106">
            <Parent ref="k1l105"/>
            <Statement>Submersed leaves palmately dissected; floating leaves 0--few, linear-elliptic, +- entire</Statement>
            <TaxonName ref="i9"/>
          </Lead>
          <Lead id="k1l107">
            <Parent ref="k1l105"/>
            <Statement>Submersed leaves repeatedly forked; floating leaves 0</Statement>
            <TaxonName ref="i11"/>
          </Lead>
          <Lead id="k1l109">
            <Parent ref="k1l108"/>
            <Statement>Leaves long, narrow, strap-shaped or ribbon-like, often &gt;&gt; 20 cm, generally at least some basal</Statement>
          </Lead>
          <Lead id="k1l112">
            <Parent ref="k1l108"/>
            <Statement>Leaves linear to round, generally &lt; 20 cm, generally all cauline</Statement>
          </Lead>
          <Lead id="k1l110">
            <Parent ref="k1l109"/>
            <Statement>Plant of freshwater habitat</Statement>
            <TaxonName ref="i39"/>
          </Lead>
          <Lead id="k1l111">
            <Parent ref="k1l109"/>
            <Statement>Plant of seawater or brackish water of bays and estuaries</Statement>
            <TaxonName ref="i41"/>
          </Lead>
          <Lead id="k1l113">
            <Parent ref="k1l112"/>
            <Statement>Leaf with stipules or sheathing base</Statement>
          </Lead>
          <Lead id="k1l128">
            <Parent ref="k1l112"/>
            <Statement>Leaf without stipules or sheathing base</Statement>
          </Lead>
          <Lead id="k1l114">
            <Parent ref="k1l113"/>
            <Statement>Principal veins of leaf pinnate</Statement>
          </Lead>
          <Lead id="k1l117">
            <Parent ref="k1l113"/>
            <Statement>Principal veins of leaf parallel or pinnate-parallel or only 1 leaf vein apparent</Statement>
          </Lead>
          <Lead id="k1l115">
            <Parent ref="k1l114"/>
            <Statement>Leaves opposite or whorled, 2--15 mm</Statement>
            <TaxonName ref="i14"/>
          </Lead>
          <Lead id="k1l116">
            <Parent ref="k1l114"/>
            <Statement>Leaves alternate, &gt;&gt; 15 mm</Statement>
            <TaxonName ref="i31"/>
          </Lead>
          <Lead id="k1l118">
            <Parent ref="k1l117"/>
            <Statement>Leaves generally +- opposite or appearing whorled</Statement>
          </Lead>
          <Lead id="k1l123">
            <Parent ref="k1l117"/>
            <Statement>Leaves generally alternate</Statement>
          </Lead>
          <Lead id="k1l119">
            <Parent ref="k1l118"/>
            <Statement>Leaves emergent or floating; nodes swollen, internodes generally hollow</Statement>
            <TaxonName ref="i30"/>
          </Lead>
          <Lead id="k1l120">
            <Parent ref="k1l118"/>
            <Statement>Leaves submersed or some floating; nodes generally not swollen, internodes generally solid</Statement>
          </Lead>
          <Lead id="k1l121">
            <Parent ref="k1l120"/>
            <Statement>Leaves minutely toothed (teeth sometimes appearing +- 0 to naked eye); leaf base abruptly expanded, forming sheath, stipules 0</Statement>
            <TaxonName ref="i17"/>
          </Lead>
          <Lead id="k1l122">
            <Parent ref="k1l120"/>
            <Statement>Leaves entire; leaf base not abruptly expanded, stipules present, free or fused to leaf base forming a sheath</Statement>
            <TaxonName ref="i40"/>
          </Lead>
          <Lead id="k1l124">
            <Parent ref="k1l123"/>
            <Statement>Stipules +- completely fused to leaf blade base</Statement>
            <TaxonName ref="i35"/>
          </Lead>
          <Lead id="k1l125">
            <Parent ref="k1l123"/>
            <Statement>Stipules fused to leaf blade base &lt;= 2/3 their length</Statement>
          </Lead>
          <Lead id="k1l126">
            <Parent ref="k1l125"/>
            <Statement>Roots branched; leaves linear; midvein of leaf not differentiated from other veins; floating leaves 0</Statement>
            <TaxonName ref="i32"/>
          </Lead>
          <Lead id="k1l127">
            <Parent ref="k1l125"/>
            <Statement>Roots generally unbranched; leaves linear to ovate; midvein of leaf more prominent than other veins; floating leaves often present</Statement>
            <TaxonName ref="i33"/>
          </Lead>
          <Lead id="k1l129">
            <Parent ref="k1l128"/>
            <Statement>Leaves alternate</Statement>
          </Lead>
          <Lead id="k1l136">
            <Parent ref="k1l128"/>
            <Statement>Leaves opposite or whorled</Statement>
          </Lead>
          <Lead id="k1l130">
            <Parent ref="k1l129"/>
            <Statement>Leaves sessile; annual</Statement>
            <TaxonName ref="i10"/>
          </Lead>
          <Lead id="k1l131">
            <Parent ref="k1l129"/>
            <Statement>Leaves petioled; per</Statement>
          </Lead>
          <Lead id="k1l132">
            <Parent ref="k1l131"/>
            <Statement>Leaves toothed or lobed</Statement>
            <TaxonName ref="i34"/>
          </Lead>
          <Lead id="k1l133">
            <Parent ref="k1l131"/>
            <Statement>Leaves entire</Statement>
          </Lead>
          <Lead id="k1l134">
            <Parent ref="k1l133"/>
            <Statement>Lateral leaf veins strongly diverging from midvein</Statement>
            <TaxonName ref="i26"/>
          </Lead>
          <Lead id="k1l135">
            <Parent ref="k1l133"/>
            <Statement>Lateral leaf veins strongly ascending to nearly parallel to midvein</Statement>
            <TaxonName ref="i34"/>
          </Lead>
          <Lead id="k1l137">
            <Parent ref="k1l136"/>
            <Statement>Leaves whorled</Statement>
          </Lead>
          <Lead id="k1l140">
            <Parent ref="k1l136"/>
            <Statement>Leaves opposite</Statement>
          </Lead>
          <Lead id="k1l138">
            <Parent ref="k1l137"/>
            <Statement>Leaf minutely toothed (teeth sometimes appearing +- 0 to naked eye)</Statement>
            <TaxonName ref="i17"/>
          </Lead>
          <Lead id="k1l139">
            <Parent ref="k1l137"/>
            <Statement>Leaf entire</Statement>
            <TaxonName ref="i29"/>
          </Lead>
          <Lead id="k1l141">
            <Parent ref="k1l140"/>
            <Statement>Leaves fleshy</Statement>
          </Lead>
          <Lead id="k1l144">
            <Parent ref="k1l140"/>
            <Statement>Leaves not or scarcely fleshy</Statement>
          </Lead>
          <Lead id="k1l142">
            <Parent ref="k1l141"/>
            <Statement>Leaves 2--6 mm, linear or oblanceolate; annual; plant generally +- red</Statement>
            <TaxonName ref="i12"/>
          </Lead>
          <Lead id="k1l143">
            <Parent ref="k1l141"/>
            <Statement>Leaves 3--50 mm linear to obovate; annual or perennial herb; plant generally not red</Statement>
            <TaxonName ref="i24"/>
          </Lead>
          <Lead id="k1l145">
            <Parent ref="k1l144"/>
            <Statement>Leaves 0.5--5 mm wide</Statement>
          </Lead>
          <Lead id="k1l148">
            <Parent ref="k1l144"/>
            <Statement>Leaves 6--15+ mm wide</Statement>
          </Lead>
          <Lead id="k1l146">
            <Parent ref="k1l145"/>
            <Statement>Leaves minutely toothed (teeth sometimes appearing +- 0 to naked eye) to coarsely dentate, generally enlarged at base, all similar in form and submersed</Statement>
            <TaxonName ref="i17"/>
          </Lead>
          <Lead id="k1l147">
            <Parent ref="k1l145"/>
            <Statement>Leaves entire, linear to ovate, not enlarged at base, sometimes with floating distal leaves different from submersed leaves</Statement>
            <TaxonName ref="i29"/>
          </Lead>
          <Lead id="k1l149">
            <Parent ref="k1l148"/>
            <Statement>Leaf veins palmate</Statement>
            <TaxonName ref="i28"/>
          </Lead>
          <Lead id="k1l150">
            <Parent ref="k1l148"/>
            <Statement>Leaf veins pinnate</Statement>
          </Lead>
          <Lead id="k1l151">
            <Parent ref="k1l150"/>
            <Statement>Leaves toothed</Statement>
            <TaxonName ref="i28"/>
          </Lead>
          <Lead id="k1l152">
            <Parent ref="k1l150"/>
            <Statement>Leaves entire</Statement>
          </Lead>
          <Lead id="k1l153">
            <Parent ref="k1l152"/>
            <Statement>Leaves (3)5--13 cm; stems often swollen, hollow</Statement>
            <TaxonName ref="i2"/>
          </Lead>
          <Lead id="k1l154">
            <Parent ref="k1l152"/>
            <Statement>Leaves &lt; 5 cm; stems not swollen</Statement>
            <TaxonName ref="i27"/>
          </Lead>
        </Leads>
      </IdentificationKey>
    </IdentificationKeys>
  </Dataset>
</Datasets>
