<?xml version="1.0" encoding="UTF-8"?>
<Datasets xmlns="http://rs.tdwg.org/UBIF/2006/" xmlns:xsi="http://www.w3.org/2001/XMLSchema-instance" xsi:schemaLocation="http://rs.tdwg.org/UBIF/2006/ http://rs.tdwg.org/UBIF/2006/Schema/1.1/SDD.xsd">
  <TechnicalMetadata created="2014-12-08T01:24:14">
    <Generator name="KeyBase SDD export" version="0"/>
  </TechnicalMetadata>
  <Dataset xml:lang="en-au">
    <Representation>
      <Label xml:lang="en">Family Group 4</Label>
    </Representation>
    <TaxonNames>
      <TaxonName id="i0">
        <Representation>
          <Label>Cupressaceae</Label>
        </Representation>
      </TaxonName>
      <TaxonName id="i1">
        <Representation>
          <Label>Ephedraceae</Label>
        </Representation>
      </TaxonName>
      <TaxonName id="i2">
        <Representation>
          <Label>Pinaceae</Label>
        </Representation>
      </TaxonName>
      <TaxonName id="i3">
        <Representation>
          <Label>Taxaceae</Label>
        </Representation>
      </TaxonName>
    </TaxonNames>
    <IdentificationKeys>
      <IdentificationKey id="k1">
        <Representation>
          <Label xml:lang="en">Family Group 4</Label>
        </Representation>
        <Leads>
          <Lead id="k1l1">
            <Statement>Specimens with pollen-producing cones only; ovule/seed-producing structures unavailable</Statement>
          </Lead>
          <Lead id="k1l10">
            <Statement>Specimens with ovule/seed-producing structures; pollen-producing cones present or 0</Statement>
          </Lead>
          <Lead id="k1l2">
            <Parent ref="k1l1"/>
            <Statement>Leaves opposite or whorled</Statement>
          </Lead>
          <Lead id="k1l5">
            <Parent ref="k1l1"/>
            <Statement>Leaves alternate</Statement>
          </Lead>
          <Lead id="k1l3">
            <Parent ref="k1l2"/>
            <Statement>Stems jointed at nodes, the internodes [main sites of photosynthesis] long, +- green; leaves dry, scale-like, often early deciduous, not overlapping; pollen cones with stamen-like structures, the pollen sacs borne on stout, filament-like stalks</Statement>
            <TaxonName ref="i1"/>
          </Lead>
          <Lead id="k1l4">
            <Parent ref="k1l2"/>
            <Statement>Stems not jointed at nodes, the internodes generally very short; leaves green, scale-, awl-, or needle-like, persistent, crowded, generally closely overlapping; pollen cones with sessile pollen sacs</Statement>
            <TaxonName ref="i0"/>
          </Lead>
          <Lead id="k1l6">
            <Parent ref="k1l5"/>
            <Statement>Pollen cones in leaf axils on 1-year old twigs; pollen sacs in groups of 4--16 on stout, filament-like stalks</Statement>
            <TaxonName ref="i3"/>
          </Lead>
          <Lead id="k1l7">
            <Parent ref="k1l5"/>
            <Statement>Pollen cones terminal or in axils of newly formed leaves of current season; pollen sacs 2--6, sessile on abaxial faces of cone scales</Statement>
          </Lead>
          <Lead id="k1l8">
            <Parent ref="k1l7"/>
            <Statement>Leaves needle-like; pollen sacs 2 per cone scale</Statement>
            <TaxonName ref="i2"/>
          </Lead>
          <Lead id="k1l9">
            <Parent ref="k1l7"/>
            <Statement>Leaves needle-, awl-, or scale-like; pollen sacs 2--6 per cone scale</Statement>
            <TaxonName ref="i0"/>
          </Lead>
          <Lead id="k1l11">
            <Parent ref="k1l10"/>
            <Statement>Ovules/seeds borne in a cone that becomes +- woody at maturity</Statement>
          </Lead>
          <Lead id="k1l14">
            <Parent ref="k1l10"/>
            <Statement>Ovules/seeds exposed on branches Or surrounded by a +- perianth-like cluster of membranous scales, Or enclosed in a cone that becomes fleshy and berry-like at maturity</Statement>
          </Lead>
          <Lead id="k1l12">
            <Parent ref="k1l11"/>
            <Statement>Cone bracts present, individually subtending and +- free from cone scales, exserted beyond cone scales or +- &lt; scales and then +- hidden by them; leaves needle-like; ovules/seeds 2 per cone scale; seeds distally 1-winged or wingless</Statement>
            <TaxonName ref="i2"/>
          </Lead>
          <Lead id="k1l13">
            <Parent ref="k1l11"/>
            <Statement>Cone bracts not evident, +- wholly fused to cone scales; leaves scale-like, awl-like, or needle-like; ovules/seeds 1--many per cone scale; seeds laterally 2-winged (wing sometimes very narrow) or distally 1-winged in _Calocedrus_</Statement>
            <TaxonName ref="i0"/>
          </Lead>
          <Lead id="k1l15">
            <Parent ref="k1l14"/>
            <Statement>Stems jointed at nodes, the internodes [main sites of photosynthesis] long, green; leaves dry, scale-like, often early deciduous, not overlapping; ovules/seed(s) surrounded by a +- perianth-like cluster of membranous scales; pollen cones with stamen-like structures, the pollen sacs borne on stout, filament-like stalks</Statement>
            <TaxonName ref="i1"/>
          </Lead>
          <Lead id="k1l16">
            <Parent ref="k1l14"/>
            <Statement>Stems not jointed at nodes, the internodes generally very short; leaves green, scale-like, awl-like, or needle-like, persistent, crowded, sometimes overlapping; ovules/seeds enclosed in fleshy cones Or exposed on branches and seeds individually subtended or surrounded by fleshy aril; pollen cones with sessile or stalked pollen sacs</Statement>
          </Lead>
          <Lead id="k1l17">
            <Parent ref="k1l16"/>
            <Statement>Leaves opposite or whorled, 1--20+ mm, scale-, awl-, or needle-like; seeds 1--3, enclosed in a fleshy, berry-like cone; pollen sacs 2--6, sessile on abaxial faces of cone scales</Statement>
            <TaxonName ref="i0"/>
          </Lead>
          <Lead id="k1l18">
            <Parent ref="k1l16"/>
            <Statement>Leaves alternate, 12--70 mm, needle-like; seed 1, +- enclosed by a fleshy, generally colored aril; pollen cones with stamen-like structures, pollen sacs in groups of 4--16 on stout filament-like stalks</Statement>
            <TaxonName ref="i3"/>
          </Lead>
        </Leads>
      </IdentificationKey>
    </IdentificationKeys>
  </Dataset>
</Datasets>
