<?xml version="1.0" encoding="UTF-8"?>
<Datasets xmlns="http://rs.tdwg.org/UBIF/2006/" xmlns:xsi="http://www.w3.org/2001/XMLSchema-instance" xsi:schemaLocation="http://rs.tdwg.org/UBIF/2006/ http://rs.tdwg.org/UBIF/2006/Schema/1.1/SDD.xsd">
  <TechnicalMetadata created="2014-12-08T01:24:14">
    <Generator name="KeyBase SDD export" version="0"/>
  </TechnicalMetadata>
  <Dataset xml:lang="en-au">
    <Representation>
      <Label xml:lang="en">Family Group 3</Label>
    </Representation>
    <TaxonNames>
      <TaxonName id="i0">
        <Representation>
          <Label>Aspleniaceae</Label>
        </Representation>
      </TaxonName>
      <TaxonName id="i1">
        <Representation>
          <Label>Azollaceae</Label>
        </Representation>
      </TaxonName>
      <TaxonName id="i2">
        <Representation>
          <Label>Blechnaceae</Label>
        </Representation>
      </TaxonName>
      <TaxonName id="i3">
        <Representation>
          <Label>Cyatheaceae</Label>
        </Representation>
      </TaxonName>
      <TaxonName id="i4">
        <Representation>
          <Label>Dennstaedtiaceae</Label>
        </Representation>
      </TaxonName>
      <TaxonName id="i5">
        <Representation>
          <Label>Dryopteridaceae</Label>
        </Representation>
      </TaxonName>
      <TaxonName id="i6">
        <Representation>
          <Label>Equisetaceae</Label>
        </Representation>
      </TaxonName>
      <TaxonName id="i7">
        <Representation>
          <Label>Isoetaceae</Label>
        </Representation>
      </TaxonName>
      <TaxonName id="i8">
        <Representation>
          <Label>Lycopodiaceae</Label>
        </Representation>
      </TaxonName>
      <TaxonName id="i9">
        <Representation>
          <Label>Marsileaceae</Label>
        </Representation>
      </TaxonName>
      <TaxonName id="i10">
        <Representation>
          <Label>Ophioglossaceae</Label>
        </Representation>
      </TaxonName>
      <TaxonName id="i11">
        <Representation>
          <Label>Polypodiaceae</Label>
        </Representation>
      </TaxonName>
      <TaxonName id="i12">
        <Representation>
          <Label>Pteridaceae</Label>
        </Representation>
      </TaxonName>
      <TaxonName id="i13">
        <Representation>
          <Label>Salviniaceae</Label>
        </Representation>
      </TaxonName>
      <TaxonName id="i14">
        <Representation>
          <Label>Selaginellaceae</Label>
        </Representation>
      </TaxonName>
      <TaxonName id="i15">
        <Representation>
          <Label>Thelypteridaceae</Label>
        </Representation>
      </TaxonName>
      <TaxonName id="i16">
        <Representation>
          <Label>Woodsiaceae</Label>
        </Representation>
      </TaxonName>
    </TaxonNames>
    <IdentificationKeys>
      <IdentificationKey id="k1">
        <Representation>
          <Label xml:lang="en">Family Group 3</Label>
        </Representation>
        <Leads>
          <Lead id="k1l1">
            <Statement>Plant free-floating, raft-like, or stranded along shoreline or on drying mud</Statement>
          </Lead>
          <Lead id="k1l4">
            <Statement>Plant anchored in soil or growing on another plant [if plant aquatic, rooted in bottom sediments]</Statement>
          </Lead>
          <Lead id="k1l2">
            <Parent ref="k1l1"/>
            <Statement>Leaves 0.5--1.5 mm, alternate [each with a thick green or +- red-tinged floating lobe and a thin, colorless submersed lobe]; upper surface of floating lobe papillate or with short, inconspicuous hairs</Statement>
            <TaxonName ref="i1"/>
          </Lead>
          <Lead id="k1l3">
            <Parent ref="k1l1"/>
            <Statement>Leaves 5--25 mm, appearing opposite [actually 2 floating leaves plus a 3rd submersed leaf dissected into root-like lobes]; upper surface of floating leaves conspicuously hairy</Statement>
            <TaxonName ref="i13"/>
          </Lead>
          <Lead id="k1l5">
            <Parent ref="k1l4"/>
            <Statement>Leaves linear or scale- or needle-like, entire or toothed (sometimes divided into linear lobes in Asplenium septentrionale); veins generally 0 or 1 (--few in Asplenium septentrionale)</Statement>
          </Lead>
          <Lead id="k1l16">
            <Parent ref="k1l4"/>
            <Statement>Leaves with well developed blades, not linear or scale- or needle-like, often lobed or compound; veins many</Statement>
          </Lead>
          <Lead id="k1l6">
            <Parent ref="k1l5"/>
            <Statement>Leaves basal, linear</Statement>
          </Lead>
          <Lead id="k1l11">
            <Parent ref="k1l5"/>
            <Statement>Leaves cauline, scale- or needle-like; sporangia in cone at tip of aerial shoot or in axils of distal leaves</Statement>
          </Lead>
          <Lead id="k1l7">
            <Parent ref="k1l6"/>
            <Statement>Sporangia in 1 or more linear sori on abaxial leaf face</Statement>
            <TaxonName ref="i0"/>
          </Lead>
          <Lead id="k1l8">
            <Parent ref="k1l6"/>
            <Statement>Sporangia underground, embedded in adaxial face of widened leaf base or enclosed in hard, spheric sporangium case near leaf base</Statement>
          </Lead>
          <Lead id="k1l9">
            <Parent ref="k1l8"/>
            <Statement>Plant tufted, base corm-like; new leaves erect, never coiled; sporangium solitary, embedded in adaxial face of widened leaf base, +- covered by a translucent membrane</Statement>
            <TaxonName ref="i7"/>
          </Lead>
          <Lead id="k1l10">
            <Parent ref="k1l8"/>
            <Statement>Plant creeping by rhizomes; new leaves +- coiled, unrolling as they develop; sporangia several, enclosed in short-stalked, hard case attached near leaf base</Statement>
            <TaxonName ref="i9"/>
          </Lead>
          <Lead id="k1l12">
            <Parent ref="k1l11"/>
            <Statement>Stem hollow, jointed at nodes; leaves whorled, fused at base; sporangia several on undersides of peltate structures that are clustered in terminal cone</Statement>
            <TaxonName ref="i6"/>
          </Lead>
          <Lead id="k1l13">
            <Parent ref="k1l11"/>
            <Statement>Stem solid, not jointed; leaves alternate or opposite; sporangia in axils of distal scale-like leaves, the aggregation of fertile leaves sometimes cone-like</Statement>
          </Lead>
          <Lead id="k1l14">
            <Parent ref="k1l13"/>
            <Statement>Fertile leaves not in well defined ranks, the aggregation appearing round when viewed along axis from tip; sporangia all of 1 kind, producing only 1 kind of spore</Statement>
            <TaxonName ref="i8"/>
          </Lead>
          <Lead id="k1l15">
            <Parent ref="k1l13"/>
            <Statement>Fertile leaves 4-ranked, the aggregation appearing square when viewed along axis from tip; sporangia of 2 kinds, some with 4 large spores and others with many small spores</Statement>
            <TaxonName ref="i14"/>
          </Lead>
          <Lead id="k1l17">
            <Parent ref="k1l16"/>
            <Statement>Plant aquatic or in dried pools or creek beds; leaf palmately compound, leaflets 4; sporangia borne underground or underwater, enclosed in short-stalked, hard case attached near petiole base</Statement>
            <TaxonName ref="i9"/>
          </Lead>
          <Lead id="k1l18">
            <Parent ref="k1l16"/>
            <Statement>Plant terrestrial or strongly emergent if in wet soil, or growing on another plant; leaf simple or 1--4-pinnate, if compound, leaflets generally &gt;&gt; 4; sporangia borne on aerial portion of leaf</Statement>
          </Lead>
          <Lead id="k1l19">
            <Parent ref="k1l18"/>
            <Statement>Leaf divided into dissimilar sterile (trophophore) and fertile (sporophore) parts; sterile part with an entire or 1--3-pinnate blade; fertile part bladeless, sporangia borne in stalked cluster arising from petiole or blade base; new leaves never coiled</Statement>
            <TaxonName ref="i10"/>
          </Lead>
          <Lead id="k1l20">
            <Parent ref="k1l18"/>
            <Statement>Leaf not divided into dissimilar sterile and fertile parts; sporangia borne on underside of leaf blade, sometimes near margin; new leaves generally coiled, unrolling as they develop</Statement>
          </Lead>
          <Lead id="k1l21">
            <Parent ref="k1l20"/>
            <Statement>Leaves of 2 dissimilar kinds, the fertile (sporangium-bearing) blades with greatly narrowed segments</Statement>
          </Lead>
          <Lead id="k1l24">
            <Parent ref="k1l20"/>
            <Statement>Leaves all alike or nearly so, the fertile [sporangium-bearing] blades very similar in size and shape to sterile blades</Statement>
          </Lead>
          <Lead id="k1l22">
            <Parent ref="k1l21"/>
            <Statement>Blade deeply pinnately lobed or 1-pinnate; leaf generally &gt; 30 cm</Statement>
            <TaxonName ref="i2"/>
          </Lead>
          <Lead id="k1l23">
            <Parent ref="k1l21"/>
            <Statement>Blade 2 or more &times; pinnate or divided; leaf &lt;= 30 cm</Statement>
            <TaxonName ref="i12"/>
          </Lead>
          <Lead id="k1l25">
            <Parent ref="k1l24"/>
            <Statement>Sori borne along or near margin of leaf; indusia 0 or sori covered by reflexed or recurved leaf margin or leaf margin segment</Statement>
          </Lead>
          <Lead id="k1l30">
            <Parent ref="k1l24"/>
            <Statement>Sori borne away from margin on underside of leaf or leaflet, or sporangia scattered along veins and not clustered into sori; indusia present or 0</Statement>
          </Lead>
          <Lead id="k1l26">
            <Parent ref="k1l25"/>
            <Statement>Pinnae all entire or minutely toothed</Statement>
            <TaxonName ref="i12"/>
          </Lead>
          <Lead id="k1l27">
            <Parent ref="k1l25"/>
            <Statement>Pinnae [some or all of them] conspicuously toothed, lobed, or compound</Statement>
          </Lead>
          <Lead id="k1l28">
            <Parent ref="k1l27"/>
            <Statement>Rhizome and base of petiole covered by hairs; rhizome long-creeping; leaf often &gt; 80 cm, sometimes &gt;= 2 m --- blade widely triangular, 2--4-pinnate</Statement>
            <TaxonName ref="i4"/>
          </Lead>
          <Lead id="k1l29">
            <Parent ref="k1l27"/>
            <Statement>Rhizome and base of petiole bearing linear to ovate scales; rhizome short and compact to long-creeping; leaf generally &lt; 80 cm, often much shorter</Statement>
            <TaxonName ref="i12"/>
          </Lead>
          <Lead id="k1l31">
            <Parent ref="k1l30"/>
            <Statement>Sporangia scattered along veins, not clustered into distinct sori; indusia 0</Statement>
            <TaxonName ref="i12"/>
          </Lead>
          <Lead id="k1l32">
            <Parent ref="k1l30"/>
            <Statement>Sporangia clustered in distinct sori; indusia sometimes present</Statement>
          </Lead>
          <Lead id="k1l33">
            <Parent ref="k1l32"/>
            <Statement>Indusia 0</Statement>
          </Lead>
          <Lead id="k1l38">
            <Parent ref="k1l32"/>
            <Statement>Indusia present</Statement>
          </Lead>
          <Lead id="k1l34">
            <Parent ref="k1l33"/>
            <Statement>Blade deeply pinnately lobed</Statement>
            <TaxonName ref="i11"/>
          </Lead>
          <Lead id="k1l35">
            <Parent ref="k1l33"/>
            <Statement>Blade 2--3-pinnate</Statement>
          </Lead>
          <Lead id="k1l36">
            <Parent ref="k1l35"/>
            <Statement>Trunk present; leaf &gt;= 1 m; stipe not easily crushed, scale margin with bristle-like teeth</Statement>
            <TaxonName ref="i3"/>
          </Lead>
          <Lead id="k1l37">
            <Parent ref="k1l35"/>
            <Statement>Trunk 0; leaf &lt; 1 m; stipe easily crushed, scale margin +- entire, without bristle-like teeth</Statement>
            <TaxonName ref="i16"/>
          </Lead>
          <Lead id="k1l39">
            <Parent ref="k1l38"/>
            <Statement>Sori linear to oblong or J-shaped</Statement>
          </Lead>
          <Lead id="k1l44">
            <Parent ref="k1l38"/>
            <Statement>Sori +- round</Statement>
          </Lead>
          <Lead id="k1l40">
            <Parent ref="k1l39"/>
            <Statement>Veins of leaf segment forming a network; sori generally 2--4 mm, linear-oblong, end-to-end in rows parallel to midvein of leaf segment --- leaves 1 pinnate with deeply pinnately lobed pinnae</Statement>
            <TaxonName ref="i2"/>
          </Lead>
          <Lead id="k1l41">
            <Parent ref="k1l39"/>
            <Statement>Veins of leaf segment free, minor veins extending to segment margin without rejoining; sori 0.5--15 mm, linear, oblong, J-shaped, or reniform, not end-to-end in rows parallel to midvein of leaf segment</Statement>
          </Lead>
          <Lead id="k1l42">
            <Parent ref="k1l41"/>
            <Statement>Leaf 3--30 cm, 1-pinnate with pinnae &lt; 1.5 cm or leaf simple, linear, undivided or forked</Statement>
            <TaxonName ref="i0"/>
          </Lead>
          <Lead id="k1l43">
            <Parent ref="k1l41"/>
            <Statement>Leaf 20--200 cm, 1--2 pinnate with pinnae generally 5--25 cm, toothed or pinnately lobed</Statement>
            <TaxonName ref="i16"/>
          </Lead>
          <Lead id="k1l45">
            <Parent ref="k1l44"/>
            <Statement>Blade with 1-celled, clear, needle-like hairs</Statement>
            <TaxonName ref="i15"/>
          </Lead>
          <Lead id="k1l46">
            <Parent ref="k1l44"/>
            <Statement>Blade without needle-like hairs</Statement>
          </Lead>
          <Lead id="k1l47">
            <Parent ref="k1l46"/>
            <Statement>Indusium peltate or round-reniform, attached +- in center of sorus, generally present and readily observable in late-season specimens</Statement>
            <TaxonName ref="i5"/>
          </Lead>
          <Lead id="k1l48">
            <Parent ref="k1l46"/>
            <Statement>Indusium attached to one side of sorus or cup-like, attached beneath sorus and often of hair- or scale-like fragments or lobes, generally delicate, often difficult to observe in late-season specimens</Statement>
            <TaxonName ref="i16"/>
          </Lead>
        </Leads>
      </IdentificationKey>
    </IdentificationKeys>
  </Dataset>
</Datasets>
