<?xml version="1.0" encoding="UTF-8"?>
<Datasets xmlns="http://rs.tdwg.org/UBIF/2006/" xmlns:xsi="http://www.w3.org/2001/XMLSchema-instance" xsi:schemaLocation="http://rs.tdwg.org/UBIF/2006/ http://rs.tdwg.org/UBIF/2006/Schema/1.1/SDD.xsd">
  <TechnicalMetadata created="2014-12-08T01:24:14">
    <Generator name="KeyBase SDD export" version="0"/>
  </TechnicalMetadata>
  <Dataset xml:lang="en-au">
    <Representation>
      <Label xml:lang="en">Family Group 23</Label>
    </Representation>
    <TaxonNames>
      <TaxonName id="i0">
        <Representation>
          <Label>Anacardiaceae</Label>
        </Representation>
      </TaxonName>
      <TaxonName id="i1">
        <Representation>
          <Label>Celastraceae</Label>
        </Representation>
      </TaxonName>
      <TaxonName id="i2">
        <Representation>
          <Label>Crossosomataceae</Label>
        </Representation>
      </TaxonName>
      <TaxonName id="i3">
        <Representation>
          <Label>Ericaceae</Label>
        </Representation>
      </TaxonName>
      <TaxonName id="i4">
        <Representation>
          <Label>Fabaceae</Label>
        </Representation>
      </TaxonName>
      <TaxonName id="i5">
        <Representation>
          <Label>Frankeniaceae</Label>
        </Representation>
      </TaxonName>
      <TaxonName id="i6">
        <Representation>
          <Label>Geraniaceae</Label>
        </Representation>
      </TaxonName>
      <TaxonName id="i7">
        <Representation>
          <Label>Koeberliniaceae</Label>
        </Representation>
      </TaxonName>
      <TaxonName id="i8">
        <Representation>
          <Label>Krameriaceae</Label>
        </Representation>
      </TaxonName>
      <TaxonName id="i9">
        <Representation>
          <Label>Passifloraceae</Label>
        </Representation>
      </TaxonName>
      <TaxonName id="i10">
        <Representation>
          <Label>Pittosporaceae</Label>
        </Representation>
      </TaxonName>
      <TaxonName id="i11">
        <Representation>
          <Label>Polygalaceae</Label>
        </Representation>
      </TaxonName>
      <TaxonName id="i12">
        <Representation>
          <Label>Rhamnaceae</Label>
        </Representation>
      </TaxonName>
      <TaxonName id="i13">
        <Representation>
          <Label>Rosaceae</Label>
        </Representation>
      </TaxonName>
      <TaxonName id="i14">
        <Representation>
          <Label>Rutaceae</Label>
        </Representation>
      </TaxonName>
      <TaxonName id="i15">
        <Representation>
          <Label>Sapindaceae</Label>
        </Representation>
      </TaxonName>
      <TaxonName id="i16">
        <Representation>
          <Label>Simaroubaceae</Label>
        </Representation>
      </TaxonName>
      <TaxonName id="i17">
        <Representation>
          <Label>Tamaricaceae</Label>
        </Representation>
      </TaxonName>
      <TaxonName id="i18">
        <Representation>
          <Label>Vitaceae</Label>
        </Representation>
      </TaxonName>
      <TaxonName id="i19">
        <Representation>
          <Label>Zygophyllaceae</Label>
        </Representation>
      </TaxonName>
    </TaxonNames>
    <IdentificationKeys>
      <IdentificationKey id="k1">
        <Representation>
          <Label xml:lang="en">Family Group 23</Label>
        </Representation>
        <Leads>
          <Lead id="k1l1">
            <Statement>Leaves opposite or whorled</Statement>
          </Lead>
          <Lead id="k1l16">
            <Statement>Leaves alternate, sometimes reduced to minute scales or so quickly deciduous that the plants are generally leafless</Statement>
          </Lead>
          <Lead id="k1l2">
            <Parent ref="k1l1"/>
            <Statement>Leaves 2-lobed, resin-coated; flowers bright yellow; fruit covered with white, spreading hairs --- desert shrub; leaf sometimes treated as compound with 2 leaflets fused at base</Statement>
            <TaxonName ref="i19"/>
          </Lead>
          <Lead id="k1l3">
            <Parent ref="k1l1"/>
            <Statement>Leaves entire or toothed to palmately lobed or divided; flower +- green or white to creamy yellow, blue, or purple; fruit not covered with white, spreading hairs</Statement>
          </Lead>
          <Lead id="k1l4">
            <Parent ref="k1l3"/>
            <Statement>Leaves lobed or divided; fruit splitting into mericarps</Statement>
          </Lead>
          <Lead id="k1l7">
            <Parent ref="k1l3"/>
            <Statement>Leaves entire or toothed; fruit a capsule or drupe</Statement>
          </Lead>
          <Lead id="k1l5">
            <Parent ref="k1l4"/>
            <Statement>Shrub &lt;= 1 m; stigmas 5, on long, stiff style; ovary not winged; mericarps wingless, each tipped by a spirally coiled beak</Statement>
            <TaxonName ref="i6"/>
          </Lead>
          <Lead id="k1l6">
            <Parent ref="k1l4"/>
            <Statement>Tree or large shrub; stigmas 2(3), +- sessile; ovary 2(3)-winged; mericarps winged, beaks 0</Statement>
            <TaxonName ref="i15"/>
          </Lead>
          <Lead id="k1l8">
            <Parent ref="k1l7"/>
            <Statement>Leaves +- fleshy, salt encrusted, generally &lt; 1 mm wide, united across node by a sheath</Statement>
            <TaxonName ref="i5"/>
          </Lead>
          <Lead id="k1l9">
            <Parent ref="k1l7"/>
            <Statement>Leaves generally thin or leathery, not salt encrusted, generally &gt;= 2 mm wide, not united by a sheath</Statement>
          </Lead>
          <Lead id="k1l10">
            <Parent ref="k1l9"/>
            <Statement>Stamens &gt; in number than petals</Statement>
            <TaxonName ref="i14"/>
          </Lead>
          <Lead id="k1l11">
            <Parent ref="k1l9"/>
            <Statement>Stamens = in number to petals</Statement>
          </Lead>
          <Lead id="k1l12">
            <Parent ref="k1l11"/>
            <Statement>Petals opposite stamens, generally +- cupped</Statement>
            <TaxonName ref="i12"/>
          </Lead>
          <Lead id="k1l13">
            <Parent ref="k1l11"/>
            <Statement>Petals alternate stamens, generally +- flat</Statement>
          </Lead>
          <Lead id="k1l14">
            <Parent ref="k1l13"/>
            <Statement>Leaves opposite</Statement>
            <TaxonName ref="i1"/>
          </Lead>
          <Lead id="k1l15">
            <Parent ref="k1l13"/>
            <Statement>Leaves +- whorled at some nodes, alternate at others</Statement>
            <TaxonName ref="i10"/>
          </Lead>
          <Lead id="k1l17">
            <Parent ref="k1l16"/>
            <Statement>Leaves lobed</Statement>
          </Lead>
          <Lead id="k1l24">
            <Parent ref="k1l16"/>
            <Statement>Leaves entire or toothed, unlobed</Statement>
          </Lead>
          <Lead id="k1l18">
            <Parent ref="k1l17"/>
            <Statement>Tendrils present; plant a woody vine, generally trailing or climbing on other plants</Statement>
          </Lead>
          <Lead id="k1l21">
            <Parent ref="k1l17"/>
            <Statement>Tendrils 0; plant +- erect, not climbing</Statement>
          </Lead>
          <Lead id="k1l19">
            <Parent ref="k1l18"/>
            <Statement>Flowers solitary, large and showy</Statement>
            <TaxonName ref="i9"/>
          </Lead>
          <Lead id="k1l20">
            <Parent ref="k1l18"/>
            <Statement>Flowers in panicles, small and inconspicuous</Statement>
            <TaxonName ref="i18"/>
          </Lead>
          <Lead id="k1l22">
            <Parent ref="k1l21"/>
            <Statement>Inflorescence a panicle; flowers radial; 2--4 mm diam; fruit a drupe</Statement>
            <TaxonName ref="i0"/>
          </Lead>
          <Lead id="k1l23">
            <Parent ref="k1l21"/>
            <Statement>Inflorescence an umbel; flowers +- bilateral, 15--40 mm wide; fruit splitting into 5 mericarps</Statement>
            <TaxonName ref="i6"/>
          </Lead>
          <Lead id="k1l25">
            <Parent ref="k1l24"/>
            <Statement>Leaf palmately veined, the blade well developed</Statement>
          </Lead>
          <Lead id="k1l28">
            <Parent ref="k1l24"/>
            <Statement>Leaf pinnately veined, 1-veined, or reduced to a bladeless scale</Statement>
          </Lead>
          <Lead id="k1l26">
            <Parent ref="k1l25"/>
            <Statement>Flowers strongly bilateral</Statement>
            <TaxonName ref="i4"/>
          </Lead>
          <Lead id="k1l27">
            <Parent ref="k1l25"/>
            <Statement>Flowers radial</Statement>
            <TaxonName ref="i12"/>
          </Lead>
          <Lead id="k1l29">
            <Parent ref="k1l28"/>
            <Statement>Flowers strongly bilateral</Statement>
          </Lead>
          <Lead id="k1l34">
            <Parent ref="k1l28"/>
            <Statement>Flowers radial or nearly so</Statement>
          </Lead>
          <Lead id="k1l30">
            <Parent ref="k1l29"/>
            <Statement>Stamens 4, all inserted on 1 side of ovary, free or nearly so; sepals rose-purple, petal-like, widely spreading; upper 3 petals similar, stalked, free or fused, lower 2 petals reduced to fleshy scales or glands; fruit an indehiscent pod bearing slender, barb-tipped prickles</Statement>
            <TaxonName ref="i8"/>
          </Lead>
          <Lead id="k1l31">
            <Parent ref="k1l29"/>
            <Statement>Stamens 6--8 or 10, all filaments or 9 of 10 fused into a tube around the ovary [tube often open on 1 side]; sepals variously colored, sometimes petal-like; no petals reduced to fleshy scales or glands; fruit a capsule, legume, or unarmed, indehiscent pod</Statement>
          </Lead>
          <Lead id="k1l32">
            <Parent ref="k1l31"/>
            <Statement>Sepals all fused, at least at base, forming a cup-shaped to cylindric calyx tube, generally not petal-like; the odd petal [banner] uppermost, overlapping the margins of the 2 upper lateral petals; lower 2 lateral petals generally free at base but fused toward the tip, forming a keel that encloses stamens and ovary; fruit a legume or indehiscent pod</Statement>
            <TaxonName ref="i4"/>
          </Lead>
          <Lead id="k1l33">
            <Parent ref="k1l31"/>
            <Statement>Sepals free, petal-like, 2 of them spreading and very different from the other 3; the odd petal lowermost, often appendaged, folded and forming a keel enclosing stamens and ovary, a banner petal never present; fruit a flattened capsule</Statement>
            <TaxonName ref="i11"/>
          </Lead>
          <Lead id="k1l35">
            <Parent ref="k1l34"/>
            <Statement>Stamens &gt; in number than petals (sterile stamens as many as petals in pistillate flowers of _Castela_ (Simaroubaceae))</Statement>
          </Lead>
          <Lead id="k1l46">
            <Parent ref="k1l34"/>
            <Statement>Stamens = in number to petals</Statement>
          </Lead>
          <Lead id="k1l36">
            <Parent ref="k1l35"/>
            <Statement>Petals dark blue-purple; stems and leaves gland-dotted, very strongly scented</Statement>
            <TaxonName ref="i14"/>
          </Lead>
          <Lead id="k1l37">
            <Parent ref="k1l35"/>
            <Statement>Petals white to yellow or green; stems and leaves not scented</Statement>
          </Lead>
          <Lead id="k1l38">
            <Parent ref="k1l37"/>
            <Statement>Hypanthium present, well developed, tubular or cup-shaped</Statement>
            <TaxonName ref="i13"/>
          </Lead>
          <Lead id="k1l39">
            <Parent ref="k1l37"/>
            <Statement>Hypanthium 0 or small and disk-shaped</Statement>
          </Lead>
          <Lead id="k1l40">
            <Parent ref="k1l39"/>
            <Statement>Anthers opening by small round pores; petals 5; stem not thorn-tipped; moist sites</Statement>
            <TaxonName ref="i3"/>
          </Lead>
          <Lead id="k1l41">
            <Parent ref="k1l39"/>
            <Statement>Anthers opening along sides by long slits; petals 4--6; stems (except Glossopetalon pungens) generally thorn-tipped; arid sites</Statement>
          </Lead>
          <Lead id="k1l42">
            <Parent ref="k1l41"/>
            <Statement>Flowers unisexual; ovary deeply 4--8-lobed</Statement>
            <TaxonName ref="i16"/>
          </Lead>
          <Lead id="k1l43">
            <Parent ref="k1l41"/>
            <Statement>Flowers bisexual; ovary unlobed</Statement>
          </Lead>
          <Lead id="k1l44">
            <Parent ref="k1l43"/>
            <Statement>Petals generally 5; ovary sessile on receptacle, chamber 1; stem angled; leaves oblong or narrowly elliptic to obovate, deciduous or +- persistent; fruit a follicle</Statement>
            <TaxonName ref="i2"/>
          </Lead>
          <Lead id="k1l45">
            <Parent ref="k1l43"/>
            <Statement>Petals 4; ovary raised +- 1 mm above receptacle on short stalk, chambers 2; stem smooth; leaves scale-like, soon deciduous; fruit a berry</Statement>
            <TaxonName ref="i7"/>
          </Lead>
          <Lead id="k1l47">
            <Parent ref="k1l46"/>
            <Statement>Leaves all reduced to bladeless scales; twigs very slender, jointed, green</Statement>
            <TaxonName ref="i17"/>
          </Lead>
          <Lead id="k1l48">
            <Parent ref="k1l46"/>
            <Statement>Leaves with expanded blades, linear to (ob)ovate, sometimes early deciduous; twigs not jointed, green or brown</Statement>
          </Lead>
          <Lead id="k1l49">
            <Parent ref="k1l48"/>
            <Statement>Stamens opposite petals; petals generally with cupped blade</Statement>
            <TaxonName ref="i12"/>
          </Lead>
          <Lead id="k1l50">
            <Parent ref="k1l48"/>
            <Statement>Stamens alternate petals; petals generally flat</Statement>
          </Lead>
          <Lead id="k1l51">
            <Parent ref="k1l50"/>
            <Statement>Leaves 6--17 mm</Statement>
          </Lead>
          <Lead id="k1l54">
            <Parent ref="k1l50"/>
            <Statement>Leaves 15--150 mm</Statement>
          </Lead>
          <Lead id="k1l52">
            <Parent ref="k1l51"/>
            <Statement>Flowers many in tight, leafy-bracted panicle; ovary chambers 5</Statement>
            <TaxonName ref="i1"/>
          </Lead>
          <Lead id="k1l53">
            <Parent ref="k1l51"/>
            <Statement>Flowers solitary, axillary; ovary chamber 1</Statement>
            <TaxonName ref="i2"/>
          </Lead>
          <Lead id="k1l55">
            <Parent ref="k1l54"/>
            <Statement>Petals 8--15 mm</Statement>
            <TaxonName ref="i10"/>
          </Lead>
          <Lead id="k1l56">
            <Parent ref="k1l54"/>
            <Statement>Petals 1.5--3 mm</Statement>
          </Lead>
          <Lead id="k1l57">
            <Parent ref="k1l56"/>
            <Statement>Leaves 20--80 mm wide, elliptic to ovate; flowers many in terminal panicle</Statement>
            <TaxonName ref="i0"/>
          </Lead>
          <Lead id="k1l58">
            <Parent ref="k1l56"/>
            <Statement>Leaves 5--10 mm wide, +- lanceolate; flowers 1--few, axillary</Statement>
            <TaxonName ref="i1"/>
          </Lead>
        </Leads>
      </IdentificationKey>
    </IdentificationKeys>
  </Dataset>
</Datasets>
