<?xml version="1.0" encoding="UTF-8"?>
<Datasets xmlns="http://rs.tdwg.org/UBIF/2006/" xmlns:xsi="http://www.w3.org/2001/XMLSchema-instance" xsi:schemaLocation="http://rs.tdwg.org/UBIF/2006/ http://rs.tdwg.org/UBIF/2006/Schema/1.1/SDD.xsd">
  <TechnicalMetadata created="2014-12-08T01:24:13">
    <Generator name="KeyBase SDD export" version="0"/>
  </TechnicalMetadata>
  <Dataset xml:lang="en-au">
    <Representation>
      <Label xml:lang="en">Family Group 19</Label>
    </Representation>
    <TaxonNames>
      <TaxonName id="i0">
        <Representation>
          <Label>Acanthaceae</Label>
        </Representation>
      </TaxonName>
      <TaxonName id="i1">
        <Representation>
          <Label>Apocynaceae</Label>
        </Representation>
      </TaxonName>
      <TaxonName id="i2">
        <Representation>
          <Label>Basellaceae</Label>
        </Representation>
      </TaxonName>
      <TaxonName id="i3">
        <Representation>
          <Label>Boraginaceae</Label>
        </Representation>
      </TaxonName>
      <TaxonName id="i4">
        <Representation>
          <Label>Convolvulaceae</Label>
        </Representation>
      </TaxonName>
      <TaxonName id="i5">
        <Representation>
          <Label>Crassulaceae</Label>
        </Representation>
      </TaxonName>
      <TaxonName id="i6">
        <Representation>
          <Label>Ericaceae</Label>
        </Representation>
      </TaxonName>
      <TaxonName id="i7">
        <Representation>
          <Label>Fabaceae</Label>
        </Representation>
      </TaxonName>
      <TaxonName id="i8">
        <Representation>
          <Label>Fouquieriaceae</Label>
        </Representation>
      </TaxonName>
      <TaxonName id="i9">
        <Representation>
          <Label>Gentianaceae</Label>
        </Representation>
      </TaxonName>
      <TaxonName id="i10">
        <Representation>
          <Label>Lamiaceae</Label>
        </Representation>
      </TaxonName>
      <TaxonName id="i11">
        <Representation>
          <Label>Malvaceae</Label>
        </Representation>
      </TaxonName>
      <TaxonName id="i12">
        <Representation>
          <Label>Menyanthaceae</Label>
        </Representation>
      </TaxonName>
      <TaxonName id="i13">
        <Representation>
          <Label>Montiaceae</Label>
        </Representation>
      </TaxonName>
      <TaxonName id="i14">
        <Representation>
          <Label>Myrsinaceae</Label>
        </Representation>
      </TaxonName>
      <TaxonName id="i15">
        <Representation>
          <Label>Nyctaginaceae</Label>
        </Representation>
      </TaxonName>
      <TaxonName id="i16">
        <Representation>
          <Label>Oleaceae</Label>
        </Representation>
      </TaxonName>
      <TaxonName id="i17">
        <Representation>
          <Label>Oxalidaceae</Label>
        </Representation>
      </TaxonName>
      <TaxonName id="i18">
        <Representation>
          <Label>Phrymaceae</Label>
        </Representation>
      </TaxonName>
      <TaxonName id="i19">
        <Representation>
          <Label>Plantaginaceae</Label>
        </Representation>
      </TaxonName>
      <TaxonName id="i20">
        <Representation>
          <Label>Plumbaginaceae</Label>
        </Representation>
      </TaxonName>
      <TaxonName id="i21">
        <Representation>
          <Label>Polemoniaceae</Label>
        </Representation>
      </TaxonName>
      <TaxonName id="i22">
        <Representation>
          <Label>Polygonaceae</Label>
        </Representation>
      </TaxonName>
      <TaxonName id="i23">
        <Representation>
          <Label>Primulaceae</Label>
        </Representation>
      </TaxonName>
      <TaxonName id="i24">
        <Representation>
          <Label>Scrophulariaceae</Label>
        </Representation>
      </TaxonName>
      <TaxonName id="i25">
        <Representation>
          <Label>Solanaceae</Label>
        </Representation>
      </TaxonName>
      <TaxonName id="i26">
        <Representation>
          <Label>Styracaceae</Label>
        </Representation>
      </TaxonName>
      <TaxonName id="i27">
        <Representation>
          <Label>Verbenaceae</Label>
        </Representation>
      </TaxonName>
    </TaxonNames>
    <IdentificationKeys>
      <IdentificationKey id="k1">
        <Representation>
          <Label xml:lang="en">Family Group 19</Label>
        </Representation>
        <Leads>
          <Lead id="k1l1">
            <Statement>Stamens &gt; in number than corolla lobes</Statement>
          </Lead>
          <Lead id="k1l18">
            <Statement>Stamens = in number to corolla lobes or fewer</Statement>
          </Lead>
          <Lead id="k1l2">
            <Parent ref="k1l1"/>
            <Statement>Filaments fused proximally, forming a cup or tube</Statement>
          </Lead>
          <Lead id="k1l9">
            <Parent ref="k1l1"/>
            <Statement>Filaments free</Statement>
          </Lead>
          <Lead id="k1l3">
            <Parent ref="k1l2"/>
            <Statement>Leaves compound</Statement>
          </Lead>
          <Lead id="k1l6">
            <Parent ref="k1l2"/>
            <Statement>Leaves simple</Statement>
          </Lead>
          <Lead id="k1l4">
            <Parent ref="k1l3"/>
            <Statement>Shrub or tree; leaves 2-pinnate; fruit a legume; stamens many, much more conspicuous than corolla</Statement>
            <TaxonName ref="i7"/>
          </Lead>
          <Lead id="k1l5">
            <Parent ref="k1l3"/>
            <Statement>Herb; leaves palmate with 3 leaflets; fruit a capsule; stamens 10, less conspicuous than corolla</Statement>
            <TaxonName ref="i17"/>
          </Lead>
          <Lead id="k1l7">
            <Parent ref="k1l6"/>
            <Statement>Stamens many; filaments strongly fused, forming tube around pistil; anthers crescent-shaped, chamber 1; style 1, distally branched or styles 5--many, stigmas linear to head-like --- petals generally free from each other but fused to and falling with filament tube</Statement>
            <TaxonName ref="i11"/>
          </Lead>
          <Lead id="k1l8">
            <Parent ref="k1l6"/>
            <Statement>Stamens 10(16); filaments fused at base; anthers oblong, 2-chambered; style 1, stigma dot-like or minutely lobed</Statement>
            <TaxonName ref="i26"/>
          </Lead>
          <Lead id="k1l10">
            <Parent ref="k1l9"/>
            <Statement>Flower parts in 6s; fruit a triangular achene --- 6-parted perianth easily mistaken for corolla, especially in plants with 1--few-flowered, calyx-like involucre</Statement>
            <TaxonName ref="i22"/>
          </Lead>
          <Lead id="k1l11">
            <Parent ref="k1l9"/>
            <Statement>Flower parts in 4s or 5s; fruit a capsule, berry, drupe, or cluster of follicles</Statement>
          </Lead>
          <Lead id="k1l12">
            <Parent ref="k1l11"/>
            <Statement>Plant fleshy</Statement>
          </Lead>
          <Lead id="k1l15">
            <Parent ref="k1l11"/>
            <Statement>Plant not fleshy</Statement>
          </Lead>
          <Lead id="k1l13">
            <Parent ref="k1l12"/>
            <Statement>Plant photosynthetic; leaves well developed, green; carpels fused only at base, styles 5</Statement>
            <TaxonName ref="i5"/>
          </Lead>
          <Lead id="k1l14">
            <Parent ref="k1l12"/>
            <Statement>Plant non-photosynthetic; leaves scale-like, white to cream or red; carpels wholly fused, style 1</Statement>
            <TaxonName ref="i6"/>
          </Lead>
          <Lead id="k1l16">
            <Parent ref="k1l15"/>
            <Statement>Stem spineless; corolla urn-shaped to rotate or widely funnel-shaped, variously colored</Statement>
            <TaxonName ref="i6"/>
          </Lead>
          <Lead id="k1l17">
            <Parent ref="k1l15"/>
            <Statement>Stem bearing a stout, petiolar spine at each node; corolla tubular, bright red</Statement>
            <TaxonName ref="i8"/>
          </Lead>
          <Lead id="k1l19">
            <Parent ref="k1l18"/>
            <Statement>Fertile stamens fewer than corolla lobes --- 1 or more sterile stamens sometimes present</Statement>
          </Lead>
          <Lead id="k1l36">
            <Parent ref="k1l18"/>
            <Statement>Fertile stamens = in number to corolla lobes</Statement>
          </Lead>
          <Lead id="k1l20">
            <Parent ref="k1l19"/>
            <Statement>Perianth parts in 6s; stigmas and style branches 3 --- 6-parted perianth easily mistaken for corolla in plant with 1-flowered, calyx-like involucre</Statement>
            <TaxonName ref="i22"/>
          </Lead>
          <Lead id="k1l21">
            <Parent ref="k1l19"/>
            <Statement>Perianth parts in 4s or 5s; stigmas 1 or 2, style unbranched or branches 2</Statement>
          </Lead>
          <Lead id="k1l22">
            <Parent ref="k1l21"/>
            <Statement>Ovary deeply 4-lobed; style attachment surrounded by lobes of ovary [style readily detaches as corolla falls] --- fruit 4 nutlets</Statement>
            <TaxonName ref="i10"/>
          </Lead>
          <Lead id="k1l23">
            <Parent ref="k1l21"/>
            <Statement>Ovary entire or +- shallowly lobed; style arising from tip of ovary</Statement>
          </Lead>
          <Lead id="k1l24">
            <Parent ref="k1l23"/>
            <Statement>Ovules several to many per ovary chamber</Statement>
          </Lead>
          <Lead id="k1l29">
            <Parent ref="k1l23"/>
            <Statement>Ovules 1--4 per ovary chamber</Statement>
          </Lead>
          <Lead id="k1l25">
            <Parent ref="k1l24"/>
            <Statement>Leaves all basal; inflorescence scapose, flowers solitary --- leaves linear or awl-shaped to spoon-shaped or ovate, entire</Statement>
            <TaxonName ref="i24"/>
          </Lead>
          <Lead id="k1l26">
            <Parent ref="k1l24"/>
            <Statement>Leaves basal and cauline or all cauline; inflorescence not scapose, flowers 1--many</Statement>
          </Lead>
          <Lead id="k1l27">
            <Parent ref="k1l26"/>
            <Statement>Stigma lobes flat, disk-like, moving together when touched</Statement>
            <TaxonName ref="i18"/>
          </Lead>
          <Lead id="k1l28">
            <Parent ref="k1l26"/>
            <Statement>Stigma dot-like or head-like, unlobed, or lobes not moving together when touched</Statement>
            <TaxonName ref="i19"/>
          </Lead>
          <Lead id="k1l30">
            <Parent ref="k1l29"/>
            <Statement>Corolla-like calyx constricted above ovary, base persistent around ovary, becoming hardened or winged at maturity; stigma, ovary chamber, and ovule 1; fruit an achene --- corolla-like calyx easily mistaken for corolla, especially in plant with 1-flowered, calyx-like involucre</Statement>
            <TaxonName ref="i15"/>
          </Lead>
          <Lead id="k1l31">
            <Parent ref="k1l29"/>
            <Statement>True corolla present, not constricted above ovary, base not persistent as hardened or winged structure around ovary; stigmas, ovary chambers, and ovules &gt; 1; fruit various</Statement>
          </Lead>
          <Lead id="k1l32">
            <Parent ref="k1l31"/>
            <Statement>Stamens 2</Statement>
            <TaxonName ref="i16"/>
          </Lead>
          <Lead id="k1l33">
            <Parent ref="k1l31"/>
            <Statement>Stamens 4</Statement>
          </Lead>
          <Lead id="k1l34">
            <Parent ref="k1l33"/>
            <Statement>Leaves gland-dotted; shrub or small tree</Statement>
            <TaxonName ref="i24"/>
          </Lead>
          <Lead id="k1l35">
            <Parent ref="k1l33"/>
            <Statement>Leaves not gland-dotted though sometimes glandular-hairy</Statement>
            <TaxonName ref="i27"/>
          </Lead>
          <Lead id="k1l37">
            <Parent ref="k1l36"/>
            <Statement>Plants entirely non-green, parasitic</Statement>
          </Lead>
          <Lead id="k1l40">
            <Parent ref="k1l36"/>
            <Statement>Plants green and photosynthetic</Statement>
          </Lead>
          <Lead id="k1l38">
            <Parent ref="k1l37"/>
            <Statement>Plant an erect or mound-shaped, fleshy root-parasite with many crowded, scale-like leaves</Statement>
            <TaxonName ref="i3"/>
          </Lead>
          <Lead id="k1l39">
            <Parent ref="k1l37"/>
            <Statement>Plant a thread-like, leafless, yellow to orange, twining vine that wraps around stems and leaves of host plant</Statement>
            <TaxonName ref="i4"/>
          </Lead>
          <Lead id="k1l41">
            <Parent ref="k1l40"/>
            <Statement>Ovaries 2, +- pressed together in flower but not fused, carpels distally united by a shared style or by a complex stigmatic structure; fruit of 1--2 follicles; milky latex generally present</Statement>
            <TaxonName ref="i1"/>
          </Lead>
          <Lead id="k1l42">
            <Parent ref="k1l40"/>
            <Statement>Ovary 1, sometimes deeply lobed; fruits various; milky latex 0</Statement>
          </Lead>
          <Lead id="k1l43">
            <Parent ref="k1l42"/>
            <Statement>Leaves whorled</Statement>
          </Lead>
          <Lead id="k1l48">
            <Parent ref="k1l42"/>
            <Statement>Leaves alternate, opposite, or all basal</Statement>
          </Lead>
          <Lead id="k1l44">
            <Parent ref="k1l43"/>
            <Statement>Shrub --- leaves evergreen, leathery; corolla throat with fringed appendages</Statement>
            <TaxonName ref="i1"/>
          </Lead>
          <Lead id="k1l45">
            <Parent ref="k1l43"/>
            <Statement>Herb</Statement>
          </Lead>
          <Lead id="k1l46">
            <Parent ref="k1l45"/>
            <Statement>Perennial herb, sometimes dying after flower; perianth parts in 4s; fruit a capsule</Statement>
            <TaxonName ref="i9"/>
          </Lead>
          <Lead id="k1l47">
            <Parent ref="k1l45"/>
            <Statement>Annual; perianth parts in 6s; fruit an achene --- 6-parted perianth easily mistaken for corolla, involucre 1-flowered, calyx-like</Statement>
            <TaxonName ref="i22"/>
          </Lead>
          <Lead id="k1l49">
            <Parent ref="k1l48"/>
            <Statement>Corolla dry, scarious, 4-lobed; inflorescence a dense spike (rarely flower only 1); leaves generally all basal (opposite, appearing clustered at nodes in Plantago arenaria_)</Statement>
            <TaxonName ref="i19"/>
          </Lead>
          <Lead id="k1l50">
            <Parent ref="k1l48"/>
            <Statement>Corolla with normal, petal-like texture, 4--7-lobed; inflorescence various or flowers solitary; leaves basal and/or cauline</Statement>
          </Lead>
          <Lead id="k1l51">
            <Parent ref="k1l50"/>
            <Statement>Ovary deeply 2--4-lobed, especially in fruit; style attachment surrounded by lobes of ovary (style readily detaches in Lamiaceae as corolla falls); fruit breaking apart into 1-seeded nutlets or segments (sometimes only 1--3 nutlets maturing)</Statement>
          </Lead>
          <Lead id="k1l58">
            <Parent ref="k1l50"/>
            <Statement>Ovary entire or shallowly lobed; style clearly attached to tip of ovary; fruit generally a capsule, berry, drupe, or achene</Statement>
          </Lead>
          <Lead id="k1l52">
            <Parent ref="k1l51"/>
            <Statement>Leaves opposite, at least proximally; stem 4-angled or round &times;-section; stem and leaves sometimes aromatic</Statement>
          </Lead>
          <Lead id="k1l55">
            <Parent ref="k1l51"/>
            <Statement>Leaves alternate; stem +- round; stem and leaves generally not aromatic</Statement>
          </Lead>
          <Lead id="k1l53">
            <Parent ref="k1l52"/>
            <Statement>Stem round; leaves generally alternate distally or leaves of a pair unequal; herbage not aromatic; inflorescence or branches of inflorescence generally +- coiled or 1-sided when young, unrolling during development, at maturity +- open, generally resembling a 1-sided spike or raceme or flowers sometimes solitary</Statement>
            <TaxonName ref="i3"/>
          </Lead>
          <Lead id="k1l54">
            <Parent ref="k1l52"/>
            <Statement>Stem 4-angled; leaves opposite throughout; herbage generally strongly aromatic; inflorescence not coiled</Statement>
            <TaxonName ref="i10"/>
          </Lead>
          <Lead id="k1l56">
            <Parent ref="k1l55"/>
            <Statement>Leaves linear to ovate; stems mostly not rooting; inflorescence or branches of inflorescence generally +- coiled or 1-sided when young, unrolling during development, at maturity +- open, generally resembling a 1-sided spike or raceme, flowers seldom concealed by leaves; ovary 2--4-lobed</Statement>
            <TaxonName ref="i3"/>
          </Lead>
          <Lead id="k1l57">
            <Parent ref="k1l55"/>
            <Statement>Leaves reniform; stems matted, rooting at nodes; flowers solitary, +- concealed by leaves; ovary 2-lobed</Statement>
            <TaxonName ref="i4"/>
          </Lead>
          <Lead id="k1l59">
            <Parent ref="k1l58"/>
            <Statement>Filaments fused, forming a tube around style</Statement>
          </Lead>
          <Lead id="k1l62">
            <Parent ref="k1l58"/>
            <Statement>Filaments generally free</Statement>
          </Lead>
          <Lead id="k1l60">
            <Parent ref="k1l59"/>
            <Statement>Shrub; flowers solitary, yellow or orange to +- red; stems and leaves densely stellate --- corolla-like whorl actually a calyx, subtended by sepal-like bracts</Statement>
            <TaxonName ref="i11"/>
          </Lead>
          <Lead id="k1l61">
            <Parent ref="k1l59"/>
            <Statement>Herb; flowers in scapose umbels, white to pink or purple; stems and leaves glabrous or glandular-hairy</Statement>
            <TaxonName ref="i23"/>
          </Lead>
          <Lead id="k1l63">
            <Parent ref="k1l62"/>
            <Statement>Sepals 2; stems and leaves +- fleshy</Statement>
          </Lead>
          <Lead id="k1l66">
            <Parent ref="k1l62"/>
            <Statement>Sepals 4 or more; stems and leaves generally not fleshy</Statement>
          </Lead>
          <Lead id="k1l64">
            <Parent ref="k1l63"/>
            <Statement>Vine with twining stems; flowers in many-flowered raceme or panicle; fruit fleshy, indehiscent, 1-seeded</Statement>
            <TaxonName ref="i2"/>
          </Lead>
          <Lead id="k1l65">
            <Parent ref="k1l63"/>
            <Statement>Herb, stems prostrate to erect, not twining; flowers solitary or in few-flowered clusters; fruit dry, dehiscent, 2--many-seeded</Statement>
            <TaxonName ref="i13"/>
          </Lead>
          <Lead id="k1l67">
            <Parent ref="k1l66"/>
            <Statement>Perianth parts in 6s or 7s</Statement>
          </Lead>
          <Lead id="k1l70">
            <Parent ref="k1l66"/>
            <Statement>Perianth parts in 4s or 5s</Statement>
          </Lead>
          <Lead id="k1l68">
            <Parent ref="k1l67"/>
            <Statement>Style and stigma 1; placentas free-central; ovules several--many; fruit a capsule</Statement>
            <TaxonName ref="i14"/>
          </Lead>
          <Lead id="k1l69">
            <Parent ref="k1l67"/>
            <Statement>Styles and stigmas 3; placentas basal; ovule 1; fruit a 3-angled achene --- 6-parted perianth easily mistaken for corolla, especially in plant with 1-flowered, calyx-like involucre</Statement>
            <TaxonName ref="i22"/>
          </Lead>
          <Lead id="k1l71">
            <Parent ref="k1l70"/>
            <Statement>Styles or style-branches 5; sepal tips and subtending bracts widely obtuse, scarious (sometimes brightly pigmented) Or calyx stalked-glandular</Statement>
            <TaxonName ref="i20"/>
          </Lead>
          <Lead id="k1l72">
            <Parent ref="k1l70"/>
            <Statement>Styles, style-branches, or stigmas generally 1--3; sepal tips and bracts generally not widely obtuse and scarious, calyx glandular or not</Statement>
          </Lead>
          <Lead id="k1l73">
            <Parent ref="k1l72"/>
            <Statement>Corolla-like calyx constricted above the ovary, persistent base becoming hardened or winged at maturity, enclosing fruit; ovary chamber 1, ovule 1; fruit an achene --- corolla-like calyx easily mistaken for corolla, especially in plants with 1-flowered, calyx-like involucre</Statement>
            <TaxonName ref="i15"/>
          </Lead>
          <Lead id="k1l74">
            <Parent ref="k1l72"/>
            <Statement>True corolla present, generally not constricted above ovary, base not persistent as hardened or winged structure enclosing fruit; ovary chambers generally 1--4, ovules generally &gt; 1; fruit various</Statement>
          </Lead>
          <Lead id="k1l75">
            <Parent ref="k1l74"/>
            <Statement>Stamens opposite corolla lobes; placentas free-central</Statement>
          </Lead>
          <Lead id="k1l78">
            <Parent ref="k1l74"/>
            <Statement>Stamens alternate corolla lobes; placentas parietal or axile (rarely basal)</Statement>
          </Lead>
          <Lead id="k1l76">
            <Parent ref="k1l75"/>
            <Statement>Flowers axillary or in racemes</Statement>
            <TaxonName ref="i14"/>
          </Lead>
          <Lead id="k1l77">
            <Parent ref="k1l75"/>
            <Statement>Flowers in scapose umbels</Statement>
            <TaxonName ref="i23"/>
          </Lead>
          <Lead id="k1l79">
            <Parent ref="k1l78"/>
            <Statement>Filaments of stamens not fused to corolla, sometimes adhering weakly to base of corolla but readily separable</Statement>
          </Lead>
          <Lead id="k1l82">
            <Parent ref="k1l78"/>
            <Statement>Filaments of stamens definitely fused to corolla tube or throat, not separable without tearing stamen or corolla tissue</Statement>
          </Lead>
          <Lead id="k1l80">
            <Parent ref="k1l79"/>
            <Statement>Annual; corolla 5-lobed; leaves pinnately lobed</Statement>
            <TaxonName ref="i3"/>
          </Lead>
          <Lead id="k1l81">
            <Parent ref="k1l79"/>
            <Statement>Shrub; corolla 4-lobed; leaves entire</Statement>
            <TaxonName ref="i6"/>
          </Lead>
          <Lead id="k1l83">
            <Parent ref="k1l82"/>
            <Statement>Inflorescence or branches of inflorescence generally +- coiled or 1-sided when young, unrolling during development, at maturity +- open, generally resembling a 1-sided spike or raceme</Statement>
            <TaxonName ref="i3"/>
          </Lead>
          <Lead id="k1l84">
            <Parent ref="k1l82"/>
            <Statement>Inflorescence not coiled and unrolling, generally not 1-sided</Statement>
          </Lead>
          <Lead id="k1l85">
            <Parent ref="k1l84"/>
            <Statement>Calyx lobes generally bordered by or +- fused by a much thinner, transparent or translucent membrane; stigmas and ovary chambers generally 3 (1 or 2)</Statement>
            <TaxonName ref="i21"/>
          </Lead>
          <Lead id="k1l86">
            <Parent ref="k1l84"/>
            <Statement>Calyx lobes generally without a transparent or translucent marginal membrane; stigmas generally 2 (1 or 3), ovary chambers generally 1 or 2</Statement>
          </Lead>
          <Lead id="k1l87">
            <Parent ref="k1l86"/>
            <Statement>Stem twining</Statement>
            <TaxonName ref="i4"/>
          </Lead>
          <Lead id="k1l88">
            <Parent ref="k1l86"/>
            <Statement>Stem not twining</Statement>
          </Lead>
          <Lead id="k1l89">
            <Parent ref="k1l88"/>
            <Statement>Leaves palmately compound --- rhizomed per of bogs, marshes, lake margins</Statement>
            <TaxonName ref="i12"/>
          </Lead>
          <Lead id="k1l90">
            <Parent ref="k1l88"/>
            <Statement>Leaves simple to pinnately compound</Statement>
          </Lead>
          <Lead id="k1l91">
            <Parent ref="k1l90"/>
            <Statement>Plant aquatic; leaves floating on water surface, deeply cordate; inflorescence an umbel or flower 1</Statement>
            <TaxonName ref="i12"/>
          </Lead>
          <Lead id="k1l92">
            <Parent ref="k1l90"/>
            <Statement>Plant generally terrestrial, sometimes in damp soil; leaves not floating on water surface, shapes various; inflorescence not an umbel</Statement>
          </Lead>
          <Lead id="k1l93">
            <Parent ref="k1l92"/>
            <Statement>Stigmas 3</Statement>
            <TaxonName ref="i21"/>
          </Lead>
          <Lead id="k1l94">
            <Parent ref="k1l92"/>
            <Statement>Stigmas 1--2</Statement>
          </Lead>
          <Lead id="k1l95">
            <Parent ref="k1l94"/>
            <Statement>Leaves alternate or of unusual arrangement [in some _Solanum_ species 2 leaves that are not opposite may be attached at the same node, and inflorescences may arise from internodes], not opposite or all basal</Statement>
          </Lead>
          <Lead id="k1l106">
            <Parent ref="k1l94"/>
            <Statement>Leaves opposite or all basal</Statement>
          </Lead>
          <Lead id="k1l96">
            <Parent ref="k1l95"/>
            <Statement>Stigma 1, generally undivided</Statement>
          </Lead>
          <Lead id="k1l99">
            <Parent ref="k1l95"/>
            <Statement>Stigmas or stigma lobes 2</Statement>
          </Lead>
          <Lead id="k1l97">
            <Parent ref="k1l96"/>
            <Statement>Some or all stamens densely hairy; inflorescence a narrow raceme or panicle</Statement>
            <TaxonName ref="i24"/>
          </Lead>
          <Lead id="k1l98">
            <Parent ref="k1l96"/>
            <Statement>Stamens glabrous or nearly so; inflorescence variously cyme-like, or flowers solitary</Statement>
            <TaxonName ref="i25"/>
          </Lead>
          <Lead id="k1l100">
            <Parent ref="k1l99"/>
            <Statement>Style undivided</Statement>
          </Lead>
          <Lead id="k1l103">
            <Parent ref="k1l99"/>
            <Statement>Styles or style branches 2</Statement>
          </Lead>
          <Lead id="k1l101">
            <Parent ref="k1l100"/>
            <Statement>Corolla &lt; 15 mm; flowers in axillary or terminal clusters, several to many per peduncle, not subtended by paired bracts; leaves lobed or compound, not cordate, sagittate, or hastate</Statement>
            <TaxonName ref="i3"/>
          </Lead>
          <Lead id="k1l102">
            <Parent ref="k1l100"/>
            <Statement>Corolla 20--70 mm; flowers generally 1(5) in leaf axils, often subtended by a pair of opposite or subopposite bracts appressed against the calyx or borne below the flower(s) on the peduncle; leaves often cordate, sagittate, or hastate</Statement>
            <TaxonName ref="i4"/>
          </Lead>
          <Lead id="k1l104">
            <Parent ref="k1l103"/>
            <Statement>Herbage glabrous or variously hairy and/or glandular; flowers solitary or clustered; leaves entire to lobed or compound</Statement>
            <TaxonName ref="i3"/>
          </Lead>
          <Lead id="k1l105">
            <Parent ref="k1l103"/>
            <Statement>Herbage densely silky-canescent; flowers solitary in distal leaf axils, +- on 1 side of stem; leaves entire</Statement>
            <TaxonName ref="i4"/>
          </Lead>
          <Lead id="k1l107">
            <Parent ref="k1l106"/>
            <Statement>Corolla lobes 4</Statement>
          </Lead>
          <Lead id="k1l112">
            <Parent ref="k1l106"/>
            <Statement>Corolla lobes 5</Statement>
          </Lead>
          <Lead id="k1l108">
            <Parent ref="k1l107"/>
            <Statement>Herb</Statement>
            <TaxonName ref="i9"/>
          </Lead>
          <Lead id="k1l109">
            <Parent ref="k1l107"/>
            <Statement>Shrub</Statement>
          </Lead>
          <Lead id="k1l110">
            <Parent ref="k1l109"/>
            <Statement>Corolla +- rotate, lobes +- leathery, +- green-white; coastal lagoons or salt marshes</Statement>
            <TaxonName ref="i0"/>
          </Lead>
          <Lead id="k1l111">
            <Parent ref="k1l109"/>
            <Statement>Corolla +- salverform, lobes thin, +- yellow or white to purple; generally dry places</Statement>
            <TaxonName ref="i24"/>
          </Lead>
          <Lead id="k1l113">
            <Parent ref="k1l112"/>
            <Statement>Flowers solitary, inflorescence scapose</Statement>
            <TaxonName ref="i3"/>
          </Lead>
          <Lead id="k1l114">
            <Parent ref="k1l112"/>
            <Statement>Flowers 1--many, borne on a +- leafy stem</Statement>
          </Lead>
          <Lead id="k1l115">
            <Parent ref="k1l114"/>
            <Statement>Leaves toothed, lobed, or compound</Statement>
            <TaxonName ref="i3"/>
          </Lead>
          <Lead id="k1l116">
            <Parent ref="k1l114"/>
            <Statement>Leaves entire</Statement>
          </Lead>
          <Lead id="k1l117">
            <Parent ref="k1l116"/>
            <Statement>Plants glandular-hairy</Statement>
            <TaxonName ref="i25"/>
          </Lead>
          <Lead id="k1l118">
            <Parent ref="k1l116"/>
            <Statement>Plants glabrous or hairy, but not glandular</Statement>
          </Lead>
          <Lead id="k1l119">
            <Parent ref="k1l118"/>
            <Statement>Stems spreading or mat-forming; stems and leaves densely strigose; flowers sessile or subsessile in forks of stem; leaves of a pair often unequal</Statement>
            <TaxonName ref="i3"/>
          </Lead>
          <Lead id="k1l120">
            <Parent ref="k1l118"/>
            <Statement>Stems mostly erect or ascending; stems and leaves glabrous or short-hairy; flowers axillary or in terminal inflorescences; leaves of a pair equal</Statement>
            <TaxonName ref="i9"/>
          </Lead>
        </Leads>
      </IdentificationKey>
    </IdentificationKeys>
  </Dataset>
</Datasets>
