<?xml version="1.0" encoding="UTF-8"?>
<Datasets xmlns="http://rs.tdwg.org/UBIF/2006/" xmlns:xsi="http://www.w3.org/2001/XMLSchema-instance" xsi:schemaLocation="http://rs.tdwg.org/UBIF/2006/ http://rs.tdwg.org/UBIF/2006/Schema/1.1/SDD.xsd">
  <TechnicalMetadata created="2014-12-08T01:24:14">
    <Generator name="KeyBase SDD export" version="0"/>
  </TechnicalMetadata>
  <Dataset xml:lang="en-au">
    <Representation>
      <Label xml:lang="en">Family Group 5</Label>
    </Representation>
    <TaxonNames>
      <TaxonName id="i0">
        <Representation>
          <Label>Asteraceae</Label>
        </Representation>
      </TaxonName>
      <TaxonName id="i1">
        <Representation>
          <Label>Balsaminaceae</Label>
        </Representation>
      </TaxonName>
      <TaxonName id="i2">
        <Representation>
          <Label>Boraginaceae</Label>
        </Representation>
      </TaxonName>
      <TaxonName id="i3">
        <Representation>
          <Label>Campanulaceae</Label>
        </Representation>
      </TaxonName>
      <TaxonName id="i4">
        <Representation>
          <Label>Caryophyllaceae</Label>
        </Representation>
      </TaxonName>
      <TaxonName id="i5">
        <Representation>
          <Label>Cistaceae</Label>
        </Representation>
      </TaxonName>
      <TaxonName id="i6">
        <Representation>
          <Label>Commelinaceae</Label>
        </Representation>
      </TaxonName>
      <TaxonName id="i7">
        <Representation>
          <Label>Lamiaceae</Label>
        </Representation>
      </TaxonName>
      <TaxonName id="i8">
        <Representation>
          <Label>Lentibulariaceae</Label>
        </Representation>
      </TaxonName>
      <TaxonName id="i9">
        <Representation>
          <Label>Montiaceae</Label>
        </Representation>
      </TaxonName>
      <TaxonName id="i10">
        <Representation>
          <Label>Nyctaginaceae</Label>
        </Representation>
      </TaxonName>
      <TaxonName id="i11">
        <Representation>
          <Label>Onagraceae</Label>
        </Representation>
      </TaxonName>
      <TaxonName id="i12">
        <Representation>
          <Label>Phrymaceae</Label>
        </Representation>
      </TaxonName>
      <TaxonName id="i13">
        <Representation>
          <Label>Plantaginaceae</Label>
        </Representation>
      </TaxonName>
      <TaxonName id="i14">
        <Representation>
          <Label>Poaceae</Label>
        </Representation>
      </TaxonName>
      <TaxonName id="i15">
        <Representation>
          <Label>Polemoniaceae</Label>
        </Representation>
      </TaxonName>
      <TaxonName id="i16">
        <Representation>
          <Label>Polygalaceae</Label>
        </Representation>
      </TaxonName>
      <TaxonName id="i17">
        <Representation>
          <Label>Polygonaceae</Label>
        </Representation>
      </TaxonName>
      <TaxonName id="i18">
        <Representation>
          <Label>Pontederiaceae</Label>
        </Representation>
      </TaxonName>
      <TaxonName id="i19">
        <Representation>
          <Label>Violaceae</Label>
        </Representation>
      </TaxonName>
    </TaxonNames>
    <IdentificationKeys>
      <IdentificationKey id="k1">
        <Representation>
          <Label xml:lang="en">Family Group 5</Label>
        </Representation>
        <Leads>
          <Lead id="k1l1">
            <Statement>Cleistogamous flowers formed at or below ground or water surface</Statement>
          </Lead>
          <Lead id="k1l12">
            <Statement>Cleistogamous flowers formed above ground or water surface</Statement>
          </Lead>
          <Lead id="k1l2">
            <Parent ref="k1l1"/>
            <Statement>Plant +- aquatic, submersed or emergent</Statement>
          </Lead>
          <Lead id="k1l5">
            <Parent ref="k1l1"/>
            <Statement>Plant terrestrial</Statement>
          </Lead>
          <Lead id="k1l3">
            <Parent ref="k1l2"/>
            <Statement>Leaves opposite, palmately veined</Statement>
            <TaxonName ref="i13"/>
          </Lead>
          <Lead id="k1l4">
            <Parent ref="k1l2"/>
            <Statement>Leaves alternate, parallel-veined</Statement>
            <TaxonName ref="i18"/>
          </Lead>
          <Lead id="k1l6">
            <Parent ref="k1l5"/>
            <Statement>Leaves petioled</Statement>
          </Lead>
          <Lead id="k1l9">
            <Parent ref="k1l5"/>
            <Statement>Leaves sessile</Statement>
          </Lead>
          <Lead id="k1l7">
            <Parent ref="k1l6"/>
            <Statement>Fruit 3-angled achene, tightly enclosed by hardened perianth; cleistogamous flowers at stem base</Statement>
            <TaxonName ref="i17"/>
          </Lead>
          <Lead id="k1l8">
            <Parent ref="k1l6"/>
            <Statement>Fruit ovoid to oblong capsule, not enclosed by hardened perianth; cleistogamous flowers in proximal leaf axils</Statement>
            <TaxonName ref="i19"/>
          </Lead>
          <Lead id="k1l10">
            <Parent ref="k1l9"/>
            <Statement>Leaves 0.5--4 cm, +- linear, +- 1-veined, not sheathing; cleistogamous flowers at stem base</Statement>
            <TaxonName ref="i2"/>
          </Lead>
          <Lead id="k1l11">
            <Parent ref="k1l9"/>
            <Statement>Leaves 2--9 cm, ovate to lance-elliptic, parallel-veined, sheathing; cleistogamous flowers underground</Statement>
            <TaxonName ref="i6"/>
          </Lead>
          <Lead id="k1l13">
            <Parent ref="k1l12"/>
            <Statement>Leaves sheathing, linear, parallel-veined; spikelets of cleistogamous flowers enclosed within leaf sheaths or borne in panicle-like clusters</Statement>
            <TaxonName ref="i14"/>
          </Lead>
          <Lead id="k1l14">
            <Parent ref="k1l12"/>
            <Statement>Leaves not sheathing, linear to ovate, not parallel-veined; spikelets of cleistogamous flowers 0</Statement>
          </Lead>
          <Lead id="k1l15">
            <Parent ref="k1l14"/>
            <Statement>Leaves all basal, inflorescence or solitary flower scapose</Statement>
          </Lead>
          <Lead id="k1l18">
            <Parent ref="k1l14"/>
            <Statement>Leaves all or mostly cauline</Statement>
          </Lead>
          <Lead id="k1l16">
            <Parent ref="k1l15"/>
            <Statement>Plant aquatic; leaves on rhizome or stolon, often bearing small, hollow bladders that suck in and trap small organisms when hairs at opening are triggered; flowers 1--few</Statement>
            <TaxonName ref="i8"/>
          </Lead>
          <Lead id="k1l17">
            <Parent ref="k1l15"/>
            <Statement>Plant terrestrial; leaves in basal rosette, not bearing traps; inflorescence a spike (flower 1)</Statement>
            <TaxonName ref="i13"/>
          </Lead>
          <Lead id="k1l19">
            <Parent ref="k1l18"/>
            <Statement>Ovary inferior</Statement>
          </Lead>
          <Lead id="k1l24">
            <Parent ref="k1l18"/>
            <Statement>Ovary superior</Statement>
          </Lead>
          <Lead id="k1l20">
            <Parent ref="k1l19"/>
            <Statement>Inflorescence a closed head enclosed by spine-tipped involucre bracts</Statement>
            <TaxonName ref="i0"/>
          </Lead>
          <Lead id="k1l21">
            <Parent ref="k1l19"/>
            <Statement>Inflorescence a spike or spike-like raceme or flowers sessile in leaf axils</Statement>
          </Lead>
          <Lead id="k1l22">
            <Parent ref="k1l21"/>
            <Statement>Ovary/fruit not narrowed distally; sepals ascending or +- spreading</Statement>
            <TaxonName ref="i3"/>
          </Lead>
          <Lead id="k1l23">
            <Parent ref="k1l21"/>
            <Statement>Ovary/fruit distally narrowed; sepals not separating</Statement>
            <TaxonName ref="i11"/>
          </Lead>
          <Lead id="k1l25">
            <Parent ref="k1l24"/>
            <Statement>Leaves +- fleshy</Statement>
          </Lead>
          <Lead id="k1l28">
            <Parent ref="k1l24"/>
            <Statement>Leaves not fleshy</Statement>
          </Lead>
          <Lead id="k1l26">
            <Parent ref="k1l25"/>
            <Statement>Plant 50--230 cm; leaves entire or toothed</Statement>
            <TaxonName ref="i1"/>
          </Lead>
          <Lead id="k1l27">
            <Parent ref="k1l25"/>
            <Statement>Plant 1--30 cm; leaves entire</Statement>
            <TaxonName ref="i9"/>
          </Lead>
          <Lead id="k1l29">
            <Parent ref="k1l28"/>
            <Statement>Leaves opposite</Statement>
          </Lead>
          <Lead id="k1l40">
            <Parent ref="k1l28"/>
            <Statement>Leaves alternate</Statement>
          </Lead>
          <Lead id="k1l30">
            <Parent ref="k1l29"/>
            <Statement>Leaves 2--7 mm, awl-shaped to oblong, bristle-tipped</Statement>
            <TaxonName ref="i4"/>
          </Lead>
          <Lead id="k1l31">
            <Parent ref="k1l29"/>
            <Statement>Leaves linear, oblong, or lanceolate to ovate or round, not bristle-tipped</Statement>
          </Lead>
          <Lead id="k1l32">
            <Parent ref="k1l31"/>
            <Statement>Stem square in &times;-section; flowers in head-like axillary and terminal clusters --- fruit 4 nutlets</Statement>
            <TaxonName ref="i7"/>
          </Lead>
          <Lead id="k1l33">
            <Parent ref="k1l31"/>
            <Statement>Stem round in &times;-section; flowers axillary or in terminal raceme</Statement>
          </Lead>
          <Lead id="k1l34">
            <Parent ref="k1l33"/>
            <Statement>Leaves of a pair unequal; ovule 1; fruit achene; perianth base hardened or 5-winged or -ribbed around fruit</Statement>
            <TaxonName ref="i10"/>
          </Lead>
          <Lead id="k1l35">
            <Parent ref="k1l33"/>
            <Statement>Leaves of a pair equal; ovules several--many; fruit capsule; perianth base not hardened or 5-winged around fruit</Statement>
          </Lead>
          <Lead id="k1l36">
            <Parent ref="k1l35"/>
            <Statement>Fruit valves 3, ovary chambers 3</Statement>
            <TaxonName ref="i5"/>
          </Lead>
          <Lead id="k1l37">
            <Parent ref="k1l35"/>
            <Statement>Fruit valves 2, ovary chambers 1--2</Statement>
          </Lead>
          <Lead id="k1l38">
            <Parent ref="k1l37"/>
            <Statement>Sepals strongly fused</Statement>
            <TaxonName ref="i12"/>
          </Lead>
          <Lead id="k1l39">
            <Parent ref="k1l37"/>
            <Statement>Sepals +- free</Statement>
            <TaxonName ref="i13"/>
          </Lead>
          <Lead id="k1l41">
            <Parent ref="k1l40"/>
            <Statement>Fruit 1--4 hard, shiny gray nutlets</Statement>
            <TaxonName ref="i2"/>
          </Lead>
          <Lead id="k1l42">
            <Parent ref="k1l40"/>
            <Statement>Fruit a capsule</Statement>
          </Lead>
          <Lead id="k1l43">
            <Parent ref="k1l42"/>
            <Statement>Perennial herb</Statement>
          </Lead>
          <Lead id="k1l46">
            <Parent ref="k1l42"/>
            <Statement>Annual</Statement>
          </Lead>
          <Lead id="k1l44">
            <Parent ref="k1l43"/>
            <Statement>Leaves +- sessile; capsule flat</Statement>
            <TaxonName ref="i16"/>
          </Lead>
          <Lead id="k1l45">
            <Parent ref="k1l43"/>
            <Statement>Leaves petioled; capsule ovoid to oblong</Statement>
            <TaxonName ref="i19"/>
          </Lead>
          <Lead id="k1l47">
            <Parent ref="k1l46"/>
            <Statement>Inflorescence or solitary flowers axillary; ovary chambers 5</Statement>
            <TaxonName ref="i1"/>
          </Lead>
          <Lead id="k1l48">
            <Parent ref="k1l46"/>
            <Statement>Inflorescence terminal (axillary); ovary chambers 2--3</Statement>
          </Lead>
          <Lead id="k1l49">
            <Parent ref="k1l48"/>
            <Statement>Inflorescence a raceme</Statement>
            <TaxonName ref="i13"/>
          </Lead>
          <Lead id="k1l50">
            <Parent ref="k1l48"/>
            <Statement>Inflorescence a head</Statement>
            <TaxonName ref="i15"/>
          </Lead>
        </Leads>
      </IdentificationKey>
    </IdentificationKeys>
  </Dataset>
</Datasets>
