<?xml version="1.0" encoding="UTF-8"?>
<Datasets xmlns="http://rs.tdwg.org/UBIF/2006/" xmlns:xsi="http://www.w3.org/2001/XMLSchema-instance" xsi:schemaLocation="http://rs.tdwg.org/UBIF/2006/ http://rs.tdwg.org/UBIF/2006/Schema/1.1/SDD.xsd">
  <TechnicalMetadata created="2014-12-08T01:24:13">
    <Generator name="KeyBase SDD export" version="0"/>
  </TechnicalMetadata>
  <Dataset xml:lang="en-au">
    <Representation>
      <Label xml:lang="en">Family Group 18</Label>
    </Representation>
    <TaxonNames>
      <TaxonName id="i0">
        <Representation>
          <Label>Acanthaceae</Label>
        </Representation>
      </TaxonName>
      <TaxonName id="i1">
        <Representation>
          <Label>Bignoniaceae</Label>
        </Representation>
      </TaxonName>
      <TaxonName id="i2">
        <Representation>
          <Label>Boraginaceae</Label>
        </Representation>
      </TaxonName>
      <TaxonName id="i3">
        <Representation>
          <Label>Ericaceae</Label>
        </Representation>
      </TaxonName>
      <TaxonName id="i4">
        <Representation>
          <Label>Fabaceae</Label>
        </Representation>
      </TaxonName>
      <TaxonName id="i5">
        <Representation>
          <Label>Lamiaceae</Label>
        </Representation>
      </TaxonName>
      <TaxonName id="i6">
        <Representation>
          <Label>Lentibulariaceae</Label>
        </Representation>
      </TaxonName>
      <TaxonName id="i7">
        <Representation>
          <Label>Martyniaceae</Label>
        </Representation>
      </TaxonName>
      <TaxonName id="i8">
        <Representation>
          <Label>Nyctaginaceae</Label>
        </Representation>
      </TaxonName>
      <TaxonName id="i9">
        <Representation>
          <Label>Orobanchaceae</Label>
        </Representation>
      </TaxonName>
      <TaxonName id="i10">
        <Representation>
          <Label>Phrymaceae</Label>
        </Representation>
      </TaxonName>
      <TaxonName id="i11">
        <Representation>
          <Label>Plantaginaceae</Label>
        </Representation>
      </TaxonName>
      <TaxonName id="i12">
        <Representation>
          <Label>Polemoniaceae</Label>
        </Representation>
      </TaxonName>
      <TaxonName id="i13">
        <Representation>
          <Label>Polygalaceae</Label>
        </Representation>
      </TaxonName>
      <TaxonName id="i14">
        <Representation>
          <Label>Scrophulariaceae</Label>
        </Representation>
      </TaxonName>
      <TaxonName id="i15">
        <Representation>
          <Label>Verbenaceae</Label>
        </Representation>
      </TaxonName>
    </TaxonNames>
    <IdentificationKeys>
      <IdentificationKey id="k1">
        <Representation>
          <Label xml:lang="en">Family Group 18</Label>
        </Representation>
        <Leads>
          <Lead id="k1l1">
            <Statement>Stamens &gt; in number than corolla lobes</Statement>
          </Lead>
          <Lead id="k1l8">
            <Statement>Stamens = in number to corolla lobes or fewer</Statement>
          </Lead>
          <Lead id="k1l2">
            <Parent ref="k1l1"/>
            <Statement>Leaf compound --- petals proximally free but strongly adherent and may appear fused</Statement>
            <TaxonName ref="i4"/>
          </Lead>
          <Lead id="k1l3">
            <Parent ref="k1l1"/>
            <Statement>Leaf simple, sometimes reduced to linear or scale-like bracts</Statement>
          </Lead>
          <Lead id="k1l4">
            <Parent ref="k1l3"/>
            <Statement>Filaments fused, forming a U-shaped tube around the style --- petals actually free but may appear fused</Statement>
            <TaxonName ref="i13"/>
          </Lead>
          <Lead id="k1l5">
            <Parent ref="k1l3"/>
            <Statement>Filaments free</Statement>
          </Lead>
          <Lead id="k1l6">
            <Parent ref="k1l5"/>
            <Statement>Shrub; leaves alternate; anthers dehiscing by pores; ovules many; fruit a capsule</Statement>
            <TaxonName ref="i3"/>
          </Lead>
          <Lead id="k1l7">
            <Parent ref="k1l5"/>
            <Statement>Herb or weak-stemmed subshrub; leaves opposite; anthers dehiscing by lateral slits; ovule 1; fruit an achene tightly enwrapped by hardened base of corolla-like calyx --- petals actually 0 but sepals petal-like and involucre bracts sepal-like</Statement>
            <TaxonName ref="i8"/>
          </Lead>
          <Lead id="k1l9">
            <Parent ref="k1l8"/>
            <Statement>Corolla scarious, persistent in fruit</Statement>
            <TaxonName ref="i11"/>
          </Lead>
          <Lead id="k1l10">
            <Parent ref="k1l8"/>
            <Statement>Corolla not scarious, generally deciduous after flower</Statement>
          </Lead>
          <Lead id="k1l11">
            <Parent ref="k1l10"/>
            <Statement>Fertile stamens = in number to corolla lobes</Statement>
          </Lead>
          <Lead id="k1l22">
            <Parent ref="k1l10"/>
            <Statement>Fertile stamens fewer than corolla lobes --- 1 or more sterile stamens sometimes present</Statement>
          </Lead>
          <Lead id="k1l12">
            <Parent ref="k1l11"/>
            <Statement>Ovary deeply 4-lobed, especially in fruit; style attachment surrounded by lobes of ovary (style readily detaches in Lamiaceae as corolla falls); fruit breaking apart into 1-seeded nutlets (sometimes only 1--3 nutlets maturing)</Statement>
          </Lead>
          <Lead id="k1l15">
            <Parent ref="k1l11"/>
            <Statement>Ovary entire or shallowly lobed; style clearly attached to tip of ovary; fruit a capsule or splitting into nutlets</Statement>
          </Lead>
          <Lead id="k1l13">
            <Parent ref="k1l12"/>
            <Statement>Stem round in &times;-section; leaves alternate (proximal opposite in some _Plagiobothrys_); herbage not aromatic; inflorescence or inflorescence branches coiled when young, unrolling in flower or fruit</Statement>
            <TaxonName ref="i2"/>
          </Lead>
          <Lead id="k1l14">
            <Parent ref="k1l12"/>
            <Statement>Stem 4-angled, at least when young; leaves opposite throughout; herbage generally strongly aromatic, especially if crushed; inflorescence or inflorescence branches not coiled</Statement>
            <TaxonName ref="i5"/>
          </Lead>
          <Lead id="k1l16">
            <Parent ref="k1l15"/>
            <Statement>Shrub; filaments attached directly to receptacle, falling free from corolla or only weakly adhering; anthers dehiscent by pores</Statement>
            <TaxonName ref="i3"/>
          </Lead>
          <Lead id="k1l17">
            <Parent ref="k1l15"/>
            <Statement>Herb; filaments fused to and falling with corolla; anthers dehiscent by slits</Statement>
          </Lead>
          <Lead id="k1l18">
            <Parent ref="k1l17"/>
            <Statement>Calyx lobes bordered by or +- fused by a much thinner, transparent or translucent membrane; corolla generally funnel-shaped to salverform; stigmas 3; ovary chambers 3</Statement>
            <TaxonName ref="i12"/>
          </Lead>
          <Lead id="k1l19">
            <Parent ref="k1l17"/>
            <Statement>Calyx lobes not bordered by or fused by transparent or translucent membrane; corolla +- rotate; stigmas 1--2; ovary chambers 1--4</Statement>
          </Lead>
          <Lead id="k1l20">
            <Parent ref="k1l19"/>
            <Statement>Corolla white to blue or purple, 2--8 mm diam; inflorescence cyme-like, or flowers solitary; fruit splitting into generally 4 one-seeded nutlets</Statement>
            <TaxonName ref="i2"/>
          </Lead>
          <Lead id="k1l21">
            <Parent ref="k1l19"/>
            <Statement>Corolla yellow (white to +- purple), 15--40 mm diam; inflorescence a narrow raceme or panicle; fruit a many-seeded capsule</Statement>
            <TaxonName ref="i14"/>
          </Lead>
          <Lead id="k1l23">
            <Parent ref="k1l22"/>
            <Statement>Plant entirely non-green, +- fleshy</Statement>
            <TaxonName ref="i9"/>
          </Lead>
          <Lead id="k1l24">
            <Parent ref="k1l22"/>
            <Statement>Plant green and photosynthetic</Statement>
          </Lead>
          <Lead id="k1l25">
            <Parent ref="k1l24"/>
            <Statement>Proximal portion of lower corolla lip with backward-projecting, conic or tubular spur</Statement>
          </Lead>
          <Lead id="k1l30">
            <Parent ref="k1l24"/>
            <Statement>Proximal portion of lower corolla lip without backward-projecting, conic or tubular spur, occasionally with expanded pouch</Statement>
          </Lead>
          <Lead id="k1l26">
            <Parent ref="k1l25"/>
            <Statement>Plant aquatic; leaf-like underwater stems generally dissected, generally submersed, generally bearing small, hollow bladders that suck in and trap small organisms when hairs at opening are triggered</Statement>
            <TaxonName ref="i6"/>
          </Lead>
          <Lead id="k1l27">
            <Parent ref="k1l25"/>
            <Statement>Plant terrestrial; leaves entire to shallowly lobed, without hollow bladders</Statement>
          </Lead>
          <Lead id="k1l28">
            <Parent ref="k1l27"/>
            <Statement>Leaves all basal; adaxial leaf face sticky or slimy with insect-capturing glands</Statement>
            <TaxonName ref="i6"/>
          </Lead>
          <Lead id="k1l29">
            <Parent ref="k1l27"/>
            <Statement>Leaves basal and cauline or all cauline; adaxial leaf surface not sticky or slimy with insect-capturing glands</Statement>
            <TaxonName ref="i11"/>
          </Lead>
          <Lead id="k1l31">
            <Parent ref="k1l30"/>
            <Statement>Ovary generally deeply 4-lobed; style attachment surrounded by lobes of ovary [style readily detaches as corolla falls] --- fruit breaking into 4 one-seeded nutlets</Statement>
            <TaxonName ref="i5"/>
          </Lead>
          <Lead id="k1l32">
            <Parent ref="k1l30"/>
            <Statement>Ovary entire or +- shallowly lobed; style arising from tip of ovary</Statement>
          </Lead>
          <Lead id="k1l33">
            <Parent ref="k1l32"/>
            <Statement>Ovules 1--4 per ovary chamber</Statement>
          </Lead>
          <Lead id="k1l40">
            <Parent ref="k1l32"/>
            <Statement>Ovules several to many per ovary chamber</Statement>
          </Lead>
          <Lead id="k1l34">
            <Parent ref="k1l33"/>
            <Statement>Fruit a capsule</Statement>
          </Lead>
          <Lead id="k1l37">
            <Parent ref="k1l33"/>
            <Statement>Fruit 2--4 nutlets</Statement>
          </Lead>
          <Lead id="k1l35">
            <Parent ref="k1l34"/>
            <Statement>Shrub</Statement>
            <TaxonName ref="i0"/>
          </Lead>
          <Lead id="k1l36">
            <Parent ref="k1l34"/>
            <Statement>Annual</Statement>
            <TaxonName ref="i11"/>
          </Lead>
          <Lead id="k1l38">
            <Parent ref="k1l37"/>
            <Statement>Stamens exserted</Statement>
            <TaxonName ref="i5"/>
          </Lead>
          <Lead id="k1l39">
            <Parent ref="k1l37"/>
            <Statement>Stamens included</Statement>
            <TaxonName ref="i15"/>
          </Lead>
          <Lead id="k1l41">
            <Parent ref="k1l40"/>
            <Statement>Leaves compound</Statement>
            <TaxonName ref="i1"/>
          </Lead>
          <Lead id="k1l42">
            <Parent ref="k1l40"/>
            <Statement>Leaves simple</Statement>
          </Lead>
          <Lead id="k1l43">
            <Parent ref="k1l42"/>
            <Statement>Capsule 5--35 cm</Statement>
          </Lead>
          <Lead id="k1l46">
            <Parent ref="k1l42"/>
            <Statement>Capsule &lt; 2 cm</Statement>
          </Lead>
          <Lead id="k1l44">
            <Parent ref="k1l43"/>
            <Statement>Shrub or tree; capsule body 15--35 cm, straight, linear</Statement>
            <TaxonName ref="i1"/>
          </Lead>
          <Lead id="k1l45">
            <Parent ref="k1l43"/>
            <Statement>Annual; capsule body 5--10 cm, curved, tipped with a hooked beak several cm long</Statement>
            <TaxonName ref="i7"/>
          </Lead>
          <Lead id="k1l47">
            <Parent ref="k1l46"/>
            <Statement>Corolla upper lip forming a concave beak or hood, +- enclosing or covering stamens and style</Statement>
          </Lead>
          <Lead id="k1l50">
            <Parent ref="k1l46"/>
            <Statement>Corolla upper lip not forming a beak or hood, not enclosing or covering stamens and style [though these may be included within corolla tube or throat]</Statement>
          </Lead>
          <Lead id="k1l48">
            <Parent ref="k1l47"/>
            <Statement>Sterile stamen 0; lobes of upper corolla lip obscure or 0</Statement>
            <TaxonName ref="i9"/>
          </Lead>
          <Lead id="k1l49">
            <Parent ref="k1l47"/>
            <Statement>Sterile stamen present, inserted on corolla tube between lobes of upper corolla lip; lobes of upper lip evident</Statement>
            <TaxonName ref="i11"/>
          </Lead>
          <Lead id="k1l51">
            <Parent ref="k1l50"/>
            <Statement>Stigma lobes flat, disk-like, moving together when touched; cauline leaves opposite</Statement>
            <TaxonName ref="i10"/>
          </Lead>
          <Lead id="k1l52">
            <Parent ref="k1l50"/>
            <Statement>Stigma dot-like or head-like, unlobed, or lobes not moving together when touched; cauline leaves opposite or alternate (whorled) or leaves all basal</Statement>
          </Lead>
          <Lead id="k1l53">
            <Parent ref="k1l52"/>
            <Statement>Leaves all basal</Statement>
          </Lead>
          <Lead id="k1l56">
            <Parent ref="k1l52"/>
            <Statement>Leaves basal and cauline or all cauline</Statement>
          </Lead>
          <Lead id="k1l54">
            <Parent ref="k1l53"/>
            <Statement>Flowers solitary; stamens 4; leaves linear or awl-like to spoon-shaped or ovate, entire</Statement>
            <TaxonName ref="i14"/>
          </Lead>
          <Lead id="k1l55">
            <Parent ref="k1l53"/>
            <Statement>Flowers in raceme; stamens 2; leaves ovate to round, toothed or shallowly lobed</Statement>
            <TaxonName ref="i11"/>
          </Lead>
          <Lead id="k1l57">
            <Parent ref="k1l56"/>
            <Statement>Stem 4-angled; corolla tube urn-shaped to spheric</Statement>
            <TaxonName ref="i14"/>
          </Lead>
          <Lead id="k1l58">
            <Parent ref="k1l56"/>
            <Statement>Stem generally round in &times;-section; corolla tube cylindric to bell-shaped, sometimes very short</Statement>
            <TaxonName ref="i11"/>
          </Lead>
        </Leads>
      </IdentificationKey>
    </IdentificationKeys>
  </Dataset>
</Datasets>
