<?xml version="1.0" encoding="UTF-8"?>
<Datasets xmlns="http://rs.tdwg.org/UBIF/2006/" xmlns:xsi="http://www.w3.org/2001/XMLSchema-instance" xsi:schemaLocation="http://rs.tdwg.org/UBIF/2006/ http://rs.tdwg.org/UBIF/2006/Schema/1.1/SDD.xsd">
  <TechnicalMetadata created="2014-12-08T01:23:07">
    <Generator name="KeyBase SDD export" version="0"/>
  </TechnicalMetadata>
  <Dataset xml:lang="en-au">
    <Representation>
      <Label xml:lang="en">Families of ferns</Label>
    </Representation>
    <TaxonNames>
      <TaxonName id="i0">
        <Representation>
          <Label>Acrostichum</Label>
        </Representation>
      </TaxonName>
      <TaxonName id="i1">
        <Representation>
          <Label>Adiantaceae</Label>
        </Representation>
      </TaxonName>
      <TaxonName id="i2">
        <Representation>
          <Label>Aspleniaceae</Label>
        </Representation>
      </TaxonName>
      <TaxonName id="i3">
        <Representation>
          <Label>Athyriaceae</Label>
        </Representation>
      </TaxonName>
      <TaxonName id="i4">
        <Representation>
          <Label>Azollaceae</Label>
        </Representation>
      </TaxonName>
      <TaxonName id="i5">
        <Representation>
          <Label>Belvisia</Label>
        </Representation>
      </TaxonName>
      <TaxonName id="i6">
        <Representation>
          <Label>Blechaceae</Label>
        </Representation>
      </TaxonName>
      <TaxonName id="i7">
        <Representation>
          <Label>Blechnaceae</Label>
        </Representation>
      </TaxonName>
      <TaxonName id="i8">
        <Representation>
          <Label>Calymodon</Label>
        </Representation>
      </TaxonName>
      <TaxonName id="i9">
        <Representation>
          <Label>Ceratopteris</Label>
        </Representation>
      </TaxonName>
      <TaxonName id="i10">
        <Representation>
          <Label>Colysis</Label>
        </Representation>
      </TaxonName>
      <TaxonName id="i11">
        <Representation>
          <Label>Coveniella</Label>
        </Representation>
      </TaxonName>
      <TaxonName id="i12">
        <Representation>
          <Label>Culcitaceae</Label>
        </Representation>
      </TaxonName>
      <TaxonName id="i13">
        <Representation>
          <Label>Cyatheaceae</Label>
        </Representation>
      </TaxonName>
      <TaxonName id="i14">
        <Representation>
          <Label>Davalliaceae</Label>
        </Representation>
      </TaxonName>
      <TaxonName id="i15">
        <Representation>
          <Label>Dennstaedtia</Label>
        </Representation>
      </TaxonName>
      <TaxonName id="i16">
        <Representation>
          <Label>Dennstaedtiaceae</Label>
        </Representation>
      </TaxonName>
      <TaxonName id="i17">
        <Representation>
          <Label>Dicksoniaceae</Label>
        </Representation>
      </TaxonName>
      <TaxonName id="i18">
        <Representation>
          <Label>Dipteridaceae</Label>
        </Representation>
      </TaxonName>
      <TaxonName id="i19">
        <Representation>
          <Label>Doodia</Label>
        </Representation>
      </TaxonName>
      <TaxonName id="i20">
        <Representation>
          <Label>Dryopteridaceae</Label>
        </Representation>
      </TaxonName>
      <TaxonName id="i21">
        <Representation>
          <Label>Equisetaceae</Label>
        </Representation>
      </TaxonName>
      <TaxonName id="i22">
        <Representation>
          <Label>Gleichenia abscida</Label>
        </Representation>
      </TaxonName>
      <TaxonName id="i23">
        <Representation>
          <Label>Gleicheniaceae</Label>
        </Representation>
      </TaxonName>
      <TaxonName id="i24">
        <Representation>
          <Label>Grammitidaceae</Label>
        </Representation>
      </TaxonName>
      <TaxonName id="i25">
        <Representation>
          <Label>Hymenophyllaceae</Label>
        </Representation>
      </TaxonName>
      <TaxonName id="i26">
        <Representation>
          <Label>Hypolepis</Label>
        </Representation>
      </TaxonName>
      <TaxonName id="i27">
        <Representation>
          <Label>Isoetaceae</Label>
        </Representation>
      </TaxonName>
      <TaxonName id="i28">
        <Representation>
          <Label>Leptopteris</Label>
        </Representation>
      </TaxonName>
      <TaxonName id="i29">
        <Representation>
          <Label>Lindsaeaceae</Label>
        </Representation>
      </TaxonName>
      <TaxonName id="i30">
        <Representation>
          <Label>Lomariopsidaceae</Label>
        </Representation>
      </TaxonName>
      <TaxonName id="i31">
        <Representation>
          <Label>Lycopodiaceae</Label>
        </Representation>
      </TaxonName>
      <TaxonName id="i32">
        <Representation>
          <Label>Lygodiaceae</Label>
        </Representation>
      </TaxonName>
      <TaxonName id="i33">
        <Representation>
          <Label>Macrothelypteris</Label>
        </Representation>
      </TaxonName>
      <TaxonName id="i34">
        <Representation>
          <Label>Marattiaceae</Label>
        </Representation>
      </TaxonName>
      <TaxonName id="i35">
        <Representation>
          <Label>Marsileaceae</Label>
        </Representation>
      </TaxonName>
      <TaxonName id="i36">
        <Representation>
          <Label>Microlepia</Label>
        </Representation>
      </TaxonName>
      <TaxonName id="i37">
        <Representation>
          <Label>Nephrolepis acutifolia</Label>
        </Representation>
      </TaxonName>
      <TaxonName id="i38">
        <Representation>
          <Label>Oenotrichia</Label>
        </Representation>
      </TaxonName>
      <TaxonName id="i39">
        <Representation>
          <Label>Ophioglossaceae</Label>
        </Representation>
      </TaxonName>
      <TaxonName id="i40">
        <Representation>
          <Label>Platyzomataceae</Label>
        </Representation>
      </TaxonName>
      <TaxonName id="i41">
        <Representation>
          <Label>Pleurosorus</Label>
        </Representation>
      </TaxonName>
      <TaxonName id="i42">
        <Representation>
          <Label>Pneumatopteris</Label>
        </Representation>
      </TaxonName>
      <TaxonName id="i43">
        <Representation>
          <Label>Polypodiaceae</Label>
        </Representation>
      </TaxonName>
      <TaxonName id="i44">
        <Representation>
          <Label>Psilotaceae</Label>
        </Representation>
      </TaxonName>
      <TaxonName id="i45">
        <Representation>
          <Label>Pteridaceae</Label>
        </Representation>
      </TaxonName>
      <TaxonName id="i46">
        <Representation>
          <Label>Salviniaceae</Label>
        </Representation>
      </TaxonName>
      <TaxonName id="i47">
        <Representation>
          <Label>Schizaeaceae</Label>
        </Representation>
      </TaxonName>
      <TaxonName id="i48">
        <Representation>
          <Label>Scleroglossum</Label>
        </Representation>
      </TaxonName>
      <TaxonName id="i49">
        <Representation>
          <Label>Selaginellaceae</Label>
        </Representation>
      </TaxonName>
      <TaxonName id="i50">
        <Representation>
          <Label>Stenochlaena</Label>
        </Representation>
      </TaxonName>
      <TaxonName id="i51">
        <Representation>
          <Label>Thelypteridaceae</Label>
        </Representation>
      </TaxonName>
      <TaxonName id="i52">
        <Representation>
          <Label>Todea</Label>
        </Representation>
      </TaxonName>
      <TaxonName id="i53">
        <Representation>
          <Label>Vittaria</Label>
        </Representation>
      </TaxonName>
      <TaxonName id="i54">
        <Representation>
          <Label>Vittariaceae</Label>
        </Representation>
      </TaxonName>
    </TaxonNames>
    <IdentificationKeys>
      <IdentificationKey id="k1">
        <Representation>
          <Label xml:lang="en">Families of ferns</Label>
        </Representation>
        <Leads>
          <Lead id="k1l1">
            <Statement>Free-floating, aquatic plants</Statement>
          </Lead>
          <Lead id="k1l6">
            <Statement>Anchored plants, usually terrestrial, epiphytic or lithophytic</Statement>
          </Lead>
          <Lead id="k1l2">
            <Parent ref="k1l1"/>
            <Statement>Sterile lamina 1–3-pinnate, 40–400 mm long, 10–200 mm wide</Statement>
            <TaxonName ref="i9"/>
          </Lead>
          <Lead id="k1l3">
            <Parent ref="k1l1"/>
            <Statement>Sterile lamina simple, paired and 7–30 (–40) mm long, or crowded and 1–2 mm long</Statement>
          </Lead>
          <Lead id="k1l4">
            <Parent ref="k1l3"/>
            <Statement>Frond of 2 floating, foliar leaves and 1 submerged, root-like, sporocarp-bearing leaf; floating leaves broad or rounded</Statement>
            <TaxonName ref="i46"/>
          </Lead>
          <Lead id="k1l5">
            <Parent ref="k1l3"/>
            <Statement>Frond of numerous, crowded, ovate to triangular, bilobed leaves; spore capsules in axil of submerged leaf lobe</Statement>
            <TaxonName ref="i4"/>
          </Lead>
          <Lead id="k1l7">
            <Parent ref="k1l6"/>
            <Statement>Stems jointed, rush-like, sometimes hollow; leaves small, whorled, joined in a sheath at stem nodes</Statement>
            <TaxonName ref="i21"/>
          </Lead>
          <Lead id="k1l8">
            <Parent ref="k1l6"/>
            <Statement>Stems not jointed; leaves not whorled and joined in a sheath at stem nodes</Statement>
          </Lead>
          <Lead id="k1l9">
            <Parent ref="k1l8"/>
            <Statement>Sporangia in the axil of a forked leaf and fused in groups of 2 or 3, or in the axils of sporophylls (often in cone-like structures), or in swollen leaf bases</Statement>
          </Lead>
          <Lead id="k1l16">
            <Parent ref="k1l8"/>
            <Statement>Sporangia free, laminal or marginal and either scattered or in clusters (which may in turn be confluent), or sporangia occurring in scattered or clustered sori, aggregated into a spike or enclosed in sessile or stalked receptacles</Statement>
          </Lead>
          <Lead id="k1l10">
            <Parent ref="k1l9"/>
            <Statement>Sporangia fused in groups of 2 or 3 and borne in axil of forked leaf</Statement>
            <TaxonName ref="i44"/>
          </Lead>
          <Lead id="k1l11">
            <Parent ref="k1l9"/>
            <Statement>Sporangia solitary, in the axils of sporophylls (often in cone-like structures) or in swollen leaf bases</Statement>
          </Lead>
          <Lead id="k1l12">
            <Parent ref="k1l11"/>
            <Statement>Sporangia in the axils of sporophylls that are often aggregated in cone-like structures</Statement>
          </Lead>
          <Lead id="k1l15">
            <Parent ref="k1l11"/>
            <Statement>Sporangia in swollen leaf bases on adaxial side; plants aquatic or semi-aquatic</Statement>
            <TaxonName ref="i27"/>
          </Lead>
          <Lead id="k1l13">
            <Parent ref="k1l12"/>
            <Statement>Sterile leaves and sporophylls with a minute basal ligule; sporangia dimorphic; megasporangia assuming the shape of the 4 developing megaspores; microsporangia globose to reniform</Statement>
            <TaxonName ref="i49"/>
          </Lead>
          <Lead id="k1l14">
            <Parent ref="k1l12"/>
            <Statement>Sterile leaves and sporophylls lacking a basal ligule; sporangia uniform, subglobose to reniform</Statement>
            <TaxonName ref="i31"/>
          </Lead>
          <Lead id="k1l17">
            <Parent ref="k1l16"/>
            <Statement>Fronds comprising a sterile lamina and a fertile spike diverging from a common basal stalk</Statement>
            <TaxonName ref="i39"/>
          </Lead>
          <Lead id="k1l18">
            <Parent ref="k1l16"/>
            <Statement>Sterile and fertile fronds borne separately on the rhizome, or all mature fronds fertile</Statement>
          </Lead>
          <Lead id="k1l19">
            <Parent ref="k1l18"/>
            <Statement>Sori completely enclosed in sessile or stalked woody spore receptacles at the base of the stipe; sterile fronds with 2 or 4 apical leaflets in opposite pairs, or leafless and consisting of a stipe only</Statement>
            <TaxonName ref="i35"/>
          </Lead>
          <Lead id="k1l20">
            <Parent ref="k1l18"/>
            <Statement>Sori not enclosed in spore receptacles, either completely exposed or partially protected by an indusium or a reflexed leaf margin; sterile fronds simple or variously dissected, lacking apical leaflets</Statement>
          </Lead>
          <Lead id="k1l21">
            <Parent ref="k1l20"/>
            <Statement>Pinnae with swollen, jointed bases; sori composed of a double row or ring of free sporangia, or fused in a bivalved synangium</Statement>
            <TaxonName ref="i34"/>
          </Lead>
          <Lead id="k1l22">
            <Parent ref="k1l20"/>
            <Statement>Pinnae lacking swollen, jointed bases; sori scattered or aggregated but not composed of a double row or ring of free sporangia, or fused in a bivalved synangium</Statement>
          </Lead>
          <Lead id="k1l23">
            <Parent ref="k1l22"/>
            <Statement>High-climbing plants; fertile and sterile pinnules markedly different; sori borne on marginal projections of pinnules</Statement>
            <TaxonName ref="i32"/>
          </Lead>
          <Lead id="k1l24">
            <Parent ref="k1l22"/>
            <Statement>Plants not climbing or, if climbing, sori borne on the margin or underside of lamina, not on apices of laminal axes nor on marginal projections</Statement>
          </Lead>
          <Lead id="k1l25">
            <Parent ref="k1l24"/>
            <Statement>Sori on short pinnate or digitate fertile segments at apices of stipe-like, often dichotomously branching lamina axes</Statement>
            <TaxonName ref="i47"/>
          </Lead>
          <Lead id="k1l26">
            <Parent ref="k1l24"/>
            <Statement>Sori borne on the margin or underside of lamina, not on pinnate or digitate fertile segments at the apices of lamina axes</Statement>
          </Lead>
          <Lead id="k1l27">
            <Parent ref="k1l26"/>
            <Statement>Rhizome and stipe spongy; sporangia solitary, in 2 marginal rows; aquatic and semi-aquatic ferns</Statement>
            <TaxonName ref="i9"/>
          </Lead>
          <Lead id="k1l28">
            <Parent ref="k1l26"/>
            <Statement>Rhizome and stipe not spongy; sporangia not solitary in marginal rows; mostly terrestrial, lithophytic or epiphytic ferns</Statement>
          </Lead>
          <Lead id="k1l29">
            <Parent ref="k1l28"/>
            <Statement>Rhizome a single arborescent trunk over c. 2 m tall; tree ferns</Statement>
          </Lead>
          <Lead id="k1l34">
            <Parent ref="k1l28"/>
            <Statement>Rhizome not an arborescent trunk</Statement>
          </Lead>
          <Lead id="k1l30">
            <Parent ref="k1l29"/>
            <Statement>Sporangia massed along minor veinlets of lower pinnules of primary pinnae, becoming confluent, not aggregated in discrete sori, exindusiate</Statement>
            <TaxonName ref="i52"/>
          </Lead>
          <Lead id="k1l31">
            <Parent ref="k1l29"/>
            <Statement>Sori discrete, with a hood-shaped or 2-lipped indusium, or exindusiate but with a basal ring of scales</Statement>
          </Lead>
          <Lead id="k1l32">
            <Parent ref="k1l31"/>
            <Statement>Stipe bases scaly, lacking hairs; sori between midrib and margin, with a hood-shaped indusium, or exindusiate but with a basal ring of scales</Statement>
            <TaxonName ref="i13"/>
          </Lead>
          <Lead id="k1l33">
            <Parent ref="k1l31"/>
            <Statement>Stipe bases hairy, lacking scales; sori marginal, with a 2-lipped indusium</Statement>
            <TaxonName ref="i17"/>
          </Lead>
          <Lead id="k1l35">
            <Parent ref="k1l34"/>
            <Statement>Fronds appearing dichotomously branched, or rarely in opposite pairs (Diplopterygium ), usually with dormant buds in the axils</Statement>
            <TaxonName ref="i23"/>
          </Lead>
          <Lead id="k1l36">
            <Parent ref="k1l34"/>
            <Statement>Fronds simple or variously divided, not appearing dichotomously branched, without dormant buds in the axils</Statement>
          </Lead>
          <Lead id="k1l37">
            <Parent ref="k1l36"/>
            <Statement>Ultimate segments small and rounded with strongly reflexed margins forming pouch-like cavities</Statement>
          </Lead>
          <Lead id="k1l40">
            <Parent ref="k1l36"/>
            <Statement>Ultimate segments variable, lacking strongly reflexed margins that form a pouch-like cavity</Statement>
          </Lead>
          <Lead id="k1l38">
            <Parent ref="k1l37"/>
            <Statement>Lamina filiform or pinnate; rhizome thick, densely clothed in reddish hairs</Statement>
            <TaxonName ref="i40"/>
          </Lead>
          <Lead id="k1l39">
            <Parent ref="k1l37"/>
            <Statement>Lamina of 2 pinnate branches at the stipe apex; rhizome slender and wiry with scattered, appressed scales</Statement>
            <TaxonName ref="i22"/>
          </Lead>
          <Lead id="k1l41">
            <Parent ref="k1l40"/>
            <Statement>Sporangia in discrete, oblong or irregular patches, restricted to the basal half of minor costules; fronds filmy</Statement>
            <TaxonName ref="i28"/>
          </Lead>
          <Lead id="k1l42">
            <Parent ref="k1l40"/>
            <Statement>Sporangia not as above</Statement>
          </Lead>
          <Lead id="k1l43">
            <Parent ref="k1l42"/>
            <Statement>Sori covered by an indusium or by a reflexed pinna/pinnule margin</Statement>
          </Lead>
          <Lead id="k1l92">
            <Parent ref="k1l42"/>
            <Statement>Sori lacking an indusium or other form of covering</Statement>
          </Lead>
          <Lead id="k1l44">
            <Parent ref="k1l43"/>
            <Statement>Most or all sori borne on the underside of the pinnae/pinnules away from the margins</Statement>
          </Lead>
          <Lead id="k1l61">
            <Parent ref="k1l43"/>
            <Statement>Sori confined to marginal or submarginal areas of ultimate lamina segments; if submarginal usually covered by a reflexed pinna/pinnule margin</Statement>
          </Lead>
          <Lead id="k1l45">
            <Parent ref="k1l44"/>
            <Statement>Sori rounded or elliptic</Statement>
          </Lead>
          <Lead id="k1l54">
            <Parent ref="k1l44"/>
            <Statement>Sori elongate</Statement>
          </Lead>
          <Lead id="k1l46">
            <Parent ref="k1l45"/>
            <Statement>Lamina simple, 1-pinnate or 1-pinnate-pinnatifid</Statement>
          </Lead>
          <Lead id="k1l51">
            <Parent ref="k1l45"/>
            <Statement>Lamina 2–4-pinnate or pinnatifid</Statement>
          </Lead>
          <Lead id="k1l47">
            <Parent ref="k1l46"/>
            <Statement>Sori on anastomosing veins parallel and usually adjacent to midrib; indusium semi-circular</Statement>
            <TaxonName ref="i19"/>
          </Lead>
          <Lead id="k1l48">
            <Parent ref="k1l46"/>
            <Statement>Sori on free veins, on free included veinlets or at vein tips; usually not adjacent to midrib; indusium orbicular to reniform</Statement>
          </Lead>
          <Lead id="k1l49">
            <Parent ref="k1l48"/>
            <Statement>Pinnae articulated to the rachis, or stipe articulated to a phyllopodium; rhizome scales peltately attached; hydathodes prominent on upper surface of lamina at vein endings; basal veins from adjacent costules not uniting to form a translucent sinus membrane between 2 pinna lobes</Statement>
            <TaxonName ref="i14"/>
          </Lead>
          <Lead id="k1l50">
            <Parent ref="k1l48"/>
            <Statement>Pinnae not articulated to the rachis; stipe not articulated to a phyllopodium; rhizome scales attached along their basal margins; hydathodes absent; basal veins from adjacent costules often uniting and terminating in a translucent sinus membrane between 2 pinna lobes</Statement>
            <TaxonName ref="i51"/>
          </Lead>
          <Lead id="k1l52">
            <Parent ref="k1l51"/>
            <Statement>Basal pinnae often enlarged on their basal side; indusium usually glabrous, or with long silky hairs; rhizome scales ±glabrous</Statement>
            <TaxonName ref="i20"/>
          </Lead>
          <Lead id="k1l53">
            <Parent ref="k1l51"/>
            <Statement>Basal pinnae not enlarged on their basal side; indusium with short capitate hairs; rhizome scales hairy</Statement>
            <TaxonName ref="i33"/>
          </Lead>
          <Lead id="k1l55">
            <Parent ref="k1l54"/>
            <Statement>Sori in long grooves close to midrib or following anastomosing veins; groove margins extending into flaps; lamina simple; rhizome with clathrate scales</Statement>
            <TaxonName ref="i54"/>
          </Lead>
          <Lead id="k1l56">
            <Parent ref="k1l54"/>
            <Statement>Sori not in grooves, covered by an indusium; lamina usually 1–4-pinnate; rhizome scales usually not clathrate (except Aspleniaceae)</Statement>
          </Lead>
          <Lead id="k1l57">
            <Parent ref="k1l56"/>
            <Statement>Sori parallel to midrib of ultimate segments</Statement>
            <TaxonName ref="i7"/>
          </Lead>
          <Lead id="k1l58">
            <Parent ref="k1l56"/>
            <Statement>Sori oblique to midrib of ultimate segments</Statement>
          </Lead>
          <Lead id="k1l59">
            <Parent ref="k1l58"/>
            <Statement>Rhizome scales clathrate</Statement>
            <TaxonName ref="i2"/>
          </Lead>
          <Lead id="k1l60">
            <Parent ref="k1l58"/>
            <Statement>Rhizome scales not clathrate</Statement>
            <TaxonName ref="i3"/>
          </Lead>
          <Lead id="k1l62">
            <Parent ref="k1l61"/>
            <Statement>Indusium bivalved or cup-shaped</Statement>
          </Lead>
          <Lead id="k1l69">
            <Parent ref="k1l61"/>
            <Statement>Indusium ±rounded to elongate, flap-like or a reflexed pinna/pinnule margin</Statement>
          </Lead>
          <Lead id="k1l63">
            <Parent ref="k1l62"/>
            <Statement>Sori borne on short or elongate receptacles terminating the veins or projecting from the lamina margin; lamina filmy, 1 cell thick (rarely 2 or 3 cells) and translucent, or lamina reduced to minute hairs (Sphaerocionium ) or a barely perceptible wing along axes of frond (Crepidomanes p.p. , Cephalomanes )</Statement>
            <TaxonName ref="i25"/>
          </Lead>
          <Lead id="k1l64">
            <Parent ref="k1l62"/>
            <Statement>Sori not borne on receptacles; lamina not as above</Statement>
          </Lead>
          <Lead id="k1l65">
            <Parent ref="k1l64"/>
            <Statement>Rhizome and stipe base scaly, lacking hairs</Statement>
            <TaxonName ref="i14"/>
          </Lead>
          <Lead id="k1l66">
            <Parent ref="k1l64"/>
            <Statement>Rhizome and stipe base hairy, lacking scales</Statement>
          </Lead>
          <Lead id="k1l67">
            <Parent ref="k1l66"/>
            <Statement>Indusium of 2 distinct lips; inner lip membranous; outer lip a reflexed pinnule lobe</Statement>
            <TaxonName ref="i12"/>
          </Lead>
          <Lead id="k1l68">
            <Parent ref="k1l66"/>
            <Statement>Indusium cup-like</Statement>
            <TaxonName ref="i15"/>
          </Lead>
          <Lead id="k1l70">
            <Parent ref="k1l69"/>
            <Statement>Sori rounded to elliptic</Statement>
          </Lead>
          <Lead id="k1l81">
            <Parent ref="k1l69"/>
            <Statement>Sori elongate or confluent along pinna margin</Statement>
          </Lead>
          <Lead id="k1l71">
            <Parent ref="k1l70"/>
            <Statement>Indusium false (a reflexed pinna margin) or a flap opening towards centre or base of pinna</Statement>
          </Lead>
          <Lead id="k1l76">
            <Parent ref="k1l70"/>
            <Statement>Indusium reniform, semicircular, half-cup-shaped or a broadly attached flap opening towards pinna margin</Statement>
          </Lead>
          <Lead id="k1l72">
            <Parent ref="k1l71"/>
            <Statement>Rhizome and stipe base hairy, lacking scales</Statement>
            <TaxonName ref="i26"/>
          </Lead>
          <Lead id="k1l73">
            <Parent ref="k1l71"/>
            <Statement>Rhizome and stipe base scaly, lacking hairs</Statement>
          </Lead>
          <Lead id="k1l74">
            <Parent ref="k1l73"/>
            <Statement>Each ultimate segment with a single vein; fronds to c. 6 cm tall; epiphytic ferns</Statement>
            <TaxonName ref="i8"/>
          </Lead>
          <Lead id="k1l75">
            <Parent ref="k1l73"/>
            <Statement>Each ultimate segment with many veins; most fronds at least 10 cm tall; terrestrial ferns</Statement>
            <TaxonName ref="i1"/>
          </Lead>
          <Lead id="k1l77">
            <Parent ref="k1l76"/>
            <Statement>Rachis deeply grooved; lower margins of pinnae and pinnules decurrent on edge of rachis groove; midrib rarely present</Statement>
            <TaxonName ref="i29"/>
          </Lead>
          <Lead id="k1l78">
            <Parent ref="k1l76"/>
            <Statement>Rachis not deeply grooved; lower margins of pinnae and pinnules not decurrent; midrib usually present</Statement>
          </Lead>
          <Lead id="k1l79">
            <Parent ref="k1l78"/>
            <Statement>Rhizome and stipe base hairy, lacking scales</Statement>
            <TaxonName ref="i36"/>
          </Lead>
          <Lead id="k1l80">
            <Parent ref="k1l78"/>
            <Statement>Rhizome and stipe base densely scaly, lacking hairs</Statement>
            <TaxonName ref="i38"/>
          </Lead>
          <Lead id="k1l82">
            <Parent ref="k1l81"/>
            <Statement>Lamina simple, entire; sori in long grooves with groove margins extending inwards as indusium-like flaps; rhizome scales clathrate; usually epiphytic ferns</Statement>
            <TaxonName ref="i53"/>
          </Lead>
          <Lead id="k1l83">
            <Parent ref="k1l81"/>
            <Statement>Lamina 1–4-pinnate or pinnate-pinnatifid; sori not in grooves; rhizome scales not clathrate; usually terrestrial ferns</Statement>
          </Lead>
          <Lead id="k1l84">
            <Parent ref="k1l83"/>
            <Statement>Sori covered by a reflexed pinnule margin, sometimes also by a membranous true indusium (best seen in immature fronds)</Statement>
          </Lead>
          <Lead id="k1l89">
            <Parent ref="k1l83"/>
            <Statement>Sori covered only by a true indusium attached at the base and opening towards the margin</Statement>
          </Lead>
          <Lead id="k1l85">
            <Parent ref="k1l84"/>
            <Statement>Frond to 2 (–3) m tall; rhizome long-creeping, hairy or scaly; stipe and rachises predominantly yellow-brown</Statement>
            <TaxonName ref="i16"/>
          </Lead>
          <Lead id="k1l86">
            <Parent ref="k1l84"/>
            <Statement>Frond to 50 (–70) cm tall, with a creeping to erect, scaly rhizome and dark brown to black rachises, or frond to 2 m tall, but with a short, erect rhizome and predominantly pale stipe and rachises</Statement>
          </Lead>
          <Lead id="k1l87">
            <Parent ref="k1l86"/>
            <Statement>Stipe and rachises dark brown to black, usually glossy; fronds to 50 (–70) cm tall</Statement>
            <TaxonName ref="i1"/>
          </Lead>
          <Lead id="k1l88">
            <Parent ref="k1l86"/>
            <Statement>Stipe and rachises pale green, stramineous, pale brown or mid-brown, rarely glossy; fronds usually more than 70 cm tall</Statement>
            <TaxonName ref="i45"/>
          </Lead>
          <Lead id="k1l90">
            <Parent ref="k1l89"/>
            <Statement>Lower margins of pinnae and pinnules decurrent on edge of rachis groove; midrib rarely present</Statement>
            <TaxonName ref="i29"/>
          </Lead>
          <Lead id="k1l91">
            <Parent ref="k1l89"/>
            <Statement>Lower margins of pinnae not decurrent on edge of rachis groove; midrib usually present</Statement>
            <TaxonName ref="i37"/>
          </Lead>
          <Lead id="k1l93">
            <Parent ref="k1l92"/>
            <Statement>Sori discrete or confluent but not covering all of the underside of fertile pinnae/pinnules</Statement>
          </Lead>
          <Lead id="k1l118">
            <Parent ref="k1l92"/>
            <Statement>Sori/sporangia covering the whole of the underside of fertile pinnae/pinnules</Statement>
          </Lead>
          <Lead id="k1l94">
            <Parent ref="k1l93"/>
            <Statement>Sori rounded or elliptic, remaining discrete</Statement>
          </Lead>
          <Lead id="k1l107">
            <Parent ref="k1l93"/>
            <Statement>Sori elongate or, if rounded, submarginal and confluent</Statement>
          </Lead>
          <Lead id="k1l95">
            <Parent ref="k1l94"/>
            <Statement>Lamina of 2 large, flabellate and deeply incised halves; rhizome with coarse, dark bristles</Statement>
            <TaxonName ref="i18"/>
          </Lead>
          <Lead id="k1l96">
            <Parent ref="k1l94"/>
            <Statement>Lamina simple to many times pinnate, not of 2 large, flabellate and deeply incised halves; rhizome usually with scales or hairs</Statement>
          </Lead>
          <Lead id="k1l97">
            <Parent ref="k1l96"/>
            <Statement>Lamina 2–5-pinnate; terrestrial ferns</Statement>
          </Lead>
          <Lead id="k1l100">
            <Parent ref="k1l96"/>
            <Statement>Lamina simple, 1-pinnatifid, 1-pinnate, 1-pinnate-pinnatifid or dichotomously branched; mostly epiphytic ferns</Statement>
          </Lead>
          <Lead id="k1l98">
            <Parent ref="k1l97"/>
            <Statement>Rhizome scaly</Statement>
            <TaxonName ref="i20"/>
          </Lead>
          <Lead id="k1l99">
            <Parent ref="k1l97"/>
            <Statement>Rhizome hairy, without scales</Statement>
            <TaxonName ref="i26"/>
          </Lead>
          <Lead id="k1l101">
            <Parent ref="k1l100"/>
            <Statement>Sori forming 2 irregular rows between each pair of primary veins</Statement>
            <TaxonName ref="i11"/>
          </Lead>
          <Lead id="k1l102">
            <Parent ref="k1l100"/>
            <Statement>Sori not forming 2 irregular rows between each pair of primary veins</Statement>
          </Lead>
          <Lead id="k1l103">
            <Parent ref="k1l102"/>
            <Statement>Rhizome scales peltate and/or clathrate; stipes articulated to the rhizome or to a short, erect phyllopodium (not articulated in Drynaria )</Statement>
            <TaxonName ref="i43"/>
          </Lead>
          <Lead id="k1l104">
            <Parent ref="k1l102"/>
            <Statement>Rhizome scales neither peltate nor clathrate; usually attached along their basal margins; stipes not articulated to the rhizome nor to a short, erect phyllopodium (not articulated in Drynaria )</Statement>
          </Lead>
          <Lead id="k1l105">
            <Parent ref="k1l104"/>
            <Statement>Lamina simple,1-pinnatifid, 1-pinnate, or dichotomously branched; veins free, simple or forked</Statement>
            <TaxonName ref="i24"/>
          </Lead>
          <Lead id="k1l106">
            <Parent ref="k1l104"/>
            <Statement>Lamina 1-pinnate-pinnatifid; veins nearest the costa usually anastomosing with an excurrent vein</Statement>
            <TaxonName ref="i42"/>
          </Lead>
          <Lead id="k1l108">
            <Parent ref="k1l107"/>
            <Statement>Sporangia borne on narrow, apical portion of lamina</Statement>
            <TaxonName ref="i5"/>
          </Lead>
          <Lead id="k1l109">
            <Parent ref="k1l107"/>
            <Statement>Sporangia borne in laminal or marginal sori</Statement>
          </Lead>
          <Lead id="k1l110">
            <Parent ref="k1l109"/>
            <Statement>Mature fronds simple or deeply pinnatifid, not pinnate; mainly epiphytic ferns</Statement>
          </Lead>
          <Lead id="k1l113">
            <Parent ref="k1l109"/>
            <Statement>Mature fronds 1–3-pinnate; terrestrial ferns</Statement>
          </Lead>
          <Lead id="k1l111">
            <Parent ref="k1l110"/>
            <Statement>Frond 1–3 cm tall; lamina simple; sori sunken in submarginal grooves parallel to midrib</Statement>
            <TaxonName ref="i48"/>
          </Lead>
          <Lead id="k1l112">
            <Parent ref="k1l110"/>
            <Statement>Frond 30–80 cm tall; lamina deeply pinnatifid; sori not sunken, oblique to midrib</Statement>
            <TaxonName ref="i10"/>
          </Lead>
          <Lead id="k1l114">
            <Parent ref="k1l113"/>
            <Statement>Rhizome climbing or scrambling; fertile frond much narrower than sterile frond, with linear segments 15–20 cm long and 2–3 mm wide</Statement>
            <TaxonName ref="i50"/>
          </Lead>
          <Lead id="k1l115">
            <Parent ref="k1l113"/>
            <Statement>Rhizome creeping or erect; fronds not strongly dimorphic</Statement>
          </Lead>
          <Lead id="k1l116">
            <Parent ref="k1l115"/>
            <Statement>Rhizome with clathrate scales; lamina densely covered in hairs; sori laminal, growing on free veins</Statement>
            <TaxonName ref="i41"/>
          </Lead>
          <Lead id="k1l117">
            <Parent ref="k1l115"/>
            <Statement>Rhizome with dark bristles or basally attached, non-clathrate scales; lamina glabrous or variously hairy; sori marginal, or if laminal, the pinnae glabrous and sori either growing on free or anastomosing veins, or occupying a continuous band between midrib and margin</Statement>
            <TaxonName ref="i1"/>
          </Lead>
          <Lead id="k1l119">
            <Parent ref="k1l118"/>
            <Statement>Sporangia massed along minor veinlets of lower pinnules of primary pinnae, becoming confluent; stipes with persistent, basal, stipular expansions</Statement>
            <TaxonName ref="i52"/>
          </Lead>
          <Lead id="k1l120">
            <Parent ref="k1l118"/>
            <Statement>Sporangia not massed along minor veinlets of lower pinnules of primary pinnae; stipes lacking persistent, basal, stipular expansions</Statement>
          </Lead>
          <Lead id="k1l121">
            <Parent ref="k1l120"/>
            <Statement>Rhizome with thick, fleshy prop roots; fronds 1–4 m tall</Statement>
            <TaxonName ref="i0"/>
          </Lead>
          <Lead id="k1l122">
            <Parent ref="k1l120"/>
            <Statement>Rhizome without prop roots; most or all fronds less than 1 m tall</Statement>
          </Lead>
          <Lead id="k1l123">
            <Parent ref="k1l122"/>
            <Statement>Rhizomes mostly creeping or climbing, dorsiventral; stipes articulated to the rhizome or ±decurrent on it</Statement>
            <TaxonName ref="i30"/>
          </Lead>
          <Lead id="k1l124">
            <Parent ref="k1l122"/>
            <Statement>Rhizomes mostly erect, often forming a short trunk; stipes not articulated to the rhizome</Statement>
            <TaxonName ref="i6"/>
          </Lead>
        </Leads>
      </IdentificationKey>
    </IdentificationKeys>
  </Dataset>
</Datasets>
