<?xml version="1.0" encoding="UTF-8"?>
<Datasets xmlns="http://rs.tdwg.org/UBIF/2006/" xmlns:xsi="http://www.w3.org/2001/XMLSchema-instance" xsi:schemaLocation="http://rs.tdwg.org/UBIF/2006/ http://rs.tdwg.org/UBIF/2006/Schema/1.1/SDD.xsd">
  <TechnicalMetadata created="2014-12-08T01:24:13">
    <Generator name="KeyBase SDD export" version="0"/>
  </TechnicalMetadata>
  <Dataset xml:lang="en-au">
    <Representation>
      <Label xml:lang="en">Family Group 17</Label>
    </Representation>
    <TaxonNames>
      <TaxonName id="i0">
        <Representation>
          <Label>Adoxaceae</Label>
        </Representation>
      </TaxonName>
      <TaxonName id="i1">
        <Representation>
          <Label>Aizoaceae</Label>
        </Representation>
      </TaxonName>
      <TaxonName id="i2">
        <Representation>
          <Label>Asteraceae</Label>
        </Representation>
      </TaxonName>
      <TaxonName id="i3">
        <Representation>
          <Label>Cactaceae</Label>
        </Representation>
      </TaxonName>
      <TaxonName id="i4">
        <Representation>
          <Label>Campanulaceae</Label>
        </Representation>
      </TaxonName>
      <TaxonName id="i5">
        <Representation>
          <Label>Caprifoliaceae</Label>
        </Representation>
      </TaxonName>
      <TaxonName id="i6">
        <Representation>
          <Label>Cucurbitaceae</Label>
        </Representation>
      </TaxonName>
      <TaxonName id="i7">
        <Representation>
          <Label>Dipsacaceae</Label>
        </Representation>
      </TaxonName>
      <TaxonName id="i8">
        <Representation>
          <Label>Ericaceae</Label>
        </Representation>
      </TaxonName>
      <TaxonName id="i9">
        <Representation>
          <Label>Linnaeaceae</Label>
        </Representation>
      </TaxonName>
      <TaxonName id="i10">
        <Representation>
          <Label>Loasaceae</Label>
        </Representation>
      </TaxonName>
      <TaxonName id="i11">
        <Representation>
          <Label>Nyctaginaceae</Label>
        </Representation>
      </TaxonName>
      <TaxonName id="i12">
        <Representation>
          <Label>Rubiaceae</Label>
        </Representation>
      </TaxonName>
      <TaxonName id="i13">
        <Representation>
          <Label>Styracaceae</Label>
        </Representation>
      </TaxonName>
      <TaxonName id="i14">
        <Representation>
          <Label>Theophrastaceae</Label>
        </Representation>
      </TaxonName>
      <TaxonName id="i15">
        <Representation>
          <Label>Valerianaceae</Label>
        </Representation>
      </TaxonName>
    </TaxonNames>
    <IdentificationKeys>
      <IdentificationKey id="k1">
        <Representation>
          <Label xml:lang="en">Family Group 17</Label>
        </Representation>
        <Leads>
          <Lead id="k1l1">
            <Statement>Stamens &gt; in number than corolla lobes or &gt; 15</Statement>
          </Lead>
          <Lead id="k1l10">
            <Statement>Stamens = in number to corolla lobes or fewer, generally &lt;= 5</Statement>
          </Lead>
          <Lead id="k1l2">
            <Parent ref="k1l1"/>
            <Statement>Plant spiny or bristly</Statement>
          </Lead>
          <Lead id="k1l5">
            <Parent ref="k1l1"/>
            <Statement>Plant glabrous or +- hairy but not spiny or bristly</Statement>
          </Lead>
          <Lead id="k1l3">
            <Parent ref="k1l2"/>
            <Statement>Stem very fleshy, generally spiny (in some _Opuntia_ species only with glochids); leaves 0 or conic to cylindric, fleshy; petal-like parts many, overlapping in several series</Statement>
            <TaxonName ref="i3"/>
          </Lead>
          <Lead id="k1l4">
            <Parent ref="k1l2"/>
            <Statement>Stem not or slightly fleshy, bristly with stinging hairs; leaves well developed, with expanded blade; petals 5, in 1 series</Statement>
            <TaxonName ref="i10"/>
          </Lead>
          <Lead id="k1l6">
            <Parent ref="k1l5"/>
            <Statement>Petals or petal-like stamens many; leaves generally fleshy</Statement>
            <TaxonName ref="i1"/>
          </Lead>
          <Lead id="k1l7">
            <Parent ref="k1l5"/>
            <Statement>Petals 4 or 5, petal-like stamens 0; leaves generally thin</Statement>
          </Lead>
          <Lead id="k1l8">
            <Parent ref="k1l7"/>
            <Statement>Herbage glabrous to soft-hairy, sometimes glandular</Statement>
            <TaxonName ref="i8"/>
          </Lead>
          <Lead id="k1l9">
            <Parent ref="k1l7"/>
            <Statement>Herbage stellate-hairy</Statement>
            <TaxonName ref="i13"/>
          </Lead>
          <Lead id="k1l11">
            <Parent ref="k1l10"/>
            <Statement>Ovary actually superior, surrounded by but not fused to hardened or winged base of corolla-like calyx that simulates an inferior ovary; style passing through constriction separating calyx base from petal-like portion and joining to top of ovary</Statement>
            <TaxonName ref="i11"/>
          </Lead>
          <Lead id="k1l12">
            <Parent ref="k1l10"/>
            <Statement>Ovary truly inferior, fused to bases of surrounding flower parts; style not passing through a calyx constriction</Statement>
          </Lead>
          <Lead id="k1l13">
            <Parent ref="k1l12"/>
            <Statement>Leaves alternate or all basal</Statement>
          </Lead>
          <Lead id="k1l20">
            <Parent ref="k1l12"/>
            <Statement>Leaves opposite or whorled</Statement>
          </Lead>
          <Lead id="k1l14">
            <Parent ref="k1l13"/>
            <Statement>Tendrils generally present; flowers unisexual --- plant generally monoecious, leaves palmately veined, generally palmately lobed</Statement>
            <TaxonName ref="i6"/>
          </Lead>
          <Lead id="k1l15">
            <Parent ref="k1l13"/>
            <Statement>Tendrils 0; flowers bisexual or unisexual</Statement>
          </Lead>
          <Lead id="k1l16">
            <Parent ref="k1l15"/>
            <Statement>Inflorescence a head subtended or +- enclosed by involucre; calyx modified as pappus of bristles, scales, and/or awns, not green and leaf-like</Statement>
            <TaxonName ref="i2"/>
          </Lead>
          <Lead id="k1l17">
            <Parent ref="k1l15"/>
            <Statement>Inflorescence various but not a head; calyx of unmodified sepals, generally green</Statement>
          </Lead>
          <Lead id="k1l18">
            <Parent ref="k1l17"/>
            <Statement>Stamens alternate corolla lobes; staminodes 0; flowers radial or bilateral; placentas axile or parietal</Statement>
            <TaxonName ref="i4"/>
          </Lead>
          <Lead id="k1l19">
            <Parent ref="k1l17"/>
            <Statement>Stamens opposite corolla lobes; staminodes alternate fertile stamens; flowers radial; placentas free-central</Statement>
            <TaxonName ref="i14"/>
          </Lead>
          <Lead id="k1l21">
            <Parent ref="k1l20"/>
            <Statement>Inflorescence a peduncled pair of flowers --- creeping subshrub, twining vine, or erect shrub</Statement>
          </Lead>
          <Lead id="k1l24">
            <Parent ref="k1l20"/>
            <Statement>Inflorescence a head, spike, or cyme, or flowers solitary</Statement>
          </Lead>
          <Lead id="k1l22">
            <Parent ref="k1l21"/>
            <Statement>Flowers sessile; fruits berries, sometimes fused</Statement>
            <TaxonName ref="i5"/>
          </Lead>
          <Lead id="k1l23">
            <Parent ref="k1l21"/>
            <Statement>Flowers on slender pedicels; fruits capsules, not fused</Statement>
            <TaxonName ref="i9"/>
          </Lead>
          <Lead id="k1l25">
            <Parent ref="k1l24"/>
            <Statement>Inflorescence a head or dense, head-like spike, subtended or +- enclosed by +- calyx-like involucre</Statement>
          </Lead>
          <Lead id="k1l30">
            <Parent ref="k1l24"/>
            <Statement>Inflorescence various, not subtended or enclosed by +- calyx-like involucre</Statement>
          </Lead>
          <Lead id="k1l26">
            <Parent ref="k1l25"/>
            <Statement>Anthers fused into tube around style</Statement>
            <TaxonName ref="i2"/>
          </Lead>
          <Lead id="k1l27">
            <Parent ref="k1l25"/>
            <Statement>Anthers free</Statement>
          </Lead>
          <Lead id="k1l28">
            <Parent ref="k1l27"/>
            <Statement>Leaves opposite</Statement>
            <TaxonName ref="i7"/>
          </Lead>
          <Lead id="k1l29">
            <Parent ref="k1l27"/>
            <Statement>Leaves whorled</Statement>
            <TaxonName ref="i12"/>
          </Lead>
          <Lead id="k1l31">
            <Parent ref="k1l30"/>
            <Statement>Herb or subshrub</Statement>
          </Lead>
          <Lead id="k1l34">
            <Parent ref="k1l30"/>
            <Statement>Shrub, tree, or woody vine</Statement>
          </Lead>
          <Lead id="k1l32">
            <Parent ref="k1l31"/>
            <Statement>Stamens 4 or 5; corolla radial, not spurred or with proximal bulge</Statement>
            <TaxonName ref="i12"/>
          </Lead>
          <Lead id="k1l33">
            <Parent ref="k1l31"/>
            <Statement>Stamens 1 or 3; corolla often bilateral, often spurred or with proximal bulge</Statement>
            <TaxonName ref="i15"/>
          </Lead>
          <Lead id="k1l35">
            <Parent ref="k1l34"/>
            <Statement>Inflorescence a raceme or +- interrupted spike or flowers 1--2 in axils</Statement>
            <TaxonName ref="i5"/>
          </Lead>
          <Lead id="k1l36">
            <Parent ref="k1l34"/>
            <Statement>Inflorescence a head or compound cyme</Statement>
          </Lead>
          <Lead id="k1l37">
            <Parent ref="k1l36"/>
            <Statement>Leaves compound</Statement>
            <TaxonName ref="i0"/>
          </Lead>
          <Lead id="k1l38">
            <Parent ref="k1l36"/>
            <Statement>Leaves simple</Statement>
          </Lead>
          <Lead id="k1l39">
            <Parent ref="k1l38"/>
            <Statement>Leaves 3--5-veined from base</Statement>
            <TaxonName ref="i0"/>
          </Lead>
          <Lead id="k1l40">
            <Parent ref="k1l38"/>
            <Statement>Leaves 1-veined from base</Statement>
            <TaxonName ref="i12"/>
          </Lead>
        </Leads>
      </IdentificationKey>
    </IdentificationKeys>
  </Dataset>
</Datasets>
