<?xml version="1.0" encoding="UTF-8"?>
<Datasets xmlns="http://rs.tdwg.org/UBIF/2006/" xmlns:xsi="http://www.w3.org/2001/XMLSchema-instance" xsi:schemaLocation="http://rs.tdwg.org/UBIF/2006/ http://rs.tdwg.org/UBIF/2006/Schema/1.1/SDD.xsd">
  <TechnicalMetadata created="2014-12-08T01:24:14">
    <Generator name="KeyBase SDD export" version="0"/>
  </TechnicalMetadata>
  <Dataset xml:lang="en-au">
    <Representation>
      <Label xml:lang="en">Family Group 16</Label>
    </Representation>
    <TaxonNames>
      <TaxonName id="i0">
        <Representation>
          <Label>Agavaceae</Label>
        </Representation>
      </TaxonName>
      <TaxonName id="i1">
        <Representation>
          <Label>Alliaceae</Label>
        </Representation>
      </TaxonName>
      <TaxonName id="i2">
        <Representation>
          <Label>Amaryllidaceae</Label>
        </Representation>
      </TaxonName>
      <TaxonName id="i3">
        <Representation>
          <Label>Arecaceae</Label>
        </Representation>
      </TaxonName>
      <TaxonName id="i4">
        <Representation>
          <Label>Asparagaceae</Label>
        </Representation>
      </TaxonName>
      <TaxonName id="i5">
        <Representation>
          <Label>Asphodelaceae</Label>
        </Representation>
      </TaxonName>
      <TaxonName id="i6">
        <Representation>
          <Label>Balsaminaceae</Label>
        </Representation>
      </TaxonName>
      <TaxonName id="i7">
        <Representation>
          <Label>Berberidaceae</Label>
        </Representation>
      </TaxonName>
      <TaxonName id="i8">
        <Representation>
          <Label>Commelinaceae</Label>
        </Representation>
      </TaxonName>
      <TaxonName id="i9">
        <Representation>
          <Label>Elatinaceae</Label>
        </Representation>
      </TaxonName>
      <TaxonName id="i10">
        <Representation>
          <Label>Ericaceae</Label>
        </Representation>
      </TaxonName>
      <TaxonName id="i11">
        <Representation>
          <Label>Gunneraceae</Label>
        </Representation>
      </TaxonName>
      <TaxonName id="i12">
        <Representation>
          <Label>Hydrangeaceae</Label>
        </Representation>
      </TaxonName>
      <TaxonName id="i13">
        <Representation>
          <Label>Hydrocharitaceae</Label>
        </Representation>
      </TaxonName>
      <TaxonName id="i14">
        <Representation>
          <Label>Iridaceae</Label>
        </Representation>
      </TaxonName>
      <TaxonName id="i15">
        <Representation>
          <Label>Juncaceae</Label>
        </Representation>
      </TaxonName>
      <TaxonName id="i16">
        <Representation>
          <Label>Juncaginaceae</Label>
        </Representation>
      </TaxonName>
      <TaxonName id="i17">
        <Representation>
          <Label>Lauraceae</Label>
        </Representation>
      </TaxonName>
      <TaxonName id="i18">
        <Representation>
          <Label>Laxmanniaceae</Label>
        </Representation>
      </TaxonName>
      <TaxonName id="i19">
        <Representation>
          <Label>Liliaceae</Label>
        </Representation>
      </TaxonName>
      <TaxonName id="i20">
        <Representation>
          <Label>Limnanthaceae</Label>
        </Representation>
      </TaxonName>
      <TaxonName id="i21">
        <Representation>
          <Label>Melanthiaceae</Label>
        </Representation>
      </TaxonName>
      <TaxonName id="i22">
        <Representation>
          <Label>Montiaceae</Label>
        </Representation>
      </TaxonName>
      <TaxonName id="i23">
        <Representation>
          <Label>Nartheciaceae</Label>
        </Representation>
      </TaxonName>
      <TaxonName id="i24">
        <Representation>
          <Label>Oleaceae</Label>
        </Representation>
      </TaxonName>
      <TaxonName id="i25">
        <Representation>
          <Label>Onagraceae</Label>
        </Representation>
      </TaxonName>
      <TaxonName id="i26">
        <Representation>
          <Label>Orchidaceae</Label>
        </Representation>
      </TaxonName>
      <TaxonName id="i27">
        <Representation>
          <Label>Polygonaceae</Label>
        </Representation>
      </TaxonName>
      <TaxonName id="i28">
        <Representation>
          <Label>Pontederiaceae</Label>
        </Representation>
      </TaxonName>
      <TaxonName id="i29">
        <Representation>
          <Label>Ruscaceae</Label>
        </Representation>
      </TaxonName>
      <TaxonName id="i30">
        <Representation>
          <Label>Smilacaceae</Label>
        </Representation>
      </TaxonName>
      <TaxonName id="i31">
        <Representation>
          <Label>Tecophilaeaceae</Label>
        </Representation>
      </TaxonName>
      <TaxonName id="i32">
        <Representation>
          <Label>Themidaceae</Label>
        </Representation>
      </TaxonName>
      <TaxonName id="i33">
        <Representation>
          <Label>Tofieldiaceae</Label>
        </Representation>
      </TaxonName>
      <TaxonName id="i34">
        <Representation>
          <Label>Zingiberaceae</Label>
        </Representation>
      </TaxonName>
    </TaxonNames>
    <IdentificationKeys>
      <IdentificationKey id="k1">
        <Representation>
          <Label xml:lang="en">Family Group 16</Label>
        </Representation>
        <Leads>
          <Lead id="k1l1">
            <Statement>Ovary fully inferior</Statement>
          </Lead>
          <Lead id="k1l16">
            <Statement>Ovary superior or partially inferior</Statement>
          </Lead>
          <Lead id="k1l2">
            <Parent ref="k1l1"/>
            <Statement>Leaf parallel veined</Statement>
          </Lead>
          <Lead id="k1l9">
            <Parent ref="k1l1"/>
            <Statement>Leaf pinnately or palmately veined</Statement>
          </Lead>
          <Lead id="k1l3">
            <Parent ref="k1l2"/>
            <Statement>Leaves fleshy, toothed, spine-tipped</Statement>
            <TaxonName ref="i0"/>
          </Lead>
          <Lead id="k1l4">
            <Parent ref="k1l2"/>
            <Statement>Leaves not fleshy, entire, not spine-tipped</Statement>
          </Lead>
          <Lead id="k1l5">
            <Parent ref="k1l4"/>
            <Statement>Fertile stamens 1--2, filament(s) and anther(s) wholly fused above ovary to stigma and style, forming a column; ovary with a half twist; ovules many, microscopic; seeds dust-like</Statement>
            <TaxonName ref="i26"/>
          </Lead>
          <Lead id="k1l6">
            <Parent ref="k1l4"/>
            <Statement>Fertile stamens 3 or more, not fused to stigma and style; ovary straight; ovules not microscopic; seeds well developed</Statement>
          </Lead>
          <Lead id="k1l7">
            <Parent ref="k1l6"/>
            <Statement>Stamens 6; leaves not 2-ranked and folded (0 at flower in _Amaryllis_); adaxial and abaxial faces both visible</Statement>
            <TaxonName ref="i2"/>
          </Lead>
          <Lead id="k1l8">
            <Parent ref="k1l6"/>
            <Statement>Stamens 3; leaves 2-ranked, generally folded lengthwise and apparently attached "edge-on", only abaxial face of leaf visible</Statement>
            <TaxonName ref="i14"/>
          </Lead>
          <Lead id="k1l10">
            <Parent ref="k1l9"/>
            <Statement>Leaves basal, palmately veined and lobed, prickly --- petiole 1--1.5 m, blade 1--2+ m</Statement>
            <TaxonName ref="i11"/>
          </Lead>
          <Lead id="k1l11">
            <Parent ref="k1l9"/>
            <Statement>Leaves cauline, pinnately veined, entire or toothed, smooth</Statement>
          </Lead>
          <Lead id="k1l12">
            <Parent ref="k1l11"/>
            <Statement>Leaves opposite; petals 2, 1--1.5 mm, white; fruit indehiscent, with hooked hairs</Statement>
            <TaxonName ref="i25"/>
          </Lead>
          <Lead id="k1l13">
            <Parent ref="k1l11"/>
            <Statement>Leaves alternate; petals 3, yellow; fruit dehiscent, without hooked hairs</Statement>
          </Lead>
          <Lead id="k1l14">
            <Parent ref="k1l13"/>
            <Statement>Petals 0.8--2.3 mm; leaves narrowly oblanceolate, 1--3 cm</Statement>
            <TaxonName ref="i25"/>
          </Lead>
          <Lead id="k1l15">
            <Parent ref="k1l13"/>
            <Statement>Petals &gt;= 30 mm; leaves +- elliptic, 20--55 cm</Statement>
            <TaxonName ref="i34"/>
          </Lead>
          <Lead id="k1l17">
            <Parent ref="k1l16"/>
            <Statement>Stem nodes with small, dry, sometimes spiny-spurred, scale-like leaves that subtend 1--20 thread-like, needle-like, or ovate, leaf-like branchlets --- erect to sprawling herb, sub-shrub, or twining vine</Statement>
            <TaxonName ref="i4"/>
          </Lead>
          <Lead id="k1l18">
            <Parent ref="k1l16"/>
            <Statement>Stem nodes without small, dry, scale-like leaves that subtend leaf-like branches</Statement>
          </Lead>
          <Lead id="k1l19">
            <Parent ref="k1l18"/>
            <Statement>Leaves needle-like, abaxially grooved; low shrub</Statement>
            <TaxonName ref="i10"/>
          </Lead>
          <Lead id="k1l20">
            <Parent ref="k1l18"/>
            <Statement>Leaves generally not needle-like, generally not abaxially grooved; herb to tree</Statement>
          </Lead>
          <Lead id="k1l21">
            <Parent ref="k1l20"/>
            <Statement>Plant submersed aquatic; leaves very thin, 1-veined, opposite or whorled; flowers generally unisexual</Statement>
            <TaxonName ref="i13"/>
          </Lead>
          <Lead id="k1l22">
            <Parent ref="k1l20"/>
            <Statement>Plant terrestrial, or if aquatic, leaves not very thin, 1-veined, and opposite or whorled</Statement>
          </Lead>
          <Lead id="k1l23">
            <Parent ref="k1l22"/>
            <Statement>Leaf venation pinnate or palmate, smaller veins generally forming a network (occasionally only midvein evident)</Statement>
          </Lead>
          <Lead id="k1l52">
            <Parent ref="k1l22"/>
            <Statement>Leaf venation parallel, sometimes in wider leaves several larger veins originating from leaf base but smaller veins parallel to them and not forming a network</Statement>
          </Lead>
          <Lead id="k1l24">
            <Parent ref="k1l23"/>
            <Statement>Tendrils present; vine; leaves ovate --- flowers unisexual; plants dioecious</Statement>
            <TaxonName ref="i30"/>
          </Lead>
          <Lead id="k1l25">
            <Parent ref="k1l23"/>
            <Statement>Tendrils 0; herb, shrub, or tree (occasionally vine with twining stem); leaves various</Statement>
          </Lead>
          <Lead id="k1l26">
            <Parent ref="k1l25"/>
            <Statement>Leaves compound or deeply lobed</Statement>
          </Lead>
          <Lead id="k1l35">
            <Parent ref="k1l25"/>
            <Statement>Leaves simple</Statement>
          </Lead>
          <Lead id="k1l27">
            <Parent ref="k1l26"/>
            <Statement>Herb</Statement>
          </Lead>
          <Lead id="k1l30">
            <Parent ref="k1l26"/>
            <Statement>Shrub or tree</Statement>
          </Lead>
          <Lead id="k1l28">
            <Parent ref="k1l27"/>
            <Statement>Perennial herb; leaves basal, 2--3-ternate; petals in 2 tight whorls of 3; sepals in 4--5 whorls of 3</Statement>
            <TaxonName ref="i7"/>
          </Lead>
          <Lead id="k1l29">
            <Parent ref="k1l27"/>
            <Statement>Annual; leaves cauline, 1-ternate or 1-odd-pinnate; petals 3; sepals 3</Statement>
            <TaxonName ref="i20"/>
          </Lead>
          <Lead id="k1l31">
            <Parent ref="k1l30"/>
            <Statement>Trunk stout, unbranched, crowned by a tight terminal rosette of very large leaves</Statement>
            <TaxonName ref="i3"/>
          </Lead>
          <Lead id="k1l32">
            <Parent ref="k1l30"/>
            <Statement>Trunk(s) branched, with leaves &lt; 50 cm, distributed on twigs</Statement>
          </Lead>
          <Lead id="k1l33">
            <Parent ref="k1l32"/>
            <Statement>Leaves alternate; leaflets spiny-toothed; fruit berry</Statement>
            <TaxonName ref="i7"/>
          </Lead>
          <Lead id="k1l34">
            <Parent ref="k1l32"/>
            <Statement>Leaves opposite; leaflets serrate; fruit winged achene</Statement>
            <TaxonName ref="i24"/>
          </Lead>
          <Lead id="k1l36">
            <Parent ref="k1l35"/>
            <Statement>Plant woody</Statement>
          </Lead>
          <Lead id="k1l43">
            <Parent ref="k1l35"/>
            <Statement>Plant herbaceous</Statement>
          </Lead>
          <Lead id="k1l37">
            <Parent ref="k1l36"/>
            <Statement>Stamens many</Statement>
            <TaxonName ref="i12"/>
          </Lead>
          <Lead id="k1l38">
            <Parent ref="k1l36"/>
            <Statement>Stamens 2--9</Statement>
          </Lead>
          <Lead id="k1l39">
            <Parent ref="k1l38"/>
            <Statement>Leaf blade gland-dotted, aromatic; anthers dehiscing by uplifted lids; fruit fleshy</Statement>
            <TaxonName ref="i17"/>
          </Lead>
          <Lead id="k1l40">
            <Parent ref="k1l38"/>
            <Statement>Leaf blade not gland-dotted, not aromatic; anthers dehiscing by slits; fruit dry</Statement>
          </Lead>
          <Lead id="k1l41">
            <Parent ref="k1l40"/>
            <Statement>Inner perianth parts 2, petal-like, outer minutely 4-lobed, +- green; fruit winged, 22--30 mm</Statement>
            <TaxonName ref="i24"/>
          </Lead>
          <Lead id="k1l42">
            <Parent ref="k1l40"/>
            <Statement>Inner and outer perianth parts in 3s, all petal-like; fruit 3-angled achene, &lt; 5 mm</Statement>
            <TaxonName ref="i27"/>
          </Lead>
          <Lead id="k1l44">
            <Parent ref="k1l43"/>
            <Statement>Flower bilateral, proximal portion of calyx with a protruding, hollow spur</Statement>
            <TaxonName ref="i6"/>
          </Lead>
          <Lead id="k1l45">
            <Parent ref="k1l43"/>
            <Statement>Flower radial, calyx without a spur</Statement>
          </Lead>
          <Lead id="k1l46">
            <Parent ref="k1l45"/>
            <Statement>Cauline leaves in a whorl of 3 subtending 1 large terminal flower</Statement>
            <TaxonName ref="i21"/>
          </Lead>
          <Lead id="k1l47">
            <Parent ref="k1l45"/>
            <Statement>Cauline leaves alternate, opposite, or whorled, sometimes reduced to bracts; flowers &gt;&gt; 1, small</Statement>
          </Lead>
          <Lead id="k1l48">
            <Parent ref="k1l47"/>
            <Statement>Fruit achene, (2)3-angled --- inner and outer perianth generally similar, both whorls petal-like or both sepal-like (inner perianth parts much enlarged in fruit in _Rumex_)</Statement>
            <TaxonName ref="i27"/>
          </Lead>
          <Lead id="k1l49">
            <Parent ref="k1l47"/>
            <Statement>Fruit capsule</Statement>
          </Lead>
          <Lead id="k1l50">
            <Parent ref="k1l49"/>
            <Statement>Leaves not fleshy; plant +- aquatic; flowers axillary; outer perianth parts 2--3, +- = inner; stigmas 3; seeds many, surface net-like, brown to yellow-brown</Statement>
            <TaxonName ref="i9"/>
          </Lead>
          <Lead id="k1l51">
            <Parent ref="k1l49"/>
            <Statement>Leaves fleshy; plant terrestrial; flowers in +- 1-sided raceme-, panicle-, or umbel-like cluster; outer perianth parts 2, &gt; inner; stigmas 2; seeds 1--many, shiny, black</Statement>
            <TaxonName ref="i22"/>
          </Lead>
          <Lead id="k1l53">
            <Parent ref="k1l52"/>
            <Statement>Shrub, tree, or densely leafy rosette plant; leaves +- sword-like or +- grass-like, fibrous and/or fleshy, persisting &gt; 1 year</Statement>
          </Lead>
          <Lead id="k1l62">
            <Parent ref="k1l52"/>
            <Statement>Herb; leaves generally thin, generally not persisting (sometimes +- cylindric)</Statement>
          </Lead>
          <Lead id="k1l54">
            <Parent ref="k1l53"/>
            <Statement>Leaves grass-like; styles 3</Statement>
            <TaxonName ref="i21"/>
          </Lead>
          <Lead id="k1l55">
            <Parent ref="k1l53"/>
            <Statement>Leaves sword-like; style 1 or stigmas sessile</Statement>
          </Lead>
          <Lead id="k1l56">
            <Parent ref="k1l55"/>
            <Statement>Ovules many per locule</Statement>
          </Lead>
          <Lead id="k1l59">
            <Parent ref="k1l55"/>
            <Statement>Ovules 2 per locule</Statement>
          </Lead>
          <Lead id="k1l57">
            <Parent ref="k1l56"/>
            <Statement>Perianth creamy white; leaves tough, fibrous, entire or with marginal fibers</Statement>
            <TaxonName ref="i0"/>
          </Lead>
          <Lead id="k1l58">
            <Parent ref="k1l56"/>
            <Statement>Perianth +- orange or red; leaves fleshy, toothed</Statement>
            <TaxonName ref="i5"/>
          </Lead>
          <Lead id="k1l60">
            <Parent ref="k1l59"/>
            <Statement>Flowers bisexual; fruit a berry</Statement>
            <TaxonName ref="i18"/>
          </Lead>
          <Lead id="k1l61">
            <Parent ref="k1l59"/>
            <Statement>Flowers generally unisexual (occasionally some bisexual); fruit a papery capsule</Statement>
            <TaxonName ref="i29"/>
          </Lead>
          <Lead id="k1l63">
            <Parent ref="k1l62"/>
            <Statement>Sepals and petals clearly different</Statement>
          </Lead>
          <Lead id="k1l70">
            <Parent ref="k1l62"/>
            <Statement>Sepals and petals very similar</Statement>
          </Lead>
          <Lead id="k1l64">
            <Parent ref="k1l63"/>
            <Statement>Plant aquatic, plant body submersed or leaves floating to emergent</Statement>
            <TaxonName ref="i13"/>
          </Lead>
          <Lead id="k1l65">
            <Parent ref="k1l63"/>
            <Statement>Plant terrestrial</Statement>
          </Lead>
          <Lead id="k1l66">
            <Parent ref="k1l65"/>
            <Statement>Above-ground stem 0, leaves 2--3(4), all basal; sepals much wider than narrowly linear petals; stamens 3; pedicels twisted, recurved in age; fruit touching soil</Statement>
            <TaxonName ref="i19"/>
          </Lead>
          <Lead id="k1l67">
            <Parent ref="k1l65"/>
            <Statement>Above-ground stem well developed, +- leafy; sepals much narrower than reniform to generally widely ovate petals; stamens 6, sometimes 3 sterile; pedicels not recurved in age; fruit not touching soil</Statement>
          </Lead>
          <Lead id="k1l68">
            <Parent ref="k1l67"/>
            <Statement>Petals glabrous, withering after 1 day; ovary +- spheric; seeds few</Statement>
            <TaxonName ref="i8"/>
          </Lead>
          <Lead id="k1l69">
            <Parent ref="k1l67"/>
            <Statement>Petals hairy, generally persistent several days; ovary +- cylindric; seeds many</Statement>
            <TaxonName ref="i19"/>
          </Lead>
          <Lead id="k1l71">
            <Parent ref="k1l70"/>
            <Statement>Perianth parts generally green to +- brown (red or white), scale-like</Statement>
          </Lead>
          <Lead id="k1l74">
            <Parent ref="k1l70"/>
            <Statement>Perianth parts petal-like in color and texture</Statement>
          </Lead>
          <Lead id="k1l72">
            <Parent ref="k1l71"/>
            <Statement>Inflorescence of 1--many flowers, variously clustered, subtended individually and/or in small groups by bracts; style 1, stigmas 2--3, slender, spreading; fruit a capsule</Statement>
            <TaxonName ref="i15"/>
          </Lead>
          <Lead id="k1l73">
            <Parent ref="k1l71"/>
            <Statement>Inflorescence a bractless raceme; stigmas 3 or 6, +- sessile; fruit breaking into mericarps</Statement>
            <TaxonName ref="i16"/>
          </Lead>
          <Lead id="k1l75">
            <Parent ref="k1l74"/>
            <Statement>Inflorescence an umbel (rarely flower solitary or in short, dense raceme); leaves all basal, arising from bulb or corm</Statement>
          </Lead>
          <Lead id="k1l80">
            <Parent ref="k1l74"/>
            <Statement>Inflorescence various, often a raceme or panicle, if flowers in umbels stem +- leafy or with scale-like bracts; leaves basal and/or cauline, underground parts various</Statement>
          </Lead>
          <Lead id="k1l76">
            <Parent ref="k1l75"/>
            <Statement>Fruit a berry</Statement>
            <TaxonName ref="i19"/>
          </Lead>
          <Lead id="k1l77">
            <Parent ref="k1l75"/>
            <Statement>Fruit a capsule</Statement>
          </Lead>
          <Lead id="k1l78">
            <Parent ref="k1l77"/>
            <Statement>Plant with onion odor; inflorescence bracts 2 (sometimes fused), wholly enclosing immature inflorescence, but generally not formed among pedicels; stems and leaves arising from bulb</Statement>
            <TaxonName ref="i1"/>
          </Lead>
          <Lead id="k1l79">
            <Parent ref="k1l77"/>
            <Statement>Plant without onion odor; inflorescence bracts 3 or more, not wholly enclosing immature inflorescence, and some formed among pedicels; stems and leaves arising from corm</Statement>
            <TaxonName ref="i32"/>
          </Lead>
          <Lead id="k1l81">
            <Parent ref="k1l80"/>
            <Statement>Perianth parts proximally +- fused into tube</Statement>
          </Lead>
          <Lead id="k1l90">
            <Parent ref="k1l80"/>
            <Statement>Perianth parts free or nearly so</Statement>
          </Lead>
          <Lead id="k1l82">
            <Parent ref="k1l81"/>
            <Statement>Plant aquatic, floating on water surface, stranded on mud, or rooting in bottom sediments; flowers generally open only 1 day</Statement>
            <TaxonName ref="i28"/>
          </Lead>
          <Lead id="k1l83">
            <Parent ref="k1l81"/>
            <Statement>Plant generally terrestrial, sometimes in damp soil; flowers generally open &gt; 1 day</Statement>
          </Lead>
          <Lead id="k1l84">
            <Parent ref="k1l83"/>
            <Statement>Ovary underground; perianth tube long, stalk-like</Statement>
            <TaxonName ref="i0"/>
          </Lead>
          <Lead id="k1l85">
            <Parent ref="k1l83"/>
            <Statement>Ovary above-ground; perianth tube not stalk-like</Statement>
          </Lead>
          <Lead id="k1l86">
            <Parent ref="k1l85"/>
            <Statement>Perianth red (yellow)</Statement>
            <TaxonName ref="i5"/>
          </Lead>
          <Lead id="k1l87">
            <Parent ref="k1l85"/>
            <Statement>Perianth white to +- yellow</Statement>
          </Lead>
          <Lead id="k1l88">
            <Parent ref="k1l87"/>
            <Statement>Perianth 45--60 mm; leaves strongly wavy-margined</Statement>
            <TaxonName ref="i0"/>
          </Lead>
          <Lead id="k1l89">
            <Parent ref="k1l87"/>
            <Statement>Perianth 8--12 mm; leaves not wavy-margined</Statement>
            <TaxonName ref="i31"/>
          </Lead>
          <Lead id="k1l91">
            <Parent ref="k1l90"/>
            <Statement>Leaves mostly or all cauline</Statement>
          </Lead>
          <Lead id="k1l96">
            <Parent ref="k1l90"/>
            <Statement>Leaves all basal or basal and cauline</Statement>
          </Lead>
          <Lead id="k1l92">
            <Parent ref="k1l91"/>
            <Statement>Styles 3; flowers bisexual or staminate</Statement>
            <TaxonName ref="i21"/>
          </Lead>
          <Lead id="k1l93">
            <Parent ref="k1l91"/>
            <Statement>Style 1 or stigmas sessile; flowers bisexual</Statement>
          </Lead>
          <Lead id="k1l94">
            <Parent ref="k1l93"/>
            <Statement>Perianth 8--110+ mm</Statement>
            <TaxonName ref="i19"/>
          </Lead>
          <Lead id="k1l95">
            <Parent ref="k1l93"/>
            <Statement>Perianth 1--7 mm</Statement>
            <TaxonName ref="i29"/>
          </Lead>
          <Lead id="k1l97">
            <Parent ref="k1l96"/>
            <Statement>All or some filaments densely hairy</Statement>
          </Lead>
          <Lead id="k1l100">
            <Parent ref="k1l96"/>
            <Statement>Filaments glabrous (or expanded filament base puberulent)</Statement>
          </Lead>
          <Lead id="k1l98">
            <Parent ref="k1l97"/>
            <Statement>Inner 3 filaments hairy</Statement>
            <TaxonName ref="i5"/>
          </Lead>
          <Lead id="k1l99">
            <Parent ref="k1l97"/>
            <Statement>All filaments hairy</Statement>
            <TaxonName ref="i23"/>
          </Lead>
          <Lead id="k1l101">
            <Parent ref="k1l100"/>
            <Statement>Styles 3</Statement>
          </Lead>
          <Lead id="k1l104">
            <Parent ref="k1l100"/>
            <Statement>Style 1 or 0 and stigmas sessile</Statement>
          </Lead>
          <Lead id="k1l102">
            <Parent ref="k1l101"/>
            <Statement>Stem glabrous</Statement>
            <TaxonName ref="i21"/>
          </Lead>
          <Lead id="k1l103">
            <Parent ref="k1l101"/>
            <Statement>Stem glandular</Statement>
            <TaxonName ref="i33"/>
          </Lead>
          <Lead id="k1l105">
            <Parent ref="k1l104"/>
            <Statement>Cauline leaves present, +- well developed</Statement>
            <TaxonName ref="i19"/>
          </Lead>
          <Lead id="k1l106">
            <Parent ref="k1l104"/>
            <Statement>Cauline leaves 0 or reduced to linear or scale-like bracts</Statement>
          </Lead>
          <Lead id="k1l107">
            <Parent ref="k1l106"/>
            <Statement>Leaf lanceolate or ovate to elliptic or obovate</Statement>
            <TaxonName ref="i19"/>
          </Lead>
          <Lead id="k1l108">
            <Parent ref="k1l106"/>
            <Statement>Leaf linear</Statement>
          </Lead>
          <Lead id="k1l109">
            <Parent ref="k1l108"/>
            <Statement>Leaves +- flat, often keeled or wavy-margined; stem generally 1 from bulb</Statement>
            <TaxonName ref="i0"/>
          </Lead>
          <Lead id="k1l110">
            <Parent ref="k1l108"/>
            <Statement>Leaves +- cylindric, hollow; stems several--many from tuber-like rhizome</Statement>
            <TaxonName ref="i5"/>
          </Lead>
        </Leads>
      </IdentificationKey>
    </IdentificationKeys>
  </Dataset>
</Datasets>
