<?xml version="1.0" encoding="UTF-8"?>
<Datasets xmlns="http://rs.tdwg.org/UBIF/2006/" xmlns:xsi="http://www.w3.org/2001/XMLSchema-instance" xsi:schemaLocation="http://rs.tdwg.org/UBIF/2006/ http://rs.tdwg.org/UBIF/2006/Schema/1.1/SDD.xsd">
  <TechnicalMetadata created="2014-12-08T01:24:14">
    <Generator name="KeyBase SDD export" version="0"/>
  </TechnicalMetadata>
  <Dataset xml:lang="en-au">
    <Representation>
      <Label xml:lang="en">Family Group 13</Label>
    </Representation>
    <TaxonNames>
      <TaxonName id="i0">
        <Representation>
          <Label>Araceae</Label>
        </Representation>
      </TaxonName>
      <TaxonName id="i1">
        <Representation>
          <Label>Cyperaceae</Label>
        </Representation>
      </TaxonName>
      <TaxonName id="i2">
        <Representation>
          <Label>Hydrocharitaceae</Label>
        </Representation>
      </TaxonName>
      <TaxonName id="i3">
        <Representation>
          <Label>Juncaceae</Label>
        </Representation>
      </TaxonName>
      <TaxonName id="i4">
        <Representation>
          <Label>Juncaginaceae</Label>
        </Representation>
      </TaxonName>
      <TaxonName id="i5">
        <Representation>
          <Label>Poaceae</Label>
        </Representation>
      </TaxonName>
      <TaxonName id="i6">
        <Representation>
          <Label>Potamogetonaceae</Label>
        </Representation>
      </TaxonName>
      <TaxonName id="i7">
        <Representation>
          <Label>Ruppiaceae</Label>
        </Representation>
      </TaxonName>
      <TaxonName id="i8">
        <Representation>
          <Label>Ruscaceae</Label>
        </Representation>
      </TaxonName>
      <TaxonName id="i9">
        <Representation>
          <Label>Typhaceae</Label>
        </Representation>
      </TaxonName>
      <TaxonName id="i10">
        <Representation>
          <Label>Zannichelliaceae</Label>
        </Representation>
      </TaxonName>
      <TaxonName id="i11">
        <Representation>
          <Label>Zosteraceae</Label>
        </Representation>
      </TaxonName>
    </TaxonNames>
    <IdentificationKeys>
      <IdentificationKey id="k1">
        <Representation>
          <Label xml:lang="en">Family Group 13</Label>
        </Representation>
        <Leads>
          <Lead id="k1l1">
            <Statement>Plant terrestrial, or if aquatic, strongly emergent</Statement>
          </Lead>
          <Lead id="k1l16">
            <Statement>Plant aquatic, submersed or floating</Statement>
          </Lead>
          <Lead id="k1l2">
            <Parent ref="k1l1"/>
            <Statement>Flowers all unisexual; inflorescence either a dense erect spike of staminate flowers directly distal to a spike of pistillate flowers, or a group of several spheric unisexual heads attached to a zigzag main axis, spikes or heads 1--4 cm diam</Statement>
            <TaxonName ref="i9"/>
          </Lead>
          <Lead id="k1l3">
            <Parent ref="k1l1"/>
            <Statement>Flowers bisexual or some or all unisexual; inflorescences of various types, generally &lt; 1 cm diam if spike or head</Statement>
          </Lead>
          <Lead id="k1l4">
            <Parent ref="k1l3"/>
            <Statement>Fruit a berry or capsule with 3--many seeds or breaking into 1-seeded mericarps; perianth segments 4--6, well developed --- actually in two whorls, but this may not be evident in open flowers</Statement>
          </Lead>
          <Lead id="k1l9">
            <Parent ref="k1l3"/>
            <Statement>Fruit an achene or grain, 1-seeded; perianth inconspicuous or 0 or modified as +- conspicuous bristles</Statement>
          </Lead>
          <Lead id="k1l5">
            <Parent ref="k1l4"/>
            <Statement>Leaves with expanded blades; perianth parts petal-like, white or cream</Statement>
            <TaxonName ref="i8"/>
          </Lead>
          <Lead id="k1l6">
            <Parent ref="k1l4"/>
            <Statement>Leaves narrowly linear; perianth parts scale-like, green to +- red or brown</Statement>
          </Lead>
          <Lead id="k1l7">
            <Parent ref="k1l6"/>
            <Statement>Inflorescence of 1--many flowers, variously clustered, subtended individually and/or in small groups by bracts; style 1, stigmas (2)3, linear, spreading; fruit a capsule</Statement>
            <TaxonName ref="i3"/>
          </Lead>
          <Lead id="k1l8">
            <Parent ref="k1l6"/>
            <Statement>Inflorescence a bractless raceme; stigmas 3 or 6, +- sessile, papillate or plumose; fruit breaking into mericarps</Statement>
            <TaxonName ref="i4"/>
          </Lead>
          <Lead id="k1l10">
            <Parent ref="k1l9"/>
            <Statement>Inflorescence a bractless emergent spike of bisexual and sometimes staminate flowers, plus 2 submerged, long-styled, sessile pistillate flowers enclosed by leaf sheath at base of peduncle; stamen 1; stigma 1</Statement>
            <TaxonName ref="i4"/>
          </Lead>
          <Lead id="k1l11">
            <Parent ref="k1l9"/>
            <Statement>Inflorescence 1--many spikelets with flowers individually subtended or enclosed by scale-like bracts; stamens (1)3(6); stigmas 2--3</Statement>
          </Lead>
          <Lead id="k1l12">
            <Parent ref="k1l11"/>
            <Statement>Stem leafless, the leaves all basal, sometimes reduced to bladeless sheaths</Statement>
            <TaxonName ref="i1"/>
          </Lead>
          <Lead id="k1l13">
            <Parent ref="k1l11"/>
            <Statement>Stem at least proximally leafy</Statement>
          </Lead>
          <Lead id="k1l14">
            <Parent ref="k1l13"/>
            <Statement>Stems generally 3-angled (cylindric), generally solid; nodes not swollen; leaves generally 3-ranked; spikelet generally without 2 bractlets at base that do not directly subtend flower parts; each flower subtended by 1 bract (in _Carex_ and _Kobresia_ a second, generally hollow, +- flask-shaped bract [perigynium] surrounds or encloses each pistillate flower); perianth of generally inconspicuous to long-exserted bristles or 0; fruit an achene</Statement>
            <TaxonName ref="i1"/>
          </Lead>
          <Lead id="k1l15">
            <Parent ref="k1l13"/>
            <Statement>Stems cylindric, the internodes generally hollow; nodes swollen, knot-like; leaves 2-ranked or not in obvious ranks; each spikelet generally with 2 bractlets [glumes] at base that do not directly subtend flower parts; each flower generally enclosed by 2 additional bractlets [lemma and palea]; perianth of 2 tiny scales or 0; fruit a grain</Statement>
            <TaxonName ref="i5"/>
          </Lead>
          <Lead id="k1l17">
            <Parent ref="k1l16"/>
            <Statement>Plant raft-like, free-floating or stranded on shore or drying mud, either plant body 0.4--10 mm, not differentiated into stems and leaves with roots unbranched or 0, or plant with floating rosette of widely wedge-shaped, velvety-hairy leaves and many fine, branched roots</Statement>
            <TaxonName ref="i0"/>
          </Lead>
          <Lead id="k1l18">
            <Parent ref="k1l16"/>
            <Statement>Plant not raft-like, generally rooted, &gt;&gt; 1 cm, differentiated into stems and leaves, not forming floating rosettes; roots generally present, often branched; leaves linear, glabrous</Statement>
          </Lead>
          <Lead id="k1l19">
            <Parent ref="k1l18"/>
            <Statement>Leaves opposite or whorled (occasionally alternate at some nodes), all cauline</Statement>
          </Lead>
          <Lead id="k1l22">
            <Parent ref="k1l18"/>
            <Statement>Leaves alternate, basal and/or cauline</Statement>
          </Lead>
          <Lead id="k1l20">
            <Parent ref="k1l19"/>
            <Statement>Leaf coarsely to finely toothed (teeth sometimes appearing +- 0 to naked eye); stipules 0 (leaf base may have ear-like lobes); fruit without a stiff beak</Statement>
            <TaxonName ref="i2"/>
          </Lead>
          <Lead id="k1l21">
            <Parent ref="k1l19"/>
            <Statement>Leaf entire; stipules fused to blade or free, membranous, entire; fruit with a stiff beak</Statement>
            <TaxonName ref="i10"/>
          </Lead>
          <Lead id="k1l23">
            <Parent ref="k1l22"/>
            <Statement>Leaves all +- basal, sheaths overlapping and blades emerging at different levels, but stem internodes very short, not evident --- pistillate flowers paired, axillary, submersed, style 6--20 cm, thread-like, stigma floating, head-like; staminate and bisexual flowers in peduncled spike</Statement>
            <TaxonName ref="i4"/>
          </Lead>
          <Lead id="k1l24">
            <Parent ref="k1l22"/>
            <Statement>Leaves basal and cauline or all cauline, stem internodes evident</Statement>
          </Lead>
          <Lead id="k1l25">
            <Parent ref="k1l24"/>
            <Statement>Inflorescence a dense, spheric head</Statement>
            <TaxonName ref="i9"/>
          </Lead>
          <Lead id="k1l26">
            <Parent ref="k1l24"/>
            <Statement>Inflorescence a spike or flowers solitary</Statement>
          </Lead>
          <Lead id="k1l27">
            <Parent ref="k1l26"/>
            <Statement>Inflorescence a flattened spike enwrapped by a sheathing bract; subtidal or intertidal seawater or brackish water of bays and estuaries</Statement>
            <TaxonName ref="i11"/>
          </Lead>
          <Lead id="k1l28">
            <Parent ref="k1l26"/>
            <Statement>Inflorescence a cylindric spike, short- to long-stalked; freshwater, brackish, or inland saltwater habitat --- carpels actually free but easily misinterpreted</Statement>
          </Lead>
          <Lead id="k1l29">
            <Parent ref="k1l28"/>
            <Statement>Sepals 4; stamens 4; fruits sessile; fresh water in lakes, streams, ponds</Statement>
            <TaxonName ref="i6"/>
          </Lead>
          <Lead id="k1l30">
            <Parent ref="k1l28"/>
            <Statement>Sepals 0; stamens 2; fruits on thread-like stalks; fresh to brackish or salt water in coastal to inland areas</Statement>
            <TaxonName ref="i7"/>
          </Lead>
        </Leads>
      </IdentificationKey>
    </IdentificationKeys>
  </Dataset>
</Datasets>
