<?xml version="1.0" encoding="UTF-8"?>
<Datasets xmlns="http://rs.tdwg.org/UBIF/2006/" xmlns:xsi="http://www.w3.org/2001/XMLSchema-instance" xsi:schemaLocation="http://rs.tdwg.org/UBIF/2006/ http://rs.tdwg.org/UBIF/2006/Schema/1.1/SDD.xsd">
  <TechnicalMetadata created="2014-12-08T01:24:14">
    <Generator name="KeyBase SDD export" version="0"/>
  </TechnicalMetadata>
  <Dataset xml:lang="en-au">
    <Representation>
      <Label xml:lang="en">Family Group 21</Label>
    </Representation>
    <TaxonNames>
      <TaxonName id="i0">
        <Representation>
          <Label>Aizoaceae</Label>
        </Representation>
      </TaxonName>
      <TaxonName id="i1">
        <Representation>
          <Label>Apiaceae</Label>
        </Representation>
      </TaxonName>
      <TaxonName id="i2">
        <Representation>
          <Label>Araliaceae</Label>
        </Representation>
      </TaxonName>
      <TaxonName id="i3">
        <Representation>
          <Label>Cactaceae</Label>
        </Representation>
      </TaxonName>
      <TaxonName id="i4">
        <Representation>
          <Label>Cornaceae</Label>
        </Representation>
      </TaxonName>
      <TaxonName id="i5">
        <Representation>
          <Label>Cucurbitaceae</Label>
        </Representation>
      </TaxonName>
      <TaxonName id="i6">
        <Representation>
          <Label>Grossulariaceae</Label>
        </Representation>
      </TaxonName>
      <TaxonName id="i7">
        <Representation>
          <Label>Hydrangeaceae</Label>
        </Representation>
      </TaxonName>
      <TaxonName id="i8">
        <Representation>
          <Label>Loasaceae</Label>
        </Representation>
      </TaxonName>
      <TaxonName id="i9">
        <Representation>
          <Label>Lythraceae</Label>
        </Representation>
      </TaxonName>
      <TaxonName id="i10">
        <Representation>
          <Label>Myrtaceae</Label>
        </Representation>
      </TaxonName>
      <TaxonName id="i11">
        <Representation>
          <Label>Nymphaeaceae</Label>
        </Representation>
      </TaxonName>
      <TaxonName id="i12">
        <Representation>
          <Label>Onagraceae</Label>
        </Representation>
      </TaxonName>
      <TaxonName id="i13">
        <Representation>
          <Label>Portulacaceae</Label>
        </Representation>
      </TaxonName>
      <TaxonName id="i14">
        <Representation>
          <Label>Rhamnaceae</Label>
        </Representation>
      </TaxonName>
      <TaxonName id="i15">
        <Representation>
          <Label>Rosaceae</Label>
        </Representation>
      </TaxonName>
      <TaxonName id="i16">
        <Representation>
          <Label>Saxifragaceae</Label>
        </Representation>
      </TaxonName>
      <TaxonName id="i17">
        <Representation>
          <Label>Theophrastaceae</Label>
        </Representation>
      </TaxonName>
    </TaxonNames>
    <IdentificationKeys>
      <IdentificationKey id="k1">
        <Representation>
          <Label xml:lang="en">Family Group 21</Label>
        </Representation>
        <Leads>
          <Lead id="k1l1">
            <Statement>Stamens &gt; 2 &times; as many as petals or &gt; 15</Statement>
          </Lead>
          <Lead id="k1l20">
            <Statement>Stamens 2 &times; as many as petals or fewer</Statement>
          </Lead>
          <Lead id="k1l2">
            <Parent ref="k1l1"/>
            <Statement>Style 1</Statement>
          </Lead>
          <Lead id="k1l11">
            <Parent ref="k1l1"/>
            <Statement>Styles or sessile stigmas &gt; 1, sometimes partly fused at base</Statement>
          </Lead>
          <Lead id="k1l3">
            <Parent ref="k1l2"/>
            <Statement>Stem fleshy, spiny (in some _Opuntia_ species only with glochids); sepals and petals indefinite in number and not sharply differentiated, in spirals</Statement>
            <TaxonName ref="i3"/>
          </Lead>
          <Lead id="k1l4">
            <Parent ref="k1l2"/>
            <Statement>Stem not fleshy, generally not spiny; sepals and petals each 3--7, clearly differentiated, in whorls</Statement>
          </Lead>
          <Lead id="k1l5">
            <Parent ref="k1l4"/>
            <Statement>Herb or subshrub with rough, barbed, or stinging hairs</Statement>
            <TaxonName ref="i8"/>
          </Lead>
          <Lead id="k1l6">
            <Parent ref="k1l4"/>
            <Statement>Tree or shrub lacking such hairs</Statement>
          </Lead>
          <Lead id="k1l7">
            <Parent ref="k1l6"/>
            <Statement>Ovary only 1/2 inferior, the free portion conic, especially in fruit</Statement>
            <TaxonName ref="i7"/>
          </Lead>
          <Lead id="k1l8">
            <Parent ref="k1l6"/>
            <Statement>Ovary +- wholly inferior, the free portion, if any, rounded</Statement>
          </Lead>
          <Lead id="k1l9">
            <Parent ref="k1l8"/>
            <Statement>Leaf generally dotted with embedded oil glands, often strongly scented when crushed; ovary chambers generally 2--5, all at 1 level; flowers variously colored</Statement>
            <TaxonName ref="i10"/>
          </Lead>
          <Lead id="k1l10">
            <Parent ref="k1l8"/>
            <Statement>Leaf not gland-dotted, not strongly scented; ovary chambers generally 5 or more, some at different levels in the ovary; flowers bright red-orange to pale yellow</Statement>
            <TaxonName ref="i9"/>
          </Lead>
          <Lead id="k1l12">
            <Parent ref="k1l11"/>
            <Statement>Shrub or tree, woody throughout, not fleshy; petals generally 4--5</Statement>
          </Lead>
          <Lead id="k1l15">
            <Parent ref="k1l11"/>
            <Statement>Herb or plant woody only at base, generally +- fleshy; petals 4--many</Statement>
          </Lead>
          <Lead id="k1l13">
            <Parent ref="k1l12"/>
            <Statement>Leaves opposite; fruit a capsule</Statement>
            <TaxonName ref="i7"/>
          </Lead>
          <Lead id="k1l14">
            <Parent ref="k1l12"/>
            <Statement>Leaves alternate; fruit a pome</Statement>
            <TaxonName ref="i15"/>
          </Lead>
          <Lead id="k1l16">
            <Parent ref="k1l15"/>
            <Statement>Plant aquatic; leaf blades and flowers floating at water surface</Statement>
            <TaxonName ref="i11"/>
          </Lead>
          <Lead id="k1l17">
            <Parent ref="k1l15"/>
            <Statement>Plant terrestrial; leaves and flowers not floating</Statement>
          </Lead>
          <Lead id="k1l18">
            <Parent ref="k1l17"/>
            <Statement>Sepals 4--8; petals many</Statement>
            <TaxonName ref="i0"/>
          </Lead>
          <Lead id="k1l19">
            <Parent ref="k1l17"/>
            <Statement>Sepals 2; petals 5</Statement>
            <TaxonName ref="i13"/>
          </Lead>
          <Lead id="k1l21">
            <Parent ref="k1l20"/>
            <Statement>Stamens opposite and = in number to petals</Statement>
          </Lead>
          <Lead id="k1l24">
            <Parent ref="k1l20"/>
            <Statement>Stamens alternate petals or different in number</Statement>
          </Lead>
          <Lead id="k1l22">
            <Parent ref="k1l21"/>
            <Statement>Shrub or tree</Statement>
            <TaxonName ref="i14"/>
          </Lead>
          <Lead id="k1l23">
            <Parent ref="k1l21"/>
            <Statement>Herb --- petals actually slightly fused at base, easily misinterpreted as free</Statement>
            <TaxonName ref="i17"/>
          </Lead>
          <Lead id="k1l25">
            <Parent ref="k1l24"/>
            <Statement>Style 1, sometimes distally branched</Statement>
          </Lead>
          <Lead id="k1l40">
            <Parent ref="k1l24"/>
            <Statement>Styles &gt; 1</Statement>
          </Lead>
          <Lead id="k1l26">
            <Parent ref="k1l25"/>
            <Statement>Plant a tendril-bearing vine; flowers unisexual, plant monoecious --- corolla sometimes so deeply divided that petals appear to be free</Statement>
            <TaxonName ref="i5"/>
          </Lead>
          <Lead id="k1l27">
            <Parent ref="k1l25"/>
            <Statement>Plant not tendril-bearing; flowers generally bisexual</Statement>
          </Lead>
          <Lead id="k1l28">
            <Parent ref="k1l27"/>
            <Statement>Ovules &gt; 1 per chamber</Statement>
          </Lead>
          <Lead id="k1l33">
            <Parent ref="k1l27"/>
            <Statement>Ovule 1 per chamber or perennial herb ovary</Statement>
          </Lead>
          <Lead id="k1l29">
            <Parent ref="k1l28"/>
            <Statement>Herb (subshrub)</Statement>
            <TaxonName ref="i12"/>
          </Lead>
          <Lead id="k1l30">
            <Parent ref="k1l28"/>
            <Statement>Shrub</Statement>
          </Lead>
          <Lead id="k1l31">
            <Parent ref="k1l30"/>
            <Statement>Stamens 5, free; leaves ovate or obovate to round, generally palmately 3--5-lobed, generally toothed; glands stalked or 0</Statement>
            <TaxonName ref="i6"/>
          </Lead>
          <Lead id="k1l32">
            <Parent ref="k1l30"/>
            <Statement>Stamens 10, fused in ring with staminodes; leaves linear needle-like, entire, opposite; glands embedded in leaves</Statement>
            <TaxonName ref="i10"/>
          </Lead>
          <Lead id="k1l34">
            <Parent ref="k1l33"/>
            <Statement>Leaves alternate</Statement>
          </Lead>
          <Lead id="k1l37">
            <Parent ref="k1l33"/>
            <Statement>Leaves opposite; sepals and petals 4(5)</Statement>
          </Lead>
          <Lead id="k1l35">
            <Parent ref="k1l34"/>
            <Statement>Plant a non-desert, sprawling, woody vine (flower stems +- erect); leaves smooth, dark green, often palmately lobed; inflorescence a cluster of umbels; fruit a berry</Statement>
            <TaxonName ref="i2"/>
          </Lead>
          <Lead id="k1l36">
            <Parent ref="k1l34"/>
            <Statement>Plant a low-desert perennial herb; leaves generally scabrous, pale green, unlobed; inflorescence +- a raceme; fruit an achene</Statement>
            <TaxonName ref="i8"/>
          </Lead>
          <Lead id="k1l38">
            <Parent ref="k1l37"/>
            <Statement>Perennial herb to tree; inflorescence an umbel, head, or cyme; fruit a drupe</Statement>
            <TaxonName ref="i4"/>
          </Lead>
          <Lead id="k1l39">
            <Parent ref="k1l37"/>
            <Statement>Annual; inflorescence a spike or spike-like raceme; fruit indehiscent, nut-like</Statement>
            <TaxonName ref="i12"/>
          </Lead>
          <Lead id="k1l41">
            <Parent ref="k1l40"/>
            <Statement>Seeds 1--2 per chamber</Statement>
          </Lead>
          <Lead id="k1l48">
            <Parent ref="k1l40"/>
            <Statement>Seeds generally several--many per chamber</Statement>
          </Lead>
          <Lead id="k1l42">
            <Parent ref="k1l41"/>
            <Statement>Inflorescences of umbels or heads (spike in _Hydrocotyle verticillata_)</Statement>
          </Lead>
          <Lead id="k1l45">
            <Parent ref="k1l41"/>
            <Statement>Inflorescences various but not of umbels, heads, or spikes</Statement>
          </Lead>
          <Lead id="k1l43">
            <Parent ref="k1l42"/>
            <Statement>Leaves various [if round-reniform, plant terrestrial], glabrous or hairy; inflorescence generally compound umbel (occasionally simple umbel, head)</Statement>
            <TaxonName ref="i1"/>
          </Lead>
          <Lead id="k1l44">
            <Parent ref="k1l42"/>
            <Statement>Leaves round-peltate or -reniform, glabrous; plant aquatic with stolons or rhizomes, floating or rooted in shallow water or on mud; inflorescence simple umbel or spike</Statement>
            <TaxonName ref="i2"/>
          </Lead>
          <Lead id="k1l46">
            <Parent ref="k1l45"/>
            <Statement>Leaves alternate; hypanthium well developed; fruit a pome</Statement>
            <TaxonName ref="i15"/>
          </Lead>
          <Lead id="k1l47">
            <Parent ref="k1l45"/>
            <Statement>Leaves opposite; hypanthium very short or 0; fruit a capsule</Statement>
            <TaxonName ref="i7"/>
          </Lead>
          <Lead id="k1l49">
            <Parent ref="k1l48"/>
            <Statement>Sepals 2; leaves fleshy</Statement>
            <TaxonName ref="i13"/>
          </Lead>
          <Lead id="k1l50">
            <Parent ref="k1l48"/>
            <Statement>Sepals 4--5; leaves generally not fleshy</Statement>
          </Lead>
          <Lead id="k1l51">
            <Parent ref="k1l50"/>
            <Statement>Herb</Statement>
            <TaxonName ref="i16"/>
          </Lead>
          <Lead id="k1l52">
            <Parent ref="k1l50"/>
            <Statement>Shrub</Statement>
          </Lead>
          <Lead id="k1l53">
            <Parent ref="k1l52"/>
            <Statement>Stamens 4--5</Statement>
            <TaxonName ref="i6"/>
          </Lead>
          <Lead id="k1l54">
            <Parent ref="k1l52"/>
            <Statement>Stamens 10</Statement>
            <TaxonName ref="i7"/>
          </Lead>
        </Leads>
      </IdentificationKey>
    </IdentificationKeys>
  </Dataset>
</Datasets>
