<?xml version="1.0" encoding="UTF-8"?>
<Datasets xmlns="http://rs.tdwg.org/UBIF/2006/" xmlns:xsi="http://www.w3.org/2001/XMLSchema-instance" xsi:schemaLocation="http://rs.tdwg.org/UBIF/2006/ http://rs.tdwg.org/UBIF/2006/Schema/1.1/SDD.xsd">
  <TechnicalMetadata created="2014-12-08T01:24:13">
    <Generator name="KeyBase SDD export" version="0"/>
  </TechnicalMetadata>
  <Dataset xml:lang="en-au">
    <Representation>
      <Label xml:lang="en">Family Group 12</Label>
    </Representation>
    <TaxonNames>
      <TaxonName id="i0">
        <Representation>
          <Label>Anacardiaceae</Label>
        </Representation>
      </TaxonName>
      <TaxonName id="i1">
        <Representation>
          <Label>Aristolochiaceae</Label>
        </Representation>
      </TaxonName>
      <TaxonName id="i2">
        <Representation>
          <Label>Asteraceae</Label>
        </Representation>
      </TaxonName>
      <TaxonName id="i3">
        <Representation>
          <Label>Cannabaceae</Label>
        </Representation>
      </TaxonName>
      <TaxonName id="i4">
        <Representation>
          <Label>Caprifoliaceae</Label>
        </Representation>
      </TaxonName>
      <TaxonName id="i5">
        <Representation>
          <Label>Chenopodiaceae</Label>
        </Representation>
      </TaxonName>
      <TaxonName id="i6">
        <Representation>
          <Label>Elaeagnaceae</Label>
        </Representation>
      </TaxonName>
      <TaxonName id="i7">
        <Representation>
          <Label>Ericaceae</Label>
        </Representation>
      </TaxonName>
      <TaxonName id="i8">
        <Representation>
          <Label>Euphorbiaceae</Label>
        </Representation>
      </TaxonName>
      <TaxonName id="i9">
        <Representation>
          <Label>Fabaceae</Label>
        </Representation>
      </TaxonName>
      <TaxonName id="i10">
        <Representation>
          <Label>Lauraceae</Label>
        </Representation>
      </TaxonName>
      <TaxonName id="i11">
        <Representation>
          <Label>Malvaceae</Label>
        </Representation>
      </TaxonName>
      <TaxonName id="i12">
        <Representation>
          <Label>Moraceae</Label>
        </Representation>
      </TaxonName>
      <TaxonName id="i13">
        <Representation>
          <Label>Myrtaceae</Label>
        </Representation>
      </TaxonName>
      <TaxonName id="i14">
        <Representation>
          <Label>Oleaceae</Label>
        </Representation>
      </TaxonName>
      <TaxonName id="i15">
        <Representation>
          <Label>Papaveraceae</Label>
        </Representation>
      </TaxonName>
      <TaxonName id="i16">
        <Representation>
          <Label>Picrodendraceae</Label>
        </Representation>
      </TaxonName>
      <TaxonName id="i17">
        <Representation>
          <Label>Platanaceae</Label>
        </Representation>
      </TaxonName>
      <TaxonName id="i18">
        <Representation>
          <Label>Polygonaceae</Label>
        </Representation>
      </TaxonName>
      <TaxonName id="i19">
        <Representation>
          <Label>Proteaceae</Label>
        </Representation>
      </TaxonName>
      <TaxonName id="i20">
        <Representation>
          <Label>Rhamnaceae</Label>
        </Representation>
      </TaxonName>
      <TaxonName id="i21">
        <Representation>
          <Label>Rosaceae</Label>
        </Representation>
      </TaxonName>
      <TaxonName id="i22">
        <Representation>
          <Label>Rubiaceae</Label>
        </Representation>
      </TaxonName>
      <TaxonName id="i23">
        <Representation>
          <Label>Sapindaceae</Label>
        </Representation>
      </TaxonName>
      <TaxonName id="i24">
        <Representation>
          <Label>Simmondsiaceae</Label>
        </Representation>
      </TaxonName>
      <TaxonName id="i25">
        <Representation>
          <Label>Thymelaeaceae</Label>
        </Representation>
      </TaxonName>
      <TaxonName id="i26">
        <Representation>
          <Label>Ulmaceae</Label>
        </Representation>
      </TaxonName>
      <TaxonName id="i27">
        <Representation>
          <Label>Viscaceae</Label>
        </Representation>
      </TaxonName>
      <TaxonName id="i28">
        <Representation>
          <Label>Vitaceae</Label>
        </Representation>
      </TaxonName>
    </TaxonNames>
    <IdentificationKeys>
      <IdentificationKey id="k1">
        <Representation>
          <Label xml:lang="en">Family Group 12</Label>
        </Representation>
        <Leads>
          <Lead id="k1l1">
            <Statement>Plant parasitic on stem of woody host plant</Statement>
            <TaxonName ref="i27"/>
          </Lead>
          <Lead id="k1l2">
            <Statement>Plant rooted in soil, not parasitic</Statement>
          </Lead>
          <Lead id="k1l3">
            <Parent ref="k1l2"/>
            <Statement>Inflorescence a dense spike or a spheric head, or flowers enclosed within a fleshy, hollow receptacle</Statement>
          </Lead>
          <Lead id="k1l12">
            <Parent ref="k1l2"/>
            <Statement>Inflorescence not a dense spike or a spheric head, flowers not enclosed in a fleshy, hollow receptacle</Statement>
          </Lead>
          <Lead id="k1l4">
            <Parent ref="k1l3"/>
            <Statement>Leaves pinnately compound or modified into linear to oblong or narrowly elliptic, entire, flattened axes without leaflets; fruit a legume --- perianth actually of 2 whorls, the calyx easily overlooked</Statement>
            <TaxonName ref="i9"/>
          </Lead>
          <Lead id="k1l5">
            <Parent ref="k1l3"/>
            <Statement>Leaves simple, ovate or wider in overall outline, entire, toothed, or palmately lobed; fruit not a legume</Statement>
          </Lead>
          <Lead id="k1l6">
            <Parent ref="k1l5"/>
            <Statement>Inflorescence a hollow receptacle enclosing many tiny flowers; ripened inflorescence an externally smooth, fleshy multiple fruit [a fig]; milky latex present</Statement>
            <TaxonName ref="i12"/>
          </Lead>
          <Lead id="k1l7">
            <Parent ref="k1l5"/>
            <Statement>Inflorescence a short, dense spike or a head; ripened pistillate inflorescence an externally roughened spike or spheric head; milky latex present or 0</Statement>
          </Lead>
          <Lead id="k1l8">
            <Parent ref="k1l7"/>
            <Statement>Perianth parts fused into a tube; flowers bisexual</Statement>
            <TaxonName ref="i2"/>
          </Lead>
          <Lead id="k1l9">
            <Parent ref="k1l7"/>
            <Statement>Perianth parts free; flowers unisexual</Statement>
          </Lead>
          <Lead id="k1l10">
            <Parent ref="k1l9"/>
            <Statement>Lf-blade entire to toothed, sometimes irregularly few-lobed, faces glabrous or sparsely short-hairy; ripened pistillate inflorescence a fleshy spike or head; milky latex present; petiole base not expanded, not covering axillary bud; stipules membranous, free, generally early-deciduous</Statement>
            <TaxonName ref="i12"/>
          </Lead>
          <Lead id="k1l11">
            <Parent ref="k1l9"/>
            <Statement>Lf-blade +- deeply palmately lobed, the lobes entire or +- toothed, faces densely stellate-tomentose when young; ripened pistillate inflorescence a dry head of long-stiff-hairy achenes; milky latex 0; petiole base expanded, covering axillary bud; stipules large and green, fused around stem, persistent or deciduous --- pistils actually &gt; 1</Statement>
            <TaxonName ref="i17"/>
          </Lead>
          <Lead id="k1l13">
            <Parent ref="k1l12"/>
            <Statement>Flowers unisexual, plant monoecious; pistillate inflorescence 1--5-flowered, maturing as a bur with spiny, knob-like, or membranous bract tips; staminate inflorescence a head</Statement>
            <TaxonName ref="i2"/>
          </Lead>
          <Lead id="k1l14">
            <Parent ref="k1l12"/>
            <Statement>Flowers bisexual, or if unisexual, pistillate inflorescence not 1--5-flowered and maturing as a bur with spiny, knob-like, or membranous bract tips; staminate inflorescence various</Statement>
          </Lead>
          <Lead id="k1l15">
            <Parent ref="k1l14"/>
            <Statement>Ovary inferior, partly so, or appearing so</Statement>
          </Lead>
          <Lead id="k1l26">
            <Parent ref="k1l14"/>
            <Statement>Ovary superior</Statement>
          </Lead>
          <Lead id="k1l16">
            <Parent ref="k1l15"/>
            <Statement>Herbage covered with silvery scales; fruit drupe-like --- ovary actually superior, ripening as an achene, tightly enclosed by hypanthium base that becomes fleshy at maturity</Statement>
            <TaxonName ref="i6"/>
          </Lead>
          <Lead id="k1l17">
            <Parent ref="k1l15"/>
            <Statement>Herbage without silvery scales; fruit various</Statement>
          </Lead>
          <Lead id="k1l18">
            <Parent ref="k1l17"/>
            <Statement>Inflorescence unit an involucred head, superficially resembling a single flower</Statement>
            <TaxonName ref="i2"/>
          </Lead>
          <Lead id="k1l19">
            <Parent ref="k1l17"/>
            <Statement>Inflorescence open or flowers solitary or paired</Statement>
          </Lead>
          <Lead id="k1l20">
            <Parent ref="k1l19"/>
            <Statement>Trees, evergreen; stamens many; leaves aromatic --- perianth early-deciduous as cap</Statement>
            <TaxonName ref="i13"/>
          </Lead>
          <Lead id="k1l21">
            <Parent ref="k1l19"/>
            <Statement>Shrubs or woody vines, evergreen or deciduous; stamens 4--12; leaves generally not aromatic</Statement>
          </Lead>
          <Lead id="k1l22">
            <Parent ref="k1l21"/>
            <Statement>Perianth rotate, lobes &gt;&gt; tube; leaves whorled; fruit 2-lobed</Statement>
            <TaxonName ref="i22"/>
          </Lead>
          <Lead id="k1l23">
            <Parent ref="k1l21"/>
            <Statement>Perianth tubular, lobes &lt;&lt; tube; leaves alternate or opposite; fruit not lobed</Statement>
          </Lead>
          <Lead id="k1l24">
            <Parent ref="k1l23"/>
            <Statement>Leaves alternate; perianth tube U-shaped; twining vine</Statement>
            <TaxonName ref="i1"/>
          </Lead>
          <Lead id="k1l25">
            <Parent ref="k1l23"/>
            <Statement>Leaves opposite; perianth tube straight; erect shrub</Statement>
            <TaxonName ref="i4"/>
          </Lead>
          <Lead id="k1l27">
            <Parent ref="k1l26"/>
            <Statement>Leaves opposite or whorled</Statement>
          </Lead>
          <Lead id="k1l42">
            <Parent ref="k1l26"/>
            <Statement>Leaves alternate</Statement>
          </Lead>
          <Lead id="k1l28">
            <Parent ref="k1l27"/>
            <Statement>Fruit winged, indehiscent; leaves generally lobed or compound</Statement>
          </Lead>
          <Lead id="k1l31">
            <Parent ref="k1l27"/>
            <Statement>Fruit not winged; leaves simple, entire or toothed</Statement>
          </Lead>
          <Lead id="k1l29">
            <Parent ref="k1l28"/>
            <Statement>Style evident, stigma 1, entire or slightly 2-lobed; fruit 1-winged, not splitting; leaves pinnately compound (leaflet generally 1 in Fraxinus anomala)</Statement>
            <TaxonName ref="i14"/>
          </Lead>
          <Lead id="k1l30">
            <Parent ref="k1l28"/>
            <Statement>Style very short, stigmas 2(3), elongate; fruit 2(3)-winged, generally splitting into mericarps; leaves palmately lobed or compound or pinnately compound</Statement>
            <TaxonName ref="i23"/>
          </Lead>
          <Lead id="k1l32">
            <Parent ref="k1l31"/>
            <Statement>Flowers bisexual; stamens 20--25(30)</Statement>
            <TaxonName ref="i21"/>
          </Lead>
          <Lead id="k1l33">
            <Parent ref="k1l31"/>
            <Statement>Flowers unisexual; stamens generally 3--12</Statement>
          </Lead>
          <Lead id="k1l34">
            <Parent ref="k1l33"/>
            <Statement>Leaf covered with silvery scales</Statement>
            <TaxonName ref="i6"/>
          </Lead>
          <Lead id="k1l35">
            <Parent ref="k1l33"/>
            <Statement>Leaf glabrous or +- hairy</Statement>
          </Lead>
          <Lead id="k1l36">
            <Parent ref="k1l35"/>
            <Statement>Leaves needle-like, abaxially grooved</Statement>
            <TaxonName ref="i7"/>
          </Lead>
          <Lead id="k1l37">
            <Parent ref="k1l35"/>
            <Statement>Leaves not needle-like, not grooved</Statement>
          </Lead>
          <Lead id="k1l38">
            <Parent ref="k1l37"/>
            <Statement>Staminate and pistillate flowers in sessile umbels; style 1, stigma entire or 2-lobed</Statement>
            <TaxonName ref="i14"/>
          </Lead>
          <Lead id="k1l39">
            <Parent ref="k1l37"/>
            <Statement>Staminate flowers clustered, pistillate flowers generally solitary; styles or stigmas (2)3--5</Statement>
          </Lead>
          <Lead id="k1l40">
            <Parent ref="k1l39"/>
            <Statement>Staminate inflorescence a raceme or panicle, flowers clearly stalked; fruit 3--4-lobed</Statement>
            <TaxonName ref="i16"/>
          </Lead>
          <Lead id="k1l41">
            <Parent ref="k1l39"/>
            <Statement>Staminate inflorescence head-like, flowers subsessile; fruit unlobed</Statement>
            <TaxonName ref="i24"/>
          </Lead>
          <Lead id="k1l43">
            <Parent ref="k1l42"/>
            <Statement>Leaves pinnately compound or very deeply pinnately divided</Statement>
          </Lead>
          <Lead id="k1l48">
            <Parent ref="k1l42"/>
            <Statement>Leaves simple, sometimes lobed</Statement>
          </Lead>
          <Lead id="k1l44">
            <Parent ref="k1l43"/>
            <Statement>Perianth parts +- brown-green, inconspicuous, bract-like; flowers unisexual, plants dioecious</Statement>
            <TaxonName ref="i0"/>
          </Lead>
          <Lead id="k1l45">
            <Parent ref="k1l43"/>
            <Statement>Perianth parts petal-like, conspicuous; flowers bisexual</Statement>
          </Lead>
          <Lead id="k1l46">
            <Parent ref="k1l45"/>
            <Statement>Shrub; flowers solitary; perianth radial, parts 6, white --- sepals actually present in bud, but early-deciduous, 0 in open flower</Statement>
            <TaxonName ref="i15"/>
          </Lead>
          <Lead id="k1l47">
            <Parent ref="k1l45"/>
            <Statement>Tree; flowers in raceme; perianth bilateral, parts 4, yellow or orange, proximally +- red</Statement>
            <TaxonName ref="i19"/>
          </Lead>
          <Lead id="k1l49">
            <Parent ref="k1l48"/>
            <Statement>Inflorescence flower-like with a cup-like involucre bearing colored, often petal-like nectaries; each stamen [actually a staminate flower] with a jointed stalk [composed of a filament and a pedicel]; pistil [actually pistillate flower] 3-lobed, generally exserted from involucre; milky latex present</Statement>
            <TaxonName ref="i8"/>
          </Lead>
          <Lead id="k1l50">
            <Parent ref="k1l48"/>
            <Statement>Inflorescences various, but not flower-like; stamens generally &gt; 1 per flower, the filaments not jointed; pistils various; milky latex generally 0</Statement>
          </Lead>
          <Lead id="k1l51">
            <Parent ref="k1l50"/>
            <Statement>Anthers opening by pores with hinged lids; leaf strongly aromatic --- 2-whorled nature of perianth may not be evident in open flowers</Statement>
            <TaxonName ref="i10"/>
          </Lead>
          <Lead id="k1l52">
            <Parent ref="k1l50"/>
            <Statement>Anthers opening by slits; leaf generally not aromatic</Statement>
          </Lead>
          <Lead id="k1l53">
            <Parent ref="k1l52"/>
            <Statement>Leaves fleshy, cylindric to +- flat</Statement>
            <TaxonName ref="i5"/>
          </Lead>
          <Lead id="k1l54">
            <Parent ref="k1l52"/>
            <Statement>Leaves not fleshy, generally flat</Statement>
          </Lead>
          <Lead id="k1l55">
            <Parent ref="k1l54"/>
            <Statement>Leaf palmately veined and lobed</Statement>
          </Lead>
          <Lead id="k1l60">
            <Parent ref="k1l54"/>
            <Statement>Leaf pinnately veined or only midvein evident, generally unlobed</Statement>
          </Lead>
          <Lead id="k1l56">
            <Parent ref="k1l55"/>
            <Statement>Woody vine; tendrils present --- calyx 0 or reduced to an entire or slightly lobed rim, easily overlooked</Statement>
            <TaxonName ref="i28"/>
          </Lead>
          <Lead id="k1l57">
            <Parent ref="k1l55"/>
            <Statement>Erect or spreading shrub; tendrils 0</Statement>
          </Lead>
          <Lead id="k1l58">
            <Parent ref="k1l57"/>
            <Statement>Leaf peltate, glabrous; flowers unisexual, perianth parts +- green, free; stamens very many, the filaments irregularly joined in clusters</Statement>
            <TaxonName ref="i8"/>
          </Lead>
          <Lead id="k1l59">
            <Parent ref="k1l57"/>
            <Statement>Leaf not peltate, stellate-hairy; flowers bisexual, perianth parts yellow or orange to +- red, petal-like; stamens 5, filaments fused in 1 group</Statement>
            <TaxonName ref="i11"/>
          </Lead>
          <Lead id="k1l61">
            <Parent ref="k1l60"/>
            <Statement>Perianth parts 2--3 cm, bright yellow; ovules many --- sepals actually present in bud, but early-deciduous, 0 in open flower</Statement>
            <TaxonName ref="i15"/>
          </Lead>
          <Lead id="k1l62">
            <Parent ref="k1l60"/>
            <Statement>Perianth parts generally &lt; 1.5 cm, generally not yellow and petal-like; ovules 1--2 per chamber</Statement>
          </Lead>
          <Lead id="k1l63">
            <Parent ref="k1l62"/>
            <Statement>Plant covered with +- gray or silvery scales</Statement>
          </Lead>
          <Lead id="k1l68">
            <Parent ref="k1l62"/>
            <Statement>Plant without scales</Statement>
          </Lead>
          <Lead id="k1l64">
            <Parent ref="k1l63"/>
            <Statement>Flowers tubular in proximal half, some or all bisexual; tree or large shrub; leaves linear-lanceolate to oblong</Statement>
            <TaxonName ref="i6"/>
          </Lead>
          <Lead id="k1l65">
            <Parent ref="k1l63"/>
            <Statement>Flowers not tubular, all unisexual, plant dioecious; shrub; leaves various</Statement>
          </Lead>
          <Lead id="k1l66">
            <Parent ref="k1l65"/>
            <Statement>Ovary of pistillate flower enclosed by 2 appressed bracts; leaf surface scales powder-like, not stellate</Statement>
            <TaxonName ref="i5"/>
          </Lead>
          <Lead id="k1l67">
            <Parent ref="k1l65"/>
            <Statement>Ovary of pistillate flower subtended by 5 sepals; leaf surface scales stellate</Statement>
            <TaxonName ref="i8"/>
          </Lead>
          <Lead id="k1l69">
            <Parent ref="k1l68"/>
            <Statement>Perianth parts 6 --- 2-whorled nature of perianth may not be evident in open flowers</Statement>
          </Lead>
          <Lead id="k1l72">
            <Parent ref="k1l68"/>
            <Statement>Perianth parts generally 4 or 5</Statement>
          </Lead>
          <Lead id="k1l70">
            <Parent ref="k1l69"/>
            <Statement>Flowers solitary, axillary, unisexual; fruit a berry</Statement>
            <TaxonName ref="i7"/>
          </Lead>
          <Lead id="k1l71">
            <Parent ref="k1l69"/>
            <Statement>Flowers in involucred umbels, bisexual; fruit an achene</Statement>
            <TaxonName ref="i18"/>
          </Lead>
          <Lead id="k1l73">
            <Parent ref="k1l72"/>
            <Statement>Stamens = in number to and alternate sepals</Statement>
            <TaxonName ref="i20"/>
          </Lead>
          <Lead id="k1l74">
            <Parent ref="k1l72"/>
            <Statement>Stamens = in number to and opposite sepals or &gt; in number than sepals</Statement>
          </Lead>
          <Lead id="k1l75">
            <Parent ref="k1l74"/>
            <Statement>Style and stigma 1</Statement>
          </Lead>
          <Lead id="k1l78">
            <Parent ref="k1l74"/>
            <Statement>Styles or stigmas 2--4</Statement>
          </Lead>
          <Lead id="k1l76">
            <Parent ref="k1l75"/>
            <Statement>Style feathery with long, stiff hairs; fruit an achene surrounded by a tubular hypanthium; branches stiff</Statement>
            <TaxonName ref="i21"/>
          </Lead>
          <Lead id="k1l77">
            <Parent ref="k1l75"/>
            <Statement>Style glabrous; fruit an exposed drupe; branches pliable --- corolla 0 or reduced to minute scales, easily overlooked</Statement>
            <TaxonName ref="i25"/>
          </Lead>
          <Lead id="k1l79">
            <Parent ref="k1l78"/>
            <Statement>Fruit a drupe; flowers staminate and bisexual</Statement>
            <TaxonName ref="i3"/>
          </Lead>
          <Lead id="k1l80">
            <Parent ref="k1l78"/>
            <Statement>Fruit a winged nutlet or splitting into 1--2-seeded segments that release seeds; flowers unisexual or bisexual</Statement>
          </Lead>
          <Lead id="k1l81">
            <Parent ref="k1l80"/>
            <Statement>Tree; fruit a flattened, round to ovate, 2-winged nutlet</Statement>
            <TaxonName ref="i26"/>
          </Lead>
          <Lead id="k1l82">
            <Parent ref="k1l80"/>
            <Statement>Shrub; fruit splitting into segments</Statement>
          </Lead>
          <Lead id="k1l83">
            <Parent ref="k1l82"/>
            <Statement>Leaves elliptic, crenate; fruit segments 1-seeded</Statement>
            <TaxonName ref="i8"/>
          </Lead>
          <Lead id="k1l84">
            <Parent ref="k1l82"/>
            <Statement>Leaves oblanceolate to obovate, entire; fruit segments 1--2-seeded</Statement>
            <TaxonName ref="i16"/>
          </Lead>
        </Leads>
      </IdentificationKey>
    </IdentificationKeys>
  </Dataset>
</Datasets>
