<?xml version="1.0" encoding="UTF-8"?>
<Datasets xmlns="http://rs.tdwg.org/UBIF/2006/" xmlns:xsi="http://www.w3.org/2001/XMLSchema-instance" xsi:schemaLocation="http://rs.tdwg.org/UBIF/2006/ http://rs.tdwg.org/UBIF/2006/Schema/1.1/SDD.xsd">
  <TechnicalMetadata created="2014-12-08T01:24:14">
    <Generator name="KeyBase SDD export" version="0"/>
  </TechnicalMetadata>
  <Dataset xml:lang="en-au">
    <Representation>
      <Label xml:lang="en">Family Group 9</Label>
    </Representation>
    <TaxonNames>
      <TaxonName id="i0">
        <Representation>
          <Label>Anacardiaceae</Label>
        </Representation>
      </TaxonName>
      <TaxonName id="i1">
        <Representation>
          <Label>Aquifoliaceae</Label>
        </Representation>
      </TaxonName>
      <TaxonName id="i2">
        <Representation>
          <Label>Arecaceae</Label>
        </Representation>
      </TaxonName>
      <TaxonName id="i3">
        <Representation>
          <Label>Asteraceae</Label>
        </Representation>
      </TaxonName>
      <TaxonName id="i4">
        <Representation>
          <Label>Betulaceae</Label>
        </Representation>
      </TaxonName>
      <TaxonName id="i5">
        <Representation>
          <Label>Burseraceae</Label>
        </Representation>
      </TaxonName>
      <TaxonName id="i6">
        <Representation>
          <Label>Chenopodiaceae</Label>
        </Representation>
      </TaxonName>
      <TaxonName id="i7">
        <Representation>
          <Label>Elaeagnaceae</Label>
        </Representation>
      </TaxonName>
      <TaxonName id="i8">
        <Representation>
          <Label>Ephedraceae</Label>
        </Representation>
      </TaxonName>
      <TaxonName id="i9">
        <Representation>
          <Label>Ericaceae</Label>
        </Representation>
      </TaxonName>
      <TaxonName id="i10">
        <Representation>
          <Label>Euphorbiaceae</Label>
        </Representation>
      </TaxonName>
      <TaxonName id="i11">
        <Representation>
          <Label>Fabaceae</Label>
        </Representation>
      </TaxonName>
      <TaxonName id="i12">
        <Representation>
          <Label>Fagaceae</Label>
        </Representation>
      </TaxonName>
      <TaxonName id="i13">
        <Representation>
          <Label>Garryaceae</Label>
        </Representation>
      </TaxonName>
      <TaxonName id="i14">
        <Representation>
          <Label>Juglandaceae</Label>
        </Representation>
      </TaxonName>
      <TaxonName id="i15">
        <Representation>
          <Label>Lauraceae</Label>
        </Representation>
      </TaxonName>
      <TaxonName id="i16">
        <Representation>
          <Label>Moraceae</Label>
        </Representation>
      </TaxonName>
      <TaxonName id="i17">
        <Representation>
          <Label>Myricaceae</Label>
        </Representation>
      </TaxonName>
      <TaxonName id="i18">
        <Representation>
          <Label>Oleaceae</Label>
        </Representation>
      </TaxonName>
      <TaxonName id="i19">
        <Representation>
          <Label>Picrodendraceae</Label>
        </Representation>
      </TaxonName>
      <TaxonName id="i20">
        <Representation>
          <Label>Pittosporaceae</Label>
        </Representation>
      </TaxonName>
      <TaxonName id="i21">
        <Representation>
          <Label>Platanaceae</Label>
        </Representation>
      </TaxonName>
      <TaxonName id="i22">
        <Representation>
          <Label>Ranunculaceae</Label>
        </Representation>
      </TaxonName>
      <TaxonName id="i23">
        <Representation>
          <Label>Rhamnaceae</Label>
        </Representation>
      </TaxonName>
      <TaxonName id="i24">
        <Representation>
          <Label>Rosaceae</Label>
        </Representation>
      </TaxonName>
      <TaxonName id="i25">
        <Representation>
          <Label>Rubiaceae</Label>
        </Representation>
      </TaxonName>
      <TaxonName id="i26">
        <Representation>
          <Label>Ruscaceae</Label>
        </Representation>
      </TaxonName>
      <TaxonName id="i27">
        <Representation>
          <Label>Rutaceae</Label>
        </Representation>
      </TaxonName>
      <TaxonName id="i28">
        <Representation>
          <Label>Salicaceae</Label>
        </Representation>
      </TaxonName>
      <TaxonName id="i29">
        <Representation>
          <Label>Sapindaceae</Label>
        </Representation>
      </TaxonName>
      <TaxonName id="i30">
        <Representation>
          <Label>Sarcobataceae</Label>
        </Representation>
      </TaxonName>
      <TaxonName id="i31">
        <Representation>
          <Label>Scrophulariaceae</Label>
        </Representation>
      </TaxonName>
      <TaxonName id="i32">
        <Representation>
          <Label>Simaroubaceae</Label>
        </Representation>
      </TaxonName>
      <TaxonName id="i33">
        <Representation>
          <Label>Simmondsiaceae</Label>
        </Representation>
      </TaxonName>
      <TaxonName id="i34">
        <Representation>
          <Label>Smilacaceae</Label>
        </Representation>
      </TaxonName>
      <TaxonName id="i35">
        <Representation>
          <Label>Viscaceae</Label>
        </Representation>
      </TaxonName>
      <TaxonName id="i36">
        <Representation>
          <Label>Vitaceae</Label>
        </Representation>
      </TaxonName>
    </TaxonNames>
    <IdentificationKeys>
      <IdentificationKey id="k1">
        <Representation>
          <Label xml:lang="en">Family Group 9</Label>
        </Representation>
        <Leads>
          <Lead id="k1l1">
            <Statement>Plant parasitic on stem of woody host plant</Statement>
            <TaxonName ref="i35"/>
          </Lead>
          <Lead id="k1l2">
            <Statement>Plant free-living, rooted in ground</Statement>
          </Lead>
          <Lead id="k1l3">
            <Parent ref="k1l2"/>
            <Statement>Trunk unbranched, generally stout, often covered with persistent woody leaf bases; leaves 4--7 m, pinnately compound</Statement>
            <TaxonName ref="i2"/>
          </Lead>
          <Lead id="k1l4">
            <Parent ref="k1l2"/>
            <Statement>Trunk(s) generally branched, slender to stout, generally not covered with persistent leaf bases; leaves generally much smaller, simple or compound</Statement>
          </Lead>
          <Lead id="k1l5">
            <Parent ref="k1l4"/>
            <Statement>Leaves stiff and sword-like, 0.6--2 m, base much expanded, white, fleshy; inflorescence a large panicle</Statement>
            <TaxonName ref="i26"/>
          </Lead>
          <Lead id="k1l6">
            <Parent ref="k1l4"/>
            <Statement>Leaves not sword-like, mostly smaller, base not much expanded, white, and fleshy; inflorescences various</Statement>
          </Lead>
          <Lead id="k1l7">
            <Parent ref="k1l6"/>
            <Statement>Leaves opposite or whorled</Statement>
          </Lead>
          <Lead id="k1l36">
            <Parent ref="k1l6"/>
            <Statement>Leaves alternate (leaf often opposite a tendril or an inflorescence in Vitaceae)</Statement>
          </Lead>
          <Lead id="k1l8">
            <Parent ref="k1l7"/>
            <Statement>Leaves compound</Statement>
          </Lead>
          <Lead id="k1l15">
            <Parent ref="k1l7"/>
            <Statement>Leaves simple</Statement>
          </Lead>
          <Lead id="k1l9">
            <Parent ref="k1l8"/>
            <Statement>Leaves palmate; leaflets 3</Statement>
            <TaxonName ref="i29"/>
          </Lead>
          <Lead id="k1l10">
            <Parent ref="k1l8"/>
            <Statement>Leaves pinnate; leaflets often &gt; 3</Statement>
          </Lead>
          <Lead id="k1l11">
            <Parent ref="k1l10"/>
            <Statement>Woody vine; sepals generally 4, conspicuous, petal-like; pistils many; styles elongated and plumose in fruit</Statement>
            <TaxonName ref="i22"/>
          </Lead>
          <Lead id="k1l12">
            <Parent ref="k1l10"/>
            <Statement>Tree or large shrub; sepals generally 5 or number difficult to determine, very small; pistil 1; styles never plumose</Statement>
          </Lead>
          <Lead id="k1l13">
            <Parent ref="k1l12"/>
            <Statement>Stigmas short, on slender style; ovary not winged in flower; fruit a 1-winged achene, not splitting</Statement>
            <TaxonName ref="i18"/>
          </Lead>
          <Lead id="k1l14">
            <Parent ref="k1l12"/>
            <Statement>Stigmas linear, +- sessile; ovary with 2 short wings in flower; fruit generally splitting into winged mericarps</Statement>
            <TaxonName ref="i29"/>
          </Lead>
          <Lead id="k1l16">
            <Parent ref="k1l15"/>
            <Statement>Margins of leaves toothed</Statement>
            <TaxonName ref="i19"/>
          </Lead>
          <Lead id="k1l17">
            <Parent ref="k1l15"/>
            <Statement>Margins of leaves entire</Statement>
          </Lead>
          <Lead id="k1l18">
            <Parent ref="k1l17"/>
            <Statement>Weak-stemmed shrub</Statement>
          </Lead>
          <Lead id="k1l21">
            <Parent ref="k1l17"/>
            <Statement>Stouter shrub or tree</Statement>
          </Lead>
          <Lead id="k1l19">
            <Parent ref="k1l18"/>
            <Statement>Perianth parts in 3s, free; ovary superior, unlobed, smooth; NCo</Statement>
            <TaxonName ref="i9"/>
          </Lead>
          <Lead id="k1l20">
            <Parent ref="k1l18"/>
            <Statement>Perianth parts in 4s, fused; ovary inferior, +- bilobed, smooth to covered with short bristles; widespread</Statement>
            <TaxonName ref="i25"/>
          </Lead>
          <Lead id="k1l22">
            <Parent ref="k1l21"/>
            <Statement>Stems and leaves covered with silvery scales</Statement>
            <TaxonName ref="i7"/>
          </Lead>
          <Lead id="k1l23">
            <Parent ref="k1l21"/>
            <Statement>Stems and leaves glabrous or variously hairy</Statement>
          </Lead>
          <Lead id="k1l24">
            <Parent ref="k1l23"/>
            <Statement>Petals fused proximally</Statement>
          </Lead>
          <Lead id="k1l27">
            <Parent ref="k1l23"/>
            <Statement>Petals free or 0</Statement>
          </Lead>
          <Lead id="k1l25">
            <Parent ref="k1l24"/>
            <Statement>Leaves glossy</Statement>
            <TaxonName ref="i25"/>
          </Lead>
          <Lead id="k1l26">
            <Parent ref="k1l24"/>
            <Statement>Leaves densely hairy</Statement>
            <TaxonName ref="i31"/>
          </Lead>
          <Lead id="k1l28">
            <Parent ref="k1l27"/>
            <Statement>Flowers in pendent catkins</Statement>
            <TaxonName ref="i13"/>
          </Lead>
          <Lead id="k1l29">
            <Parent ref="k1l27"/>
            <Statement>Flowers not in catkins</Statement>
          </Lead>
          <Lead id="k1l30">
            <Parent ref="k1l29"/>
            <Statement>Stems green, jointed; leaves thin, dry, scarious, scale-like, often early-deciduous --- structures appearing to be flowers actually ovulate cones of a gymnosperm</Statement>
            <TaxonName ref="i8"/>
          </Lead>
          <Lead id="k1l31">
            <Parent ref="k1l29"/>
            <Statement>Stems gray or brown or only young stems green, not jointed; leaves thin or thick, green, not dry and scarious, not scale-like, persistent or deciduous</Statement>
          </Lead>
          <Lead id="k1l32">
            <Parent ref="k1l31"/>
            <Statement>Leaves thick, leathery, evergreen; flowers solitary; sepals well developed</Statement>
            <TaxonName ref="i33"/>
          </Lead>
          <Lead id="k1l33">
            <Parent ref="k1l31"/>
            <Statement>Leaves thin, deciduous; flowers in sessile, axillary clusters or short-peduncled racemes; sepals very small</Statement>
          </Lead>
          <Lead id="k1l34">
            <Parent ref="k1l33"/>
            <Statement>Flowers subsessile, solitary or few in axils; styles 3--4; ovary 3--4-lobed; fruit a capsule</Statement>
            <TaxonName ref="i19"/>
          </Lead>
          <Lead id="k1l35">
            <Parent ref="k1l33"/>
            <Statement>Flowers pedicelled, in axillary clusters; style 1; ovary unlobed; fruit a drupe</Statement>
            <TaxonName ref="i18"/>
          </Lead>
          <Lead id="k1l37">
            <Parent ref="k1l36"/>
            <Statement>Tendrils present; plant a vine; inflorescence an umbel or panicle; fruit a berry</Statement>
          </Lead>
          <Lead id="k1l40">
            <Parent ref="k1l36"/>
            <Statement>Tendrils 0; plant a shrub or tree, rarely a vine; inflorescence, fruit various</Statement>
          </Lead>
          <Lead id="k1l38">
            <Parent ref="k1l37"/>
            <Statement>Inflorescence an umbel</Statement>
            <TaxonName ref="i34"/>
          </Lead>
          <Lead id="k1l39">
            <Parent ref="k1l37"/>
            <Statement>Inflorescence a panicle</Statement>
            <TaxonName ref="i36"/>
          </Lead>
          <Lead id="k1l41">
            <Parent ref="k1l40"/>
            <Statement>Flowers in catkins or catkin-like spikes</Statement>
          </Lead>
          <Lead id="k1l58">
            <Parent ref="k1l40"/>
            <Statement>Flowers not in catkins or spikes --- ovules never produced in cone-like catkins</Statement>
          </Lead>
          <Lead id="k1l42">
            <Parent ref="k1l41"/>
            <Statement>Leaves compound</Statement>
          </Lead>
          <Lead id="k1l45">
            <Parent ref="k1l41"/>
            <Statement>Leaves simple</Statement>
          </Lead>
          <Lead id="k1l43">
            <Parent ref="k1l42"/>
            <Statement>Leaves 1--2-pinnate, leaflets entire; fruit a long, flat +- indehiscent legume</Statement>
            <TaxonName ref="i11"/>
          </Lead>
          <Lead id="k1l44">
            <Parent ref="k1l42"/>
            <Statement>Leaves 1-pinnate, leaflets serrate; fruit a small 2-winged nut</Statement>
            <TaxonName ref="i14"/>
          </Lead>
          <Lead id="k1l46">
            <Parent ref="k1l45"/>
            <Statement>Shrubs of +- saline desert habitats; leaves +- thick and fleshy or very narrow and densely hairy; spikes erect or very short and axillary</Statement>
            <TaxonName ref="i6"/>
          </Lead>
          <Lead id="k1l47">
            <Parent ref="k1l45"/>
            <Statement>Shrubs or trees, generally of moister habitats; leaves thin and wide; spikes or catkins erect or pendent</Statement>
          </Lead>
          <Lead id="k1l48">
            <Parent ref="k1l47"/>
            <Statement>Stipules 0</Statement>
          </Lead>
          <Lead id="k1l51">
            <Parent ref="k1l47"/>
            <Statement>Stipules present, evident at least on new growth, sometimes deciduous but leaving evident scars</Statement>
          </Lead>
          <Lead id="k1l49">
            <Parent ref="k1l48"/>
            <Statement>Leaves sessile; blades +- gray, entire, not resin-dotted; flowers enclosed by a pair of bractlets; fruit an achene or utricle, enclosed between and falling together with papery or hardened bractlets</Statement>
            <TaxonName ref="i6"/>
          </Lead>
          <Lead id="k1l50">
            <Parent ref="k1l48"/>
            <Statement>Leaves petioled; blades green, crenate or serrate, resin-dotted; flowers subtended by 2--4 bractlets; fruit a papillate, wax-coated drupe, free of subtending bractlets, or an achene enclosed by and falling together with a pair of spongy bractlets</Statement>
            <TaxonName ref="i17"/>
          </Lead>
          <Lead id="k1l52">
            <Parent ref="k1l51"/>
            <Statement>Styles repeatedly branched into many fine, thread-like divisions; ovary 3-lobed, maturing as a capsule; stems brittle; shrub</Statement>
            <TaxonName ref="i10"/>
          </Lead>
          <Lead id="k1l53">
            <Parent ref="k1l51"/>
            <Statement>Styles or style branches 2--4, generally not further divided; ovary generally unlobed, the fruits various; stems mostly not brittle; shrub or tree</Statement>
          </Lead>
          <Lead id="k1l54">
            <Parent ref="k1l53"/>
            <Statement>Catkins very dense at time of flower; only stigmas exserted beyond tips of tightly appressed bractlets; at maturity either catkin +- cone-like with ovaries ripening as winged achenes or bractlets expanding into 1 or more tubular involucres, each surrounding a nut</Statement>
            <TaxonName ref="i4"/>
          </Lead>
          <Lead id="k1l55">
            <Parent ref="k1l53"/>
            <Statement>Catkins looser at time of flower; bractlets, if present, not tightly appressed, the ovaries or calyces generally visible on close inspection; at maturity either catkin becoming a +- open cluster of capsules or a fleshy multiple fruit</Statement>
          </Lead>
          <Lead id="k1l56">
            <Parent ref="k1l55"/>
            <Statement>Ovary tightly enwrapped by 4 appressed sepals; catkin bractlets 0; sepals fleshy at maturity, together with ovaries maturing as a multiple fruit</Statement>
            <TaxonName ref="i16"/>
          </Lead>
          <Lead id="k1l57">
            <Parent ref="k1l55"/>
            <Statement>Ovary not enclosed by sepals, calyx 0 or represented by an entire or slightly lobed rim; flowers subtended by bractlets, these sometimes deciduous; ovary ripening as a capsule containing several--many hair-tufted seeds</Statement>
            <TaxonName ref="i28"/>
          </Lead>
          <Lead id="k1l59">
            <Parent ref="k1l58"/>
            <Statement>Leaves and stems generally with many straight, weak, slender prickles</Statement>
            <TaxonName ref="i24"/>
          </Lead>
          <Lead id="k1l60">
            <Parent ref="k1l58"/>
            <Statement>Leaves and stems without many straight, weak prickles (rarely with stout prickles), sometimes stems thorny or leaves spiny-margined</Statement>
          </Lead>
          <Lead id="k1l61">
            <Parent ref="k1l60"/>
            <Statement>Leaves palmately lobed</Statement>
          </Lead>
          <Lead id="k1l64">
            <Parent ref="k1l60"/>
            <Statement>Leaves not palmately lobed</Statement>
          </Lead>
          <Lead id="k1l62">
            <Parent ref="k1l61"/>
            <Statement>Inflorescence an erect terminal panicle; shrubs; bark not flaking in large plates; leaves peltate, glabrous</Statement>
            <TaxonName ref="i10"/>
          </Lead>
          <Lead id="k1l63">
            <Parent ref="k1l61"/>
            <Statement>Inflorescence axillary, generally drooping, of 1--7 spheric heads along an axis; trees; bark flaking from trunks in large plates; leaves obtuse to cordate at base, densely tomentose when young</Statement>
            <TaxonName ref="i21"/>
          </Lead>
          <Lead id="k1l65">
            <Parent ref="k1l64"/>
            <Statement>Stems and leaves stellate-hairy</Statement>
          </Lead>
          <Lead id="k1l68">
            <Parent ref="k1l64"/>
            <Statement>Stems and leaves glabrous or hairy but not stellate</Statement>
          </Lead>
          <Lead id="k1l66">
            <Parent ref="k1l65"/>
            <Statement>Ovary clearly superior, 2--4-lobed; fruit a capsule; involucre 0; (sub)shrub with entire leaves or desert shrub with crenate leaves</Statement>
            <TaxonName ref="i10"/>
          </Lead>
          <Lead id="k1l67">
            <Parent ref="k1l65"/>
            <Statement>Ovary inferior but sepals very small and often concealed by bractlets of involucre; fruit either an ovoid nut, subtended by a cup-like involucre, or a triangular nut, surrounded in groups of 1--3 by a bur-like involucre; shrub or tree with leaves entire, toothed, or pinnately lobed but not crenate</Statement>
            <TaxonName ref="i12"/>
          </Lead>
          <Lead id="k1l69">
            <Parent ref="k1l68"/>
            <Statement>Leaves compound</Statement>
          </Lead>
          <Lead id="k1l78">
            <Parent ref="k1l68"/>
            <Statement>Leaves simple</Statement>
          </Lead>
          <Lead id="k1l70">
            <Parent ref="k1l69"/>
            <Statement>Petals 0; ovary inferior --- fruit a nut with a +- dehiscent husk</Statement>
            <TaxonName ref="i14"/>
          </Lead>
          <Lead id="k1l71">
            <Parent ref="k1l69"/>
            <Statement>Petals present; ovary or ovaries superior</Statement>
          </Lead>
          <Lead id="k1l72">
            <Parent ref="k1l71"/>
            <Statement>Leaflets with a few gland-tipped teeth near base; ovaries 5--6, joined only at style; fruit a cluster of winged achenes</Statement>
            <TaxonName ref="i32"/>
          </Lead>
          <Lead id="k1l73">
            <Parent ref="k1l71"/>
            <Statement>Leaflets entire or teeth not gland-tipped; ovary 1; fruit of 1 drupe, capsule, or winged achene</Statement>
          </Lead>
          <Lead id="k1l74">
            <Parent ref="k1l73"/>
            <Statement>Leaves strongly aromatic, dotted with minute, translucent glands; fruit a winged achene</Statement>
            <TaxonName ref="i27"/>
          </Lead>
          <Lead id="k1l75">
            <Parent ref="k1l73"/>
            <Statement>Leaves aromatic or not, not dotted with translucent glands; fruit a drupe or capsule</Statement>
          </Lead>
          <Lead id="k1l76">
            <Parent ref="k1l75"/>
            <Statement>Leaflets 3--20, lance-linear to ovate, 10--130 mm; fruit a drupe</Statement>
            <TaxonName ref="i0"/>
          </Lead>
          <Lead id="k1l77">
            <Parent ref="k1l75"/>
            <Statement>Leaflets 7--33, linear-oblong or narrowly elliptic, 2--10 mm; fruit drupe-like when young, capsule-like in age</Statement>
            <TaxonName ref="i5"/>
          </Lead>
          <Lead id="k1l79">
            <Parent ref="k1l78"/>
            <Statement>Corolla 0; perianth parts 0 or in 1 series</Statement>
          </Lead>
          <Lead id="k1l92">
            <Parent ref="k1l78"/>
            <Statement>Corolla present; perianth parts in 2 series</Statement>
          </Lead>
          <Lead id="k1l80">
            <Parent ref="k1l79"/>
            <Statement>Inflorescence a dense, spheric head; styles long, spreading; fruits and knobby-tipped, fleshy sepals ripening as a large multiple fruit</Statement>
            <TaxonName ref="i16"/>
          </Lead>
          <Lead id="k1l81">
            <Parent ref="k1l79"/>
            <Statement>Inflorescence not a spheric head; styles not long, spreading; fruits and sepals not forming multiple fruit</Statement>
          </Lead>
          <Lead id="k1l82">
            <Parent ref="k1l81"/>
            <Statement>Flowers subtended or surrounded at base by an involucre of tiny scale-like bractlets; fruit an ovoid nut, subtended by a cup-like involucre; ovary inferior</Statement>
            <TaxonName ref="i12"/>
          </Lead>
          <Lead id="k1l83">
            <Parent ref="k1l81"/>
            <Statement>Flowers without an involucre; fruit an achene, utricle, capsule, or drupe; ovary inferior or superior</Statement>
          </Lead>
          <Lead id="k1l84">
            <Parent ref="k1l83"/>
            <Statement>Calyx 0; flowers or fruits each enclosed by a pair of tightly appressed bracts</Statement>
            <TaxonName ref="i6"/>
          </Lead>
          <Lead id="k1l85">
            <Parent ref="k1l83"/>
            <Statement>Calyx present; flowers or fruits not enclosed by a pair of tightly appressed bracts</Statement>
          </Lead>
          <Lead id="k1l86">
            <Parent ref="k1l85"/>
            <Statement>Leaves strongly aromatic</Statement>
            <TaxonName ref="i15"/>
          </Lead>
          <Lead id="k1l87">
            <Parent ref="k1l85"/>
            <Statement>Leaves not aromatic</Statement>
          </Lead>
          <Lead id="k1l88">
            <Parent ref="k1l87"/>
            <Statement>Leaves fleshy, linear, +- cylindric; calyx fused to ovary, winged in fruit</Statement>
            <TaxonName ref="i30"/>
          </Lead>
          <Lead id="k1l89">
            <Parent ref="k1l87"/>
            <Statement>Leaves not fleshy, linear to round, flat; calyx free from ovary, not winged in fruit</Statement>
          </Lead>
          <Lead id="k1l90">
            <Parent ref="k1l89"/>
            <Statement>Sepals free; fruit a capsule</Statement>
            <TaxonName ref="i19"/>
          </Lead>
          <Lead id="k1l91">
            <Parent ref="k1l89"/>
            <Statement>Sepals fused; fruit a drupe</Statement>
            <TaxonName ref="i23"/>
          </Lead>
          <Lead id="k1l93">
            <Parent ref="k1l92"/>
            <Statement>Shrub with thorny green stems; leaves early deciduous, scale-like to narrowly oblong</Statement>
            <TaxonName ref="i32"/>
          </Lead>
          <Lead id="k1l94">
            <Parent ref="k1l92"/>
            <Statement>Tree, shrub, or woody vine, generally not thorny; leaves generally present, sometimes deciduous in winter or dry season</Statement>
          </Lead>
          <Lead id="k1l95">
            <Parent ref="k1l94"/>
            <Statement>Flower parts in 3s</Statement>
            <TaxonName ref="i9"/>
          </Lead>
          <Lead id="k1l96">
            <Parent ref="k1l94"/>
            <Statement>Flower parts generally in 4s or 5s</Statement>
          </Lead>
          <Lead id="k1l97">
            <Parent ref="k1l96"/>
            <Statement>Flowers in involucred heads, these generally in open to dense clusters; ovary 1 per flower, inferior; calyx modified as a white to +- brown pappus</Statement>
            <TaxonName ref="i3"/>
          </Lead>
          <Lead id="k1l98">
            <Parent ref="k1l96"/>
            <Statement>Flowers not in heads; ovaries 1--5, superior; calyx green, not modified</Statement>
          </Lead>
          <Lead id="k1l99">
            <Parent ref="k1l98"/>
            <Statement>Hypanthium present</Statement>
          </Lead>
          <Lead id="k1l102">
            <Parent ref="k1l98"/>
            <Statement>Hypanthium 0</Statement>
          </Lead>
          <Lead id="k1l100">
            <Parent ref="k1l99"/>
            <Statement>Ovary 1; petals &lt;= 1 mm, +- yellow; inflorescence an axillary cyme</Statement>
            <TaxonName ref="i23"/>
          </Lead>
          <Lead id="k1l101">
            <Parent ref="k1l99"/>
            <Statement>Ovaries generally 5; petals 3--6 mm, white; inflorescence a raceme</Statement>
            <TaxonName ref="i24"/>
          </Lead>
          <Lead id="k1l103">
            <Parent ref="k1l102"/>
            <Statement>Flower parts in 4s; leaves spiny-toothed or entire</Statement>
            <TaxonName ref="i1"/>
          </Lead>
          <Lead id="k1l104">
            <Parent ref="k1l102"/>
            <Statement>Flower parts generally in 5s; leaves entire to lobed, not spiny-toothed</Statement>
          </Lead>
          <Lead id="k1l105">
            <Parent ref="k1l104"/>
            <Statement>Petals 1--5 mm; fruit a drupe</Statement>
            <TaxonName ref="i0"/>
          </Lead>
          <Lead id="k1l106">
            <Parent ref="k1l104"/>
            <Statement>Petals 10--15 mm; fruit a capsule --- seeds sticky</Statement>
            <TaxonName ref="i20"/>
          </Lead>
        </Leads>
      </IdentificationKey>
    </IdentificationKeys>
  </Dataset>
</Datasets>
