<?xml version="1.0" encoding="UTF-8"?>
<Datasets xmlns="http://rs.tdwg.org/UBIF/2006/" xmlns:xsi="http://www.w3.org/2001/XMLSchema-instance" xsi:schemaLocation="http://rs.tdwg.org/UBIF/2006/ http://rs.tdwg.org/UBIF/2006/Schema/1.1/SDD.xsd">
  <TechnicalMetadata created="2014-12-08T01:24:13">
    <Generator name="KeyBase SDD export" version="0"/>
  </TechnicalMetadata>
  <Dataset xml:lang="en-au">
    <Representation>
      <Label xml:lang="en">Family Group 22</Label>
    </Representation>
    <TaxonNames>
      <TaxonName id="i0">
        <Representation>
          <Label>Cistaceae</Label>
        </Representation>
      </TaxonName>
      <TaxonName id="i1">
        <Representation>
          <Label>Euphorbiaceae</Label>
        </Representation>
      </TaxonName>
      <TaxonName id="i2">
        <Representation>
          <Label>Fabaceae</Label>
        </Representation>
      </TaxonName>
      <TaxonName id="i3">
        <Representation>
          <Label>Hydrangeaceae</Label>
        </Representation>
      </TaxonName>
      <TaxonName id="i4">
        <Representation>
          <Label>Hypericaceae</Label>
        </Representation>
      </TaxonName>
      <TaxonName id="i5">
        <Representation>
          <Label>Lythraceae</Label>
        </Representation>
      </TaxonName>
      <TaxonName id="i6">
        <Representation>
          <Label>Malvaceae</Label>
        </Representation>
      </TaxonName>
      <TaxonName id="i7">
        <Representation>
          <Label>Montiaceae</Label>
        </Representation>
      </TaxonName>
      <TaxonName id="i8">
        <Representation>
          <Label>Nitrariaceae</Label>
        </Representation>
      </TaxonName>
      <TaxonName id="i9">
        <Representation>
          <Label>Nymphaeaceae</Label>
        </Representation>
      </TaxonName>
      <TaxonName id="i10">
        <Representation>
          <Label>Papaveraceae</Label>
        </Representation>
      </TaxonName>
      <TaxonName id="i11">
        <Representation>
          <Label>Polygalaceae</Label>
        </Representation>
      </TaxonName>
      <TaxonName id="i12">
        <Representation>
          <Label>Resedaceae</Label>
        </Representation>
      </TaxonName>
      <TaxonName id="i13">
        <Representation>
          <Label>Rosaceae</Label>
        </Representation>
      </TaxonName>
      <TaxonName id="i14">
        <Representation>
          <Label>Sarraceniaceae</Label>
        </Representation>
      </TaxonName>
      <TaxonName id="i15">
        <Representation>
          <Label>Saxifragaceae</Label>
        </Representation>
      </TaxonName>
    </TaxonNames>
    <IdentificationKeys>
      <IdentificationKey id="k1">
        <Representation>
          <Label xml:lang="en">Family Group 22</Label>
        </Representation>
        <Leads>
          <Lead id="k1l1">
            <Statement>Ovary chamber 1</Statement>
          </Lead>
          <Lead id="k1l18">
            <Statement>Ovary chambers 2--many</Statement>
          </Lead>
          <Lead id="k1l2">
            <Parent ref="k1l1"/>
            <Statement>Hypanthium present</Statement>
          </Lead>
          <Lead id="k1l7">
            <Parent ref="k1l1"/>
            <Statement>Hypanthium 0</Statement>
          </Lead>
          <Lead id="k1l3">
            <Parent ref="k1l2"/>
            <Statement>Sepals fused into conical cap that falls away as flower opens, 0 in open flower; petals 4 --- funnel-shaped receptacle readily misinterpreted as a hypanthium</Statement>
            <TaxonName ref="i10"/>
          </Lead>
          <Lead id="k1l4">
            <Parent ref="k1l2"/>
            <Statement>Sepals present in open flower; petals (2)5</Statement>
          </Lead>
          <Lead id="k1l5">
            <Parent ref="k1l4"/>
            <Statement>Flowers +- radial; petals generally 5, oblanceolate to +- round, not recurved</Statement>
            <TaxonName ref="i13"/>
          </Lead>
          <Lead id="k1l6">
            <Parent ref="k1l4"/>
            <Statement>Flowers strongly bilateral; petals 2, narrowly awl-like, recurved --- sepals obovate; fruit opening before seeds mature, becoming widely dehiscent</Statement>
            <TaxonName ref="i15"/>
          </Lead>
          <Lead id="k1l8">
            <Parent ref="k1l7"/>
            <Statement>Inflorescence a spike or 1--many heads</Statement>
          </Lead>
          <Lead id="k1l11">
            <Parent ref="k1l7"/>
            <Statement>Inflorescence a cyme, raceme, panicle, or umbel, or flower solitary</Statement>
          </Lead>
          <Lead id="k1l9">
            <Parent ref="k1l8"/>
            <Statement>Shrub or tree; fruit a legume</Statement>
            <TaxonName ref="i2"/>
          </Lead>
          <Lead id="k1l10">
            <Parent ref="k1l8"/>
            <Statement>Herb; fruit a capsule, dehiscent at tip</Statement>
            <TaxonName ref="i12"/>
          </Lead>
          <Lead id="k1l12">
            <Parent ref="k1l11"/>
            <Statement>Sepals 2--3 (fused into conical cap in _Eschscholzia_), early-deciduous, 0 in open flower; latex generally present [at least in roots], generally milky or colored</Statement>
            <TaxonName ref="i10"/>
          </Lead>
          <Lead id="k1l13">
            <Parent ref="k1l11"/>
            <Statement>Sepals 2--5(8), persistent; milky or colored latex 0</Statement>
          </Lead>
          <Lead id="k1l14">
            <Parent ref="k1l13"/>
            <Statement>Filaments fused at base into 3--5 bunches</Statement>
            <TaxonName ref="i4"/>
          </Lead>
          <Lead id="k1l15">
            <Parent ref="k1l13"/>
            <Statement>Filaments free to base</Statement>
          </Lead>
          <Lead id="k1l16">
            <Parent ref="k1l15"/>
            <Statement>Sepals 3 or 5; placentas parietal, ovary chamber 1 (or +- 3--12 from intruded placentas); annual to shrub; plant hairy (+- glabrous), not at all fleshy; capsule splitting by valves</Statement>
            <TaxonName ref="i0"/>
          </Lead>
          <Lead id="k1l17">
            <Parent ref="k1l15"/>
            <Statement>Sepals 2--8; placentas free-central, ovary chamber 1; annual or taprooted perennial herb; plant +- glabrous, generally +- fleshy; capsule circumscissile or splitting by valves</Statement>
            <TaxonName ref="i7"/>
          </Lead>
          <Lead id="k1l19">
            <Parent ref="k1l18"/>
            <Statement>Leaves hollow, tubular, often holding watery fluid within</Statement>
            <TaxonName ref="i14"/>
          </Lead>
          <Lead id="k1l20">
            <Parent ref="k1l18"/>
            <Statement>Leaves with ordinary flat blades</Statement>
          </Lead>
          <Lead id="k1l21">
            <Parent ref="k1l20"/>
            <Statement>Plant aquatic; leaves 1--4 dm, oblong or ovate to round, floating or rising a short distance above the water surface</Statement>
            <TaxonName ref="i9"/>
          </Lead>
          <Lead id="k1l22">
            <Parent ref="k1l20"/>
            <Statement>Plant terrestrial, sometimes in wet soil; leaves often &lt; 1 dm</Statement>
          </Lead>
          <Lead id="k1l23">
            <Parent ref="k1l22"/>
            <Statement>Flowers unisexual --- ovary 3-lobed</Statement>
            <TaxonName ref="i1"/>
          </Lead>
          <Lead id="k1l24">
            <Parent ref="k1l22"/>
            <Statement>Flowers bisexual</Statement>
          </Lead>
          <Lead id="k1l25">
            <Parent ref="k1l24"/>
            <Statement>Filaments fused into tube around style; anther chamber 1 or appearing so</Statement>
          </Lead>
          <Lead id="k1l28">
            <Parent ref="k1l24"/>
            <Statement>Filaments free or fused at base into groups; anther chambers 2</Statement>
          </Lead>
          <Lead id="k1l26">
            <Parent ref="k1l25"/>
            <Statement>Flowers radial; stamens many; filament tube cylindric</Statement>
            <TaxonName ref="i6"/>
          </Lead>
          <Lead id="k1l27">
            <Parent ref="k1l25"/>
            <Statement>Flowers bilateral; stamens 6--8; filament tube open on one side</Statement>
            <TaxonName ref="i11"/>
          </Lead>
          <Lead id="k1l29">
            <Parent ref="k1l28"/>
            <Statement>Leaves opposite or whorled (distal occasionally alternate), entire</Statement>
          </Lead>
          <Lead id="k1l34">
            <Parent ref="k1l28"/>
            <Statement>Leaves alternate throughout, entire to lobed</Statement>
          </Lead>
          <Lead id="k1l30">
            <Parent ref="k1l29"/>
            <Statement>Petals yellow (salmon)</Statement>
            <TaxonName ref="i4"/>
          </Lead>
          <Lead id="k1l31">
            <Parent ref="k1l29"/>
            <Statement>Petals white to purple</Statement>
          </Lead>
          <Lead id="k1l32">
            <Parent ref="k1l31"/>
            <Statement>Shrub --- ovary actually 1/2 inferior but easily interpreted as superior</Statement>
            <TaxonName ref="i3"/>
          </Lead>
          <Lead id="k1l33">
            <Parent ref="k1l31"/>
            <Statement>Herb</Statement>
            <TaxonName ref="i5"/>
          </Lead>
          <Lead id="k1l35">
            <Parent ref="k1l34"/>
            <Statement>Hypanthium present</Statement>
            <TaxonName ref="i13"/>
          </Lead>
          <Lead id="k1l36">
            <Parent ref="k1l34"/>
            <Statement>Hypanthium 0</Statement>
          </Lead>
          <Lead id="k1l37">
            <Parent ref="k1l36"/>
            <Statement>Petals 4--5; sepals 4--5, present in open flower, persistent in fruit; stamens 12--15</Statement>
            <TaxonName ref="i8"/>
          </Lead>
          <Lead id="k1l38">
            <Parent ref="k1l36"/>
            <Statement>Petals 6; sepals 3, early-deciduous, 0 in open flower; stamens many</Statement>
            <TaxonName ref="i10"/>
          </Lead>
        </Leads>
      </IdentificationKey>
    </IdentificationKeys>
  </Dataset>
</Datasets>
