<?xml version="1.0" encoding="UTF-8"?>
<Datasets xmlns="http://rs.tdwg.org/UBIF/2006/" xmlns:xsi="http://www.w3.org/2001/XMLSchema-instance" xsi:schemaLocation="http://rs.tdwg.org/UBIF/2006/ http://rs.tdwg.org/UBIF/2006/Schema/1.1/SDD.xsd">
  <TechnicalMetadata created="2014-12-08T01:23:11">
    <Generator name="KeyBase SDD export" version="0"/>
  </TechnicalMetadata>
  <Dataset xml:lang="en-au">
    <Representation>
      <Label xml:lang="en">Ferns and allied plants</Label>
    </Representation>
    <TaxonNames>
      <TaxonName id="i0">
        <Representation>
          <Label>Adiantaceae</Label>
        </Representation>
      </TaxonName>
      <TaxonName id="i1">
        <Representation>
          <Label>Aspleniaceae</Label>
        </Representation>
      </TaxonName>
      <TaxonName id="i2">
        <Representation>
          <Label>Athyriaceae</Label>
        </Representation>
      </TaxonName>
      <TaxonName id="i3">
        <Representation>
          <Label>Azollaceae</Label>
        </Representation>
      </TaxonName>
      <TaxonName id="i4">
        <Representation>
          <Label>Blechnaceae</Label>
        </Representation>
      </TaxonName>
      <TaxonName id="i5">
        <Representation>
          <Label>Cyatheaceae</Label>
        </Representation>
      </TaxonName>
      <TaxonName id="i6">
        <Representation>
          <Label>Davalliaceae</Label>
        </Representation>
      </TaxonName>
      <TaxonName id="i7">
        <Representation>
          <Label>Dennstaedtiaceae</Label>
        </Representation>
      </TaxonName>
      <TaxonName id="i8">
        <Representation>
          <Label>Dicksoniaceae</Label>
        </Representation>
      </TaxonName>
      <TaxonName id="i9">
        <Representation>
          <Label>Dryopteridaceae</Label>
        </Representation>
      </TaxonName>
      <TaxonName id="i10">
        <Representation>
          <Label>Gleicheniaceae</Label>
        </Representation>
      </TaxonName>
      <TaxonName id="i11">
        <Representation>
          <Label>Grammitidaceae</Label>
        </Representation>
      </TaxonName>
      <TaxonName id="i12">
        <Representation>
          <Label>Hymenophyllaceae</Label>
        </Representation>
      </TaxonName>
      <TaxonName id="i13">
        <Representation>
          <Label>Isoetaceae</Label>
        </Representation>
      </TaxonName>
      <TaxonName id="i14">
        <Representation>
          <Label>Lindsaeaceae</Label>
        </Representation>
      </TaxonName>
      <TaxonName id="i15">
        <Representation>
          <Label>Lycopodiaceae</Label>
        </Representation>
      </TaxonName>
      <TaxonName id="i16">
        <Representation>
          <Label>Marsileaceae</Label>
        </Representation>
      </TaxonName>
      <TaxonName id="i17">
        <Representation>
          <Label>Ophioglossaceae</Label>
        </Representation>
      </TaxonName>
      <TaxonName id="i18">
        <Representation>
          <Label>Osmundaceae</Label>
        </Representation>
      </TaxonName>
      <TaxonName id="i19">
        <Representation>
          <Label>Polypodiaceae</Label>
        </Representation>
      </TaxonName>
      <TaxonName id="i20">
        <Representation>
          <Label>Psilotaceae</Label>
        </Representation>
      </TaxonName>
      <TaxonName id="i21">
        <Representation>
          <Label>Pteridaceae</Label>
        </Representation>
      </TaxonName>
      <TaxonName id="i22">
        <Representation>
          <Label>Schizaeaceae</Label>
        </Representation>
      </TaxonName>
      <TaxonName id="i23">
        <Representation>
          <Label>Selaginellaceae</Label>
        </Representation>
      </TaxonName>
      <TaxonName id="i24">
        <Representation>
          <Label>Thelypteridaceae</Label>
        </Representation>
      </TaxonName>
    </TaxonNames>
    <IdentificationKeys>
      <IdentificationKey id="k1">
        <Representation>
          <Label xml:lang="en">Ferns and allied plants</Label>
        </Representation>
        <Leads>
          <Lead id="k1l1">
            <Statement>Plants anchored to substrate</Statement>
          </Lead>
          <Lead id="k1l86">
            <Statement>Plants free-floating or sometimes on soil around water seeps (leaves less than 5 mm long, numerous, overlapping in 2 rows along horizontal stem)</Statement>
            <TaxonName ref="i3"/>
          </Lead>
          <Lead id="k1l2">
            <Parent ref="k1l1"/>
            <Statement>Leaves basal, linear, terete (often grass-like)</Statement>
          </Lead>
          <Lead id="k1l7">
            <Parent ref="k1l1"/>
            <Statement>Leaves borne on stem, or if basal, flattened and narrowing towards base</Statement>
          </Lead>
          <Lead id="k1l3">
            <Parent ref="k1l2"/>
            <Statement>Leaves rounded at base; sporangia grouped, not enclosed in swollen leaf-bases</Statement>
          </Lead>
          <Lead id="k1l6">
            <Parent ref="k1l2"/>
            <Statement>Leaves flattened at base; sporangia solitary, enclosed within swollen leaf-bases</Statement>
            <TaxonName ref="i13"/>
          </Lead>
          <Lead id="k1l4">
            <Parent ref="k1l3"/>
            <Statement>Leaves stout, fleshy; sporangia borne in small cone terminal on leafless fleshy stalk</Statement>
            <TaxonName ref="i15"/>
          </Lead>
          <Lead id="k1l5">
            <Parent ref="k1l3"/>
            <Statement>Leaves slender, coiled when young; sporangia enclosed in hard, globular structure attached to rhizome</Statement>
            <TaxonName ref="i16"/>
          </Lead>
          <Lead id="k1l8">
            <Parent ref="k1l7"/>
            <Statement>Lamina variously divided or undivided, not as above; sporangia not inside hardened structure</Statement>
          </Lead>
          <Lead id="k1l85">
            <Parent ref="k1l7"/>
            <Statement>Lamina divided into 4 leaflets (clover-like); sporangia in hard, globular or bean-shaped structure attached to rhizomes (aquatic or at edge of water)</Statement>
            <TaxonName ref="i16"/>
          </Lead>
          <Lead id="k1l9">
            <Parent ref="k1l8"/>
            <Statement>Sporangia borne in axils of leaves; leaves sparse or crowded along stem, usually spiralled (but flattened into one plane in Lycopodium scariosum and Selaginella kraussiana)</Statement>
          </Lead>
          <Lead id="k1l14">
            <Parent ref="k1l8"/>
            <Statement>Sporangia borne on margin or lower surface of lamina or fertile spike; plants bearing fronds</Statement>
          </Lead>
          <Lead id="k1l10">
            <Parent ref="k1l9"/>
            <Statement>Sporangia borne in small cones (strobili) or singly in axils of normal leaves</Statement>
          </Lead>
          <Lead id="k1l13">
            <Parent ref="k1l9"/>
            <Statement>Sporangia in fused groups of 2 or 3, borne in axil of forked leaf</Statement>
            <TaxonName ref="i20"/>
          </Lead>
          <Lead id="k1l11">
            <Parent ref="k1l10"/>
            <Statement>Leaves without ligule; spores of one kind</Statement>
            <TaxonName ref="i15"/>
          </Lead>
          <Lead id="k1l12">
            <Parent ref="k1l10"/>
            <Statement>Leaves ligulate; spores of 2 kinds, larger and smaller (megaspores and microspores)</Statement>
            <TaxonName ref="i23"/>
          </Lead>
          <Lead id="k1l15">
            <Parent ref="k1l14"/>
            <Statement>Sporangia borne on a spike or long-stalked, comb-like structure</Statement>
          </Lead>
          <Lead id="k1l18">
            <Parent ref="k1l14"/>
            <Statement>Sporangia scattered or aggregated into groups on undersurface of lamina, not as above</Statement>
          </Lead>
          <Lead id="k1l16">
            <Parent ref="k1l15"/>
            <Statement>Fronds divided from near base into distinct vegetative and fertile structures; sterile lamina broad and leaf-like</Statement>
            <TaxonName ref="i17"/>
          </Lead>
          <Lead id="k1l17">
            <Parent ref="k1l15"/>
            <Statement>Fronds bearing comb-like sporangial structures or sterile, narrow and wiry throughout</Statement>
            <TaxonName ref="i22"/>
          </Lead>
          <Lead id="k1l19">
            <Parent ref="k1l18"/>
            <Statement>Fronds variously divided or entire, but not as above</Statement>
          </Lead>
          <Lead id="k1l84">
            <Parent ref="k1l18"/>
            <Statement>Fronds with paired branches forking several times, with (usually dormant) buds within the angle of each fork; pinnules narrowly oblong or semicircular</Statement>
            <TaxonName ref="i10"/>
          </Lead>
          <Lead id="k1l20">
            <Parent ref="k1l19"/>
            <Statement>Lamina membranous to leathery, opaque; sori with or without indusium; indusi variously shaped</Statement>
          </Lead>
          <Lead id="k1l83">
            <Parent ref="k1l19"/>
            <Statement>Lamina delicate, translucent, only 1 cell thick for the greater part; sori borne in tubular, funnel-shaped or roundish 2-lipped indusia (epiphytes or on rocks)</Statement>
            <TaxonName ref="i12"/>
          </Lead>
          <Lead id="k1l21">
            <Parent ref="k1l20"/>
            <Statement>Ferns with trunk of any sort</Statement>
          </Lead>
          <Lead id="k1l32">
            <Parent ref="k1l20"/>
            <Statement>Ferns without trunk</Statement>
          </Lead>
          <Lead id="k1l22">
            <Parent ref="k1l21"/>
            <Statement>Lamina 2-several times pinnate</Statement>
          </Lead>
          <Lead id="k1l31">
            <Parent ref="k1l21"/>
            <Statement>Lamina once pinnate</Statement>
            <TaxonName ref="i4"/>
          </Lead>
          <Lead id="k1l23">
            <Parent ref="k1l22"/>
            <Statement>Primary and secondary rachis not confluent, or rachis not grooved</Statement>
          </Lead>
          <Lead id="k1l30">
            <Parent ref="k1l22"/>
            <Statement>Primary and secondary rachis grooves confluent</Statement>
            <TaxonName ref="i2"/>
          </Lead>
          <Lead id="k1l24">
            <Parent ref="k1l23"/>
            <Statement>Lamina 2-pinnate</Statement>
          </Lead>
          <Lead id="k1l27">
            <Parent ref="k1l23"/>
            <Statement>Lamina 3-pinnate</Statement>
          </Lead>
          <Lead id="k1l25">
            <Parent ref="k1l24"/>
            <Statement>Stipe and rachis with numerous soft scales; sporangia small, grouped into circular sori with round, centrally stalked indusium</Statement>
            <TaxonName ref="i9"/>
          </Lead>
          <Lead id="k1l26">
            <Parent ref="k1l24"/>
            <Statement>Stipe and rachis without scales; sporangia large, in masses on undersurface of leaf, without indusium</Statement>
            <TaxonName ref="i18"/>
          </Lead>
          <Lead id="k1l28">
            <Parent ref="k1l27"/>
            <Statement>Frond bases rough or spiny, with narrow scales; sori between midvein and margin, with or without indusium</Statement>
            <TaxonName ref="i5"/>
          </Lead>
          <Lead id="k1l29">
            <Parent ref="k1l27"/>
            <Statement>Frond bases smooth, with fine hairs; sori marginal, with 2-lipped indusium</Statement>
            <TaxonName ref="i8"/>
          </Lead>
          <Lead id="k1l33">
            <Parent ref="k1l32"/>
            <Statement>Fronds simple</Statement>
          </Lead>
          <Lead id="k1l40">
            <Parent ref="k1l32"/>
            <Statement>Fronds once to several times pinnate, or variously lobed</Statement>
          </Lead>
          <Lead id="k1l34">
            <Parent ref="k1l33"/>
            <Statement>Lamina glabrous</Statement>
          </Lead>
          <Lead id="k1l39">
            <Parent ref="k1l33"/>
            <Statement>Lamina covered in stellate hairs, at least on undersurface</Statement>
            <TaxonName ref="i19"/>
          </Lead>
          <Lead id="k1l35">
            <Parent ref="k1l34"/>
            <Statement>Fertile and sterile fronds not markedly different, never almost terete</Statement>
          </Lead>
          <Lead id="k1l38">
            <Parent ref="k1l34"/>
            <Statement>Fertile and sterile fronds dissimilar, the fertile narrow and almost terete, sterile fronds broader and flat</Statement>
            <TaxonName ref="i4"/>
          </Lead>
          <Lead id="k1l36">
            <Parent ref="k1l35"/>
            <Statement>Rhizome short, unbranched; fronds gradually disintegrating with age; sori oblong or confluent</Statement>
            <TaxonName ref="i11"/>
          </Lead>
          <Lead id="k1l37">
            <Parent ref="k1l35"/>
            <Statement>Rhizome long-creeping, branched; older fronds shedding from rhizome leaving a neat scar; sori round</Statement>
            <TaxonName ref="i19"/>
          </Lead>
          <Lead id="k1l41">
            <Parent ref="k1l40"/>
            <Statement>Fronds once to several times pinnate or variously lobed; sori round or, if linear or oblong, either oblique to midvein or marginal on unspecialized frond</Statement>
          </Lead>
          <Lead id="k1l82">
            <Parent ref="k1l40"/>
            <Statement>Fronds once pinnate; sori linear to oblong, either discontinuous or continuous, in 1 or more rows parallel to midvein, if marginal then pinnae narrowed and almost covered by sori</Statement>
            <TaxonName ref="i4"/>
          </Lead>
          <Lead id="k1l42">
            <Parent ref="k1l41"/>
            <Statement>Lamina pinnately lobed (i.e. pinnae not divided to rachis)</Statement>
          </Lead>
          <Lead id="k1l45">
            <Parent ref="k1l41"/>
            <Statement>Lamina once to many times pinnate</Statement>
          </Lead>
          <Lead id="k1l43">
            <Parent ref="k1l42"/>
            <Statement>Rhizome short; sori oval</Statement>
            <TaxonName ref="i11"/>
          </Lead>
          <Lead id="k1l44">
            <Parent ref="k1l42"/>
            <Statement>Rhizome long-creeping; sori round</Statement>
            <TaxonName ref="i19"/>
          </Lead>
          <Lead id="k1l46">
            <Parent ref="k1l45"/>
            <Statement>Sori marginal</Statement>
          </Lead>
          <Lead id="k1l59">
            <Parent ref="k1l45"/>
            <Statement>Sori on lamina surface</Statement>
          </Lead>
          <Lead id="k1l47">
            <Parent ref="k1l46"/>
            <Statement>Indusia opening away from the centre of the pinnae</Statement>
          </Lead>
          <Lead id="k1l52">
            <Parent ref="k1l46"/>
            <Statement>Indusia or modified pinnae margin opening towards the middle of pinnae (but may be towards the margin of individual lobe in Asplenium)</Statement>
          </Lead>
          <Lead id="k1l48">
            <Parent ref="k1l47"/>
            <Statement>Indusia round or elongate, attached along one side only; rhizome subterranean</Statement>
          </Lead>
          <Lead id="k1l51">
            <Parent ref="k1l47"/>
            <Statement>Indusia pouch-shaped, opening at one end only; rhizome long-creeping over substrate</Statement>
            <TaxonName ref="i6"/>
          </Lead>
          <Lead id="k1l49">
            <Parent ref="k1l48"/>
            <Statement>Sori protected by spherical indusium and recurved pinnae lobetogether creating cup-like structure (although indusium may be hidden in mature sori)</Statement>
            <TaxonName ref="i8"/>
          </Lead>
          <Lead id="k1l50">
            <Parent ref="k1l48"/>
            <Statement>Sori protected by narrow and flap-like indusium, attached along one edge</Statement>
            <TaxonName ref="i14"/>
          </Lead>
          <Lead id="k1l53">
            <Parent ref="k1l52"/>
            <Statement>Rhizome creeping or semi-erect, covered in scales</Statement>
          </Lead>
          <Lead id="k1l58">
            <Parent ref="k1l52"/>
            <Statement>Rhizome long-creeping, covered with hairs</Statement>
            <TaxonName ref="i7"/>
          </Lead>
          <Lead id="k1l54">
            <Parent ref="k1l53"/>
            <Statement>Fronds more than 100 cm or 60100 cm long and not as above</Statement>
          </Lead>
          <Lead id="k1l57">
            <Parent ref="k1l53"/>
            <Statement>Fronds less than 60 cm long, or stipe and rachis brown to black and shiny, or rachis dark brown and coated with small hairs and shiny scales</Statement>
            <TaxonName ref="i0"/>
          </Lead>
          <Lead id="k1l55">
            <Parent ref="k1l54"/>
            <Statement>Rhizome long-creeping, branched; lamina 2- or 3-pinnate; pinnule margins entire or slightly crenate; veins anastomosing to form areoles near midvein, young fronds characteristically waxy-glaucous when young</Statement>
            <TaxonName ref="i7"/>
          </Lead>
          <Lead id="k1l56">
            <Parent ref="k1l54"/>
            <Statement>Rhizome short, sub-erect, unbranched; lamina 14-pinnate; pinnule margins broadly and deeply serrate or crenate, or if entire or nearly so, veins not forming areoles near midvein; fronds not waxy-glaucous</Statement>
            <TaxonName ref="i21"/>
          </Lead>
          <Lead id="k1l60">
            <Parent ref="k1l59"/>
            <Statement>Sori not protected by indusium or modified leaf margin, even when immature</Statement>
          </Lead>
          <Lead id="k1l71">
            <Parent ref="k1l59"/>
            <Statement>Sori protected by indusium or modified leaf margin, at least when immature</Statement>
          </Lead>
          <Lead id="k1l61">
            <Parent ref="k1l60"/>
            <Statement>Mature fronds less than 30 cm tall</Statement>
          </Lead>
          <Lead id="k1l66">
            <Parent ref="k1l60"/>
            <Statement>Mature fronds more than 30 cm tall</Statement>
          </Lead>
          <Lead id="k1l62">
            <Parent ref="k1l61"/>
            <Statement>Lamina glabrous</Statement>
          </Lead>
          <Lead id="k1l65">
            <Parent ref="k1l61"/>
            <Statement>Lamina sparsely to (usually) densely covered in colourless to rust-coloured hairs</Statement>
            <TaxonName ref="i1"/>
          </Lead>
          <Lead id="k1l63">
            <Parent ref="k1l62"/>
            <Statement>Fronds delicate, erect, 512 cm tall; sporangia clustered irregularly along veins; annuals</Statement>
            <TaxonName ref="i0"/>
          </Lead>
          <Lead id="k1l64">
            <Parent ref="k1l62"/>
            <Statement>Ferns firm in texture, often pendent, 525 cm long; sporangia grouped into oval sori which are arranged in a single row either side of midvein; perennials</Statement>
            <TaxonName ref="i11"/>
          </Lead>
          <Lead id="k1l67">
            <Parent ref="k1l66"/>
            <Statement>Lamina 12-pinnate</Statement>
          </Lead>
          <Lead id="k1l70">
            <Parent ref="k1l66"/>
            <Statement>Lamina 34-pinnate</Statement>
            <TaxonName ref="i7"/>
          </Lead>
          <Lead id="k1l68">
            <Parent ref="k1l67"/>
            <Statement>Lamina 2-pinnate; sporangia not arranged in sori, clustered around veins; widespread in gullies and along streams, usually with a thick fibrous butt</Statement>
            <TaxonName ref="i18"/>
          </Lead>
          <Lead id="k1l69">
            <Parent ref="k1l67"/>
            <Statement>Lamina once pinnate to almost 2-pinnate; sporangia arranged in round sori; rare, on limestone in south-west of State</Statement>
            <TaxonName ref="i24"/>
          </Lead>
          <Lead id="k1l72">
            <Parent ref="k1l71"/>
            <Statement>Indusium elongate, attached along one edge to lateral nerve, oblique to midvein</Statement>
          </Lead>
          <Lead id="k1l75">
            <Parent ref="k1l71"/>
            <Statement>Indusium hemispherical, pouch-shaped, kidney-shaped or ovate, attached centrally or at base, or united with lamina along both sides and opening terminally</Statement>
          </Lead>
          <Lead id="k1l73">
            <Parent ref="k1l72"/>
            <Statement>Rhizome scales with netted pattern; major vein(s) usually raised on upper surface of pinnae</Statement>
            <TaxonName ref="i1"/>
          </Lead>
          <Lead id="k1l74">
            <Parent ref="k1l72"/>
            <Statement>Rhizome scales without netted pattern; major vein(s) not raised on upper surface</Statement>
            <TaxonName ref="i2"/>
          </Lead>
          <Lead id="k1l76">
            <Parent ref="k1l75"/>
            <Statement>Undersurface of rachises with scales, bristles or hairs</Statement>
          </Lead>
          <Lead id="k1l79">
            <Parent ref="k1l75"/>
            <Statement>Undersurface of rachises without scales or hairs</Statement>
          </Lead>
          <Lead id="k1l77">
            <Parent ref="k1l76"/>
            <Statement>Fronds 24-pinnate; rachis groove flanked by prominent ridges</Statement>
            <TaxonName ref="i9"/>
          </Lead>
          <Lead id="k1l78">
            <Parent ref="k1l76"/>
            <Statement>Fronds once pinnate (but deeply lobed to almost 2-pinnate); rachis groove not flanked by 2 prominent ridges</Statement>
            <TaxonName ref="i24"/>
          </Lead>
          <Lead id="k1l80">
            <Parent ref="k1l79"/>
            <Statement>Lamina membranous and dull, 12-pinnate; rhizome short, subterranean, fronds clustered near tip</Statement>
            <TaxonName ref="i2"/>
          </Lead>
          <Lead id="k1l81">
            <Parent ref="k1l79"/>
            <Statement>Lamina shiny and stiff, 23-pinnate; rhizome long-creeping along surface of substrate, fronds distant</Statement>
            <TaxonName ref="i6"/>
          </Lead>
        </Leads>
      </IdentificationKey>
    </IdentificationKeys>
  </Dataset>
</Datasets>
