<?xml version="1.0" encoding="UTF-8"?>
<Datasets xmlns="http://rs.tdwg.org/UBIF/2006/" xmlns:xsi="http://www.w3.org/2001/XMLSchema-instance" xsi:schemaLocation="http://rs.tdwg.org/UBIF/2006/ http://rs.tdwg.org/UBIF/2006/Schema/1.1/SDD.xsd">
  <TechnicalMetadata created="2014-12-08T01:23:47">
    <Generator name="KeyBase SDD export" version="0"/>
  </TechnicalMetadata>
  <Dataset xml:lang="en-au">
    <Representation>
      <Label xml:lang="en">Fissidens</Label>
    </Representation>
    <TaxonNames>
      <TaxonName id="i0">
        <Representation>
          <Label>Bryoxiphium norvegicum</Label>
        </Representation>
      </TaxonName>
      <TaxonName id="i1">
        <Representation>
          <Label>Distichium capillaceum</Label>
        </Representation>
      </TaxonName>
      <TaxonName id="i2">
        <Representation>
          <Label>Distichium inclinatum</Label>
        </Representation>
      </TaxonName>
      <TaxonName id="i3">
        <Representation>
          <Label>Fissidens adianthoides</Label>
        </Representation>
      </TaxonName>
      <TaxonName id="i4">
        <Representation>
          <Label>Fissidens aphelotaxifolius</Label>
        </Representation>
      </TaxonName>
      <TaxonName id="i5">
        <Representation>
          <Label>Fissidens asplenioides</Label>
        </Representation>
      </TaxonName>
      <TaxonName id="i6">
        <Representation>
          <Label>Fissidens bryoides</Label>
        </Representation>
      </TaxonName>
      <TaxonName id="i7">
        <Representation>
          <Label>Fissidens crispus</Label>
        </Representation>
      </TaxonName>
      <TaxonName id="i8">
        <Representation>
          <Label>Fissidens curvatus</Label>
        </Representation>
      </TaxonName>
      <TaxonName id="i9">
        <Representation>
          <Label>Fissidens dubius</Label>
        </Representation>
      </TaxonName>
      <TaxonName id="i10">
        <Representation>
          <Label>Fissidens fontanus</Label>
        </Representation>
      </TaxonName>
      <TaxonName id="i11">
        <Representation>
          <Label>Fissidens grandifrons</Label>
        </Representation>
      </TaxonName>
      <TaxonName id="i12">
        <Representation>
          <Label>Fissidens minutulus</Label>
        </Representation>
      </TaxonName>
      <TaxonName id="i13">
        <Representation>
          <Label>Fissidens osmundioides</Label>
        </Representation>
      </TaxonName>
      <TaxonName id="i14">
        <Representation>
          <Label>Fissidens pauperculus</Label>
        </Representation>
      </TaxonName>
      <TaxonName id="i15">
        <Representation>
          <Label>Fissidens sublimbatus</Label>
        </Representation>
      </TaxonName>
      <TaxonName id="i16">
        <Representation>
          <Label>Fissidens taxifolius</Label>
        </Representation>
      </TaxonName>
      <TaxonName id="i17">
        <Representation>
          <Label>Fissidens taylorii</Label>
        </Representation>
      </TaxonName>
      <TaxonName id="i18">
        <Representation>
          <Label>Fissidens ventricosus</Label>
        </Representation>
      </TaxonName>
      <TaxonName id="i19">
        <Representation>
          <Label>Schistostega pennata</Label>
        </Representation>
      </TaxonName>
    </TaxonNames>
    <IdentificationKeys>
      <IdentificationKey id="k1">
        <Representation>
          <Label xml:lang="en">Fissidens</Label>
        </Representation>
        <Leads>
          <Lead id="k1l1">
            <Statement>Leaves ampliate clasping with the antical base carinate and pocketing the stem allowing the definition of a "vaginant lamina" differentiated from the more distal, non-carinate "apical lamina" and the costal ridge which serves as a "dorsal lamina"</Statement>
          </Lead>
          <Lead id="k1l32">
            <Statement>Leaves deeply carinate but without differentiation into a dorsal and an apical lamina thus the plant not identifiable to Fissidens</Statement>
          </Lead>
          <Lead id="k1l2">
            <Parent ref="k1l1"/>
            <Statement>Leaves with a strong border of elongate cells on all laminae</Statement>
          </Lead>
          <Lead id="k1l13">
            <Parent ref="k1l1"/>
            <Statement>Leaves not bordered, or bordered on vaginant laminae or with a group of lighter cells on dorsal and apical laminae</Statement>
          </Lead>
          <Lead id="k1l3">
            <Parent ref="k1l2"/>
            <Statement>Plant of submerged rocks in flowing streams; leaves more than 2 mm long; lamina and margin with bistratose streaks</Statement>
            <TaxonName ref="i18"/>
          </Lead>
          <Lead id="k1l4">
            <Parent ref="k1l2"/>
            <Statement>Plant usually on soil; leaves smaller; lamina consistently unistratose</Statement>
          </Lead>
          <Lead id="k1l5">
            <Parent ref="k1l4"/>
            <Statement>Leaves narrowly attenuate with the dorsal lamina ending above the leaf base; laminal cells 2-4:1; sterile plants consistently larger and with more clearly distichous leaves than the archegoniate ones</Statement>
            <TaxonName ref="i8"/>
          </Lead>
          <Lead id="k1l6">
            <Parent ref="k1l4"/>
            <Statement>Leaves not strongly attenuate; dorsal lamina extending to or near the leaf base; laminal cells nearly isodiametric; sterile and archegoniate plants not strongly differentiated</Statement>
          </Lead>
          <Lead id="k1l7">
            <Parent ref="k1l6"/>
            <Statement>Cells of the lamina about as broad as thick in cross-section, mostly not very bulging; dorsal lamina extending downward and inserted on the stem; plants of rather moist habitats</Statement>
            <TaxonName ref="i6"/>
          </Lead>
          <Lead id="k1l8">
            <Parent ref="k1l6"/>
            <Statement>Cells of the lamina markedly broader than thick in cross-section, mostly bulging mammillose; dorsal lamina mostly not extending downward to leaf insertion; plants of moist or dry habitats</Statement>
          </Lead>
          <Lead id="k1l9">
            <Parent ref="k1l8"/>
            <Statement>Dorsal lamina tapering to extinction at leaf insertion; plant of soils in dry grasslands</Statement>
            <TaxonName ref="i15"/>
          </Lead>
          <Lead id="k1l10">
            <Parent ref="k1l8"/>
            <Statement>Dorsal lamina continuing to leaf insertion; plant of moist sites mostly in western California</Statement>
          </Lead>
          <Lead id="k1l11">
            <Parent ref="k1l10"/>
            <Statement>Limbidium ending more than two cells below leaf apex; base of stem strongly reddened; plant usually on rocks</Statement>
            <TaxonName ref="i12"/>
          </Lead>
          <Lead id="k1l12">
            <Parent ref="k1l10"/>
            <Statement>Limbidium confluent with costa at apex; base of stem not reddened; plant usually on soil</Statement>
            <TaxonName ref="i7"/>
          </Lead>
          <Lead id="k1l14">
            <Parent ref="k1l13"/>
            <Statement>Leaves with a rigid, multistratose lamina, 3-5 mm long; plant aquatic to semiaquatic especially in calcareous regions</Statement>
            <TaxonName ref="i11"/>
          </Lead>
          <Lead id="k1l15">
            <Parent ref="k1l13"/>
            <Statement>Lamina unistratose and smaller</Statement>
          </Lead>
          <Lead id="k1l16">
            <Parent ref="k1l15"/>
            <Statement>Leaves flaccid, blackening when dry, mostly more than ten times as long as wide, with the vaginant lamina less than 1/3 leaf length; plant immersed or seasonally immersed in streams and ponds, often calcareous</Statement>
            <TaxonName ref="i10"/>
          </Lead>
          <Lead id="k1l17">
            <Parent ref="k1l15"/>
            <Statement>Leaves neither flaccid nor so long; plant not aquatic</Statement>
          </Lead>
          <Lead id="k1l18">
            <Parent ref="k1l17"/>
            <Statement>Leaves serrate in distal one-half</Statement>
          </Lead>
          <Lead id="k1l21">
            <Parent ref="k1l17"/>
            <Statement>Leaves crenulate to entire</Statement>
          </Lead>
          <Lead id="k1l19">
            <Parent ref="k1l18"/>
            <Statement>Median leaf cells to 12 Âµm in longest dimension; leaf lamina unistratose throughout</Statement>
            <TaxonName ref="i3"/>
          </Lead>
          <Lead id="k1l20">
            <Parent ref="k1l18"/>
            <Statement>Median leaf cells smaller; lamina at mid and upper leaf with bistratose streaks</Statement>
            <TaxonName ref="i9"/>
          </Lead>
          <Lead id="k1l22">
            <Parent ref="k1l21"/>
            <Statement>Vaginant lamina with a somewhat defined limbidium; dorsal and apical laminae with markedly smaller cells on margin even to near the apex; costa percurrent; fertile plants markedly smaller than sterile plants</Statement>
            <TaxonName ref="i17"/>
          </Lead>
          <Lead id="k1l23">
            <Parent ref="k1l21"/>
            <Statement>Vaginant lamina elimbate; dorsal and apical laminae mostly not bordered or with marginal cells both smaller and paler than immediate interior cells; costa various; fertile and sterile plants of similar size and development</Statement>
          </Lead>
          <Lead id="k1l24">
            <Parent ref="k1l23"/>
            <Statement>Costa excurrent to percurrent on at least some of the leaves of the plant</Statement>
          </Lead>
          <Lead id="k1l27">
            <Parent ref="k1l23"/>
            <Statement>Costa ending below the leaf apex</Statement>
          </Lead>
          <Lead id="k1l25">
            <Parent ref="k1l24"/>
            <Statement>Median leaf cells smooth to slightly bulging, almost pellucid in dorsal microscopic view; leafy plants mostly less than 2 cm long; leaf apex excluding apiculus acute</Statement>
            <TaxonName ref="i4"/>
          </Lead>
          <Lead id="k1l26">
            <Parent ref="k1l24"/>
            <Statement>Median leaf cells strongly mammillose-bulging, opaque in dorsal microscopic view; leafy plants mostly more than 2.5 cm long; leaf apex excluding apiculus obtuse to rounded</Statement>
            <TaxonName ref="i16"/>
          </Lead>
          <Lead id="k1l28">
            <Parent ref="k1l27"/>
            <Statement>Plant less than 5 mm tall; marginal cells of leaf smaller and paler than immediate interior cells</Statement>
            <TaxonName ref="i14"/>
          </Lead>
          <Lead id="k1l29">
            <Parent ref="k1l27"/>
            <Statement>Plant mostly more than 10 mm tall; marginal cells not so differentiated</Statement>
          </Lead>
          <Lead id="k1l30">
            <Parent ref="k1l29"/>
            <Statement>Median leaf cells less than 10 Âµm in longest dimension; leaves crenulate throughout</Statement>
            <TaxonName ref="i5"/>
          </Lead>
          <Lead id="k1l31">
            <Parent ref="k1l29"/>
            <Statement>Median leaf cells more than 12 Âµm in longest dimension; leaves with at least a few serrulations near apex but crenulate below</Statement>
            <TaxonName ref="i13"/>
          </Lead>
          <Lead id="k1l33">
            <Parent ref="k1l32"/>
            <Statement>Leaf without any keeling, arranged flat in vertical rows; leaves confluent with one another by means of a decurrent postical base that is continuous with the antical base of the next leaf below thus resembling the leaflet arrangement of the fern Osmunda</Statement>
            <TaxonName ref="i19"/>
          </Lead>
          <Lead id="k1l34">
            <Parent ref="k1l32"/>
            <Statement>Leaves base carinate and pocketing the stem; leaves not confluent with one another on the stem</Statement>
          </Lead>
          <Lead id="k1l35">
            <Parent ref="k1l34"/>
            <Statement>At least the proximal portion of the stem with bluntly rounded leaves, without a subula; distal portion of fertile stems with long but erect subulae</Statement>
            <TaxonName ref="i0"/>
          </Lead>
          <Lead id="k1l36">
            <Parent ref="k1l34"/>
            <Statement>All the fully developed leaves with a defined, glossy base and with a divergent subulate apex</Statement>
          </Lead>
          <Lead id="k1l37">
            <Parent ref="k1l36"/>
            <Statement>Plant evenly and uniformly distichous; capsule erect and symmetric; spores 17-20 Âµm; plant paroicous</Statement>
            <TaxonName ref="i1"/>
          </Lead>
          <Lead id="k1l38">
            <Parent ref="k1l36"/>
            <Statement>Plant obviously distichous but with some portions of that plant rather obscurely so; capsule inclined and asymmetric; spores 30-40 Âµm; plant autoicous</Statement>
            <TaxonName ref="i2"/>
          </Lead>
        </Leads>
      </IdentificationKey>
    </IdentificationKeys>
  </Dataset>
</Datasets>
