<?xml version="1.0" encoding="UTF-8"?>
<Datasets xmlns="http://rs.tdwg.org/UBIF/2006/" xmlns:xsi="http://www.w3.org/2001/XMLSchema-instance" xsi:schemaLocation="http://rs.tdwg.org/UBIF/2006/ http://rs.tdwg.org/UBIF/2006/Schema/1.1/SDD.xsd">
  <TechnicalMetadata created="2014-12-08T01:24:01">
    <Generator name="KeyBase SDD export" version="0"/>
  </TechnicalMetadata>
  <Dataset xml:lang="en-au">
    <Representation>
      <Label xml:lang="en">Flowering species of Acmena</Label>
    </Representation>
    <TaxonNames>
      <TaxonName id="i0">
        <Representation>
          <Label>Acmena divaricata</Label>
        </Representation>
      </TaxonName>
      <TaxonName id="i1">
        <Representation>
          <Label>Acmena graveolens</Label>
        </Representation>
      </TaxonName>
      <TaxonName id="i2">
        <Representation>
          <Label>Acmena hemilampra</Label>
        </Representation>
      </TaxonName>
      <TaxonName id="i3">
        <Representation>
          <Label>Acmena ingens</Label>
        </Representation>
      </TaxonName>
      <TaxonName id="i4">
        <Representation>
          <Label>Acmena mackinnoniana</Label>
        </Representation>
      </TaxonName>
      <TaxonName id="i5">
        <Representation>
          <Label>Acmena resa</Label>
        </Representation>
      </TaxonName>
      <TaxonName id="i6">
        <Representation>
          <Label>Acmena smithii</Label>
        </Representation>
      </TaxonName>
    </TaxonNames>
    <IdentificationKeys>
      <IdentificationKey id="k1">
        <Representation>
          <Label xml:lang="en">Flowering species of Acmena</Label>
        </Representation>
        <Leads>
          <Lead id="k1l1">
            <Statement>Five or more ovules per locule</Statement>
          </Lead>
          <Lead id="k1l8">
            <Statement>Fewer than five ovules per locule</Statement>
          </Lead>
          <Lead id="k1l2">
            <Parent ref="k1l1"/>
            <Statement>Inner intramarginal vein 3 mm or more from the margin; leaf-bearing twigs stout, generally &gt; 2.5 mm diam.</Statement>
            <TaxonName ref="i1"/>
          </Lead>
          <Lead id="k1l3">
            <Parent ref="k1l1"/>
            <Statement>Intramarginal vein up to 3 mm from the margin; leaf-bearing twigs slender, generally &lt; 2.5 mm diam.</Statement>
          </Lead>
          <Lead id="k1l4">
            <Parent ref="k1l3"/>
            <Statement>Margins of the leaf blade wavy and wrinkled, often appearing almost crenate</Statement>
            <TaxonName ref="i5"/>
          </Lead>
          <Lead id="k1l5">
            <Parent ref="k1l3"/>
            <Statement>Margins of the leaf blade smooth, sometimes recurved, occasionally slightly wavy, but not wrinkled or appearing crenate</Statement>
          </Lead>
          <Lead id="k1l6">
            <Parent ref="k1l5"/>
            <Statement>Apex of leaf blade acuminate; surface of leaf bearing twigs ± smooth or glandular pustulate, but bark on older twigs somewhat scaly and semifibrous, exfoliating by means of longitudinal cracks to give a plaited appearance</Statement>
            <TaxonName ref="i6"/>
          </Lead>
          <Lead id="k1l7">
            <Parent ref="k1l5"/>
            <Statement>Apex of leaf blade rounded or bluntly pointed; surface of leaf bearing and older twigs ± smooth, eventually becoming somewhat flaky but not exfoliating by means of longitudinal cracks</Statement>
            <TaxonName ref="i2"/>
          </Lead>
          <Lead id="k1l9">
            <Parent ref="k1l8"/>
            <Statement>Midrib slightly raised or flush with the upper surface of the leaf blade</Statement>
            <TaxonName ref="i4"/>
          </Lead>
          <Lead id="k1l10">
            <Parent ref="k1l8"/>
            <Statement>Midrib depressed on the upper surface of the leaf blade at least towards the base</Statement>
          </Lead>
          <Lead id="k1l11">
            <Parent ref="k1l10"/>
            <Statement>Calyx tube plus pedicel 1.5-3.0 mm long</Statement>
            <TaxonName ref="i3"/>
          </Lead>
          <Lead id="k1l12">
            <Parent ref="k1l10"/>
            <Statement>Calyx tube plus pedicel 3.0-5.0 mm long</Statement>
          </Lead>
          <Lead id="k1l13">
            <Parent ref="k1l12"/>
            <Statement>Leaf margin recurved throughout but incurved and thickened at the base just prior to its junction with the petiole; leaf base obtuse, occasionally shortly attenuate</Statement>
            <TaxonName ref="i1"/>
          </Lead>
          <Lead id="k1l14">
            <Parent ref="k1l12"/>
            <Statement>Leaf margin flat or slightly recurved but not thickened or incurved at the base; base attenuate</Statement>
            <TaxonName ref="i0"/>
          </Lead>
        </Leads>
      </IdentificationKey>
    </IdentificationKeys>
  </Dataset>
</Datasets>
