<?xml version="1.0" encoding="UTF-8"?>
<Datasets xmlns="http://rs.tdwg.org/UBIF/2006/" xmlns:xsi="http://www.w3.org/2001/XMLSchema-instance" xsi:schemaLocation="http://rs.tdwg.org/UBIF/2006/ http://rs.tdwg.org/UBIF/2006/Schema/1.1/SDD.xsd">
  <TechnicalMetadata created="2014-12-08T01:24:01">
    <Generator name="KeyBase SDD export" version="0"/>
  </TechnicalMetadata>
  <Dataset xml:lang="en-au">
    <Representation>
      <Label xml:lang="en">Flowering species of Syzygium</Label>
    </Representation>
    <TaxonNames>
      <TaxonName id="i0">
        <Representation>
          <Label>Syzygium alatoramulum</Label>
        </Representation>
      </TaxonName>
      <TaxonName id="i1">
        <Representation>
          <Label>Syzygium alliiligneum</Label>
        </Representation>
      </TaxonName>
      <TaxonName id="i2">
        <Representation>
          <Label>Syzygium amplum</Label>
        </Representation>
      </TaxonName>
      <TaxonName id="i3">
        <Representation>
          <Label>Syzygium angophoroides</Label>
        </Representation>
      </TaxonName>
      <TaxonName id="i4">
        <Representation>
          <Label>Syzygium apodophyllum</Label>
        </Representation>
      </TaxonName>
      <TaxonName id="i5">
        <Representation>
          <Label>Syzygium aqueum</Label>
        </Representation>
      </TaxonName>
      <TaxonName id="i6">
        <Representation>
          <Label>Syzygium argyropedicum</Label>
        </Representation>
      </TaxonName>
      <TaxonName id="i7">
        <Representation>
          <Label>Syzygium armstrongii</Label>
        </Representation>
      </TaxonName>
      <TaxonName id="i8">
        <Representation>
          <Label>Syzygium australe</Label>
        </Representation>
      </TaxonName>
      <TaxonName id="i9">
        <Representation>
          <Label>Syzygium bamagense</Label>
        </Representation>
      </TaxonName>
      <TaxonName id="i10">
        <Representation>
          <Label>Syzygium banksii</Label>
        </Representation>
      </TaxonName>
      <TaxonName id="i11">
        <Representation>
          <Label>Syzygium boonjee</Label>
        </Representation>
      </TaxonName>
      <TaxonName id="i12">
        <Representation>
          <Label>Syzygium branderhorstii</Label>
        </Representation>
      </TaxonName>
      <TaxonName id="i13">
        <Representation>
          <Label>Syzygium buettnerianum</Label>
        </Representation>
      </TaxonName>
      <TaxonName id="i14">
        <Representation>
          <Label>Syzygium bungadinnia</Label>
        </Representation>
      </TaxonName>
      <TaxonName id="i15">
        <Representation>
          <Label>Syzygium canicortex</Label>
        </Representation>
      </TaxonName>
      <TaxonName id="i16">
        <Representation>
          <Label>Syzygium cormiflorum</Label>
        </Representation>
      </TaxonName>
      <TaxonName id="i17">
        <Representation>
          <Label>Syzygium corynanthum</Label>
        </Representation>
      </TaxonName>
      <TaxonName id="i18">
        <Representation>
          <Label>Syzygium crebrinerve</Label>
        </Representation>
      </TaxonName>
      <TaxonName id="i19">
        <Representation>
          <Label>Syzygium dansiei</Label>
        </Representation>
      </TaxonName>
      <TaxonName id="i20">
        <Representation>
          <Label>Syzygium endophloium</Label>
        </Representation>
      </TaxonName>
      <TaxonName id="i21">
        <Representation>
          <Label>Syzygium erythrocalyx</Label>
        </Representation>
      </TaxonName>
      <TaxonName id="i22">
        <Representation>
          <Label>Syzygium erythrodoxum</Label>
        </Representation>
      </TaxonName>
      <TaxonName id="i23">
        <Representation>
          <Label>Syzygium eucalyptoides subsp. bleeseri</Label>
        </Representation>
      </TaxonName>
      <TaxonName id="i24">
        <Representation>
          <Label>Syzygium eucalyptoides subsp. eucalyptoides</Label>
        </Representation>
      </TaxonName>
      <TaxonName id="i25">
        <Representation>
          <Label>Syzygium fibrosum</Label>
        </Representation>
      </TaxonName>
      <TaxonName id="i26">
        <Representation>
          <Label>Syzygium forte subsp. forte</Label>
        </Representation>
      </TaxonName>
      <TaxonName id="i27">
        <Representation>
          <Label>Syzygium forte subsp. potamophilum</Label>
        </Representation>
      </TaxonName>
      <TaxonName id="i28">
        <Representation>
          <Label>Syzygium francisii</Label>
        </Representation>
      </TaxonName>
      <TaxonName id="i29">
        <Representation>
          <Label>Syzygium gustavioides</Label>
        </Representation>
      </TaxonName>
      <TaxonName id="i30">
        <Representation>
          <Label>Syzygium hodgkinsoniae</Label>
        </Representation>
      </TaxonName>
      <TaxonName id="i31">
        <Representation>
          <Label>Syzygium johnsonii</Label>
        </Representation>
      </TaxonName>
      <TaxonName id="i32">
        <Representation>
          <Label>Syzygium kuranda</Label>
        </Representation>
      </TaxonName>
      <TaxonName id="i33">
        <Representation>
          <Label>Syzygium longipes</Label>
        </Representation>
      </TaxonName>
      <TaxonName id="i34">
        <Representation>
          <Label>Syzygium luehmannii</Label>
        </Representation>
      </TaxonName>
      <TaxonName id="i35">
        <Representation>
          <Label>Syzygium macilwraithianum</Label>
        </Representation>
      </TaxonName>
      <TaxonName id="i36">
        <Representation>
          <Label>Syzygium malaccense</Label>
        </Representation>
      </TaxonName>
      <TaxonName id="i37">
        <Representation>
          <Label>Syzygium minutuliflorum</Label>
        </Representation>
      </TaxonName>
      <TaxonName id="i38">
        <Representation>
          <Label>Syzygium moorei</Label>
        </Representation>
      </TaxonName>
      <TaxonName id="i39">
        <Representation>
          <Label>Syzygium oleosum</Label>
        </Representation>
      </TaxonName>
      <TaxonName id="i40">
        <Representation>
          <Label>Syzygium operculatum</Label>
        </Representation>
      </TaxonName>
      <TaxonName id="i41">
        <Representation>
          <Label>Syzygium paniculatum</Label>
        </Representation>
      </TaxonName>
      <TaxonName id="i42">
        <Representation>
          <Label>Syzygium papyraceum</Label>
        </Representation>
      </TaxonName>
      <TaxonName id="i43">
        <Representation>
          <Label>Syzygium pseudofastigiatum</Label>
        </Representation>
      </TaxonName>
      <TaxonName id="i44">
        <Representation>
          <Label>Syzygium puberulum</Label>
        </Representation>
      </TaxonName>
      <TaxonName id="i45">
        <Representation>
          <Label>Syzygium rubrimolle</Label>
        </Representation>
      </TaxonName>
      <TaxonName id="i46">
        <Representation>
          <Label>Syzygium sayeri</Label>
        </Representation>
      </TaxonName>
      <TaxonName id="i47">
        <Representation>
          <Label>Syzygium sharonae</Label>
        </Representation>
      </TaxonName>
      <TaxonName id="i48">
        <Representation>
          <Label>Syzygium suborbiculare</Label>
        </Representation>
      </TaxonName>
      <TaxonName id="i49">
        <Representation>
          <Label>Syzygium tierneyanum</Label>
        </Representation>
      </TaxonName>
      <TaxonName id="i50">
        <Representation>
          <Label>Syzygium trachyphloium</Label>
        </Representation>
      </TaxonName>
      <TaxonName id="i51">
        <Representation>
          <Label>Syzygium velae</Label>
        </Representation>
      </TaxonName>
      <TaxonName id="i52">
        <Representation>
          <Label>Syzygium wesa</Label>
        </Representation>
      </TaxonName>
      <TaxonName id="i53">
        <Representation>
          <Label>Syzygium wilsonii subsp. cryptophlebium</Label>
        </Representation>
      </TaxonName>
      <TaxonName id="i54">
        <Representation>
          <Label>Syzygium wilsonii subsp. wilsonii</Label>
        </Representation>
      </TaxonName>
      <TaxonName id="i55">
        <Representation>
          <Label>Syzygium xerampelinum</Label>
        </Representation>
      </TaxonName>
    </TaxonNames>
    <IdentificationKeys>
      <IdentificationKey id="k1">
        <Representation>
          <Label xml:lang="en">Flowering species of Syzygium</Label>
        </Representation>
        <Leads>
          <Lead id="k1l1">
            <Statement>Calyx tube plus pedicel more than 25 mm long</Statement>
          </Lead>
          <Lead id="k1l4">
            <Statement>Calyx tube plus pedicel less than 20 mm long</Statement>
          </Lead>
          <Lead id="k1l2">
            <Parent ref="k1l1"/>
            <Statement>Anther filaments conspicuously glandular; about 4-7 glands on the back of each anther</Statement>
            <TaxonName ref="i2"/>
          </Lead>
          <Lead id="k1l3">
            <Parent ref="k1l1"/>
            <Statement>Anther filaments not conspicuously glandular; one gland terminal on the back of each anther</Statement>
            <TaxonName ref="i48"/>
          </Lead>
          <Lead id="k1l5">
            <Parent ref="k1l4"/>
            <Statement>Calyx tube plus pedicel more than 4 mm long</Statement>
          </Lead>
          <Lead id="k1l156">
            <Parent ref="k1l4"/>
            <Statement>Calyx tube plus pedicel 4 mm or less</Statement>
          </Lead>
          <Lead id="k1l6">
            <Parent ref="k1l5"/>
            <Statement>Leafy twigs with a pocket, hump or spur above each node (pockets formed by the amalgamation of decurrent wings from the petiole immediately above); leafy twigs 4-angled or 4-winged</Statement>
          </Lead>
          <Lead id="k1l9">
            <Parent ref="k1l5"/>
            <Statement>Leafy twigs without a pocket, hump or spur above each node; leafy twigs terete or 4-angled</Statement>
          </Lead>
          <Lead id="k1l7">
            <Parent ref="k1l6"/>
            <Statement>Leaves almost sessile, petiole 1-2 mm long; calyx tube plus pedicel 10-13 mm long; calyx calyptrate, splitting diametrically and opening by a pore</Statement>
            <TaxonName ref="i4"/>
          </Lead>
          <Lead id="k1l8">
            <Parent ref="k1l6"/>
            <Statement>Leaves distinctly petiolate, petiole 2-19 mm long; calyx tube plus pedicel 3-10 mm long; calyx lobes distinct</Statement>
            <TaxonName ref="i8"/>
          </Lead>
          <Lead id="k1l10">
            <Parent ref="k1l9"/>
            <Statement>Calyx calyptrate</Statement>
          </Lead>
          <Lead id="k1l13">
            <Parent ref="k1l9"/>
            <Statement>Calyx lobes distinct but sometimes quite small</Statement>
          </Lead>
          <Lead id="k1l11">
            <Parent ref="k1l10"/>
            <Statement>Leaves small, 1.1-6.4 cm long x 0.8-2.2 cm wide; one intramarginal vein visible, 1 mm or less from the edge of the leaf blade; calyptra smoothly rounded or mucronate</Statement>
            <TaxonName ref="i15"/>
          </Lead>
          <Lead id="k1l12">
            <Parent ref="k1l10"/>
            <Statement>Leaves larger, 6.0-14.6 cm long x 2.6-7.0 cm wide; two intramarginal veins visible but inner one 4-12 mm from the edge of the leaf blade; calyptra mucronate</Statement>
            <TaxonName ref="i29"/>
          </Lead>
          <Lead id="k1l14">
            <Parent ref="k1l13"/>
            <Statement>Placentas axile but confined to the apex of each locule, ovules pendulous; outer staminal filaments 1.3-2.2 mm long</Statement>
            <TaxonName ref="i52"/>
          </Lead>
          <Lead id="k1l15">
            <Parent ref="k1l13"/>
            <Statement>Placentas axile but not confined to the apex of each locule, ovules horizontal, radiating or radiating, ascending; outer staminal filaments generally more than 3 mm long</Statement>
          </Lead>
          <Lead id="k1l16">
            <Parent ref="k1l15"/>
            <Statement>Ovules radiating or radiating, ascending</Statement>
          </Lead>
          <Lead id="k1l145">
            <Parent ref="k1l15"/>
            <Statement>Ovules in two vertical rows, each ovule transverse ± horizontal</Statement>
          </Lead>
          <Lead id="k1l17">
            <Parent ref="k1l16"/>
            <Statement>Calyx tube minutely puberulous</Statement>
            <TaxonName ref="i44"/>
          </Lead>
          <Lead id="k1l18">
            <Parent ref="k1l16"/>
            <Statement>Calyx tube glabrous</Statement>
          </Lead>
          <Lead id="k1l19">
            <Parent ref="k1l18"/>
            <Statement>Oil dots in the leaf blade very large and conspicuous, individual oil dots visible to the naked eye (in transmitted light) from a distance of 1 m or more</Statement>
          </Lead>
          <Lead id="k1l22">
            <Parent ref="k1l18"/>
            <Statement>Oil dots visible with a lens or to the naked eye but individual oil dots not visible from a distance of 1m</Statement>
          </Lead>
          <Lead id="k1l20">
            <Parent ref="k1l19"/>
            <Statement>Style 3-6 mm long; outer staminal filaments 5-8 mm long; inflorescence terminal and in the upper axils</Statement>
            <TaxonName ref="i51"/>
          </Lead>
          <Lead id="k1l21">
            <Parent ref="k1l19"/>
            <Statement>Style 10-19 mm long; outer staminal filaments 12-22 mm long; inflorescence often produced on special shoots below the leaves</Statement>
            <TaxonName ref="i46"/>
          </Lead>
          <Lead id="k1l23">
            <Parent ref="k1l22"/>
            <Statement>Leaf blade length: breadth ratio more than 6</Statement>
            <TaxonName ref="i24"/>
          </Lead>
          <Lead id="k1l24">
            <Parent ref="k1l22"/>
            <Statement>Leaf blade length: breadth ratio less than 6</Statement>
          </Lead>
          <Lead id="k1l25">
            <Parent ref="k1l24"/>
            <Statement>Anthers with one terminal gland plus another 3 or more glands lower down on the back of the anther</Statement>
          </Lead>
          <Lead id="k1l30">
            <Parent ref="k1l24"/>
            <Statement>Anthers with one gland only, terminal on the back, or gland absent</Statement>
          </Lead>
          <Lead id="k1l26">
            <Parent ref="k1l25"/>
            <Statement>Calyx tube of mature buds 9 mm or more in diam.; staminal filaments 18-35 mm long; style 25-45 mm long</Statement>
            <TaxonName ref="i21"/>
          </Lead>
          <Lead id="k1l27">
            <Parent ref="k1l25"/>
            <Statement>Calyx tube of mature buds less than 8 mm in diam.; staminal filaments 8-20 mm long; style 10-32 mm long</Statement>
          </Lead>
          <Lead id="k1l28">
            <Parent ref="k1l27"/>
            <Statement>Inflorescence lateral, borne on the twigs below the leaves, never terminal; style 10-20 mm long, approximating the stamens; petals 5-9 mm diam.</Statement>
            <TaxonName ref="i49"/>
          </Lead>
          <Lead id="k1l29">
            <Parent ref="k1l27"/>
            <Statement>Inflorescence terminal and in the upper axils, also lateral on the twigs below the leaves; style 17-32 mm long, approximating or exceeding the stamens; petals 4-5 mm diam.</Statement>
            <TaxonName ref="i55"/>
          </Lead>
          <Lead id="k1l31">
            <Parent ref="k1l30"/>
            <Statement>Cauliflorous</Statement>
          </Lead>
          <Lead id="k1l36">
            <Parent ref="k1l30"/>
            <Statement>Ramiflorous or inflorescence axillary or terminal</Statement>
          </Lead>
          <Lead id="k1l32">
            <Parent ref="k1l31"/>
            <Statement>Staminal filaments more than 14 mm long; style more than 15 mm long; calyx tube more than 8 mm diam.</Statement>
          </Lead>
          <Lead id="k1l35">
            <Parent ref="k1l31"/>
            <Statement>Staminal filaments less than 14 mm long; style less than 15 mm long; calyx tube less than 8 mm diam.</Statement>
            <TaxonName ref="i12"/>
          </Lead>
          <Lead id="k1l33">
            <Parent ref="k1l32"/>
            <Statement>Intramarginal vein present; base of leaf blade cordate</Statement>
            <TaxonName ref="i21"/>
          </Lead>
          <Lead id="k1l34">
            <Parent ref="k1l32"/>
            <Statement>Intramarginal vein absent; base of leaf blade truncate to attenuate</Statement>
            <TaxonName ref="i16"/>
          </Lead>
          <Lead id="k1l37">
            <Parent ref="k1l36"/>
            <Statement>Flowers mainly 5-merous</Statement>
          </Lead>
          <Lead id="k1l44">
            <Parent ref="k1l36"/>
            <Statement>Flowers mainly 4-merous</Statement>
          </Lead>
          <Lead id="k1l38">
            <Parent ref="k1l37"/>
            <Statement>More than 8 ovules per locule; more than 10 oil dots per petal</Statement>
          </Lead>
          <Lead id="k1l43">
            <Parent ref="k1l37"/>
            <Statement>Fewer than 8 ovules per locule; fewer than 10 oil dots per petal</Statement>
            <TaxonName ref="i10"/>
          </Lead>
          <Lead id="k1l39">
            <Parent ref="k1l38"/>
            <Statement>Flowers reddish or cerise; branches of the inflorescence finely scaly</Statement>
            <TaxonName ref="i13"/>
          </Lead>
          <Lead id="k1l40">
            <Parent ref="k1l38"/>
            <Statement>Flowers cream; branches of the inflorescence ± smooth</Statement>
          </Lead>
          <Lead id="k1l41">
            <Parent ref="k1l40"/>
            <Statement>Apex of the leaf blade obtuse, rounded or sometimes emarginate; flower buds sessile or shortly pedicellate</Statement>
            <TaxonName ref="i6"/>
          </Lead>
          <Lead id="k1l42">
            <Parent ref="k1l40"/>
            <Statement>Apex of the leaf blade acuminate; flower buds pedicellate</Statement>
            <TaxonName ref="i18"/>
          </Lead>
          <Lead id="k1l45">
            <Parent ref="k1l44"/>
            <Statement>Inflorescence terminal and/or in the axils of the leaves</Statement>
          </Lead>
          <Lead id="k1l124">
            <Parent ref="k1l44"/>
            <Statement>Inflorescence ramiflorous on both large and small branches but rarely in the axils of the leaves</Statement>
          </Lead>
          <Lead id="k1l46">
            <Parent ref="k1l45"/>
            <Statement>Innermost whorl of filaments without anthers; intramarginal vein absent or not well developed</Statement>
          </Lead>
          <Lead id="k1l49">
            <Parent ref="k1l45"/>
            <Statement>Innermost whorl of filaments with anthers; intramarginal vein generally well developed, at times difficult to distinguish on fresh material (absent in S. bamagense)</Statement>
          </Lead>
          <Lead id="k1l47">
            <Parent ref="k1l46"/>
            <Statement>More than 15 ovules per locule</Statement>
            <TaxonName ref="i47"/>
          </Lead>
          <Lead id="k1l48">
            <Parent ref="k1l46"/>
            <Statement>Fewer than 15 ovules per locule</Statement>
            <TaxonName ref="i30"/>
          </Lead>
          <Lead id="k1l50">
            <Parent ref="k1l49"/>
            <Statement>Intramarginal vein developed but sometimes difficult to distinguish on fresh material</Statement>
          </Lead>
          <Lead id="k1l123">
            <Parent ref="k1l49"/>
            <Statement>Intramarginal vein absent, the lateral veins forming indistinct loops inside the blade margin; flower buds almost sessile, aggregated in umbels</Statement>
            <TaxonName ref="i9"/>
          </Lead>
          <Lead id="k1l51">
            <Parent ref="k1l50"/>
            <Statement>Style more than 17 mm long at anthesis</Statement>
          </Lead>
          <Lead id="k1l74">
            <Parent ref="k1l50"/>
            <Statement>Style up to 17 mm long at anthesis</Statement>
          </Lead>
          <Lead id="k1l52">
            <Parent ref="k1l51"/>
            <Statement>Inflorescence terminal and in the upper axils; usually 10 or more ovules per locule; leaf oil dots variable, large or small, sparse or numerous</Statement>
          </Lead>
          <Lead id="k1l73">
            <Parent ref="k1l51"/>
            <Statement>Inflorescence in the upper axils, pseudoterminal, but never truly terminal; about 5-12 ovules per locule. Oil dots in the leaf blade readily visible to the naked eye, numerous and conspicuous</Statement>
            <TaxonName ref="i39"/>
          </Lead>
          <Lead id="k1l53">
            <Parent ref="k1l52"/>
            <Statement>Petals 9 mm or more wide</Statement>
          </Lead>
          <Lead id="k1l60">
            <Parent ref="k1l52"/>
            <Statement>Petals less than 9 mm wide</Statement>
          </Lead>
          <Lead id="k1l54">
            <Parent ref="k1l53"/>
            <Statement>Flower buds almost sessile; petiole 4-7 mm long</Statement>
            <TaxonName ref="i45"/>
          </Lead>
          <Lead id="k1l55">
            <Parent ref="k1l53"/>
            <Statement>Flower buds distinctly pedicellate; petiole 4-34 mm long</Statement>
          </Lead>
          <Lead id="k1l56">
            <Parent ref="k1l55"/>
            <Statement>Style 12-24 mm long; ovules 17-25 per locule; leaves ± isobilateral</Statement>
            <TaxonName ref="i23"/>
          </Lead>
          <Lead id="k1l57">
            <Parent ref="k1l55"/>
            <Statement>Style 20-55 mm long; ovules 20-65 per locule; leaves dorsiventral</Statement>
          </Lead>
          <Lead id="k1l58">
            <Parent ref="k1l57"/>
            <Statement>Calyx tube plus pedicel 9-17 mm long; petiole 4-17 mm long; petals ± spathulate; a rainforest tree with papery bark</Statement>
            <TaxonName ref="i1"/>
          </Lead>
          <Lead id="k1l59">
            <Parent ref="k1l57"/>
            <Statement>Calyx tube plus pedicel 14-30 mm long; petiole 7-34 mm long; petals ± circular; an open forest tree with nondescript bark</Statement>
            <TaxonName ref="i48"/>
          </Lead>
          <Lead id="k1l61">
            <Parent ref="k1l60"/>
            <Statement>Calyx lobes about as long as the calyx tube (sometimes longer)</Statement>
          </Lead>
          <Lead id="k1l66">
            <Parent ref="k1l60"/>
            <Statement>Calyx lobes much shorter than the calyx tube (S. aqueum slightly shorter)</Statement>
          </Lead>
          <Lead id="k1l62">
            <Parent ref="k1l61"/>
            <Statement>Anther filaments glandular; more than 50 oil dots per petal</Statement>
          </Lead>
          <Lead id="k1l65">
            <Parent ref="k1l61"/>
            <Statement>Anther filaments without glands; fewer than 50 oil dots per petal</Statement>
            <TaxonName ref="i25"/>
          </Lead>
          <Lead id="k1l63">
            <Parent ref="k1l62"/>
            <Statement>About 50-100 oil dots per petal; base of the leaf blade rounded to shortly attenuate; oil dots in the leaf blade visible with a lens or just visible to the naked eye, sparse, more common near the midrib</Statement>
            <TaxonName ref="i11"/>
          </Lead>
          <Lead id="k1l64">
            <Parent ref="k1l62"/>
            <Statement>More than 100 oil dots per petal; base of the leaf blade attenuate; oil dots in the leaf blade visible to the naked eye, sparse to numerous</Statement>
            <TaxonName ref="i22"/>
          </Lead>
          <Lead id="k1l67">
            <Parent ref="k1l66"/>
            <Statement>Petals 3 mm or more diam.; more than 40 oil dots per petal</Statement>
          </Lead>
          <Lead id="k1l72">
            <Parent ref="k1l66"/>
            <Statement>Petals less than 3 mm diam.; fewer than 20 oil dots per petal</Statement>
            <TaxonName ref="i31"/>
          </Lead>
          <Lead id="k1l68">
            <Parent ref="k1l67"/>
            <Statement>Intramarginal vein more than 2 mm from the edge of the leaf blade</Statement>
            <TaxonName ref="i5"/>
          </Lead>
          <Lead id="k1l69">
            <Parent ref="k1l67"/>
            <Statement>Intramarginal vein up to 2 mm from the edge of the leaf blade</Statement>
          </Lead>
          <Lead id="k1l70">
            <Parent ref="k1l69"/>
            <Statement>Base of the calyx lobes partly separated from the top of the calyx tube at anthesis; calyx tube (at the bud stage) slightly constricted at the apex</Statement>
            <TaxonName ref="i17"/>
          </Lead>
          <Lead id="k1l71">
            <Parent ref="k1l69"/>
            <Statement>Base of the calyx lobes completely attached to the top of the calyx tube at anthesis; calyx tube not constricted at the apex</Statement>
            <TaxonName ref="i27"/>
          </Lead>
          <Lead id="k1l75">
            <Parent ref="k1l74"/>
            <Statement>Petals more than 10 mm diam.; an open forest tree</Statement>
            <TaxonName ref="i23"/>
          </Lead>
          <Lead id="k1l76">
            <Parent ref="k1l74"/>
            <Statement>Petals less than 10 mm diam.; trees and shrubs occurring mainly in rainforests and closed forests</Statement>
          </Lead>
          <Lead id="k1l77">
            <Parent ref="k1l76"/>
            <Statement>Calyx tube conspicuously constricted about the middle</Statement>
            <TaxonName ref="i35"/>
          </Lead>
          <Lead id="k1l78">
            <Parent ref="k1l76"/>
            <Statement>Calyx tube not conspicuously constricted about the middle</Statement>
          </Lead>
          <Lead id="k1l79">
            <Parent ref="k1l78"/>
            <Statement>Calyx tube 6 mm or more diam.</Statement>
          </Lead>
          <Lead id="k1l92">
            <Parent ref="k1l78"/>
            <Statement>Calyx tube less than 6 mm diam.</Statement>
          </Lead>
          <Lead id="k1l80">
            <Parent ref="k1l79"/>
            <Statement>Calyx lobes triangular, 5 mm or longer</Statement>
            <TaxonName ref="i22"/>
          </Lead>
          <Lead id="k1l81">
            <Parent ref="k1l79"/>
            <Statement>Calyx lobes usually semicircular or less than 5 mm long</Statement>
          </Lead>
          <Lead id="k1l82">
            <Parent ref="k1l81"/>
            <Statement>Flower buds clavate; base of the calyx lobes partly separated from the top of the calyx tube at anthesis</Statement>
            <TaxonName ref="i17"/>
          </Lead>
          <Lead id="k1l83">
            <Parent ref="k1l81"/>
            <Statement>Flower buds turbinate, pyriform, obovoid, rarely clavate; base of the calyx lobes completely attached to the top of the calyx tube at anthesis</Statement>
          </Lead>
          <Lead id="k1l84">
            <Parent ref="k1l83"/>
            <Statement>Petals and anther filaments mauve; flowers with a citronellal odour; style less than 7 mm long</Statement>
            <TaxonName ref="i42"/>
          </Lead>
          <Lead id="k1l85">
            <Parent ref="k1l83"/>
            <Statement>Petals and anther filaments cream, pink or red; flowers without a citronellal odour; style 5-30 mm long</Statement>
          </Lead>
          <Lead id="k1l86">
            <Parent ref="k1l85"/>
            <Statement>Petiole 1-4 mm long; petals 3-5 mm diam. (New Guinea species)</Statement>
            <TaxonName ref="i33"/>
          </Lead>
          <Lead id="k1l87">
            <Parent ref="k1l85"/>
            <Statement>Petiole 5-16 mm long; petals 6-7.5 mm diam.</Statement>
          </Lead>
          <Lead id="k1l88">
            <Parent ref="k1l87"/>
            <Statement>Anther filaments 4-8 mm long; ovules 10-14 per locule</Statement>
            <TaxonName ref="i14"/>
          </Lead>
          <Lead id="k1l89">
            <Parent ref="k1l87"/>
            <Statement>Anther filaments 9-18 mm long; ovules 20-40 per locule</Statement>
          </Lead>
          <Lead id="k1l90">
            <Parent ref="k1l89"/>
            <Statement>Inflorescence terminating leafy twigs and in the upper axils; leaves usually orbicular, obovate, rarely lanceolate</Statement>
            <TaxonName ref="i26"/>
          </Lead>
          <Lead id="k1l91">
            <Parent ref="k1l89"/>
            <Statement>Inflorescence terminal on branches produced below the leaves or inside the crown of the tree; leaves narrowly ovate, elliptical or lanceolate</Statement>
            <TaxonName ref="i27"/>
          </Lead>
          <Lead id="k1l93">
            <Parent ref="k1l92"/>
            <Statement>More than 15 oil dots per petal; calyx lobes horizontal or reflected at anthesis, rarely erect</Statement>
          </Lead>
          <Lead id="k1l122">
            <Parent ref="k1l92"/>
            <Statement>Fewer than 15 oil dots per petal; calyx lobes erect at anthesis</Statement>
            <TaxonName ref="i31"/>
          </Lead>
          <Lead id="k1l94">
            <Parent ref="k1l93"/>
            <Statement>Base of the leaf blade cuneate to obtuse; intramarginal vein 2-6 mm from the margin of the leaf blade</Statement>
            <TaxonName ref="i5"/>
          </Lead>
          <Lead id="k1l95">
            <Parent ref="k1l93"/>
            <Statement>Base of the leaf blade attenuate; intramarginal vein up to 3 mm from the margin of the leaf blade</Statement>
          </Lead>
          <Lead id="k1l96">
            <Parent ref="k1l95"/>
            <Statement>Flower buds clavate; base of the calyx lobes partly separated from the top of the calyx tube at anthesis</Statement>
            <TaxonName ref="i17"/>
          </Lead>
          <Lead id="k1l97">
            <Parent ref="k1l95"/>
            <Statement>Flower buds turbinate, pyriform, obovoid, occasionally clavate; base of the calyx lobes completely attached to the top of the calyx tube at anthesis</Statement>
          </Lead>
          <Lead id="k1l98">
            <Parent ref="k1l97"/>
            <Statement>Calyx lobes triangular, 5 mm or longer</Statement>
            <TaxonName ref="i22"/>
          </Lead>
          <Lead id="k1l99">
            <Parent ref="k1l97"/>
            <Statement>Calyx lobes semicircular, or less than 5 mm long</Statement>
          </Lead>
          <Lead id="k1l100">
            <Parent ref="k1l99"/>
            <Statement>Apex of the leaf blade obtuse, rounded, sometimes emarginate; oil dots absent or scattered oil dots visible with a lens</Statement>
          </Lead>
          <Lead id="k1l103">
            <Parent ref="k1l99"/>
            <Statement>Apex of the leaf blade acuminate; oil dots normally visible to the naked eye</Statement>
          </Lead>
          <Lead id="k1l101">
            <Parent ref="k1l100"/>
            <Statement>Style 8-17 mm long; petiole 5-16 mm long; petals 6.5-7.5 mm diam.</Statement>
            <TaxonName ref="i27"/>
          </Lead>
          <Lead id="k1l102">
            <Parent ref="k1l100"/>
            <Statement>Style less than 8 mm long; petiole 4-5 mm long; petals about 4-5 mm diam.</Statement>
            <TaxonName ref="i6"/>
          </Lead>
          <Lead id="k1l104">
            <Parent ref="k1l103"/>
            <Statement>Petals 6 mm or more diam.; older twigs clothed in pink or orange papery bark</Statement>
          </Lead>
          <Lead id="k1l107">
            <Parent ref="k1l103"/>
            <Statement>Petals less than 6 mm diam.; older twigs usually clothed in pale brown, slightly scaly, bark</Statement>
          </Lead>
          <Lead id="k1l105">
            <Parent ref="k1l104"/>
            <Statement>Anther filaments 4-8 mm long; about 10-14 ovules per locule</Statement>
            <TaxonName ref="i14"/>
          </Lead>
          <Lead id="k1l106">
            <Parent ref="k1l104"/>
            <Statement>Anther filaments 9-15 mm long; about 20-40 ovules per locule</Statement>
            <TaxonName ref="i27"/>
          </Lead>
          <Lead id="k1l108">
            <Parent ref="k1l107"/>
            <Statement>Style shorter than the stamens; style 3-6 mm long</Statement>
          </Lead>
          <Lead id="k1l111">
            <Parent ref="k1l107"/>
            <Statement>Style approximating or exceeding the stamens; style 4-22 mm long</Statement>
          </Lead>
          <Lead id="k1l109">
            <Parent ref="k1l108"/>
            <Statement>Oil dots in the leaf blade generally sparsely distributed, visible with a lens or just visible to the naked eye; fewer than 100 oil dots per petal</Statement>
            <TaxonName ref="i43"/>
          </Lead>
          <Lead id="k1l110">
            <Parent ref="k1l108"/>
            <Statement>Oil dots in the leaf blade numerous and conspicuous, visible to the naked eye; more than 100 oil dots per petal</Statement>
            <TaxonName ref="i51"/>
          </Lead>
          <Lead id="k1l112">
            <Parent ref="k1l111"/>
            <Statement>Inflorescences terminal or both terminal and axillary</Statement>
          </Lead>
          <Lead id="k1l121">
            <Parent ref="k1l111"/>
            <Statement>Inflorescences in the upper axils but never truly terminal; oil dots in the leaf blade very numerous, readily visible to the naked eye</Statement>
            <TaxonName ref="i39"/>
          </Lead>
          <Lead id="k1l113">
            <Parent ref="k1l112"/>
            <Statement>Leaf oil dots very numerous, i.e. the mean distance between oil dots no more than twice the diameter of the oil dots</Statement>
          </Lead>
          <Lead id="k1l116">
            <Parent ref="k1l112"/>
            <Statement>Leaf oil dots sparser, i.e. the mean distance between oil dots more than twice the diameter of the oil dots</Statement>
          </Lead>
          <Lead id="k1l114">
            <Parent ref="k1l113"/>
            <Statement>Petiole 5-10 mm long; leaf blade gradually tapering into a long tip at the apex</Statement>
            <TaxonName ref="i19"/>
          </Lead>
          <Lead id="k1l115">
            <Parent ref="k1l113"/>
            <Statement>Petiole 2-5 mm long; leaf blade fairly abruptly narrowed into a short tip at the apex</Statement>
            <TaxonName ref="i20"/>
          </Lead>
          <Lead id="k1l117">
            <Parent ref="k1l116"/>
            <Statement>About 20 oil dots per petal; leaf bearing twigs red; flowers (4-5)-merous; oil dots in the leaf blade visible with a lens or just visible to the naked eye</Statement>
            <TaxonName ref="i18"/>
          </Lead>
          <Lead id="k1l118">
            <Parent ref="k1l116"/>
            <Statement>More than 20 oil dots per petal; leaf-bearing twigs green, cream or brown, rarely reddish; flowers 4-merous; oil dots in the leaf blade visible to the naked eye</Statement>
          </Lead>
          <Lead id="k1l119">
            <Parent ref="k1l118"/>
            <Statement>Pedicel longer than diameter of calyx tube; bracts often present at anthesis; primary axis of the inflorescence more than 1 mm diam.</Statement>
            <TaxonName ref="i7"/>
          </Lead>
          <Lead id="k1l120">
            <Parent ref="k1l118"/>
            <Statement>Pedicel shorter than diameter of calyx tube; bracts deciduous, absent at anthesis; primary axis of the inflorescence less than 1 mm diam.</Statement>
            <TaxonName ref="i41"/>
          </Lead>
          <Lead id="k1l125">
            <Parent ref="k1l124"/>
            <Statement>Calyx tube of mature buds 9 mm or more diam.; anther filaments 18-35 mm long; style 25-45 mm long</Statement>
          </Lead>
          <Lead id="k1l128">
            <Parent ref="k1l124"/>
            <Statement>Calyx tube of mature buds less than 9 mm diam.; anther filaments 4-20 mm long; style 5-25 mm</Statement>
          </Lead>
          <Lead id="k1l126">
            <Parent ref="k1l125"/>
            <Statement>Base of the leaf blade cordate; intramarginal vein present</Statement>
            <TaxonName ref="i21"/>
          </Lead>
          <Lead id="k1l127">
            <Parent ref="k1l125"/>
            <Statement>Base of the leaf blade truncate to attenuate; intramarginal vein absent</Statement>
            <TaxonName ref="i16"/>
          </Lead>
          <Lead id="k1l129">
            <Parent ref="k1l128"/>
            <Statement>Style 17 mm or longer</Statement>
          </Lead>
          <Lead id="k1l132">
            <Parent ref="k1l128"/>
            <Statement>Style up to 17 mm long</Statement>
          </Lead>
          <Lead id="k1l130">
            <Parent ref="k1l129"/>
            <Statement>Ovules about 30-35 per locule; leaf oil dots generally sparsely distributed, visible with a lens or just visible to the naked eye; flowers cream to red-purple</Statement>
            <TaxonName ref="i36"/>
          </Lead>
          <Lead id="k1l131">
            <Parent ref="k1l129"/>
            <Statement>Ovules about 15-25 per locule; leaf oil dots numerous, rather small but visible to the naked eye; flowers cream</Statement>
            <TaxonName ref="i49"/>
          </Lead>
          <Lead id="k1l133">
            <Parent ref="k1l132"/>
            <Statement>Inflorescences produced on quite large branches as well as the smaller branches near the leaves</Statement>
          </Lead>
          <Lead id="k1l138">
            <Parent ref="k1l132"/>
            <Statement>Inflorescences produced on the smaller branches just behind the leaves</Statement>
          </Lead>
          <Lead id="k1l134">
            <Parent ref="k1l133"/>
            <Statement>Style 8-15 mm long; oil dots in the leaf blade visible with a lens and may be visible to the naked eye but sparsely distributed</Statement>
          </Lead>
          <Lead id="k1l137">
            <Parent ref="k1l133"/>
            <Statement>Style 5-8 mm long; oil dots in the leaf blade numerous and conspicuous, readily visible to the naked eye</Statement>
            <TaxonName ref="i12"/>
          </Lead>
          <Lead id="k1l135">
            <Parent ref="k1l134"/>
            <Statement>Flowers pink to red; about 20-50 oil dots per petal; calyx lobes 1-2 mm long</Statement>
            <TaxonName ref="i38"/>
          </Lead>
          <Lead id="k1l136">
            <Parent ref="k1l134"/>
            <Statement>Flowers cream; about 10-20 oil dots per petal; calyx lobes 2-6 mm long</Statement>
            <TaxonName ref="i32"/>
          </Lead>
          <Lead id="k1l139">
            <Parent ref="k1l138"/>
            <Statement>Anther filaments pink to red</Statement>
            <TaxonName ref="i38"/>
          </Lead>
          <Lead id="k1l140">
            <Parent ref="k1l138"/>
            <Statement>Anther filaments cream to brownish</Statement>
          </Lead>
          <Lead id="k1l141">
            <Parent ref="k1l140"/>
            <Statement>Ovules 15 or more per locule; petal oil dots 100 or more</Statement>
          </Lead>
          <Lead id="k1l144">
            <Parent ref="k1l140"/>
            <Statement>Fewer than 15 ovules per locule; petal oil dots about 30-40</Statement>
            <TaxonName ref="i14"/>
          </Lead>
          <Lead id="k1l142">
            <Parent ref="k1l141"/>
            <Statement>Twig bark smooth and brownish when young, becoming grey-brown and very finely scaly when older; petals normally present at anthesis</Statement>
            <TaxonName ref="i49"/>
          </Lead>
          <Lead id="k1l143">
            <Parent ref="k1l141"/>
            <Statement>Twig bark smooth and red when young, becoming conspicuously scaly and papery when older; petals normally absent at anthesis, the petals cohering and being shed ± as a calyptra</Statement>
            <TaxonName ref="i27"/>
          </Lead>
          <Lead id="k1l146">
            <Parent ref="k1l145"/>
            <Statement>Calyx tube in the bud markedly contracted at the apex; midrib depressed on the upper surface of the leaf blade; anther filaments 8-15 mm long; oil dots in the leaf blade visible to the naked eye and quite numerous</Statement>
            <TaxonName ref="i17"/>
          </Lead>
          <Lead id="k1l147">
            <Parent ref="k1l145"/>
            <Statement>Calyx tube in the bud dilated at the apex or at least not markedly contracted; midrib raised, flush with or depressed on the upper surface of the leaf blade; anther filaments 3-25 mm long; oil dots in the leaf blade visible or not visible to the naked eye, sparse to numerous</Statement>
          </Lead>
          <Lead id="k1l148">
            <Parent ref="k1l147"/>
            <Statement>Each locule with 8 or more ovules; each petal with numerous oil dots, 10 to 100 or more; flowers (4-5)-merous</Statement>
          </Lead>
          <Lead id="k1l155">
            <Parent ref="k1l147"/>
            <Statement>Each locule with fewer than 8 ovules; each petal with fewer than 10 oil dots; flowers 5-merous</Statement>
            <TaxonName ref="i10"/>
          </Lead>
          <Lead id="k1l149">
            <Parent ref="k1l148"/>
            <Statement>Oil dots in the leaf blade not visible to the naked eye in transmitted light but a few may be visible with a lens</Statement>
          </Lead>
          <Lead id="k1l152">
            <Parent ref="k1l148"/>
            <Statement>Oil dots in the leaf blade visible to the naked eye in transmitted light, sparse to numerous</Statement>
          </Lead>
          <Lead id="k1l150">
            <Parent ref="k1l149"/>
            <Statement>Outer staminal filaments 11-25 mm long; style 12-34 mm long; flowers pink to red</Statement>
            <TaxonName ref="i54"/>
          </Lead>
          <Lead id="k1l151">
            <Parent ref="k1l149"/>
            <Statement>Outer staminal filaments 5-11 mm; style 5-12.5 mm long; flowers cream to pink</Statement>
            <TaxonName ref="i53"/>
          </Lead>
          <Lead id="k1l153">
            <Parent ref="k1l152"/>
            <Statement>Flowers mainly 5-merous; about 30-40 oil dots per petal; petals separate</Statement>
            <TaxonName ref="i34"/>
          </Lead>
          <Lead id="k1l154">
            <Parent ref="k1l152"/>
            <Statement>Flowers mainly 4-merous; about 50-100 oil dots per petal; petals ± cohering and shed as a calyptra</Statement>
            <TaxonName ref="i28"/>
          </Lead>
          <Lead id="k1l157">
            <Parent ref="k1l156"/>
            <Statement>Calyx calyptrate, apex rostrate</Statement>
            <TaxonName ref="i40"/>
          </Lead>
          <Lead id="k1l158">
            <Parent ref="k1l156"/>
            <Statement>Calyx lobes distinct, apex of bud rounded</Statement>
          </Lead>
          <Lead id="k1l159">
            <Parent ref="k1l158"/>
            <Statement>Leafy twigs with a pocket, hump or spur above each node (pockets formed by the amalgamation of decurrent wings from the petioles immediately above); leafy twigs 4-angled or 4-winged</Statement>
          </Lead>
          <Lead id="k1l166">
            <Parent ref="k1l158"/>
            <Statement>Leafy twigs without a pocket, hump or spur above each node; leafy twigs terete or 4-angled</Statement>
          </Lead>
          <Lead id="k1l160">
            <Parent ref="k1l159"/>
            <Statement>Flowers mainly 5-merous</Statement>
            <TaxonName ref="i3"/>
          </Lead>
          <Lead id="k1l161">
            <Parent ref="k1l159"/>
            <Statement>Flowers mainly 4-merous</Statement>
          </Lead>
          <Lead id="k1l162">
            <Parent ref="k1l161"/>
            <Statement>Oil dots in the leaf blade numerous and closely spaced</Statement>
          </Lead>
          <Lead id="k1l165">
            <Parent ref="k1l161"/>
            <Statement>Oil dots in the leaf blade sparsely scattered</Statement>
            <TaxonName ref="i8"/>
          </Lead>
          <Lead id="k1l163">
            <Parent ref="k1l162"/>
            <Statement>Wings large and conspicuous, persistent even on the older twigs; bracts persistent, usually present at anthesis</Statement>
            <TaxonName ref="i0"/>
          </Lead>
          <Lead id="k1l164">
            <Parent ref="k1l162"/>
            <Statement>Wings small and inconspicuous, visible only on the young twigs; bracts deciduous, absent at anthesis</Statement>
            <TaxonName ref="i50"/>
          </Lead>
          <Lead id="k1l167">
            <Parent ref="k1l166"/>
            <Statement>Inflorescence few-flowered (&lt; 10); bracts often present at anthesis</Statement>
          </Lead>
          <Lead id="k1l174">
            <Parent ref="k1l166"/>
            <Statement>Inflorescence with many flowers (&gt; 10); bracts deciduous, normally absent at anthesis</Statement>
          </Lead>
          <Lead id="k1l168">
            <Parent ref="k1l167"/>
            <Statement>Flowers predominantly 5-merous</Statement>
            <TaxonName ref="i3"/>
          </Lead>
          <Lead id="k1l169">
            <Parent ref="k1l167"/>
            <Statement>Flowers predominantly 4-merous</Statement>
          </Lead>
          <Lead id="k1l170">
            <Parent ref="k1l169"/>
            <Statement>Numerous leaf oil dots visible to the naked eye</Statement>
          </Lead>
          <Lead id="k1l173">
            <Parent ref="k1l169"/>
            <Statement>Sparsely scattered oil dots (more numerous near the midrib) visible with a lens or just visible to the naked eye; about 12-15 ovules per locule</Statement>
            <TaxonName ref="i11"/>
          </Lead>
          <Lead id="k1l171">
            <Parent ref="k1l170"/>
            <Statement>About 18-20 ovules per locule (New Guinea species)</Statement>
            <TaxonName ref="i33"/>
          </Lead>
          <Lead id="k1l172">
            <Parent ref="k1l170"/>
            <Statement>About 5-12 ovules per locule</Statement>
            <TaxonName ref="i39"/>
          </Lead>
          <Lead id="k1l175">
            <Parent ref="k1l174"/>
            <Statement>Placentas axile, but at the apex of each locule, ovules pendulous; outer staminal filaments 1.3-2.2 mm long</Statement>
            <TaxonName ref="i52"/>
          </Lead>
          <Lead id="k1l176">
            <Parent ref="k1l174"/>
            <Statement>Placentas axile but not apical, ovules horizontal, radiating or radiating, ascending; outer staminal filaments generally more than 3 mm long, rarely otherwise</Statement>
          </Lead>
          <Lead id="k1l177">
            <Parent ref="k1l176"/>
            <Statement>Placentas axile, sometimes centrally located, ovules transverse; flowers aggregated in umbels of more than 3 flowers</Statement>
          </Lead>
          <Lead id="k1l182">
            <Parent ref="k1l176"/>
            <Statement>Placentas axile, centrally located, ovules radiating or radiating, ascending; flowers aggregated in 3-flowered cymes</Statement>
          </Lead>
          <Lead id="k1l178">
            <Parent ref="k1l177"/>
            <Statement>Flowers mainly 5-merous; about 20-40 oil dots per petal</Statement>
            <TaxonName ref="i34"/>
          </Lead>
          <Lead id="k1l179">
            <Parent ref="k1l177"/>
            <Statement>Flowers mainly 4-merous, occasionally 3-merous; about 50-100 oil dots per petal</Statement>
          </Lead>
          <Lead id="k1l180">
            <Parent ref="k1l179"/>
            <Statement>Calyx tube plus pedicel 6-14 mm long; base of the calyx lobes partly separated from the top of the calyx tube at anthesis</Statement>
            <TaxonName ref="i17"/>
          </Lead>
          <Lead id="k1l181">
            <Parent ref="k1l179"/>
            <Statement>Calyx tube plus pedicel 3-5 mm long; base of the calyx lobes completely attached to the top of the calyx tube at anthesis</Statement>
            <TaxonName ref="i28"/>
          </Lead>
          <Lead id="k1l183">
            <Parent ref="k1l182"/>
            <Statement>Inflorescence terminal or both terminal and axillary</Statement>
          </Lead>
          <Lead id="k1l198">
            <Parent ref="k1l182"/>
            <Statement>Inflorescence axillary but not truly terminal; oil dots in the leaf blade very numerous, readily visible to the naked eye</Statement>
            <TaxonName ref="i39"/>
          </Lead>
          <Lead id="k1l184">
            <Parent ref="k1l183"/>
            <Statement>Style 1-3 mm long, shorter than the stamens; apex of the leaf blade rounded or shortly acuminate; calyx tube 2.0-3.5 mm diam.; petals cohering and shed together ± calyptrate</Statement>
            <TaxonName ref="i37"/>
          </Lead>
          <Lead id="k1l185">
            <Parent ref="k1l183"/>
            <Statement>Style more than 3 mm long, generally approximating the stamens, occasionally shorter</Statement>
          </Lead>
          <Lead id="k1l186">
            <Parent ref="k1l185"/>
            <Statement>Style shorter than the stamens; petals cohering and shed together ± calyptrate; oil dots in the leaf blade visible with a lens or just visible to the naked eye, generally somewhat sparse</Statement>
            <TaxonName ref="i43"/>
          </Lead>
          <Lead id="k1l187">
            <Parent ref="k1l185"/>
            <Statement>Style approximating the stamens; petals distinct, not calyptrate</Statement>
          </Lead>
          <Lead id="k1l188">
            <Parent ref="k1l187"/>
            <Statement>Apex of the leaf blade obtuse, rounded or sometimes emarginate; scattered oil dots visible with a lens in the leaf blade; flower buds sessile or very shortly pedicellate</Statement>
            <TaxonName ref="i6"/>
          </Lead>
          <Lead id="k1l189">
            <Parent ref="k1l187"/>
            <Statement>Apex of the leaf blade acuminate, sometimes shortly so; oil dots in the leaf blade generally visible to the naked eye but density variable; flower buds sessile or pedicellate</Statement>
          </Lead>
          <Lead id="k1l190">
            <Parent ref="k1l189"/>
            <Statement>Flowers predominantly 5-merous; leaf-bearing twigs 4-angled or shortly winged</Statement>
            <TaxonName ref="i3"/>
          </Lead>
          <Lead id="k1l191">
            <Parent ref="k1l189"/>
            <Statement>Flowers predominantly 4-merous; leaf-bearing twigs ± terete though sometimes flattened at the nodes</Statement>
          </Lead>
          <Lead id="k1l192">
            <Parent ref="k1l191"/>
            <Statement>More than 10 oil dots per petal; leaf blade lanceolate, elliptical, obovate, apex attenuate to acuminate; style 4-13 mm long</Statement>
          </Lead>
          <Lead id="k1l197">
            <Parent ref="k1l191"/>
            <Statement>Fewer than 10 oil dots per petal; leaf blade broadest towards the abruptly acuminate apex; style 8-17 mm long</Statement>
            <TaxonName ref="i31"/>
          </Lead>
          <Lead id="k1l193">
            <Parent ref="k1l192"/>
            <Statement>Flower buds conspicuously pedicellate; pedicels more than 2 mm long</Statement>
            <TaxonName ref="i7"/>
          </Lead>
          <Lead id="k1l194">
            <Parent ref="k1l192"/>
            <Statement>Flower buds shortly pedicellate to almost sessile; pedicels less than 2 mm long</Statement>
          </Lead>
          <Lead id="k1l195">
            <Parent ref="k1l194"/>
            <Statement>Outer staminal filaments 6-15 mm long; oil dots in the leaf blade visible with a lens or visible to the naked eye but not particularly numerous or closely spaced</Statement>
            <TaxonName ref="i41"/>
          </Lead>
          <Lead id="k1l196">
            <Parent ref="k1l194"/>
            <Statement>Outer staminal filaments 3.0-5.5 mm long; oil dots in the leaf blade very numerous and closely spaced, readily visible to the naked eye</Statement>
            <TaxonName ref="i20"/>
          </Lead>
        </Leads>
      </IdentificationKey>
    </IdentificationKeys>
  </Dataset>
</Datasets>
