<?xml version="1.0" encoding="UTF-8"?>
<Datasets xmlns="http://rs.tdwg.org/UBIF/2006/" xmlns:xsi="http://www.w3.org/2001/XMLSchema-instance" xsi:schemaLocation="http://rs.tdwg.org/UBIF/2006/ http://rs.tdwg.org/UBIF/2006/Schema/1.1/SDD.xsd">
  <TechnicalMetadata created="2014-12-08T01:23:23">
    <Generator name="KeyBase SDD export" version="0"/>
  </TechnicalMetadata>
  <Dataset xml:lang="en-au">
    <Representation>
      <Label xml:lang="en">Frankenia</Label>
    </Representation>
    <TaxonNames>
      <TaxonName id="i0">
        <Representation>
          <Label>Frankenia crispa</Label>
        </Representation>
      </TaxonName>
      <TaxonName id="i1">
        <Representation>
          <Label>Frankenia foliosa</Label>
        </Representation>
      </TaxonName>
      <TaxonName id="i2">
        <Representation>
          <Label>Frankenia pauciflora</Label>
        </Representation>
      </TaxonName>
      <TaxonName id="i3">
        <Representation>
          <Label>Frankenia pulverulenta</Label>
        </Representation>
      </TaxonName>
      <TaxonName id="i4">
        <Representation>
          <Label>Frankenia serpyllifolia</Label>
        </Representation>
      </TaxonName>
      <TaxonName id="i5">
        <Representation>
          <Label>Frankenia sessilis</Label>
        </Representation>
      </TaxonName>
    </TaxonNames>
    <IdentificationKeys>
      <IdentificationKey id="k1">
        <Representation>
          <Label xml:lang="en">Frankenia</Label>
        </Representation>
        <Leads>
          <Lead id="k1l1">
            <Statement>Perennial, prostrate or ascending shrub</Statement>
          </Lead>
          <Lead id="k1l10">
            <Statement>Annual, prostrate herb</Statement>
            <TaxonName ref="i3"/>
          </Lead>
          <Lead id="k1l2">
            <Parent ref="k1l1"/>
            <Statement>Petioles absent or to 0.7 mm long, not or hardly tapering distally; north-western Victoria only</Statement>
          </Lead>
          <Lead id="k1l5">
            <Parent ref="k1l1"/>
            <Statement>Petioles 0.4–2.7 mm long, tapering or markedly narrowed distally</Statement>
          </Lead>
          <Lead id="k1l3">
            <Parent ref="k1l2"/>
            <Statement>Revolute leaf-margins leaving gap through which midrib is prominent and raised; ovules c. 14–40 per carpel</Statement>
            <TaxonName ref="i1"/>
          </Lead>
          <Lead id="k1l4">
            <Parent ref="k1l2"/>
            <Statement>Revolute leaf-margins almost meeting, midrib inconspicuous or only slightly raised, linear; ovules 2–3 per carpel</Statement>
            <TaxonName ref="i5"/>
          </Lead>
          <Lead id="k1l6">
            <Parent ref="k1l5"/>
            <Statement>Branch-hairs spreading (sometimes with curved tips); petioles more or less flattened throughout</Statement>
          </Lead>
          <Lead id="k1l9">
            <Parent ref="k1l5"/>
            <Statement>Branch-hairs appressed; petioles more or less cylindrical just below lamina</Statement>
            <TaxonName ref="i0"/>
          </Lead>
          <Lead id="k1l7">
            <Parent ref="k1l6"/>
            <Statement>Leaves c. 1–2 mm wide, upper surface glabrous or with few scattered hairs; stem-hairs c. 0.1–0.2 mm long (hardly visible under Ã— 10 hand lens); ovules 6–18 per carpel; coastal saltmarsh and north to Horsham in western Victoria</Statement>
            <TaxonName ref="i2"/>
          </Lead>
          <Lead id="k1l8">
            <Parent ref="k1l6"/>
            <Statement>Leaves 1–8 mm wide, upper surface glabrous or densely hairy (if glabrous then stem-hairs c 0 5 mm long or more and clearly visible with Ã— 10 hand lens); ovules 2–3 per carpel; north of Dimboola area only</Statement>
            <TaxonName ref="i4"/>
          </Lead>
        </Leads>
      </IdentificationKey>
    </IdentificationKeys>
  </Dataset>
</Datasets>
