<?xml version="1.0" encoding="UTF-8"?>
<Datasets xmlns="http://rs.tdwg.org/UBIF/2006/" xmlns:xsi="http://www.w3.org/2001/XMLSchema-instance" xsi:schemaLocation="http://rs.tdwg.org/UBIF/2006/ http://rs.tdwg.org/UBIF/2006/Schema/1.1/SDD.xsd">
  <TechnicalMetadata created="2014-12-08T01:24:01">
    <Generator name="KeyBase SDD export" version="0"/>
  </TechnicalMetadata>
  <Dataset xml:lang="en-au">
    <Representation>
      <Label xml:lang="en">Fruiting species of Syzygium</Label>
    </Representation>
    <TaxonNames>
      <TaxonName id="i0">
        <Representation>
          <Label>Syzygium alatoramulum</Label>
        </Representation>
      </TaxonName>
      <TaxonName id="i1">
        <Representation>
          <Label>Syzygium alliiligneum</Label>
        </Representation>
      </TaxonName>
      <TaxonName id="i2">
        <Representation>
          <Label>Syzygium angophoroides</Label>
        </Representation>
      </TaxonName>
      <TaxonName id="i3">
        <Representation>
          <Label>Syzygium apodophyllum</Label>
        </Representation>
      </TaxonName>
      <TaxonName id="i4">
        <Representation>
          <Label>Syzygium aqueum</Label>
        </Representation>
      </TaxonName>
      <TaxonName id="i5">
        <Representation>
          <Label>Syzygium argyropedicum</Label>
        </Representation>
      </TaxonName>
      <TaxonName id="i6">
        <Representation>
          <Label>Syzygium armstrongii</Label>
        </Representation>
      </TaxonName>
      <TaxonName id="i7">
        <Representation>
          <Label>Syzygium australe</Label>
        </Representation>
      </TaxonName>
      <TaxonName id="i8">
        <Representation>
          <Label>Syzygium bamagense</Label>
        </Representation>
      </TaxonName>
      <TaxonName id="i9">
        <Representation>
          <Label>Syzygium banksii</Label>
        </Representation>
      </TaxonName>
      <TaxonName id="i10">
        <Representation>
          <Label>Syzygium boonjee</Label>
        </Representation>
      </TaxonName>
      <TaxonName id="i11">
        <Representation>
          <Label>Syzygium branderhorstii</Label>
        </Representation>
      </TaxonName>
      <TaxonName id="i12">
        <Representation>
          <Label>Syzygium buettnerianum</Label>
        </Representation>
      </TaxonName>
      <TaxonName id="i13">
        <Representation>
          <Label>Syzygium bungadinnia</Label>
        </Representation>
      </TaxonName>
      <TaxonName id="i14">
        <Representation>
          <Label>Syzygium canicortex</Label>
        </Representation>
      </TaxonName>
      <TaxonName id="i15">
        <Representation>
          <Label>Syzygium cormiflorum</Label>
        </Representation>
      </TaxonName>
      <TaxonName id="i16">
        <Representation>
          <Label>Syzygium corynanthum</Label>
        </Representation>
      </TaxonName>
      <TaxonName id="i17">
        <Representation>
          <Label>Syzygium crebrinerve</Label>
        </Representation>
      </TaxonName>
      <TaxonName id="i18">
        <Representation>
          <Label>Syzygium dansiei</Label>
        </Representation>
      </TaxonName>
      <TaxonName id="i19">
        <Representation>
          <Label>Syzygium endophloium</Label>
        </Representation>
      </TaxonName>
      <TaxonName id="i20">
        <Representation>
          <Label>Syzygium erythrocalyx</Label>
        </Representation>
      </TaxonName>
      <TaxonName id="i21">
        <Representation>
          <Label>Syzygium erythrodoxum</Label>
        </Representation>
      </TaxonName>
      <TaxonName id="i22">
        <Representation>
          <Label>Syzygium eucalyptoides subsp. bleeseri</Label>
        </Representation>
      </TaxonName>
      <TaxonName id="i23">
        <Representation>
          <Label>Syzygium eucalyptoides subsp. eucalyptoides</Label>
        </Representation>
      </TaxonName>
      <TaxonName id="i24">
        <Representation>
          <Label>Syzygium fibrosum</Label>
        </Representation>
      </TaxonName>
      <TaxonName id="i25">
        <Representation>
          <Label>Syzygium forte subsp. forte</Label>
        </Representation>
      </TaxonName>
      <TaxonName id="i26">
        <Representation>
          <Label>Syzygium forte subsp. potamophilum</Label>
        </Representation>
      </TaxonName>
      <TaxonName id="i27">
        <Representation>
          <Label>Syzygium francisii</Label>
        </Representation>
      </TaxonName>
      <TaxonName id="i28">
        <Representation>
          <Label>Syzygium gustavioides</Label>
        </Representation>
      </TaxonName>
      <TaxonName id="i29">
        <Representation>
          <Label>Syzygium hodgkinsoniae</Label>
        </Representation>
      </TaxonName>
      <TaxonName id="i30">
        <Representation>
          <Label>Syzygium johnsonii</Label>
        </Representation>
      </TaxonName>
      <TaxonName id="i31">
        <Representation>
          <Label>Syzygium kuranda</Label>
        </Representation>
      </TaxonName>
      <TaxonName id="i32">
        <Representation>
          <Label>Syzygium luehmannii</Label>
        </Representation>
      </TaxonName>
      <TaxonName id="i33">
        <Representation>
          <Label>Syzygium macilwraithianum</Label>
        </Representation>
      </TaxonName>
      <TaxonName id="i34">
        <Representation>
          <Label>Syzygium malaccense</Label>
        </Representation>
      </TaxonName>
      <TaxonName id="i35">
        <Representation>
          <Label>Syzygium minutuliflorum</Label>
        </Representation>
      </TaxonName>
      <TaxonName id="i36">
        <Representation>
          <Label>Syzygium moorei</Label>
        </Representation>
      </TaxonName>
      <TaxonName id="i37">
        <Representation>
          <Label>Syzygium oleosum</Label>
        </Representation>
      </TaxonName>
      <TaxonName id="i38">
        <Representation>
          <Label>Syzygium operculatum</Label>
        </Representation>
      </TaxonName>
      <TaxonName id="i39">
        <Representation>
          <Label>Syzygium paniculatum</Label>
        </Representation>
      </TaxonName>
      <TaxonName id="i40">
        <Representation>
          <Label>Syzygium papyraceum</Label>
        </Representation>
      </TaxonName>
      <TaxonName id="i41">
        <Representation>
          <Label>Syzygium pseudofastigiatum</Label>
        </Representation>
      </TaxonName>
      <TaxonName id="i42">
        <Representation>
          <Label>Syzygium puberulum</Label>
        </Representation>
      </TaxonName>
      <TaxonName id="i43">
        <Representation>
          <Label>Syzygium rubrimolle</Label>
        </Representation>
      </TaxonName>
      <TaxonName id="i44">
        <Representation>
          <Label>Syzygium sayeri</Label>
        </Representation>
      </TaxonName>
      <TaxonName id="i45">
        <Representation>
          <Label>Syzygium sharonae</Label>
        </Representation>
      </TaxonName>
      <TaxonName id="i46">
        <Representation>
          <Label>Syzygium suborbiculare</Label>
        </Representation>
      </TaxonName>
      <TaxonName id="i47">
        <Representation>
          <Label>Syzygium tierneyanum</Label>
        </Representation>
      </TaxonName>
      <TaxonName id="i48">
        <Representation>
          <Label>Syzygium trachyphloium</Label>
        </Representation>
      </TaxonName>
      <TaxonName id="i49">
        <Representation>
          <Label>Syzygium velae</Label>
        </Representation>
      </TaxonName>
      <TaxonName id="i50">
        <Representation>
          <Label>Syzygium wesa</Label>
        </Representation>
      </TaxonName>
      <TaxonName id="i51">
        <Representation>
          <Label>Syzygium wilsonii subsp. cryptophlebium</Label>
        </Representation>
      </TaxonName>
      <TaxonName id="i52">
        <Representation>
          <Label>Syzygium wilsonii subsp. wilsonii</Label>
        </Representation>
      </TaxonName>
      <TaxonName id="i53">
        <Representation>
          <Label>Syzygium xerampelinum</Label>
        </Representation>
      </TaxonName>
    </TaxonNames>
    <IdentificationKeys>
      <IdentificationKey id="k1">
        <Representation>
          <Label xml:lang="en">Fruiting species of Syzygium</Label>
        </Representation>
        <Leads>
          <Lead id="k1l1">
            <Statement>Calyx lobes absent on the fruit or, if present, less than 1 mm long</Statement>
          </Lead>
          <Lead id="k1l50">
            <Statement>Calyx lobes persistent on the fruit, each lobe 1 mm or longer</Statement>
          </Lead>
          <Lead id="k1l2">
            <Parent ref="k1l1"/>
            <Statement>Infructescences cauline and ramal; fruit more than 15 mm diam.</Statement>
            <TaxonName ref="i11"/>
          </Lead>
          <Lead id="k1l3">
            <Parent ref="k1l1"/>
            <Statement>Infructescences terminal and in the upper axils; if lateral on the branches behind the leaves, fruit less than 15 mm diam.</Statement>
          </Lead>
          <Lead id="k1l4">
            <Parent ref="k1l3"/>
            <Statement>Mature fruit 30 mm or more diam.</Statement>
          </Lead>
          <Lead id="k1l11">
            <Parent ref="k1l3"/>
            <Statement>Mature fruit less than 30 mm diam.</Statement>
          </Lead>
          <Lead id="k1l5">
            <Parent ref="k1l4"/>
            <Statement>Calyx lobes persistent but rather small and inconspicuous; pericarp succulent</Statement>
          </Lead>
          <Lead id="k1l8">
            <Parent ref="k1l4"/>
            <Statement>Calyx lobes absent; pericarp leathery or brittle in texture</Statement>
          </Lead>
          <Lead id="k1l6">
            <Parent ref="k1l5"/>
            <Statement>Fruit white or almost white; oil dots in the leaf blade visible with a lens or just visible to the naked eye, generally somewhat sparsely distributed</Statement>
            <TaxonName ref="i41"/>
          </Lead>
          <Lead id="k1l7">
            <Parent ref="k1l5"/>
            <Statement>Fruit pink with a lavender or purplish tinge; oil dots in the leaf blade readily visible to the naked eye, numerous and conspicuous</Statement>
            <TaxonName ref="i18"/>
          </Lead>
          <Lead id="k1l9">
            <Parent ref="k1l8"/>
            <Statement>Fruit excavated at the apex; excavation less than 12 mm diam., style remnants normally visible at the bottom</Statement>
            <TaxonName ref="i31"/>
          </Lead>
          <Lead id="k1l10">
            <Parent ref="k1l8"/>
            <Statement>Fruit rounded or with a tonsure-like section (more than 12 mm diam.) at the apex; style absent</Statement>
            <TaxonName ref="i28"/>
          </Lead>
          <Lead id="k1l12">
            <Parent ref="k1l11"/>
            <Statement>Leafy twigs with a pocket, hump or spur above each node (pockets formed by the amalgamation of decurrent wings from the petioles immediately above); leafy twigs 4-angled or 4-winged</Statement>
          </Lead>
          <Lead id="k1l17">
            <Parent ref="k1l11"/>
            <Statement>Leafy twigs without a pocket, hump or spur above each node; leafy twigs terete or 4-angled</Statement>
          </Lead>
          <Lead id="k1l13">
            <Parent ref="k1l12"/>
            <Statement>Fruit white or white with a pale purplish tinge; calyx lobes persistent, small and inconspicuous, 0.2-0.3 mm long</Statement>
            <TaxonName ref="i0"/>
          </Lead>
          <Lead id="k1l14">
            <Parent ref="k1l12"/>
            <Statement>Fruit red, reddish purple or black</Statement>
          </Lead>
          <Lead id="k1l15">
            <Parent ref="k1l14"/>
            <Statement>Leaves seemingly sessile, the 1-2 mm petiole frequently obscured by the twig wings; pericarp marked by cells radiating from the testa to the exocarp</Statement>
            <TaxonName ref="i3"/>
          </Lead>
          <Lead id="k1l16">
            <Parent ref="k1l14"/>
            <Statement>Leaves petiolate, petiole 1-10 mm long; pericarp not marked by cells radiating from the testa to the exocarp</Statement>
            <TaxonName ref="i2"/>
          </Lead>
          <Lead id="k1l18">
            <Parent ref="k1l17"/>
            <Statement>Midrib raised on the upper surface of the leaf blade; oil dots in the leaf blade not visible to the naked eye but a few oil dots may be visible with a lens near the midrib; cotyledons mauve to purple in section when fresh</Statement>
          </Lead>
          <Lead id="k1l21">
            <Parent ref="k1l17"/>
            <Statement>Midrib generally depressed on the upper surface, occasionally flush, rarely raised; oil dots often visible to the naked eye and definitely with a lens; cotyledons cream in section when fresh, rarely purple</Statement>
          </Lead>
          <Lead id="k1l19">
            <Parent ref="k1l18"/>
            <Statement>Fruit 10-16 mm diam., white or cream when ripe; leaf blade rounded or cordate at the base</Statement>
            <TaxonName ref="i52"/>
          </Lead>
          <Lead id="k1l20">
            <Parent ref="k1l18"/>
            <Statement>Fruit 8-12 mm diam., purplish when ripe (sometimes pink or mauve); leaf blade cuneate to rounded at the base</Statement>
            <TaxonName ref="i51"/>
          </Lead>
          <Lead id="k1l22">
            <Parent ref="k1l21"/>
            <Statement>Fruit white, cream or yellowish</Statement>
          </Lead>
          <Lead id="k1l27">
            <Parent ref="k1l21"/>
            <Statement>Fruit pink, red, mauve, lavender, blue, purple or black</Statement>
          </Lead>
          <Lead id="k1l23">
            <Parent ref="k1l22"/>
            <Statement>Fruit surface rugose; oil glands visible towards the middle of longitudinal sections of the cotyledons; numerous oil glands visible in the pericarp</Statement>
            <TaxonName ref="i6"/>
          </Lead>
          <Lead id="k1l24">
            <Parent ref="k1l22"/>
            <Statement>Fruit surface smooth; oil glands not visible in longitudinal sections of the cotyledons; few or no oil glands visible in the pericarp</Statement>
          </Lead>
          <Lead id="k1l25">
            <Parent ref="k1l24"/>
            <Statement>Fruit 10-15 mm diam.; cotyledons surrounded by a dark, tanniferous layer on the inside of the testa</Statement>
            <TaxonName ref="i35"/>
          </Lead>
          <Lead id="k1l26">
            <Parent ref="k1l24"/>
            <Statement>Fruit 20-35 mm diam.; cotyledons surrounded by a pale-coloured testa only</Statement>
            <TaxonName ref="i41"/>
          </Lead>
          <Lead id="k1l28">
            <Parent ref="k1l27"/>
            <Statement>Pericarp marked by cells radiating from the testa to the exocarp; seed often polyembryonic; calyx lobes absent</Statement>
            <TaxonName ref="i14"/>
          </Lead>
          <Lead id="k1l29">
            <Parent ref="k1l27"/>
            <Statement>Pericarp not marked by cells radiating from the testa to the exocarp; seed with one embryo; calyx lobes persistent, sometimes very small (absent in S. operculatum)</Statement>
          </Lead>
          <Lead id="k1l30">
            <Parent ref="k1l29"/>
            <Statement>Infructescences terminal and in the upper axils; calyx lobes persistent though sometimes very small</Statement>
          </Lead>
          <Lead id="k1l49">
            <Parent ref="k1l29"/>
            <Statement>Infructescences lateral on the branches behind the leaves; calyx lobes absent but apex of the fruit marked by a persistent calyx rim</Statement>
            <TaxonName ref="i38"/>
          </Lead>
          <Lead id="k1l31">
            <Parent ref="k1l30"/>
            <Statement>Most fruit with 5 calyx lobes persisting at the apex</Statement>
          </Lead>
          <Lead id="k1l40">
            <Parent ref="k1l30"/>
            <Statement>Most fruit with 4 calyx lobes persisting at the apex</Statement>
          </Lead>
          <Lead id="k1l32">
            <Parent ref="k1l31"/>
            <Statement>Fruit globular or depressed globular; fruit pink, red, purplish to black when ripe</Statement>
          </Lead>
          <Lead id="k1l39">
            <Parent ref="k1l31"/>
            <Statement>Fruit ellipsoid, distinctly longer than wide; fruit dark plum-coloured to black when ripe</Statement>
            <TaxonName ref="i9"/>
          </Lead>
          <Lead id="k1l33">
            <Parent ref="k1l32"/>
            <Statement>Fruit 17 mm or more diam.; young leaf-bearing twigs smooth and red when fresh</Statement>
            <TaxonName ref="i17"/>
          </Lead>
          <Lead id="k1l34">
            <Parent ref="k1l32"/>
            <Statement>Fruit less than 17 mm diam.; young leaf-bearing twigs not red when fresh</Statement>
          </Lead>
          <Lead id="k1l35">
            <Parent ref="k1l34"/>
            <Statement>Seed 5.5 mm or more diam.; main lateral veins readily visible on the upper surface of both fresh and dried leaves; leaf blade broadest about the middle</Statement>
          </Lead>
          <Lead id="k1l38">
            <Parent ref="k1l34"/>
            <Statement>Seed less than 5.5 mm diam.; main lateral veins scarcely visible on the upper surface, even of dried leaves; leaf blade broadest below the middle</Statement>
            <TaxonName ref="i32"/>
          </Lead>
          <Lead id="k1l36">
            <Parent ref="k1l35"/>
            <Statement>Leaf-bearing twigs 4-angled or shortly 4-winged; seed about 7-9 mm diam.</Statement>
            <TaxonName ref="i2"/>
          </Lead>
          <Lead id="k1l37">
            <Parent ref="k1l35"/>
            <Statement>Leaf-bearing twigs ± terete, though sometimes flattened at the nodes; seed about 9-10 mm diam.</Statement>
            <TaxonName ref="i12"/>
          </Lead>
          <Lead id="k1l41">
            <Parent ref="k1l40"/>
            <Statement>Fruit 17 mm or more diam.</Statement>
          </Lead>
          <Lead id="k1l44">
            <Parent ref="k1l40"/>
            <Statement>Fruit less than 17 mm diam.</Statement>
          </Lead>
          <Lead id="k1l42">
            <Parent ref="k1l41"/>
            <Statement>Oil dots in the leaf blade readily visible to the naked eye, very numerous, i.e. the mean distance between oil dots is not more than twice the diameter of the oil dots</Statement>
            <TaxonName ref="i18"/>
          </Lead>
          <Lead id="k1l43">
            <Parent ref="k1l41"/>
            <Statement>Oil dots in the leaf blade just visible to the naked eye, generally rather sparsely distributed, i.e. the mean distance between oil dots is more than twice the diameter of the oil dots</Statement>
            <TaxonName ref="i17"/>
          </Lead>
          <Lead id="k1l45">
            <Parent ref="k1l44"/>
            <Statement>Oil dots in the leaf blade visible to the naked eye but sparsely distributed; fruit mauve, purple or purplish blue; fruit substantially wider than long</Statement>
            <TaxonName ref="i27"/>
          </Lead>
          <Lead id="k1l46">
            <Parent ref="k1l44"/>
            <Statement>Oil dots in the leaf blade generally visible to the naked eye and very numerous; fruit red to almost black; fruit diameter equal to the length or slightly exceeding it</Statement>
          </Lead>
          <Lead id="k1l47">
            <Parent ref="k1l46"/>
            <Statement>Oil dots in the leaf blade generally visible to the naked eye but rather small; ripe fruit red; fruiting peduncles 4-angled</Statement>
            <TaxonName ref="i50"/>
          </Lead>
          <Lead id="k1l48">
            <Parent ref="k1l46"/>
            <Statement>Oil dots readily visible to the naked eye, large and conspicuous; ripe fruit maroon to almost black; fruiting peduncles ± terete</Statement>
            <TaxonName ref="i19"/>
          </Lead>
          <Lead id="k1l51">
            <Parent ref="k1l50"/>
            <Statement>Leaf blade length: breadth ratio more than 6</Statement>
            <TaxonName ref="i23"/>
          </Lead>
          <Lead id="k1l52">
            <Parent ref="k1l50"/>
            <Statement>Leaf blade length: breadth ratio less than 6</Statement>
          </Lead>
          <Lead id="k1l53">
            <Parent ref="k1l52"/>
            <Statement>Midrib raised on the upper surface of the leaf blade; oil dots in the leaf blade not visible to the naked eye but a few oil dots may be visible with a lens near the midrib; cotyledons mauve to purple in section when fresh</Statement>
          </Lead>
          <Lead id="k1l56">
            <Parent ref="k1l52"/>
            <Statement>Midrib generally depressed on the upper surface, occasionally flush, rarely raised; oil dots often visible to the naked eye, and almost invariably with a lens, rarely absent; cotyledons cream in section when fresh, sometimes purple or otherwise</Statement>
          </Lead>
          <Lead id="k1l54">
            <Parent ref="k1l53"/>
            <Statement>Fruit 10-16 mm diam., white or cream when ripe; leaf blade rounded or cordate at the base</Statement>
            <TaxonName ref="i52"/>
          </Lead>
          <Lead id="k1l55">
            <Parent ref="k1l53"/>
            <Statement>Fruit 8-12 mm diam., purplish when ripe (sometimes pink or mauve); leaf blade cuneate to rounded at the base</Statement>
            <TaxonName ref="i51"/>
          </Lead>
          <Lead id="k1l57">
            <Parent ref="k1l56"/>
            <Statement>Oil dots in the leaf blade very large and conspicuous, visible to the naked eye (in transmitted light) from a distance of 1 m or more</Statement>
          </Lead>
          <Lead id="k1l62">
            <Parent ref="k1l56"/>
            <Statement>Oil dots visible with a lens, or to the naked eye but not from a distance of 1m</Statement>
          </Lead>
          <Lead id="k1l58">
            <Parent ref="k1l57"/>
            <Statement>Fruit white, often produced on special shoots below the leaves</Statement>
            <TaxonName ref="i44"/>
          </Lead>
          <Lead id="k1l59">
            <Parent ref="k1l57"/>
            <Statement>Fruit pink, red, maroon or black, terminal on leafy twigs</Statement>
          </Lead>
          <Lead id="k1l60">
            <Parent ref="k1l59"/>
            <Statement>Fruit obovate, ovoid, 15-25 mm diam., pink to red when ripe; main lateral veins 15-21 pairs</Statement>
            <TaxonName ref="i49"/>
          </Lead>
          <Lead id="k1l61">
            <Parent ref="k1l59"/>
            <Statement>Fruit globular, depressed globular, 10-16 mm diam., dark red, maroon to almost black when ripe; main lateral veins 6-15 pairs</Statement>
            <TaxonName ref="i19"/>
          </Lead>
          <Lead id="k1l63">
            <Parent ref="k1l62"/>
            <Statement>Seeds polyembryonic, i.e. two or more embryos within the one seed coat (not to be confused with more than one seed per fruit); fruit various shades of red to magenta</Statement>
            <TaxonName ref="i39"/>
          </Lead>
          <Lead id="k1l64">
            <Parent ref="k1l62"/>
            <Statement>Seeds with only one embryo</Statement>
          </Lead>
          <Lead id="k1l65">
            <Parent ref="k1l64"/>
            <Statement>Leafy twigs with a pocket, hump or spur above each node (pockets formed by the amalgamation of decurrent wings from the petioles immediately above); leafy twigs 4-angled or 4-winged</Statement>
          </Lead>
          <Lead id="k1l68">
            <Parent ref="k1l64"/>
            <Statement>Leafy twigs without a pocket, hump or spur above each node; leafy twigs terete or 4-angled</Statement>
          </Lead>
          <Lead id="k1l66">
            <Parent ref="k1l65"/>
            <Statement>Oil dots in the leaf blade numerous and closely spaced</Statement>
            <TaxonName ref="i48"/>
          </Lead>
          <Lead id="k1l67">
            <Parent ref="k1l65"/>
            <Statement>Oil dots in the leaf blade sparsely scattered</Statement>
            <TaxonName ref="i7"/>
          </Lead>
          <Lead id="k1l69">
            <Parent ref="k1l68"/>
            <Statement>Infructescences cauline</Statement>
          </Lead>
          <Lead id="k1l74">
            <Parent ref="k1l68"/>
            <Statement>Infructescences terminal, axillary, lateral or ramal</Statement>
          </Lead>
          <Lead id="k1l70">
            <Parent ref="k1l69"/>
            <Statement>Leaf blade with an intramarginal vein (or veins) developed</Statement>
          </Lead>
          <Lead id="k1l73">
            <Parent ref="k1l69"/>
            <Statement>Leaf blade without an intramarginal vein; base of the leaf blade truncate to attenuate</Statement>
            <TaxonName ref="i15"/>
          </Lead>
          <Lead id="k1l71">
            <Parent ref="k1l70"/>
            <Statement>Base of the leaf blade cordate; intramarginal vein (the innermost where two have developed) 3-10 mm from the edge of the leaf blade</Statement>
            <TaxonName ref="i20"/>
          </Lead>
          <Lead id="k1l72">
            <Parent ref="k1l70"/>
            <Statement>Base of the leaf blade cuneate to attenuate; intramarginal vein 1-3 mm from the edge of the leaf blade</Statement>
            <TaxonName ref="i11"/>
          </Lead>
          <Lead id="k1l75">
            <Parent ref="k1l74"/>
            <Statement>Infructescences terminal and in the axils of leaves, or scale leaves; leaves normally present above and below the insertion of the infructescence</Statement>
          </Lead>
          <Lead id="k1l164">
            <Parent ref="k1l74"/>
            <Statement>Infructescences ramal, either on the large branches or on the small branches but not in the axils of the leaves; leaves normally present above but not below the insertion of the infructescence</Statement>
          </Lead>
          <Lead id="k1l76">
            <Parent ref="k1l75"/>
            <Statement>In longitudinal section, cells are readily visible, radiating from the testa to the exocarp in a definite regular pattern; fruit pink to red</Statement>
            <TaxonName ref="i16"/>
          </Lead>
          <Lead id="k1l77">
            <Parent ref="k1l75"/>
            <Statement>Longitudinal sections of the fruit do not reveal a regular pattern of cells radiating from the testa to the exocarp; fruit white, cream, pink, red, purple or black</Statement>
          </Lead>
          <Lead id="k1l78">
            <Parent ref="k1l77"/>
            <Statement>Fruit 30 mm or more diam. when ripe</Statement>
          </Lead>
          <Lead id="k1l119">
            <Parent ref="k1l77"/>
            <Statement>Fruit less than 30 mm diam. when ripe</Statement>
          </Lead>
          <Lead id="k1l79">
            <Parent ref="k1l78"/>
            <Statement>Fruit white or cream when ripe</Statement>
          </Lead>
          <Lead id="k1l94">
            <Parent ref="k1l78"/>
            <Statement>Fruit pink, red, maroon or purple when ripe</Statement>
          </Lead>
          <Lead id="k1l80">
            <Parent ref="k1l79"/>
            <Statement>Base of the leaf blade cordate; petiole 1-10 mm long; intramarginal vein conspicuous, 3-10 mm from the margin of the leaf blade</Statement>
            <TaxonName ref="i20"/>
          </Lead>
          <Lead id="k1l81">
            <Parent ref="k1l79"/>
            <Statement>Base of the leaf blade cuneate to attenuate, rarely rounded; petiole 2-30 mm long; intramarginal vein conspicuous, or poorly developed, generally within 5 mm of the margin, rarely up to 8 mm from it, or intramarginal vein absent</Statement>
          </Lead>
          <Lead id="k1l82">
            <Parent ref="k1l81"/>
            <Statement>Cotyledons with large spherical glands 1 mm or more diam., visible in longitudinal sections; petiole 2-4 mm long</Statement>
            <TaxonName ref="i33"/>
          </Lead>
          <Lead id="k1l83">
            <Parent ref="k1l81"/>
            <Statement>Cotyledons without large spherical glands 1 mm or more diam.; petiole 5-30 mm long</Statement>
          </Lead>
          <Lead id="k1l84">
            <Parent ref="k1l83"/>
            <Statement>Oil dots ± uniformly distributed over the leaf blade; outer surface of the cotyledons penetrated by hard brittle intrusions from the testa</Statement>
          </Lead>
          <Lead id="k1l93">
            <Parent ref="k1l83"/>
            <Statement>Oil dots absent or very sparse in those areas adjacent to the midrib and main lateral veins (quite numerous elsewhere); outer surface of the cotyledons not penetrated by hard brittle intrusions from the testa</Statement>
            <TaxonName ref="i45"/>
          </Lead>
          <Lead id="k1l85">
            <Parent ref="k1l84"/>
            <Statement>Intramarginal vein present, though sometimes difficult to distinguish on fresh material</Statement>
          </Lead>
          <Lead id="k1l92">
            <Parent ref="k1l84"/>
            <Statement>Intramarginal vein absent, the lateral veins forming indistinct loops inside the blade margin</Statement>
            <TaxonName ref="i8"/>
          </Lead>
          <Lead id="k1l86">
            <Parent ref="k1l85"/>
            <Statement>Leaf blade ± isobilateral; bark on the older twigs slightly flaky or scaly; calyx lobes about 5mm long; an open-forest tree with sections of bark included in the wood of the stem and branches</Statement>
            <TaxonName ref="i23"/>
          </Lead>
          <Lead id="k1l87">
            <Parent ref="k1l85"/>
            <Statement>Leaf blade dorsiventral; bark on the older twigs very flaky to somewhat papery; calyx lobes 1.5-3.0 mm long; trees of the rainforests, closed gallery forests and beach forests; wood of the stem and branches without sections of included bark</Statement>
          </Lead>
          <Lead id="k1l88">
            <Parent ref="k1l87"/>
            <Statement>Apex of leaf blade acuminate; seed 30-50 mm along the larger diam.; fruit slightly bilobed</Statement>
            <TaxonName ref="i13"/>
          </Lead>
          <Lead id="k1l89">
            <Parent ref="k1l87"/>
            <Statement>Apex of leaf blade bluntly pointed, obtuse, rounded or emarginated; seed 10-40 mm diam.; fruit ± circular in transverse section</Statement>
          </Lead>
          <Lead id="k1l90">
            <Parent ref="k1l89"/>
            <Statement>Infructescence terminal</Statement>
            <TaxonName ref="i25"/>
          </Lead>
          <Lead id="k1l91">
            <Parent ref="k1l89"/>
            <Statement>Infructescence on branches below the leaves or inside the crown of the tree</Statement>
            <TaxonName ref="i26"/>
          </Lead>
          <Lead id="k1l95">
            <Parent ref="k1l94"/>
            <Statement>Base of the leaf blade cordate; petiole 1-10 mm long; intramarginal vein conspicuous, 3-10 mm from the margin of the leaf blade</Statement>
            <TaxonName ref="i20"/>
          </Lead>
          <Lead id="k1l96">
            <Parent ref="k1l94"/>
            <Statement>Base of the leaf blade attenuate, cuneate, occasionally obtuse or rounded; petiole 3-35 mm long; intramarginal vein conspicuous, inconspicuous or poorly developed, generally within 5 mm of the margin, occasionally up to 8 mm from it</Statement>
          </Lead>
          <Lead id="k1l97">
            <Parent ref="k1l96"/>
            <Statement>Calyx lobes 6 mm or more long</Statement>
          </Lead>
          <Lead id="k1l104">
            <Parent ref="k1l96"/>
            <Statement>Calyx lobes less than 6 mm long</Statement>
          </Lead>
          <Lead id="k1l98">
            <Parent ref="k1l97"/>
            <Statement>Surface of the cotyledons rugose; peg-like structures on the inner surface of the testa protruding into the outer surface of the cotyledons; leaf blade 4.0-13.1 cm wide</Statement>
            <TaxonName ref="i46"/>
          </Lead>
          <Lead id="k1l99">
            <Parent ref="k1l97"/>
            <Statement>Surface of the cotyledons smooth (sometimes slightly rugose); peg-like testa intrusions absent; leaf blade 1.3-6.5 cm wide</Statement>
          </Lead>
          <Lead id="k1l100">
            <Parent ref="k1l99"/>
            <Statement>Numerous large oil glands visible (to the naked eye) in longitudinal sections of the pericarp, particularly near the epidermis</Statement>
            <TaxonName ref="i1"/>
          </Lead>
          <Lead id="k1l101">
            <Parent ref="k1l99"/>
            <Statement>Large oil glands not visible (to the naked eye) in longitudinal sections of the pericarp</Statement>
          </Lead>
          <Lead id="k1l102">
            <Parent ref="k1l101"/>
            <Statement>Seed 20-30 mm diam.; leaf base rounded to shortly attenuate; leaf oil dots visible with a lens or just visible to the naked eye, sparsely distributed but more common near the midrib</Statement>
            <TaxonName ref="i10"/>
          </Lead>
          <Lead id="k1l103">
            <Parent ref="k1l101"/>
            <Statement>Seed 10-20mm diam.; leaf base attenuate; leaf oil dots visible to the naked eye, density variable, sometimes sparse</Statement>
            <TaxonName ref="i21"/>
          </Lead>
          <Lead id="k1l105">
            <Parent ref="k1l104"/>
            <Statement>Stipule-like reduced leaves normally present in the axils of each leaf; leaf blade 13-20 cm long; often two intramarginal veins developed</Statement>
            <TaxonName ref="i42"/>
          </Lead>
          <Lead id="k1l106">
            <Parent ref="k1l104"/>
            <Statement>Stipule-like appendages absent; leaf blade 4-14 cm long, occasionally to 17 cm; one intramarginal vein apparent or poorly developed</Statement>
          </Lead>
          <Lead id="k1l107">
            <Parent ref="k1l106"/>
            <Statement>Calyx lobes very thick and fleshy, strongly incurved so that the apices of the lobes are within the hollow at the top of the fruit</Statement>
          </Lead>
          <Lead id="k1l110">
            <Parent ref="k1l106"/>
            <Statement>Calyx lobes chartaceous, coriaceous, sometimes brittle, straight or curved but the apices of the lobes projecting beyond the fruit or at least clearly visible</Statement>
          </Lead>
          <Lead id="k1l108">
            <Parent ref="k1l107"/>
            <Statement>Fruit red when ripe; numerous large oil glands visible (to the naked eye) in a longitudinal section of the pericarp particularly near the epidermis</Statement>
            <TaxonName ref="i1"/>
          </Lead>
          <Lead id="k1l109">
            <Parent ref="k1l107"/>
            <Statement>Fruit purple when ripe; large oil glands not obvious in a longitudinal section of the pericarp</Statement>
            <TaxonName ref="i40"/>
          </Lead>
          <Lead id="k1l111">
            <Parent ref="k1l110"/>
            <Statement>Oil dots in the leaf blade visible to the naked eye, very numerous, i.e. the mean distance between oil dots is less than twice the diameter of the oil dots; fruit pink with a lavender or purplish tinge when ripe, 25-30 mm diam.</Statement>
            <TaxonName ref="i18"/>
          </Lead>
          <Lead id="k1l112">
            <Parent ref="k1l110"/>
            <Statement>Oil dots generally visible with a lens if not visible to the naked eye, rather sparsely distributed, i.e. the mean distance between oil dots is more than twice the diameter of the oil dots; fruit colour variable, pink, red, maroon, purple or black when ripe, 15-50 mm diam.</Statement>
          </Lead>
          <Lead id="k1l113">
            <Parent ref="k1l112"/>
            <Statement>Leaf blade± isobilateral; an open-forest tree with sections of bark included in the wood of the stem and branches</Statement>
            <TaxonName ref="i22"/>
          </Lead>
          <Lead id="k1l114">
            <Parent ref="k1l112"/>
            <Statement>Leaf blade dorsiventral; rainforest and open forest trees and shrubs without sections of bark included in the wood</Statement>
          </Lead>
          <Lead id="k1l115">
            <Parent ref="k1l114"/>
            <Statement>Intramarginal vein absent or poorly developed, the main lateral veins forming loops inside the blade margin; leaf blade 2.2-6.0 cm wide</Statement>
            <TaxonName ref="i29"/>
          </Lead>
          <Lead id="k1l116">
            <Parent ref="k1l114"/>
            <Statement>Intramarginal vein developed, though sometimes difficult to see on fresh material; leaf blade 1.2-3.5 cm wide</Statement>
          </Lead>
          <Lead id="k1l117">
            <Parent ref="k1l116"/>
            <Statement>Leaf blade rounded or shortly attenuate at the base; fruit pink, red or maroon when ripe; a small rainforest tree or shrub</Statement>
            <TaxonName ref="i10"/>
          </Lead>
          <Lead id="k1l118">
            <Parent ref="k1l116"/>
            <Statement>Leaf blade attenuate at the base; fruit blue-purple when ripe; a rare tree known only in open forest on sandstone in the Laura area</Statement>
            <TaxonName ref="i43"/>
          </Lead>
          <Lead id="k1l120">
            <Parent ref="k1l119"/>
            <Statement>Fruit white or cream when ripe</Statement>
          </Lead>
          <Lead id="k1l127">
            <Parent ref="k1l119"/>
            <Statement>Fruit pink, red, maroon or purple when ripe</Statement>
          </Lead>
          <Lead id="k1l121">
            <Parent ref="k1l120"/>
            <Statement>Large oil glands visible in longitudinal sections of the cotyledons and sometimes also in the pericarp; pericarp with only small amounts of fibrous tissue</Statement>
          </Lead>
          <Lead id="k1l124">
            <Parent ref="k1l120"/>
            <Statement>Large oil glands not apparent in longitudinal sections of the cotyledons or pericarp; pericarp with abundant fibrous tissue</Statement>
          </Lead>
          <Lead id="k1l122">
            <Parent ref="k1l121"/>
            <Statement>Petiole 2-4 mm long; apex of the leaf blade rounded to very shortly acuminate; leaf blade 3.9-7.0 cm long</Statement>
            <TaxonName ref="i33"/>
          </Lead>
          <Lead id="k1l123">
            <Parent ref="k1l121"/>
            <Statement>Petiole 4-12 mm long; apex of the leaf blade attenuate; leaf blade 5.5-14.5 cm long</Statement>
            <TaxonName ref="i6"/>
          </Lead>
          <Lead id="k1l125">
            <Parent ref="k1l124"/>
            <Statement>Infructescences terminal</Statement>
            <TaxonName ref="i25"/>
          </Lead>
          <Lead id="k1l126">
            <Parent ref="k1l124"/>
            <Statement>Infructescences on the branches below the leaves and inside the crown of the tree</Statement>
            <TaxonName ref="i26"/>
          </Lead>
          <Lead id="k1l128">
            <Parent ref="k1l127"/>
            <Statement>Calyx lobes 7 mm or longer; fruit red or reddish when ripe, 25-40 mm diam.</Statement>
            <TaxonName ref="i21"/>
          </Lead>
          <Lead id="k1l129">
            <Parent ref="k1l127"/>
            <Statement>Calyx lobes less than 7 mm long; fruit pink, red, purple, blue or brownish red when ripe, 7-45 mm diam.</Statement>
          </Lead>
          <Lead id="k1l130">
            <Parent ref="k1l129"/>
            <Statement>Fruit mostly with 5 calyx lobes</Statement>
          </Lead>
          <Lead id="k1l135">
            <Parent ref="k1l129"/>
            <Statement>Fruit mostly with 4 calyx lobes</Statement>
          </Lead>
          <Lead id="k1l131">
            <Parent ref="k1l130"/>
            <Statement>Fruit 7-11 mm diam. when ripe; oil dots in the leaf blade generally visible to the naked eye; calyx lobes inflexed, apices touching</Statement>
            <TaxonName ref="i32"/>
          </Lead>
          <Lead id="k1l132">
            <Parent ref="k1l130"/>
            <Statement>Fruit 17-28 mm diam. when ripe; oil dots in the leaf blade sparsely distributed, just visible to the naked eye, visible with a lens or absent; calyx lobes ± erect or reflexed, apices not touching</Statement>
          </Lead>
          <Lead id="k1l133">
            <Parent ref="k1l132"/>
            <Statement>Apex of the leaf blade acuminate; leaf-bearing twigs smooth and red; leaf blade 6-13 cm long; oil dots sparsely distributed in the leaf blade, visible with a lens or just visible to the naked eye</Statement>
            <TaxonName ref="i17"/>
          </Lead>
          <Lead id="k1l134">
            <Parent ref="k1l132"/>
            <Statement>Apex of the leaf blade obtuse or rounded; leaf-bearing twigs pale brown; leaf blade 4.5-6.0 cm long; scattered oil dots visible with a lens near the midrib, or oil dots absent</Statement>
            <TaxonName ref="i5"/>
          </Lead>
          <Lead id="k1l136">
            <Parent ref="k1l135"/>
            <Statement>Fruit blue, purple or purplish</Statement>
          </Lead>
          <Lead id="k1l147">
            <Parent ref="k1l135"/>
            <Statement>Fruit pink, red, scarlet, brownish red, maroon or almost black</Statement>
          </Lead>
          <Lead id="k1l137">
            <Parent ref="k1l136"/>
            <Statement>Oil dots in the leaf blade just visible to the naked eye, or with a lens, or absent; if present, rather sparsely distributed, i.e. the mean distance between oil dots is more than five times the diameter of the oil dots</Statement>
          </Lead>
          <Lead id="k1l140">
            <Parent ref="k1l136"/>
            <Statement>Oil dots in the leaf blade visible to the naked eye, quite numerous, i.e. the mean distance between oil dots is less than five times the diameter of the oil dots</Statement>
          </Lead>
          <Lead id="k1l138">
            <Parent ref="k1l137"/>
            <Statement>Apex of the leaf blade acuminate; leaf-bearing twigs smooth and red; leaf blade 6-13 cm long; oil dots sparsely distributed in the leaf blade, visible with a lens or to the naked eye</Statement>
            <TaxonName ref="i17"/>
          </Lead>
          <Lead id="k1l139">
            <Parent ref="k1l137"/>
            <Statement>Apex of the leaf blade obtuse or rounded; leaf-bearing twigs pale brown; leaf blade 4.5-6.0 cm long; scattered oil dots visible with a lens near the midrib or oil dots absent</Statement>
            <TaxonName ref="i5"/>
          </Lead>
          <Lead id="k1l141">
            <Parent ref="k1l140"/>
            <Statement>Infructescences terminal and in the upper axils</Statement>
          </Lead>
          <Lead id="k1l146">
            <Parent ref="k1l140"/>
            <Statement>Infructescences axillary but never truly terminal; oil dots in the leaf blade very numerous and conspicuous</Statement>
            <TaxonName ref="i37"/>
          </Lead>
          <Lead id="k1l142">
            <Parent ref="k1l141"/>
            <Statement>Fruit less than 18 mm diam. when ripe; seed less than 9 mm diam.; mean distance between oil dots in the leaf blade more than twice the diameter of the oil dots</Statement>
            <TaxonName ref="i30"/>
          </Lead>
          <Lead id="k1l143">
            <Parent ref="k1l141"/>
            <Statement>Fruit more than 18 mm diam. when ripe; seed more than 9mm diam.; mean distance between oil dots in the leaf blade up to twice the diameter of the oil dots</Statement>
          </Lead>
          <Lead id="k1l144">
            <Parent ref="k1l143"/>
            <Statement>Calyx lobes thick and fleshy, strongly incurved; fruit globular, obovoid to turbinate, purple when ripe</Statement>
            <TaxonName ref="i40"/>
          </Lead>
          <Lead id="k1l145">
            <Parent ref="k1l143"/>
            <Statement>Calyx lobes ± coriaceous, slightly incurved but ± erect; fruit depressed globular, pink, with a lavender or purplish tinge when ripe</Statement>
            <TaxonName ref="i18"/>
          </Lead>
          <Lead id="k1l148">
            <Parent ref="k1l147"/>
            <Statement>Leaf blade: petiole length ratio greater than 20</Statement>
          </Lead>
          <Lead id="k1l151">
            <Parent ref="k1l147"/>
            <Statement>Leaf blade: petiole length ratio less than 20</Statement>
          </Lead>
          <Lead id="k1l149">
            <Parent ref="k1l148"/>
            <Statement>Fruit globular, depressed globular, ovoid</Statement>
            <TaxonName ref="i42"/>
          </Lead>
          <Lead id="k1l150">
            <Parent ref="k1l148"/>
            <Statement>Fruit campanulate, broadly campanulate</Statement>
            <TaxonName ref="i4"/>
          </Lead>
          <Lead id="k1l152">
            <Parent ref="k1l151"/>
            <Statement>Intramarginal vein absent or poorly developed; oil dots generally small and sparsely scattered, rarely visible to the naked eye; fruit red, 15-45 mm diam.</Statement>
            <TaxonName ref="i29"/>
          </Lead>
          <Lead id="k1l153">
            <Parent ref="k1l151"/>
            <Statement>Intramarginal vein developed but sometimes difficult to see on fresh material; oil dots generally visible to the naked eye, generally numerous, occasionally sparse; fruit pink, red, purplish red, brownish red, maroon or almost black, 11-30 mm diam.</Statement>
          </Lead>
          <Lead id="k1l154">
            <Parent ref="k1l153"/>
            <Statement>Calyx lobes 4-5 mm long, ± erect</Statement>
            <TaxonName ref="i24"/>
          </Lead>
          <Lead id="k1l155">
            <Parent ref="k1l153"/>
            <Statement>Calyx lobes 1-3 mm long, incurved, recurved or erect</Statement>
          </Lead>
          <Lead id="k1l156">
            <Parent ref="k1l155"/>
            <Statement>Calyx lobes strongly incurved, 2-3 mm long; intramarginal vein 1-6 mm from the margin of the leaf blade (sometimes 2 intramarginal veins)</Statement>
            <TaxonName ref="i53"/>
          </Lead>
          <Lead id="k1l157">
            <Parent ref="k1l155"/>
            <Statement>Calyx lobes ± erect or recurved, 1-2 mm long; intramarginal vein from less than 1 mm up to 2 mm from the margin of the leaf blade</Statement>
          </Lead>
          <Lead id="k1l158">
            <Parent ref="k1l157"/>
            <Statement>Oil dots very numerous, the mean distance between oil dots less than three times the diameter of the oil dots</Statement>
          </Lead>
          <Lead id="k1l163">
            <Parent ref="k1l157"/>
            <Statement>Oil dots somewhat sparse, the mean distance between oil dots more than three times the diameter of the oil dots</Statement>
            <TaxonName ref="i17"/>
          </Lead>
          <Lead id="k1l159">
            <Parent ref="k1l158"/>
            <Statement>Fruit obovate, ovoid; main lateral veins 15-21 pairs</Statement>
            <TaxonName ref="i49"/>
          </Lead>
          <Lead id="k1l160">
            <Parent ref="k1l158"/>
            <Statement>Fruit globular, depressed globular; main lateral veins 6-15 pairs</Statement>
          </Lead>
          <Lead id="k1l161">
            <Parent ref="k1l160"/>
            <Statement>Fruit 25-30 mm diam., pink with a lavender tinge; seed 15-20 mm diam.</Statement>
            <TaxonName ref="i18"/>
          </Lead>
          <Lead id="k1l162">
            <Parent ref="k1l160"/>
            <Statement>Fruit 10-16 mm diam., dark red, maroon, to almost black; seed 8-11 mm diam.</Statement>
            <TaxonName ref="i19"/>
          </Lead>
          <Lead id="k1l165">
            <Parent ref="k1l164"/>
            <Statement>Fruit 25 mm or more diam. when ripe</Statement>
          </Lead>
          <Lead id="k1l180">
            <Parent ref="k1l164"/>
            <Statement>Fruit less than 25 mm diam. when ripe</Statement>
          </Lead>
          <Lead id="k1l166">
            <Parent ref="k1l165"/>
            <Statement>Calyx lobes 5 mm or more long</Statement>
          </Lead>
          <Lead id="k1l171">
            <Parent ref="k1l165"/>
            <Statement>Calyx lobes less than 5 mm long</Statement>
          </Lead>
          <Lead id="k1l167">
            <Parent ref="k1l166"/>
            <Statement>Intramarginal vein present; testa free from or adhering to the cotyledons</Statement>
          </Lead>
          <Lead id="k1l170">
            <Parent ref="k1l166"/>
            <Statement>Intramarginal vein absent; testa adhering to the cotyledons by peg-like intrusions</Statement>
            <TaxonName ref="i15"/>
          </Lead>
          <Lead id="k1l168">
            <Parent ref="k1l167"/>
            <Statement>Base of leaf blade cordate; testa adhering to the surface of the cotyledons; intramarginal vein (the innermost vein where two have developed) 3-10 mm from the edge of the leaf blade</Statement>
            <TaxonName ref="i20"/>
          </Lead>
          <Lead id="k1l169">
            <Parent ref="k1l167"/>
            <Statement>Base of the leaf blade cuneate to attenuate; testa free from the cotyledons; intramarginal vein 1-3 mm from the edge of the leaf blade</Statement>
            <TaxonName ref="i11"/>
          </Lead>
          <Lead id="k1l172">
            <Parent ref="k1l171"/>
            <Statement>Testa free from the cotyledons; calyx lobes 3-5 mm long; oil dots in the leaf blade visible to the naked eye</Statement>
            <TaxonName ref="i11"/>
          </Lead>
          <Lead id="k1l173">
            <Parent ref="k1l171"/>
            <Statement>Testa adhering to the surface of the cotyledons; calyx lobes 1.5-3 mm long; oil dots in the leaf blade visible with a lens, sometimes visible to the naked eye</Statement>
          </Lead>
          <Lead id="k1l174">
            <Parent ref="k1l173"/>
            <Statement>Fruit pink-red when ripe; stipule-like reduced leaves normally present in the axil of each leaf</Statement>
            <TaxonName ref="i42"/>
          </Lead>
          <Lead id="k1l175">
            <Parent ref="k1l173"/>
            <Statement>Fruit white or cream when ripe; stipule-like appendages absent</Statement>
          </Lead>
          <Lead id="k1l176">
            <Parent ref="k1l175"/>
            <Statement>Fruit more than 35 mm diam. when ripe; seed 30 mm or more along the longer diameter</Statement>
          </Lead>
          <Lead id="k1l179">
            <Parent ref="k1l175"/>
            <Statement>Fruit less than 35 mm diam. when ripe; seed less than 30 mm diam.</Statement>
            <TaxonName ref="i26"/>
          </Lead>
          <Lead id="k1l177">
            <Parent ref="k1l176"/>
            <Statement>Infructescences on the older branches well below the leaves; twig bark not papery</Statement>
            <TaxonName ref="i36"/>
          </Lead>
          <Lead id="k1l178">
            <Parent ref="k1l176"/>
            <Statement>Infructescences on the twigs among or just below the leaves; twig bark papery</Statement>
            <TaxonName ref="i13"/>
          </Lead>
          <Lead id="k1l181">
            <Parent ref="k1l180"/>
            <Statement>Oil dots in the leaf blade visible with a lens or just visible to the naked eye, sparsely distributed; intramarginal vein not developed</Statement>
            <TaxonName ref="i34"/>
          </Lead>
          <Lead id="k1l182">
            <Parent ref="k1l180"/>
            <Statement>Oil dots visible with a lens or to the naked eye, quite numerous</Statement>
          </Lead>
          <Lead id="k1l183">
            <Parent ref="k1l182"/>
            <Statement>Primary fruiting peduncle long and slender, up to 1 mm diam.; cotyledons cream in section when fresh</Statement>
            <TaxonName ref="i53"/>
          </Lead>
          <Lead id="k1l184">
            <Parent ref="k1l182"/>
            <Statement>Primary fruiting peduncle short and stout, more than 1 mm diam.; cotyledons purplish in section when fresh</Statement>
            <TaxonName ref="i47"/>
          </Lead>
        </Leads>
      </IdentificationKey>
    </IdentificationKeys>
  </Dataset>
</Datasets>
