<?xml version="1.0" encoding="UTF-8"?>
<Datasets xmlns="http://rs.tdwg.org/UBIF/2006/" xmlns:xsi="http://www.w3.org/2001/XMLSchema-instance" xsi:schemaLocation="http://rs.tdwg.org/UBIF/2006/ http://rs.tdwg.org/UBIF/2006/Schema/1.1/SDD.xsd">
  <TechnicalMetadata created="2014-12-08T01:23:20">
    <Generator name="KeyBase SDD export" version="0"/>
  </TechnicalMetadata>
  <Dataset xml:lang="en-au">
    <Representation>
      <Label xml:lang="en">Fumaria</Label>
    </Representation>
    <TaxonNames>
      <TaxonName id="i0">
        <Representation>
          <Label>Fumaria bastardii</Label>
        </Representation>
      </TaxonName>
      <TaxonName id="i1">
        <Representation>
          <Label>Fumaria capreolata</Label>
        </Representation>
      </TaxonName>
      <TaxonName id="i2">
        <Representation>
          <Label>Fumaria densiflora</Label>
        </Representation>
      </TaxonName>
      <TaxonName id="i3">
        <Representation>
          <Label>Fumaria indica</Label>
        </Representation>
      </TaxonName>
      <TaxonName id="i4">
        <Representation>
          <Label>Fumaria muralis</Label>
        </Representation>
      </TaxonName>
      <TaxonName id="i5">
        <Representation>
          <Label>Fumaria parviflora</Label>
        </Representation>
      </TaxonName>
    </TaxonNames>
    <IdentificationKeys>
      <IdentificationKey id="k1">
        <Representation>
          <Label xml:lang="en">Fumaria</Label>
        </Representation>
        <Leads>
          <Lead id="k1l1">
            <Statement>Corolla 9 mm long or more; largest leaf-segments often 2 mm wide or more</Statement>
          </Lead>
          <Lead id="k1l6">
            <Statement>Corolla less than 9 mm long; largest leaf-segments often less than 2 mm wide</Statement>
          </Lead>
          <Lead id="k1l2">
            <Parent ref="k1l1"/>
            <Statement>Flower predominantly pink; sepals less than 4 mm long; fruiting pedicels erect or arcuate, not strongly reflexed</Statement>
          </Lead>
          <Lead id="k1l5">
            <Parent ref="k1l1"/>
            <Statement>Flower predominantly white (rarely flushed red); sepals 4 mm long or more; fruiting pedicels strongly recurved</Statement>
            <TaxonName ref="i1"/>
          </Lead>
          <Lead id="k1l3">
            <Parent ref="k1l2"/>
            <Statement>Inner petals with pale yellow median streak (becoming more prominent on drying), lower petal wider than 0.5 mm medially; peduncles and pedicels rather stout, pedicels remaining erect in fruit; fruit rather straight-sided, squarish at base, distinctly tuberculate-rugulose at maturity</Statement>
            <TaxonName ref="i0"/>
          </Lead>
          <Lead id="k1l4">
            <Parent ref="k1l2"/>
            <Statement>Inner petals lacking median yellow streak, lower petal less than 0.5 mm wide medially; peduncles and pedicels slender, pedicels commonly arcuate and spreading in fruit; fruit rounded, smooth to minutely tuberculate</Statement>
            <TaxonName ref="i4"/>
          </Lead>
          <Lead id="k1l7">
            <Parent ref="k1l6"/>
            <Statement>Sepals less than 1.5 mm (usually less than 1 mm) long; bracts exceeding flowering pedicels</Statement>
          </Lead>
          <Lead id="k1l10">
            <Parent ref="k1l6"/>
            <Statement>Sepals more than 1.5 mm long</Statement>
          </Lead>
          <Lead id="k1l8">
            <Parent ref="k1l7"/>
            <Statement>Flowers pink; largest leaf-segments wider than 0.5 mm</Statement>
            <TaxonName ref="i3"/>
          </Lead>
          <Lead id="k1l9">
            <Parent ref="k1l7"/>
            <Statement>Flowers white (sometimes becoming flushed red after fertilization); largest leaf-segments to c. 0.5 mm broad</Statement>
            <TaxonName ref="i5"/>
          </Lead>
          <Lead id="k1l11">
            <Parent ref="k1l10"/>
            <Statement>Sepals ovate, narrower than corolla; bracts shorter than to equal to flowering pedicels</Statement>
          </Lead>
          <Lead id="k1l14">
            <Parent ref="k1l10"/>
            <Statement>Sepals broadly ovate to subrotund, broader than corolla; bracts exceeding flowering pedicels</Statement>
            <TaxonName ref="i2"/>
          </Lead>
          <Lead id="k1l12">
            <Parent ref="k1l11"/>
            <Statement>Inner petals with median yellow streak; pedicels remaining erect in fruit; fruit rather straight-sided, squarish at base, distinctly tuberculate-rugulose</Statement>
            <TaxonName ref="i0"/>
          </Lead>
          <Lead id="k1l13">
            <Parent ref="k1l11"/>
            <Statement>Inner petals rarely with median yellow streak; pedicels commonly arcuate and spreading in fruit; fruit rounded, smooth to minutely tuberculate</Statement>
            <TaxonName ref="i4"/>
          </Lead>
        </Leads>
      </IdentificationKey>
    </IdentificationKeys>
  </Dataset>
</Datasets>
