<?xml version="1.0" encoding="UTF-8"?>
<Datasets xmlns="http://rs.tdwg.org/UBIF/2006/" xmlns:xsi="http://www.w3.org/2001/XMLSchema-instance" xsi:schemaLocation="http://rs.tdwg.org/UBIF/2006/ http://rs.tdwg.org/UBIF/2006/Schema/1.1/SDD.xsd">
  <TechnicalMetadata created="2014-12-08T01:23:47">
    <Generator name="KeyBase SDD export" version="0"/>
  </TechnicalMetadata>
  <Dataset xml:lang="en-au">
    <Representation>
      <Label xml:lang="en">Funaria</Label>
    </Representation>
    <TaxonNames>
      <TaxonName id="i0">
        <Representation>
          <Label>Funaria calvescens</Label>
        </Representation>
      </TaxonName>
      <TaxonName id="i1">
        <Representation>
          <Label>Funaria convexa</Label>
        </Representation>
      </TaxonName>
      <TaxonName id="i2">
        <Representation>
          <Label>Funaria hygrometrica</Label>
        </Representation>
      </TaxonName>
      <TaxonName id="i3">
        <Representation>
          <Label>Funaria microstoma</Label>
        </Representation>
      </TaxonName>
      <TaxonName id="i4">
        <Representation>
          <Label>Funaria muhlenbergii</Label>
        </Representation>
      </TaxonName>
    </TaxonNames>
    <IdentificationKeys>
      <IdentificationKey id="k1">
        <Representation>
          <Label xml:lang="en">Funaria</Label>
        </Representation>
        <Leads>
          <Lead id="k1l1">
            <Statement>Upper exothecial cells elongate and so strongly thickened as to appear virtually without a lumen; annulus not well-defined; spores with high papillae</Statement>
          </Lead>
          <Lead id="k1l4">
            <Statement>Upper exothecial cells irregularly isodiametric to irregularly oblong; annulus well-defined and revoluble; spores nearly smooth</Statement>
          </Lead>
          <Lead id="k1l2">
            <Parent ref="k1l1"/>
            <Statement>Tip of leaf obtuse to rounded; leaves abruptly narrowed to an apiculus; operculum plane or convex</Statement>
            <TaxonName ref="i1"/>
          </Lead>
          <Lead id="k1l3">
            <Parent ref="k1l1"/>
            <Statement>Tip of leaf acuminate; leaves attenuate; operculum conic</Statement>
            <TaxonName ref="i4"/>
          </Lead>
          <Lead id="k1l5">
            <Parent ref="k1l4"/>
            <Statement>Upper leaves rather abruptly acuminate; endostome segments less than 1/2 the length of the exostome; spores 23-30 Âµm</Statement>
            <TaxonName ref="i3"/>
          </Lead>
          <Lead id="k1l6">
            <Parent ref="k1l4"/>
            <Statement>Upper leaves acute to short acuminate; endostome segments almost as long as the exostome; spores 12-15 Âµm</Statement>
          </Lead>
          <Lead id="k1l7">
            <Parent ref="k1l6"/>
            <Statement>Setae straight without a tendency for adjacent ones to twist and tangle with one another; proximal portion of stem almost denuded of leaves or with leaves inconspicuous scales; capsules only very lightly sulcate with the depth of the sulcae less than the width between sulcae</Statement>
            <TaxonName ref="i0"/>
          </Lead>
          <Lead id="k1l8">
            <Parent ref="k1l6"/>
            <Statement>Setae twisted and tangled with adjacent setae; proximal portion of stem with leaves gradually enlarged from base to the somewhat defined apical coma; capsules more deeply sulcate</Statement>
            <TaxonName ref="i2"/>
          </Lead>
        </Leads>
      </IdentificationKey>
    </IdentificationKeys>
  </Dataset>
</Datasets>
