<?xml version="1.0" encoding="UTF-8"?>
<Datasets xmlns="http://rs.tdwg.org/UBIF/2006/" xmlns:xsi="http://www.w3.org/2001/XMLSchema-instance" xsi:schemaLocation="http://rs.tdwg.org/UBIF/2006/ http://rs.tdwg.org/UBIF/2006/Schema/1.1/SDD.xsd">
  <TechnicalMetadata created="2014-12-08T01:23:14">
    <Generator name="KeyBase SDD export" version="0"/>
  </TechnicalMetadata>
  <Dataset xml:lang="en-au">
    <Representation>
      <Label xml:lang="en">Gahnia</Label>
    </Representation>
    <TaxonNames>
      <TaxonName id="i0">
        <Representation>
          <Label>Gahnia ancistrophylla</Label>
        </Representation>
      </TaxonName>
      <TaxonName id="i1">
        <Representation>
          <Label>Gahnia clarkei</Label>
        </Representation>
      </TaxonName>
      <TaxonName id="i2">
        <Representation>
          <Label>Gahnia deusta</Label>
        </Representation>
      </TaxonName>
      <TaxonName id="i3">
        <Representation>
          <Label>Gahnia filum</Label>
        </Representation>
      </TaxonName>
      <TaxonName id="i4">
        <Representation>
          <Label>Gahnia grandis</Label>
        </Representation>
      </TaxonName>
      <TaxonName id="i5">
        <Representation>
          <Label>Gahnia lanigera</Label>
        </Representation>
      </TaxonName>
      <TaxonName id="i6">
        <Representation>
          <Label>Gahnia melanocarpa</Label>
        </Representation>
      </TaxonName>
      <TaxonName id="i7">
        <Representation>
          <Label>Gahnia microstachya</Label>
        </Representation>
      </TaxonName>
      <TaxonName id="i8">
        <Representation>
          <Label>Gahnia radula</Label>
        </Representation>
      </TaxonName>
      <TaxonName id="i9">
        <Representation>
          <Label>Gahnia sieberiana</Label>
        </Representation>
      </TaxonName>
      <TaxonName id="i10">
        <Representation>
          <Label>Gahnia subaequiglumis</Label>
        </Representation>
      </TaxonName>
      <TaxonName id="i11">
        <Representation>
          <Label>Gahnia trifida</Label>
        </Representation>
      </TaxonName>
    </TaxonNames>
    <IdentificationKeys>
      <IdentificationKey id="k1">
        <Representation>
          <Label xml:lang="en">Gahnia</Label>
        </Representation>
        <Leads>
          <Lead id="k1l1">
            <Statement>Ligule chartaceous or membranous, narrow, glabrous or fimbriate on upper margin (hairs 0.1 mm long or less)</Statement>
          </Lead>
          <Lead id="k1l20">
            <Statement>Ligule long-ciliate or woolly</Statement>
          </Lead>
          <Lead id="k1l2">
            <Parent ref="k1l1"/>
            <Statement>Lowest 7–12 glumes of spikelet much shorter than upper glumes (less than one-third length of spikelet), so that nut-bearing spikelet is pyriform or clavate</Statement>
          </Lead>
          <Lead id="k1l5">
            <Parent ref="k1l1"/>
            <Statement>Glumes similar in length or 1–2 lowest or uppermost shorter than the rest;nut-bearing spikelet not pyriform or clavate</Statement>
          </Lead>
          <Lead id="k1l3">
            <Parent ref="k1l2"/>
            <Statement>Stamen filaments to 8 mm long; nut 2.5–3.0 mm long, orange to red, with apex obtuse to broad-acute, umbonate</Statement>
            <TaxonName ref="i1"/>
          </Lead>
          <Lead id="k1l4">
            <Parent ref="k1l2"/>
            <Statement>Stamen filaments to 20 mm long; nut 3.0–4.5 mm long, red-brown to dark brown, with apex acute</Statement>
            <TaxonName ref="i4"/>
          </Lead>
          <Lead id="k1l6">
            <Parent ref="k1l5"/>
            <Statement>Mature spikelets yellow-brown or red-brown</Statement>
          </Lead>
          <Lead id="k1l13">
            <Parent ref="k1l5"/>
            <Statement>Mature spikelets dark grey-brown to black</Statement>
          </Lead>
          <Lead id="k1l7">
            <Parent ref="k1l6"/>
            <Statement>Culms to 125 cm high, 2–5 mm diam.; spikelets 1-flowered (rarely 2-flowered in G. trifida), with 2–6 glumes; leaves longer than culms, often longer than inflorescences</Statement>
          </Lead>
          <Lead id="k1l12">
            <Parent ref="k1l6"/>
            <Statement>Culms to 45 cm high, 1–2 mm diam.; spikelets 2-flowered, with 6–9 glumes; leaves about as long as culms</Statement>
            <TaxonName ref="i7"/>
          </Lead>
          <Lead id="k1l8">
            <Parent ref="k1l7"/>
            <Statement>Involucral bracts not leaf-like, shorter than inflorescence; culms 2–4 mm diam.; anthers 1.8–2.3 mm long (including apical appendage 0.4–0.5 mm long); mostly near-coastal, usually in saline or brackish swamps, often fringing saltmarsh</Statement>
          </Lead>
          <Lead id="k1l11">
            <Parent ref="k1l7"/>
            <Statement>Involucral bracts leaf-like, longer than inflorescence; culms 4–5 mm diam.; anthers 0.9–1.3 mm long (including apical appendage 0.2–0.3 mm long); chiefly rainforest areas of the far east</Statement>
            <TaxonName ref="i6"/>
          </Lead>
          <Lead id="k1l9">
            <Parent ref="k1l8"/>
            <Statement>Nut ± linear to very narrow-ovoid, triquetrous, 5.0–6.0 mm long, 1.0–1.5 mm diam., with surface very finely granulate, glistening; spikelets with 2–3 glumes; leaves and leafy bracts smooth to finely scabrous</Statement>
            <TaxonName ref="i3"/>
          </Lead>
          <Lead id="k1l10">
            <Parent ref="k1l8"/>
            <Statement>Nut narrow-obovoid to narrow-ellipsoid, trigonous, 2.0–2.6 mm long, 0.8- 1.0 mm diam., with surface smooth and reticulate, shining; spikelets with 3–6 glumes; leaves and leafy bracts coarsely scabrous</Statement>
            <TaxonName ref="i11"/>
          </Lead>
          <Lead id="k1l14">
            <Parent ref="k1l13"/>
            <Statement>Nut red to orange (yellowish when immature)</Statement>
          </Lead>
          <Lead id="k1l17">
            <Parent ref="k1l13"/>
            <Statement>Nut straw-coloured to dark brown, grey or black</Statement>
          </Lead>
          <Lead id="k1l15">
            <Parent ref="k1l14"/>
            <Statement>Nut 2.5–4.0 mm long; anthers 2.7–3.2 mm long (including apical appendage 0.3–0.5 mm long); culms 5–12 mm diam., hollow; forming big tussocks to 3 m high; widespread in lowlands, rare in montane areas</Statement>
            <TaxonName ref="i9"/>
          </Lead>
          <Lead id="k1l16">
            <Parent ref="k1l14"/>
            <Statement>Nut 4.0–4.5 mm long; anthers 1.9–2.5 mm long (including appendage c. 0.2 mm long); culms 3–5 mm diam., solid; forming small tussocks to 125 cm high; montane swamps in east and rare</Statement>
            <TaxonName ref="i10"/>
          </Lead>
          <Lead id="k1l18">
            <Parent ref="k1l17"/>
            <Statement>Culms to 45 cm high, 1–2 mm diam.; spikelets with all glumes subequal; basal leaves numerous; dry, often rocky areas</Statement>
            <TaxonName ref="i7"/>
          </Lead>
          <Lead id="k1l19">
            <Parent ref="k1l17"/>
            <Statement>Culms to 70 cm high, 2.5–5 mm diam.; spikelets with uppermost 2–3 glumes much shorter than the lower 2–4; basal leaves rather few; chiefly inhabiting poorly drained sites</Statement>
            <TaxonName ref="i8"/>
          </Lead>
          <Lead id="k1l21">
            <Parent ref="k1l20"/>
            <Statement>Leaf apex straight, pungent; base of plant ± shining; Grampians and mallee areas</Statement>
          </Lead>
          <Lead id="k1l24">
            <Parent ref="k1l20"/>
            <Statement>Leaf apex uncinate; base of plant dull; Grampians only</Statement>
            <TaxonName ref="i0"/>
          </Lead>
          <Lead id="k1l22">
            <Parent ref="k1l21"/>
            <Statement>Leaves scabrous; glumes very long-mucronate, ± densely woolly on margins; stamens 4–7; rare, northern Grampians</Statement>
            <TaxonName ref="i2"/>
          </Lead>
          <Lead id="k1l23">
            <Parent ref="k1l21"/>
            <Statement>Leaves ± smooth; glumes acuminate to long-acute, glabrous; stamens 3; widespread on mallee dunefields</Statement>
            <TaxonName ref="i5"/>
          </Lead>
        </Leads>
      </IdentificationKey>
    </IdentificationKeys>
  </Dataset>
</Datasets>
