<?xml version="1.0" encoding="UTF-8"?>
<Datasets xmlns="http://rs.tdwg.org/UBIF/2006/" xmlns:xsi="http://www.w3.org/2001/XMLSchema-instance" xsi:schemaLocation="http://rs.tdwg.org/UBIF/2006/ http://rs.tdwg.org/UBIF/2006/Schema/1.1/SDD.xsd">
  <TechnicalMetadata created="2014-12-08T01:23:34">
    <Generator name="KeyBase SDD export" version="0"/>
  </TechnicalMetadata>
  <Dataset xml:lang="en-au">
    <Representation>
      <Label xml:lang="en">Galium</Label>
    </Representation>
    <TaxonNames>
      <TaxonName id="i0">
        <Representation>
          <Label>Galium aparine</Label>
        </Representation>
      </TaxonName>
      <TaxonName id="i1">
        <Representation>
          <Label>Galium australe</Label>
        </Representation>
      </TaxonName>
      <TaxonName id="i2">
        <Representation>
          <Label>Galium binifolium</Label>
        </Representation>
      </TaxonName>
      <TaxonName id="i3">
        <Representation>
          <Label>Galium ciliare</Label>
        </Representation>
      </TaxonName>
      <TaxonName id="i4">
        <Representation>
          <Label>Galium compactum</Label>
        </Representation>
      </TaxonName>
      <TaxonName id="i5">
        <Representation>
          <Label>Galium curvihirtum</Label>
        </Representation>
      </TaxonName>
      <TaxonName id="i6">
        <Representation>
          <Label>Galium divaricatum</Label>
        </Representation>
      </TaxonName>
      <TaxonName id="i7">
        <Representation>
          <Label>Galium gaudichaudii</Label>
        </Representation>
      </TaxonName>
      <TaxonName id="i8">
        <Representation>
          <Label>Galium liratum</Label>
        </Representation>
      </TaxonName>
      <TaxonName id="i9">
        <Representation>
          <Label>Galium migrans</Label>
        </Representation>
      </TaxonName>
      <TaxonName id="i10">
        <Representation>
          <Label>Galium mollugo</Label>
        </Representation>
      </TaxonName>
      <TaxonName id="i11">
        <Representation>
          <Label>Galium murale</Label>
        </Representation>
      </TaxonName>
      <TaxonName id="i12">
        <Representation>
          <Label>Galium propinquum</Label>
        </Representation>
      </TaxonName>
      <TaxonName id="i13">
        <Representation>
          <Label>Galium tricornutum</Label>
        </Representation>
      </TaxonName>
      <TaxonName id="i14">
        <Representation>
          <Label>Galium verum</Label>
        </Representation>
      </TaxonName>
    </TaxonNames>
    <IdentificationKeys>
      <IdentificationKey id="k1">
        <Representation>
          <Label xml:lang="en">Galium</Label>
        </Representation>
        <Leads>
          <Lead id="k1l1">
            <Statement>Leaves and stipules mostly in whorls of 6–12; introduced annuals or perennials</Statement>
          </Lead>
          <Lead id="k1l12">
            <Statement>Leaves and stipules in whorls of 4 (rarely 5); native annuals or perennials (except for G. murale)</Statement>
          </Lead>
          <Lead id="k1l2">
            <Parent ref="k1l1"/>
            <Statement>Plant perennial; flowers numerous in almost leafless terminal panicles</Statement>
          </Lead>
          <Lead id="k1l5">
            <Parent ref="k1l1"/>
            <Statement>Plant annual; flowers few in leafy axillary and terminal cymes</Statement>
          </Lead>
          <Lead id="k1l3">
            <Parent ref="k1l2"/>
            <Statement>Corolla white; leaves linear to oblanceolate with flat or slightly recurved margins; plant not stoloniferous</Statement>
            <TaxonName ref="i10"/>
          </Lead>
          <Lead id="k1l4">
            <Parent ref="k1l2"/>
            <Statement>Corolla yellow; leaves linear with tightly revolute margins; plant stoloniferous</Statement>
            <TaxonName ref="i14"/>
          </Lead>
          <Lead id="k1l6">
            <Parent ref="k1l5"/>
            <Statement>Plant robust with stems usually more than 50 cm long; margins of leaves with tiny retrorse prickles</Statement>
          </Lead>
          <Lead id="k1l9">
            <Parent ref="k1l5"/>
            <Statement>Plant slender with stems usually less than 30 cm long; margins of leaves with tiny antrorse prickles or bristles</Statement>
          </Lead>
          <Lead id="k1l7">
            <Parent ref="k1l6"/>
            <Statement>Upper surface of leaves hairy; fruit with hooked hairs</Statement>
            <TaxonName ref="i0"/>
          </Lead>
          <Lead id="k1l8">
            <Parent ref="k1l6"/>
            <Statement>Upper surface of leaves glabrous; fruit with tubercles or papillae</Statement>
            <TaxonName ref="i13"/>
          </Lead>
          <Lead id="k1l10">
            <Parent ref="k1l9"/>
            <Statement>Fruit more or less globose, with tubercles or papillae; mericarps reniform; inflo- rescences 3–12-flowered</Statement>
            <TaxonName ref="i6"/>
          </Lead>
          <Lead id="k1l11">
            <Parent ref="k1l9"/>
            <Statement>Fruit linear-oblong, with hooked hairs; mericarps cylindric; inflorescences 1- or 2- flowered</Statement>
            <TaxonName ref="i11"/>
          </Lead>
          <Lead id="k1l13">
            <Parent ref="k1l12"/>
            <Statement>Fruit and ovaries with hooked hairs</Statement>
          </Lead>
          <Lead id="k1l16">
            <Parent ref="k1l12"/>
            <Statement>Fruit and ovaries without hooked hairs</Statement>
          </Lead>
          <Lead id="k1l14">
            <Parent ref="k1l13"/>
            <Statement>Fruit more or less globose; mericarps reniform; cymes 1–7-flowered, usually longer than subtending leaves; plant perennial</Statement>
            <TaxonName ref="i1"/>
          </Lead>
          <Lead id="k1l15">
            <Parent ref="k1l13"/>
            <Statement>Fruit linear-oblong; mericarps cylindric; cymes 1- or 2-flowered, usually shorter than subtending leaves; plant annual</Statement>
            <TaxonName ref="i11"/>
          </Lead>
          <Lead id="k1l17">
            <Parent ref="k1l16"/>
            <Statement>Peduncles shorter than or equal to leaves</Statement>
          </Lead>
          <Lead id="k1l26">
            <Parent ref="k1l16"/>
            <Statement>Peduncles longer than leaves</Statement>
          </Lead>
          <Lead id="k1l18">
            <Parent ref="k1l17"/>
            <Statement>Longest pedicel in each cyme more than 2 mm long</Statement>
          </Lead>
          <Lead id="k1l21">
            <Parent ref="k1l17"/>
            <Statement>Longest pedicel in each cyme 2 mm long or less</Statement>
          </Lead>
          <Lead id="k1l19">
            <Parent ref="k1l18"/>
            <Statement>Leaves broad-ovate to orbicular, abruptly rounded at base, upper surface glossy; flowers often yellowish</Statement>
            <TaxonName ref="i3"/>
          </Lead>
          <Lead id="k1l20">
            <Parent ref="k1l18"/>
            <Statement>Leaves elliptic to narrow-ovate, tapering or gradually rounded at base, upper sur- face dull; flowers cream or white</Statement>
            <TaxonName ref="i12"/>
          </Lead>
          <Lead id="k1l22">
            <Parent ref="k1l21"/>
            <Statement>At least some stems erect or ascending; leaves less than 2 mm wide, sessile; fruit smooth or wrinkled</Statement>
          </Lead>
          <Lead id="k1l25">
            <Parent ref="k1l21"/>
            <Statement>All stems prostrate to procumbent; leaves more than 2 mm wide, distinctly petio- late; fruit ribbed</Statement>
            <TaxonName ref="i8"/>
          </Lead>
          <Lead id="k1l23">
            <Parent ref="k1l22"/>
            <Statement>Rhizomes usually well-developed; internodes mostly 3–8 mm long; leaves mostly 3.5–4.5 mm long, not usually curved on drying</Statement>
            <TaxonName ref="i4"/>
          </Lead>
          <Lead id="k1l24">
            <Parent ref="k1l22"/>
            <Statement>Rhizomes absent or poorly developed; internodes mostly 12–20 mm long; leaves mostly 5–8 mm long, often curved on drying</Statement>
            <TaxonName ref="i7"/>
          </Lead>
          <Lead id="k1l27">
            <Parent ref="k1l26"/>
            <Statement>Leaves linear-lanceolate or elliptic to narrow-ovate, tapering or gradually rounded at base, upper surface dull; flowers cream or white</Statement>
          </Lead>
          <Lead id="k1l36">
            <Parent ref="k1l26"/>
            <Statement>Leaves broad-ovate to orbicular, abruptly rounded at base, upper surface glossy; flowers often yellowish</Statement>
            <TaxonName ref="i3"/>
          </Lead>
          <Lead id="k1l28">
            <Parent ref="k1l27"/>
            <Statement>Leaves and stipules equal or slightly unequal on lower stems</Statement>
          </Lead>
          <Lead id="k1l35">
            <Parent ref="k1l27"/>
            <Statement>Leaves and stipules very unequal at least on lower stems</Statement>
            <TaxonName ref="i2"/>
          </Lead>
          <Lead id="k1l29">
            <Parent ref="k1l28"/>
            <Statement>Rhizomes absent or poorly developed; stems more or less stiff and brittle in lower parts; inflorescences mostly 3–8-flowered</Statement>
          </Lead>
          <Lead id="k1l34">
            <Parent ref="k1l28"/>
            <Statement>Rhizomes usually well-developed; stems weak and flexible throughout; inflores- cences mostly 1–5-flowered, commonly 3-flowered</Statement>
            <TaxonName ref="i12"/>
          </Lead>
          <Lead id="k1l30">
            <Parent ref="k1l29"/>
            <Statement>Fruit variously adorned, but not as above</Statement>
          </Lead>
          <Lead id="k1l33">
            <Parent ref="k1l29"/>
            <Statement>Fruit densely covered with short curved, usually whitish hairs</Statement>
            <TaxonName ref="i5"/>
          </Lead>
          <Lead id="k1l31">
            <Parent ref="k1l30"/>
            <Statement>Leaves linear to lanceolate, usually less than 1.5 mm wide, margins strongly recurved, subsessile; pedicels to 1 mm long at anthesis; leaves with scattered hairs</Statement>
            <TaxonName ref="i7"/>
          </Lead>
          <Lead id="k1l32">
            <Parent ref="k1l30"/>
            <Statement>Leaves elliptic to ovate or lanceolate, usually 1.5–5 mm wide, margins recurved or flat, distinctly petiolate; pedicels mostly 2–4 mm long at anthesis; leaves usually distinctly hairy</Statement>
            <TaxonName ref="i9"/>
          </Lead>
        </Leads>
      </IdentificationKey>
    </IdentificationKeys>
  </Dataset>
</Datasets>
