<?xml version="1.0" encoding="UTF-8"?>
<Datasets xmlns="http://rs.tdwg.org/UBIF/2006/" xmlns:xsi="http://www.w3.org/2001/XMLSchema-instance" xsi:schemaLocation="http://rs.tdwg.org/UBIF/2006/ http://rs.tdwg.org/UBIF/2006/Schema/1.1/SDD.xsd">
  <TechnicalMetadata created="2014-12-08T01:23:55">
    <Generator name="KeyBase SDD export" version="0"/>
  </TechnicalMetadata>
  <Dataset xml:lang="en-au">
    <Representation>
      <Label xml:lang="en">Genera of Alismataceae</Label>
    </Representation>
    <TaxonNames>
      <TaxonName id="i0">
        <Representation>
          <Label>Alisma</Label>
        </Representation>
      </TaxonName>
      <TaxonName id="i1">
        <Representation>
          <Label>Damasonium</Label>
        </Representation>
      </TaxonName>
      <TaxonName id="i2">
        <Representation>
          <Label>Echinodorus</Label>
        </Representation>
      </TaxonName>
      <TaxonName id="i3">
        <Representation>
          <Label>Sagittaria</Label>
        </Representation>
      </TaxonName>
    </TaxonNames>
    <IdentificationKeys>
      <IdentificationKey id="k1">
        <Representation>
          <Label xml:lang="en">Genera of Alismataceae</Label>
        </Representation>
        <Leads>
          <Lead id="k1l1">
            <Statement>Pistils, fruits +- fused at base; petals cut; flowers bisexual; stamens 6</Statement>
            <TaxonName ref="i1"/>
          </Lead>
          <Lead id="k1l2">
            <Statement>Pistils, fruits free, in 1 whorl on margin of +- flat receptacle or spiralled on convex receptacle; petals +- cut to generally entire; flowers bisexual or unisexual; stamens 0, generally 6, or 7--30</Statement>
          </Lead>
          <Lead id="k1l3">
            <Parent ref="k1l2"/>
            <Statement>Pistils, fruits in 1 whorl on margin of +- flat receptacle; stamens generally 6; flowers bisexual</Statement>
            <TaxonName ref="i0"/>
          </Lead>
          <Lead id="k1l4">
            <Parent ref="k1l2"/>
            <Statement>Pistils, fruits spiralled on convex receptacle; stamens 0 or 7--30; flowers bisexual or unisexual</Statement>
          </Lead>
          <Lead id="k1l5">
            <Parent ref="k1l4"/>
            <Statement>Flowers bisexual; fruit cluster bur-like, beaks terminal, 0.6--1.3 mm</Statement>
            <TaxonName ref="i2"/>
          </Lead>
          <Lead id="k1l6">
            <Parent ref="k1l4"/>
            <Statement>Fls, or at least proximal, unisexual; fruit cluster not bur-like, beaks terminal, 0.1--0.4 mm, or lateral, 0.1--2 mm</Statement>
            <TaxonName ref="i3"/>
          </Lead>
        </Leads>
      </IdentificationKey>
    </IdentificationKeys>
  </Dataset>
</Datasets>
