<?xml version="1.0" encoding="UTF-8"?>
<Datasets xmlns="http://rs.tdwg.org/UBIF/2006/" xmlns:xsi="http://www.w3.org/2001/XMLSchema-instance" xsi:schemaLocation="http://rs.tdwg.org/UBIF/2006/ http://rs.tdwg.org/UBIF/2006/Schema/1.1/SDD.xsd">
  <TechnicalMetadata created="2014-12-08T01:23:52">
    <Generator name="KeyBase SDD export" version="0"/>
  </TechnicalMetadata>
  <Dataset xml:lang="en-au">
    <Representation>
      <Label xml:lang="en">Genera of Apiaceae</Label>
    </Representation>
    <TaxonNames>
      <TaxonName id="i0">
        <Representation>
          <Label>Ammi</Label>
        </Representation>
      </TaxonName>
      <TaxonName id="i1">
        <Representation>
          <Label>Ammoselinum</Label>
        </Representation>
      </TaxonName>
      <TaxonName id="i2">
        <Representation>
          <Label>Anethum</Label>
        </Representation>
      </TaxonName>
      <TaxonName id="i3">
        <Representation>
          <Label>Angelica</Label>
        </Representation>
      </TaxonName>
      <TaxonName id="i4">
        <Representation>
          <Label>Anthriscus</Label>
        </Representation>
      </TaxonName>
      <TaxonName id="i5">
        <Representation>
          <Label>Apiastrum</Label>
        </Representation>
      </TaxonName>
      <TaxonName id="i6">
        <Representation>
          <Label>Apium</Label>
        </Representation>
      </TaxonName>
      <TaxonName id="i7">
        <Representation>
          <Label>Berula</Label>
        </Representation>
      </TaxonName>
      <TaxonName id="i8">
        <Representation>
          <Label>Bowlesia</Label>
        </Representation>
      </TaxonName>
      <TaxonName id="i9">
        <Representation>
          <Label>Cicuta</Label>
        </Representation>
      </TaxonName>
      <TaxonName id="i10">
        <Representation>
          <Label>Conioselinum</Label>
        </Representation>
      </TaxonName>
      <TaxonName id="i11">
        <Representation>
          <Label>Conium</Label>
        </Representation>
      </TaxonName>
      <TaxonName id="i12">
        <Representation>
          <Label>Coriandrum</Label>
        </Representation>
      </TaxonName>
      <TaxonName id="i13">
        <Representation>
          <Label>Cyclospermum</Label>
        </Representation>
      </TaxonName>
      <TaxonName id="i14">
        <Representation>
          <Label>Cymopterus</Label>
        </Representation>
      </TaxonName>
      <TaxonName id="i15">
        <Representation>
          <Label>Daucus</Label>
        </Representation>
      </TaxonName>
      <TaxonName id="i16">
        <Representation>
          <Label>Eryngium</Label>
        </Representation>
      </TaxonName>
      <TaxonName id="i17">
        <Representation>
          <Label>Foeniculum</Label>
        </Representation>
      </TaxonName>
      <TaxonName id="i18">
        <Representation>
          <Label>Glehnia</Label>
        </Representation>
      </TaxonName>
      <TaxonName id="i19">
        <Representation>
          <Label>Heracleum</Label>
        </Representation>
      </TaxonName>
      <TaxonName id="i20">
        <Representation>
          <Label>Hydrocotyle (treated in araliaceae)</Label>
        </Representation>
      </TaxonName>
      <TaxonName id="i21">
        <Representation>
          <Label>Ligusticum</Label>
        </Representation>
      </TaxonName>
      <TaxonName id="i22">
        <Representation>
          <Label>Lilaeopsis</Label>
        </Representation>
      </TaxonName>
      <TaxonName id="i23">
        <Representation>
          <Label>Lomatium</Label>
        </Representation>
      </TaxonName>
      <TaxonName id="i24">
        <Representation>
          <Label>Oenanthe</Label>
        </Representation>
      </TaxonName>
      <TaxonName id="i25">
        <Representation>
          <Label>Oreonana</Label>
        </Representation>
      </TaxonName>
      <TaxonName id="i26">
        <Representation>
          <Label>Orogenia</Label>
        </Representation>
      </TaxonName>
      <TaxonName id="i27">
        <Representation>
          <Label>Osmorhiza</Label>
        </Representation>
      </TaxonName>
      <TaxonName id="i28">
        <Representation>
          <Label>Oxypolis</Label>
        </Representation>
      </TaxonName>
      <TaxonName id="i29">
        <Representation>
          <Label>Pastinaca</Label>
        </Representation>
      </TaxonName>
      <TaxonName id="i30">
        <Representation>
          <Label>Perideridia</Label>
        </Representation>
      </TaxonName>
      <TaxonName id="i31">
        <Representation>
          <Label>Petroselinum</Label>
        </Representation>
      </TaxonName>
      <TaxonName id="i32">
        <Representation>
          <Label>Podistera</Label>
        </Representation>
      </TaxonName>
      <TaxonName id="i33">
        <Representation>
          <Label>Sanicula</Label>
        </Representation>
      </TaxonName>
      <TaxonName id="i34">
        <Representation>
          <Label>Scandix</Label>
        </Representation>
      </TaxonName>
      <TaxonName id="i35">
        <Representation>
          <Label>Sium</Label>
        </Representation>
      </TaxonName>
      <TaxonName id="i36">
        <Representation>
          <Label>Spermolepis</Label>
        </Representation>
      </TaxonName>
      <TaxonName id="i37">
        <Representation>
          <Label>Sphenosciadium</Label>
        </Representation>
      </TaxonName>
      <TaxonName id="i38">
        <Representation>
          <Label>Tauschia</Label>
        </Representation>
      </TaxonName>
      <TaxonName id="i39">
        <Representation>
          <Label>Torilis</Label>
        </Representation>
      </TaxonName>
      <TaxonName id="i40">
        <Representation>
          <Label>Yabea</Label>
        </Representation>
      </TaxonName>
    </TaxonNames>
    <IdentificationKeys>
      <IdentificationKey id="k1">
        <Representation>
          <Label xml:lang="en">Genera of Apiaceae</Label>
        </Representation>
        <Leads>
          <Lead id="k1l1">
            <Statement>Flowers in simple umbels or heads (spikes or racemes); fruit central axis not obvious</Statement>
          </Lead>
          <Lead id="k1l10">
            <Statement>Flowers in compound or occasionally simple umbels, occasionally compound and head-like; fruit central axis generally obvious, separate (except &lt;i&gt;Podistera&lt;/i&gt;)</Statement>
          </Lead>
          <Lead id="k1l2">
            <Parent ref="k1l1"/>
            <Statement>Leaf base not sheathing but stipules present, occasionally +- fused distal to node when leaves opposite</Statement>
          </Lead>
          <Lead id="k1l5">
            <Parent ref="k1l1"/>
            <Statement>Leaf conspicuously sheathing at base, stipules 0</Statement>
          </Lead>
          <Lead id="k1l3">
            <Parent ref="k1l2"/>
            <Statement>Herbage hairs stellate; fruit not or +- compressed front-to-back, inflated</Statement>
            <TaxonName ref="i8"/>
          </Lead>
          <Lead id="k1l4">
            <Parent ref="k1l2"/>
            <Statement>Herbage hairs simple or 0; fruit very compressed side-to-side</Statement>
            <TaxonName ref="i20"/>
          </Lead>
          <Lead id="k1l6">
            <Parent ref="k1l5"/>
            <Statement>Flowers in open umbels; fruit glabrous, with well-defined, thickened ribs or not</Statement>
            <TaxonName ref="i22"/>
          </Lead>
          <Lead id="k1l7">
            <Parent ref="k1l5"/>
            <Statement>Flowers in dense umbels or heads; fruit with scales, prickles, or tubercles, without distinct ribs</Statement>
          </Lead>
          <Lead id="k1l8">
            <Parent ref="k1l7"/>
            <Statement>Flowers bisexual, sessile, each with 1 bract</Statement>
            <TaxonName ref="i16"/>
          </Lead>
          <Lead id="k1l9">
            <Parent ref="k1l7"/>
            <Statement>Flowers bisexual and staminate in same umbel or head (staminate only), staminate generally long-pedicelled; flowers not each with 1 bract</Statement>
            <TaxonName ref="i33"/>
          </Lead>
          <Lead id="k1l11">
            <Parent ref="k1l10"/>
            <Statement>Annual or biennial, slender-taprooted or roots fibrous, reproducing only from seed</Statement>
          </Lead>
          <Lead id="k1l34">
            <Parent ref="k1l10"/>
            <Statement>Perennial herb or biennial, from taproot or from persistent underground structures, not reproducing only from seed</Statement>
          </Lead>
          <Lead id="k1l12">
            <Parent ref="k1l11"/>
            <Statement>Corolla yellow</Statement>
            <TaxonName ref="i2"/>
          </Lead>
          <Lead id="k1l13">
            <Parent ref="k1l11"/>
            <Statement>Corolla generally white</Statement>
          </Lead>
          <Lead id="k1l14">
            <Parent ref="k1l13"/>
            <Statement>Fruit generally elongate, much longer than wide, beaked or long-tapered to tip</Statement>
          </Lead>
          <Lead id="k1l17">
            <Parent ref="k1l13"/>
            <Statement>Fruit +- round to oblong or elliptic, not or only +- longer than wide, not beaked, not long-tapered to tip</Statement>
          </Lead>
          <Lead id="k1l15">
            <Parent ref="k1l14"/>
            <Statement>Bractlets entire; fruit ribs 0 or obscure, sterile beak &lt;&lt; fertile body</Statement>
            <TaxonName ref="i4"/>
          </Lead>
          <Lead id="k1l16">
            <Parent ref="k1l14"/>
            <Statement>Bractlets entire to lobed or dissected; fruit ribs prominent, sterile beak &gt; fertile body</Statement>
            <TaxonName ref="i34"/>
          </Lead>
          <Lead id="k1l18">
            <Parent ref="k1l17"/>
            <Statement>Fruit +- round, not compressed, halves not separating readily</Statement>
            <TaxonName ref="i12"/>
          </Lead>
          <Lead id="k1l19">
            <Parent ref="k1l17"/>
            <Statement>Fruit ovate or cordate to oblong or elliptic, compressed either side-to-side or front-to-back, halves separating readily</Statement>
          </Lead>
          <Lead id="k1l20">
            <Parent ref="k1l19"/>
            <Statement>Bracts leaf-like, generally dissected</Statement>
          </Lead>
          <Lead id="k1l25">
            <Parent ref="k1l19"/>
            <Statement>Bracts 0 or inconspicuous, not leaf-like</Statement>
          </Lead>
          <Lead id="k1l21">
            <Parent ref="k1l20"/>
            <Statement>Herbage, fruit glabrous</Statement>
            <TaxonName ref="i0"/>
          </Lead>
          <Lead id="k1l22">
            <Parent ref="k1l20"/>
            <Statement>Herbage hairy; fruit conspicuously bristly</Statement>
          </Lead>
          <Lead id="k1l23">
            <Parent ref="k1l22"/>
            <Statement>Fruit very compressed front-to-back; rays generally many; umbel dense, nest-like in fruit</Statement>
            <TaxonName ref="i15"/>
          </Lead>
          <Lead id="k1l24">
            <Parent ref="k1l22"/>
            <Statement>Fruit compressed side-to-side; rays few (1--9); umbel open, not nest-like in fruit</Statement>
            <TaxonName ref="i40"/>
          </Lead>
          <Lead id="k1l26">
            <Parent ref="k1l25"/>
            <Statement>Leaves generally opposite; rays 2--3; fruit elliptic-cordate</Statement>
            <TaxonName ref="i5"/>
          </Lead>
          <Lead id="k1l27">
            <Parent ref="k1l25"/>
            <Statement>Leaves generally alternate; rays 0--14; fruit elliptic to narrowly ovate</Statement>
          </Lead>
          <Lead id="k1l28">
            <Parent ref="k1l27"/>
            <Statement>Petal tips narrowed, incurved; fruit prickly throughout or only on outer half; herbage hairy</Statement>
            <TaxonName ref="i39"/>
          </Lead>
          <Lead id="k1l29">
            <Parent ref="k1l27"/>
            <Statement>Petal tips not narrowed, not incurved; fruit prickly throughout, tubercled, sharply scabrous, or glabrous; herbage glabrous or +- scabrous, not hairy</Statement>
          </Lead>
          <Lead id="k1l30">
            <Parent ref="k1l29"/>
            <Statement>Involucel 0; fruit glabrous</Statement>
            <TaxonName ref="i13"/>
          </Lead>
          <Lead id="k1l31">
            <Parent ref="k1l29"/>
            <Statement>Involucel present; fruit conspicuously bristly or sharply scabrous, at least on ribs</Statement>
          </Lead>
          <Lead id="k1l32">
            <Parent ref="k1l31"/>
            <Statement>Inflorescence except fruits puberulent; fruit oblong-ovate</Statement>
            <TaxonName ref="i1"/>
          </Lead>
          <Lead id="k1l33">
            <Parent ref="k1l31"/>
            <Statement>Inflorescence except fruits glabrous; fruit wide-ovate</Statement>
            <TaxonName ref="i36"/>
          </Lead>
          <Lead id="k1l35">
            <Parent ref="k1l34"/>
            <Statement>Plant glabrous; generally in flooded to wet or moist (dry) soil</Statement>
          </Lead>
          <Lead id="k1l52">
            <Parent ref="k1l34"/>
            <Statement>Plant glabrous or variously hairy; wet to dry soil</Statement>
          </Lead>
          <Lead id="k1l36">
            <Parent ref="k1l35"/>
            <Statement>Stem generally conspicuously purple-spotted or -streaked; herbage musty-scented; fruit oil tubes not apparent</Statement>
            <TaxonName ref="i11"/>
          </Lead>
          <Lead id="k1l37">
            <Parent ref="k1l35"/>
            <Statement>Stem green or occasionally +- purple, unspotted; herbage not musty-scented; fruit oil tubes apparent</Statement>
          </Lead>
          <Lead id="k1l38">
            <Parent ref="k1l37"/>
            <Statement>Stem from well-developed single or clustered tubers, or clustered, fibrous roots, generally not rooting at proximal nodes</Statement>
          </Lead>
          <Lead id="k1l45">
            <Parent ref="k1l37"/>
            <Statement>Stem generally from stout taproot, or generally rooting at proximal nodes or along rhizomes, stolons</Statement>
          </Lead>
          <Lead id="k1l39">
            <Parent ref="k1l38"/>
            <Statement>Plant rhizomatous; sap from rhizome becoming +- red-brown in air</Statement>
            <TaxonName ref="i9"/>
          </Lead>
          <Lead id="k1l40">
            <Parent ref="k1l38"/>
            <Statement>Plant not rhizomatous; sap from rhizome not changing color in air</Statement>
          </Lead>
          <Lead id="k1l41">
            <Parent ref="k1l40"/>
            <Statement>Calyx lobes a persistent crown on fruit; fruit corky; fruit central axis not obvious</Statement>
            <TaxonName ref="i24"/>
          </Lead>
          <Lead id="k1l42">
            <Parent ref="k1l40"/>
            <Statement>Calyx lobes evident but not a persistent crown on fruit; fruit not evidently corky; fruit central axis an apparent, separate structure</Statement>
          </Lead>
          <Lead id="k1l43">
            <Parent ref="k1l42"/>
            <Statement>Fruit very compressed front-to-back, marginal ribs wide, thin-winged</Statement>
            <TaxonName ref="i28"/>
          </Lead>
          <Lead id="k1l44">
            <Parent ref="k1l42"/>
            <Statement>Fruit +- or not compressed side-to-side, ribs +- equal, thread-like to prominent but not clearly winged</Statement>
            <TaxonName ref="i30"/>
          </Lead>
          <Lead id="k1l46">
            <Parent ref="k1l45"/>
            <Statement>Calyx lobes a persistent crown on fruit; fruit central axis not obvious</Statement>
            <TaxonName ref="i24"/>
          </Lead>
          <Lead id="k1l47">
            <Parent ref="k1l45"/>
            <Statement>Calyx lobes 0 or minute, generally not a persistent crown on fruit; fruit central axis an apparent, separate structure</Statement>
          </Lead>
          <Lead id="k1l48">
            <Parent ref="k1l47"/>
            <Statement>Fruit halves not adhering to central axis; bracts, bractlets conspicuous to 0</Statement>
            <TaxonName ref="i6"/>
          </Lead>
          <Lead id="k1l49">
            <Parent ref="k1l47"/>
            <Statement>Fruit halves generally adhering to central axis; bracts, bractlets conspicuous</Statement>
          </Lead>
          <Lead id="k1l50">
            <Parent ref="k1l49"/>
            <Statement>Fruit ribs thread-like, inconspicuous in corky fruit wall</Statement>
            <TaxonName ref="i7"/>
          </Lead>
          <Lead id="k1l51">
            <Parent ref="k1l49"/>
            <Statement>Fruit ribs prominent, corky</Statement>
            <TaxonName ref="i35"/>
          </Lead>
          <Lead id="k1l53">
            <Parent ref="k1l52"/>
            <Statement>Herbage anise- or licorice-scented; leaf segments thread-like</Statement>
            <TaxonName ref="i17"/>
          </Lead>
          <Lead id="k1l54">
            <Parent ref="k1l52"/>
            <Statement>Herbage scented or not, but not anise-scented; leaf segments wider than thread-like</Statement>
          </Lead>
          <Lead id="k1l55">
            <Parent ref="k1l54"/>
            <Statement>Fruit ribs +- equal, none expanded as wings</Statement>
          </Lead>
          <Lead id="k1l70">
            <Parent ref="k1l54"/>
            <Statement>Fruit ribs equal or not, some expanded as definite wings</Statement>
          </Lead>
          <Lead id="k1l56">
            <Parent ref="k1l55"/>
            <Statement>Biennial of disturbed or cultivated places</Statement>
          </Lead>
          <Lead id="k1l59">
            <Parent ref="k1l55"/>
            <Statement>Perennial herb of generally undisturbed places</Statement>
          </Lead>
          <Lead id="k1l57">
            <Parent ref="k1l56"/>
            <Statement>Stems generally purple-spotted; cauline leaves like basal; fruit ribs prominent, wavy</Statement>
            <TaxonName ref="i11"/>
          </Lead>
          <Lead id="k1l58">
            <Parent ref="k1l56"/>
            <Statement>Stems unspotted; cauline leaves with more, narrower segments than basal; fruit ribs thread-like, not wavy</Statement>
            <TaxonName ref="i31"/>
          </Lead>
          <Lead id="k1l60">
            <Parent ref="k1l59"/>
            <Statement>Plant dwarfed, 2--15 cm; leaf segments not sharply serrate</Statement>
          </Lead>
          <Lead id="k1l65">
            <Parent ref="k1l59"/>
            <Statement>Plant not dwarfed, 10--120 cm, if &lt; 20 cm, leaf segments sharply serrate</Statement>
          </Lead>
          <Lead id="k1l61">
            <Parent ref="k1l60"/>
            <Statement>Umbels not head-like; involucel inconspicuous, not 1-sided, bractlets 0 or free; calyx lobes 0; styles cylindric; plant erect or spreading, not cushion-forming; leaves loosely recurved or occasionally spreading at soil surface</Statement>
            <TaxonName ref="i26"/>
          </Lead>
          <Lead id="k1l62">
            <Parent ref="k1l60"/>
            <Statement>Involucel conspicuous, 1-sided, bractlets generally partly fused; calyx lobes conspicuous or not; styles compressed, flattened; plants cushion-forming or leaves spreading at soil surface; umbels head-like</Statement>
          </Lead>
          <Lead id="k1l63">
            <Parent ref="k1l62"/>
            <Statement>Herbage coarsely hairy to tomentose; sterile pedicels many, &gt; fruit</Statement>
            <TaxonName ref="i25"/>
          </Lead>
          <Lead id="k1l64">
            <Parent ref="k1l62"/>
            <Statement>Herbage thinly to densely puberulent; sterile pedicels 0--few, &lt;&lt; fruit</Statement>
            <TaxonName ref="i32"/>
          </Lead>
          <Lead id="k1l66">
            <Parent ref="k1l65"/>
            <Statement>Fruit linear to oblong, 8--22 mm; fruit oil tubes obscure; roots licorice-scented</Statement>
            <TaxonName ref="i27"/>
          </Lead>
          <Lead id="k1l67">
            <Parent ref="k1l65"/>
            <Statement>Fruit oblong to round, 2--9 mm; fruit oil tubes evident, 1--5 per rib-interval; roots not licorice-scented</Statement>
          </Lead>
          <Lead id="k1l68">
            <Parent ref="k1l67"/>
            <Statement>Corolla white; involucel generally 0, or &lt; pedicels</Statement>
            <TaxonName ref="i21"/>
          </Lead>
          <Lead id="k1l69">
            <Parent ref="k1l67"/>
            <Statement>Corolla yellow; involucel present, generally &gt; pedicels</Statement>
            <TaxonName ref="i38"/>
          </Lead>
          <Lead id="k1l71">
            <Parent ref="k1l70"/>
            <Statement>Ribs winged at margins of fruit halves, others not or more narrowly so; fruit compressed front-to-back</Statement>
          </Lead>
          <Lead id="k1l80">
            <Parent ref="k1l70"/>
            <Statement>Ribs winged at margins of fruit halves, some others +- winged; fruit cylindric to +- compressed front-to-back or side-to-side (strongly compressed)</Statement>
          </Lead>
          <Lead id="k1l72">
            <Parent ref="k1l71"/>
            <Statement>Plant robust, 1--3 m; outer petals of marginal flowers &gt; others; oil tubes extending part-way to base of fruit</Statement>
            <TaxonName ref="i19"/>
          </Lead>
          <Lead id="k1l73">
            <Parent ref="k1l71"/>
            <Statement>Plant not robust, generally &lt; 1 m; outer petals of marginal flowers = others; oil tubes extending to base of fruit</Statement>
          </Lead>
          <Lead id="k1l74">
            <Parent ref="k1l73"/>
            <Statement>Projection at ovary tip small, conic, persistent on fruit</Statement>
          </Lead>
          <Lead id="k1l77">
            <Parent ref="k1l73"/>
            <Statement>Projection at ovary tip 0</Statement>
          </Lead>
          <Lead id="k1l75">
            <Parent ref="k1l74"/>
            <Statement>Leaf 1--4-pinnately or -ternate-pinnately dissected or compound; corolla white; perennial herb</Statement>
            <TaxonName ref="i10"/>
          </Lead>
          <Lead id="k1l76">
            <Parent ref="k1l74"/>
            <Statement>Leaf 1-pinnate; corolla yellow or orange; generally biennial, or perennial herb</Statement>
            <TaxonName ref="i29"/>
          </Lead>
          <Lead id="k1l78">
            <Parent ref="k1l77"/>
            <Statement>Marginal fruit wings thin or corky, not incurved; fruit axis divided to base</Statement>
            <TaxonName ref="i23"/>
          </Lead>
          <Lead id="k1l79">
            <Parent ref="k1l77"/>
            <Statement>Marginal fruit wings very corky, incurved; fruit axis a corky ridge along middle of each fruit half</Statement>
            <TaxonName ref="i26"/>
          </Lead>
          <Lead id="k1l81">
            <Parent ref="k1l80"/>
            <Statement>Plant low, generally spreading, stem generally 0; rays well developed or not; ovary tip projection 0</Statement>
          </Lead>
          <Lead id="k1l84">
            <Parent ref="k1l80"/>
            <Statement>Plant erect, stem generally present; rays well developed; ovary tip projection conic</Statement>
          </Lead>
          <Lead id="k1l82">
            <Parent ref="k1l81"/>
            <Statement>Plant erect or +- spreading; leaf adaxial surface generally glaucous, glabrous to scabrous or finely hairy, abaxial surface not tomentose; inland, generally dry places</Statement>
            <TaxonName ref="i14"/>
          </Lead>
          <Lead id="k1l83">
            <Parent ref="k1l81"/>
            <Statement>Plant prostrate or +- spreading; leaf adaxial surface green, abaxial tomentose; seashore</Statement>
            <TaxonName ref="i18"/>
          </Lead>
          <Lead id="k1l85">
            <Parent ref="k1l84"/>
            <Statement>Pedicels reduced to a disk; 2&deg; umbels head-like</Statement>
            <TaxonName ref="i37"/>
          </Lead>
          <Lead id="k1l86">
            <Parent ref="k1l84"/>
            <Statement>Pedicels distinct or +- webbed at base, not reduced to a disk; 2&deg; umbels open, not head-like</Statement>
          </Lead>
          <Lead id="k1l87">
            <Parent ref="k1l86"/>
            <Statement>Stem base not fibrous; leaf segments generally coarse; fruit generally compressed front-to-back (+- compressed to cylindric)</Statement>
            <TaxonName ref="i3"/>
          </Lead>
          <Lead id="k1l88">
            <Parent ref="k1l86"/>
            <Statement>Stem base conspicuously fibrous; leaf segments generally fine; fruit compressed side-to-side</Statement>
            <TaxonName ref="i21"/>
          </Lead>
        </Leads>
      </IdentificationKey>
    </IdentificationKeys>
  </Dataset>
</Datasets>
