<?xml version="1.0" encoding="UTF-8"?>
<Datasets xmlns="http://rs.tdwg.org/UBIF/2006/" xmlns:xsi="http://www.w3.org/2001/XMLSchema-instance" xsi:schemaLocation="http://rs.tdwg.org/UBIF/2006/ http://rs.tdwg.org/UBIF/2006/Schema/1.1/SDD.xsd">
  <TechnicalMetadata created="2014-12-08T01:23:07">
    <Generator name="KeyBase SDD export" version="0"/>
  </TechnicalMetadata>
  <Dataset xml:lang="en-au">
    <Representation>
      <Label xml:lang="en">Genera of Adiantaceae</Label>
    </Representation>
    <TaxonNames>
      <TaxonName id="i0">
        <Representation>
          <Label>Adiantum</Label>
        </Representation>
      </TaxonName>
      <TaxonName id="i1">
        <Representation>
          <Label>Anogramma</Label>
        </Representation>
      </TaxonName>
      <TaxonName id="i2">
        <Representation>
          <Label>Cheilanthes</Label>
        </Representation>
      </TaxonName>
      <TaxonName id="i3">
        <Representation>
          <Label>Doryopteris</Label>
        </Representation>
      </TaxonName>
      <TaxonName id="i4">
        <Representation>
          <Label>Paraceterach</Label>
        </Representation>
      </TaxonName>
      <TaxonName id="i5">
        <Representation>
          <Label>Pellaea</Label>
        </Representation>
      </TaxonName>
      <TaxonName id="i6">
        <Representation>
          <Label>Pellaea viridis</Label>
        </Representation>
      </TaxonName>
      <TaxonName id="i7">
        <Representation>
          <Label>Pityrogramma</Label>
        </Representation>
      </TaxonName>
      <TaxonName id="i8">
        <Representation>
          <Label>Taenitis</Label>
        </Representation>
      </TaxonName>
    </TaxonNames>
    <IdentificationKeys>
      <IdentificationKey id="k1">
        <Representation>
          <Label xml:lang="en">Genera of Adiantaceae</Label>
        </Representation>
        <Leads>
          <Lead id="k1l1">
            <Statement>Rhizome bearing bristles but not scales</Statement>
            <TaxonName ref="i8"/>
          </Lead>
          <Lead id="k1l2">
            <Statement>Rhizome bearing scales, sometimes hairs also present</Statement>
          </Lead>
          <Lead id="k1l3">
            <Parent ref="k1l2"/>
            <Statement>Sori borne only on a reflexed modified flap of lamina (soral flap)</Statement>
            <TaxonName ref="i0"/>
          </Lead>
          <Lead id="k1l4">
            <Parent ref="k1l2"/>
            <Statement>Sori superficial, marginal or submarginal, sometimes covered by a reflexed flap of lamina, but not borne on that flap, or protected by a marginal indusium</Statement>
          </Lead>
          <Lead id="k1l5">
            <Parent ref="k1l4"/>
            <Statement>Sori superficial, borne along the length of the veins, exindusiate</Statement>
          </Lead>
          <Lead id="k1l8">
            <Parent ref="k1l4"/>
            <Statement>Sori marginal or submarginal, continuous or interrupted</Statement>
          </Lead>
          <Lead id="k1l6">
            <Parent ref="k1l5"/>
            <Statement>Lamina herbaceous to thinly coriaceous; abaxial surface usually with a white or golden yellow waxy coating</Statement>
            <TaxonName ref="i7"/>
          </Lead>
          <Lead id="k1l7">
            <Parent ref="k1l5"/>
            <Statement>Lamina membranous to thinly herbaceous; abaxial surface lacking a coloured waxy coating</Statement>
            <TaxonName ref="i1"/>
          </Lead>
          <Lead id="k1l9">
            <Parent ref="k1l8"/>
            <Statement>Sorus concealed by a dense covering of scales</Statement>
            <TaxonName ref="i4"/>
          </Lead>
          <Lead id="k1l10">
            <Parent ref="k1l8"/>
            <Statement>Sorus not protected by scales, but sometimes concealed by reflexed pinna margin, or by a marginal indusium</Statement>
          </Lead>
          <Lead id="k1l11">
            <Parent ref="k1l10"/>
            <Statement>Pinnae deciduous, abscissing at the junction with the subtending stalk or rachis</Statement>
            <TaxonName ref="i5"/>
          </Lead>
          <Lead id="k1l12">
            <Parent ref="k1l10"/>
            <Statement>Pinnae (or lobes of pinnatifid fronds) not deciduous</Statement>
          </Lead>
          <Lead id="k1l13">
            <Parent ref="k1l12"/>
            <Statement>Lamina pinnately arranged, 2-pinnate, sometimes 3-pinnate at base</Statement>
          </Lead>
          <Lead id="k1l16">
            <Parent ref="k1l12"/>
            <Statement>Lamina tripartitely or pinnatifidly arranged</Statement>
          </Lead>
          <Lead id="k1l14">
            <Parent ref="k1l13"/>
            <Statement>Primary pinnae in upper part of frond and apical pinnules of primary and secondary pinnae in lower part of frond commonly hastate</Statement>
            <TaxonName ref="i6"/>
          </Lead>
          <Lead id="k1l15">
            <Parent ref="k1l13"/>
            <Statement>Primary pinnae and apical pinnules of primary and secondary pinnae never hastate</Statement>
            <TaxonName ref="i2"/>
          </Lead>
          <Lead id="k1l17">
            <Parent ref="k1l16"/>
            <Statement>Lamina simple and cordate to pedate, or palmate (when 1–3-pinnatifid)</Statement>
            <TaxonName ref="i3"/>
          </Lead>
          <Lead id="k1l18">
            <Parent ref="k1l16"/>
            <Statement>Lamina regularly pinnatifid, at least 1-pinnate-pinnatifid</Statement>
            <TaxonName ref="i2"/>
          </Lead>
        </Leads>
      </IdentificationKey>
    </IdentificationKeys>
  </Dataset>
</Datasets>
