<?xml version="1.0" encoding="UTF-8"?>
<Datasets xmlns="http://rs.tdwg.org/UBIF/2006/" xmlns:xsi="http://www.w3.org/2001/XMLSchema-instance" xsi:schemaLocation="http://rs.tdwg.org/UBIF/2006/ http://rs.tdwg.org/UBIF/2006/Schema/1.1/SDD.xsd">
  <TechnicalMetadata created="2014-12-08T01:22:30">
    <Generator name="KeyBase SDD export" version="0"/>
  </TechnicalMetadata>
  <Dataset xml:lang="en-au">
    <Representation>
      <Label xml:lang="en">Genera of Annonaceae</Label>
    </Representation>
    <TaxonNames>
      <TaxonName id="i0">
        <Representation>
          <Label>Alphonsea</Label>
        </Representation>
      </TaxonName>
      <TaxonName id="i1">
        <Representation>
          <Label>Anaxagorea</Label>
        </Representation>
      </TaxonName>
      <TaxonName id="i2">
        <Representation>
          <Label>Annona</Label>
        </Representation>
      </TaxonName>
      <TaxonName id="i3">
        <Representation>
          <Label>Artabotrys</Label>
        </Representation>
      </TaxonName>
      <TaxonName id="i4">
        <Representation>
          <Label>Cananga</Label>
        </Representation>
      </TaxonName>
      <TaxonName id="i5">
        <Representation>
          <Label>Cyathocalyx</Label>
        </Representation>
      </TaxonName>
      <TaxonName id="i6">
        <Representation>
          <Label>Desmos</Label>
        </Representation>
      </TaxonName>
      <TaxonName id="i7">
        <Representation>
          <Label>Enicosanthum</Label>
        </Representation>
      </TaxonName>
      <TaxonName id="i8">
        <Representation>
          <Label>Goniothalamus</Label>
        </Representation>
      </TaxonName>
      <TaxonName id="i9">
        <Representation>
          <Label>Miliusa</Label>
        </Representation>
      </TaxonName>
      <TaxonName id="i10">
        <Representation>
          <Label>Mitrephora</Label>
        </Representation>
      </TaxonName>
      <TaxonName id="i11">
        <Representation>
          <Label>Orophea</Label>
        </Representation>
      </TaxonName>
      <TaxonName id="i12">
        <Representation>
          <Label>Phoenicanthus</Label>
        </Representation>
      </TaxonName>
      <TaxonName id="i13">
        <Representation>
          <Label>Polyalthia</Label>
        </Representation>
      </TaxonName>
      <TaxonName id="i14">
        <Representation>
          <Label>Sageraea</Label>
        </Representation>
      </TaxonName>
      <TaxonName id="i15">
        <Representation>
          <Label>Uvaria</Label>
        </Representation>
      </TaxonName>
      <TaxonName id="i16">
        <Representation>
          <Label>Xylopia</Label>
        </Representation>
      </TaxonName>
    </TaxonNames>
    <IdentificationKeys>
      <IdentificationKey id="k1">
        <Representation>
          <Label xml:lang="en">Genera of Annonaceae</Label>
        </Representation>
        <Leads>
          <Lead id="k1l1">
            <Statement>Petals in 2 series; inner petals longer than outer petals, the latter not exceeding 2 cm</Statement>
          </Lead>
          <Lead id="k1l6">
            <Statement>Petals in 1 or 2 series; outer petals longer than inner petals, or inner petals missing</Statement>
          </Lead>
          <Lead id="k1l2">
            <Parent ref="k1l1"/>
            <Statement>Inner petals lozenge-shaped, long-clawed, coherent by their distal margins forming a  pointed cone. Stamens 6</Statement>
            <TaxonName ref="i11"/>
          </Lead>
          <Lead id="k1l3">
            <Parent ref="k1l1"/>
            <Statement>Inner petals orbicular, ovate, elliptic, oblong or lanceolate, distinct or coherent by their bases only. Stamens 20 to numerous</Statement>
          </Lead>
          <Lead id="k1l4">
            <Parent ref="k1l3"/>
            <Statement>Petals similar. Inner petals less than twice as long as outer petals. Stamens closely arranged, with a broad, truncate connective concealing the anther-cells</Statement>
            <TaxonName ref="i13"/>
          </Lead>
          <Lead id="k1l5">
            <Parent ref="k1l3"/>
            <Statement>Petals dissimilar. Inner petals more than three times as long as outer petals. Stamens  loosely arranged, connective not expanded, not concealing the anther-cells</Statement>
            <TaxonName ref="i9"/>
          </Lead>
          <Lead id="k1l7">
            <Parent ref="k1l6"/>
            <Statement>Inner petals coherent above the stamens, never missing</Statement>
          </Lead>
          <Lead id="k1l14">
            <Parent ref="k1l6"/>
            <Statement>Inner petals spreading or connivent but not coherent above the stamens; absent in certain  introduced fruit-trees</Statement>
          </Lead>
          <Lead id="k1l8">
            <Parent ref="k1l7"/>
            <Statement>Petals dissimilar. Inner petals 0.5-1.5 cm long, lozenge-shaped or obovate, coherent by  their distal margins forming a cap or cone. Pollen in tetrads</Statement>
          </Lead>
          <Lead id="k1l11">
            <Parent ref="k1l7"/>
            <Statement>Petals similar, both series 2-5 cm long; inner petals narrowly lanceolate to linear, constricted and coherent above the spoon-shaped base, divaricate by their distal portions. Pollen grains solitary</Statement>
          </Lead>
          <Lead id="k1l9">
            <Parent ref="k1l8"/>
            <Statement>Sepals about 1 mm long. Outer petals 0.8-1.3 cm long. Anthers not septate. Stigma stout,  almost sessile. Flowers leaf-opposed or intermodal</Statement>
            <TaxonName ref="i10"/>
          </Lead>
          <Lead id="k1l10">
            <Parent ref="k1l8"/>
            <Statement>Sepals 5-18 mm long. Outer petals (1.2-) 1.5-5 cm long. Anthers septate. Stylules long and slender. Flowers mostly axillary</Statement>
            <TaxonName ref="i8"/>
          </Lead>
          <Lead id="k1l12">
            <Parent ref="k1l11"/>
            <Statement>Sepals distinct or connate at most by their lower third, pubescent outside and within.  Carpels several, with a long and slender stylule</Statement>
            <TaxonName ref="i3"/>
          </Lead>
          <Lead id="k1l13">
            <Parent ref="k1l11"/>
            <Statement>Sepals connate into an almost entire cup, glabrous within. Carpel solitary, with a broad,  depressed, short-stipitate stigma</Statement>
            <TaxonName ref="i5"/>
          </Lead>
          <Lead id="k1l15">
            <Parent ref="k1l14"/>
            <Statement>Stylule elongate, more than half as long as the rest of the carpel. Petals 6, distinct, two or several times as long as broad</Statement>
          </Lead>
          <Lead id="k1l22">
            <Parent ref="k1l14"/>
            <Statement>Stigma sessile or very short-stipitate</Statement>
          </Lead>
          <Lead id="k1l16">
            <Parent ref="k1l15"/>
            <Statement>Flowers large: sepals 5-9 mm long, petals 2.5 to about 9 cm long, 1-2 cm wide. Carpels numerous</Statement>
          </Lead>
          <Lead id="k1l19">
            <Parent ref="k1l15"/>
            <Statement>Flowers medium-sized: sepals 2-2.5 mm long, petals 1-2.4 cm long, 1-6 mm wide.  Carpels 1-6</Statement>
          </Lead>
          <Lead id="k1l17">
            <Parent ref="k1l16"/>
            <Statement>Sepals and petals imbricate; petals up to 3.5 cm long. Stamens 1.5-2 mm long, truncate and flat at the apex. Carpels strigose, with 1 ovule</Statement>
            <TaxonName ref="i7"/>
          </Lead>
          <Lead id="k1l18">
            <Parent ref="k1l16"/>
            <Statement>Sepals and petals valvate: petals up to 9 cm long. Stamens 2-3 mm long, produced into  an acute cone at the apex. Carpels glabrous except at the very base, with several ovules</Statement>
            <TaxonName ref="i4"/>
          </Lead>
          <Lead id="k1l20">
            <Parent ref="k1l19"/>
            <Statement>Flower pure white; leaf-opposed or from the old wood. Sepals distinct, glabrous. Petals glabrous. Stamens 3 mm long, loosely arranged, connective not expanded, not concealing the anther-cells. Carpels not immersed</Statement>
            <TaxonName ref="i1"/>
          </Lead>
          <Lead id="k1l21">
            <Parent ref="k1l19"/>
            <Statement>Flowers pale yellowish or greenish, axillary. Sepals more or less connate, pubescent  on outside. Petals puberulous. Stamens 1.3-1.8 mm long, closely arranged, with a broad, truncate connective concealing the anther-cells. Carpels sunk in the hollowed receptacle</Statement>
            <TaxonName ref="i16"/>
          </Lead>
          <Lead id="k1l23">
            <Parent ref="k1l22"/>
            <Statement>Stamens and carpels numerous</Statement>
          </Lead>
          <Lead id="k1l28">
            <Parent ref="k1l22"/>
            <Statement>Carpels (1-) 3-6. Stamens 6 to rather numerous</Statement>
          </Lead>
          <Lead id="k1l24">
            <Parent ref="k1l23"/>
            <Statement>Carpels 1-ovulate. Petals 3 or 6, very thick, distinct</Statement>
            <TaxonName ref="i2"/>
          </Lead>
          <Lead id="k1l25">
            <Parent ref="k1l23"/>
            <Statement>Carpels with several ovules. Petals 6 (-8)</Statement>
          </Lead>
          <Lead id="k1l26">
            <Parent ref="k1l25"/>
            <Statement>Sepals and petals sparsely puberulous with solitary hairs; petals distinct. Carpels  tapering into a capitate stigma</Statement>
            <TaxonName ref="i6"/>
          </Lead>
          <Lead id="k1l27">
            <Parent ref="k1l25"/>
            <Statement>Sepals and petals pubescent or tomentose with stellate hairs on outer surface; petals  frequently shortly connate at base. Carpels truncate at apex</Statement>
            <TaxonName ref="i15"/>
          </Lead>
          <Lead id="k1l29">
            <Parent ref="k1l28"/>
            <Statement>Sepals and petals densely pubescent or tomentose on outside; tips of petals recurved. Carpels densely pubescent. Flowers pale yellowish or ochre</Statement>
            <TaxonName ref="i0"/>
          </Lead>
          <Lead id="k1l30">
            <Parent ref="k1l28"/>
            <Statement>Sepals and petals glabrous or almost glabrous on both surfaces; tips of petals not  recurved. Carpels very sparsely puberulous or glabrous</Statement>
          </Lead>
          <Lead id="k1l31">
            <Parent ref="k1l30"/>
            <Statement>Stamens about 20. Carpels with several ovules. Sepals and both series of petals  imbricate</Statement>
            <TaxonName ref="i14"/>
          </Lead>
          <Lead id="k1l32">
            <Parent ref="k1l30"/>
            <Statement>Stamens 6 or 9. Carpels with 1 or 2 ovules. Sepals and outer petals valvate, inner  petals slightly imbricate</Statement>
            <TaxonName ref="i12"/>
          </Lead>
        </Leads>
      </IdentificationKey>
    </IdentificationKeys>
  </Dataset>
</Datasets>
