<?xml version="1.0" encoding="UTF-8"?>
<Datasets xmlns="http://rs.tdwg.org/UBIF/2006/" xmlns:xsi="http://www.w3.org/2001/XMLSchema-instance" xsi:schemaLocation="http://rs.tdwg.org/UBIF/2006/ http://rs.tdwg.org/UBIF/2006/Schema/1.1/SDD.xsd">
  <TechnicalMetadata created="2014-12-08T01:23:52">
    <Generator name="KeyBase SDD export" version="0"/>
  </TechnicalMetadata>
  <Dataset xml:lang="en-au">
    <Representation>
      <Label xml:lang="en">Genera of Anacardiaceae</Label>
    </Representation>
    <TaxonNames>
      <TaxonName id="i0">
        <Representation>
          <Label>Malosma</Label>
        </Representation>
      </TaxonName>
      <TaxonName id="i1">
        <Representation>
          <Label>Pistacia</Label>
        </Representation>
      </TaxonName>
      <TaxonName id="i2">
        <Representation>
          <Label>Rhus</Label>
        </Representation>
      </TaxonName>
      <TaxonName id="i3">
        <Representation>
          <Label>Schinus</Label>
        </Representation>
      </TaxonName>
      <TaxonName id="i4">
        <Representation>
          <Label>Searsia</Label>
        </Representation>
      </TaxonName>
      <TaxonName id="i5">
        <Representation>
          <Label>Toxicodendron</Label>
        </Representation>
      </TaxonName>
    </TaxonNames>
    <IdentificationKeys>
      <IdentificationKey id="k1">
        <Representation>
          <Label xml:lang="en">Genera of Anacardiaceae</Label>
        </Representation>
        <Leads>
          <Lead id="k1l1">
            <Statement>Tree; leaves compound, leaflets 7--16+</Statement>
          </Lead>
          <Lead id="k1l4">
            <Statement>Shrub, vine-like or not; leaves simple to compound, leaflets 3--5</Statement>
          </Lead>
          <Lead id="k1l2">
            <Parent ref="k1l1"/>
            <Statement>Leaf axes winged; perianth parts 1--7, bract-like, unequal; stamens 4--7, in 1 whorl</Statement>
            <TaxonName ref="i1"/>
          </Lead>
          <Lead id="k1l3">
            <Parent ref="k1l1"/>
            <Statement>Leaf axes not winged; sepals 5, petals 5; stamens generally 10, in 2 whorls</Statement>
            <TaxonName ref="i3"/>
          </Lead>
          <Lead id="k1l5">
            <Parent ref="k1l4"/>
            <Statement>Leaves evergreen, simple, entire to toothed or crenate or shallowly 3-lobed; petals white to +- pink</Statement>
          </Lead>
          <Lead id="k1l8">
            <Parent ref="k1l4"/>
            <Statement>Leaves deciduous or evergreen, deep-lobed to compound, leaflets 0 or 3--5; petals yellow to yellow-green</Statement>
          </Lead>
          <Lead id="k1l6">
            <Parent ref="k1l5"/>
            <Statement>Fruit 2--3 mm diam, glabrous, not sticky; inflorescence branches slender</Statement>
            <TaxonName ref="i0"/>
          </Lead>
          <Lead id="k1l7">
            <Parent ref="k1l5"/>
            <Statement>Fruit 6--10 mm diam, puberulent, sticky; inflorescence branches stout</Statement>
            <TaxonName ref="i2"/>
          </Lead>
          <Lead id="k1l9">
            <Parent ref="k1l8"/>
            <Statement>Leaves +- evergreen, leaflets linear to narrowly lanceolate, generally entire</Statement>
            <TaxonName ref="i4"/>
          </Lead>
          <Lead id="k1l10">
            <Parent ref="k1l8"/>
            <Statement>Leaves deciduous, leaf lobes or leaflets oblong or ovate to +- diamond-shaped or +- round, entire to lobed</Statement>
          </Lead>
          <Lead id="k1l11">
            <Parent ref="k1l10"/>
            <Statement>Inflorescence terminal; flowers +- sessile; leaflets adaxially dull; fruit red</Statement>
            <TaxonName ref="i2"/>
          </Lead>
          <Lead id="k1l12">
            <Parent ref="k1l10"/>
            <Statement>Inflorescence axillary; flowers pedicelled; leaflets adaxially shiny; fruit creamy white</Statement>
            <TaxonName ref="i5"/>
          </Lead>
        </Leads>
      </IdentificationKey>
    </IdentificationKeys>
  </Dataset>
</Datasets>
