<?xml version="1.0" encoding="UTF-8"?>
<Datasets xmlns="http://rs.tdwg.org/UBIF/2006/" xmlns:xsi="http://www.w3.org/2001/XMLSchema-instance" xsi:schemaLocation="http://rs.tdwg.org/UBIF/2006/ http://rs.tdwg.org/UBIF/2006/Schema/1.1/SDD.xsd">
  <TechnicalMetadata created="2014-12-08T01:23:52">
    <Generator name="KeyBase SDD export" version="0"/>
  </TechnicalMetadata>
  <Dataset xml:lang="en-au">
    <Representation>
      <Label xml:lang="en">Genera of Acanthaceae</Label>
    </Representation>
    <TaxonNames>
      <TaxonName id="i0">
        <Representation>
          <Label>Avicennia</Label>
        </Representation>
      </TaxonName>
      <TaxonName id="i1">
        <Representation>
          <Label>Carlowrightia</Label>
        </Representation>
      </TaxonName>
      <TaxonName id="i2">
        <Representation>
          <Label>Justicia</Label>
        </Representation>
      </TaxonName>
    </TaxonNames>
    <IdentificationKeys>
      <IdentificationKey id="k1">
        <Representation>
          <Label xml:lang="en">Genera of Acanthaceae</Label>
        </Representation>
        <Leads>
          <Lead id="k1l1">
            <Statement>Shrub; roots exposed at low tide; hook-like outgrowth subtending seed 0; flowers white; coastal salt marshes, SCo</Statement>
            <TaxonName ref="i0"/>
          </Lead>
          <Lead id="k1l2">
            <Statement>Subshrub, shrub; roots not exposed; hook-like outgrowth subtending seed present; flowers white with yellow or +- red; dry sandy or rocky soils, especially washes, rocky slopes, w PR, DSon</Statement>
          </Lead>
          <Lead id="k1l3">
            <Parent ref="k1l2"/>
            <Statement>Corolla 1--1.8 cm, white with yellow, maroon-streaked spot on upper lip, tube &lt; lips; anther sacs +- equally placed on filament, not spurred; fruit glabrous</Statement>
            <TaxonName ref="i1"/>
          </Lead>
          <Lead id="k1l4">
            <Parent ref="k1l2"/>
            <Statement>Corolla 2--4 cm, dull scarlet (yellow), tube generally &gt;= lips; anther sacs unequally placed on filament, lower sac spurred; fruit canescent</Statement>
            <TaxonName ref="i2"/>
          </Lead>
        </Leads>
      </IdentificationKey>
    </IdentificationKeys>
  </Dataset>
</Datasets>
