<?xml version="1.0" encoding="UTF-8"?>
<Datasets xmlns="http://rs.tdwg.org/UBIF/2006/" xmlns:xsi="http://www.w3.org/2001/XMLSchema-instance" xsi:schemaLocation="http://rs.tdwg.org/UBIF/2006/ http://rs.tdwg.org/UBIF/2006/Schema/1.1/SDD.xsd">
  <TechnicalMetadata created="2014-12-08T01:22:04">
    <Generator name="KeyBase SDD export" version="0"/>
  </TechnicalMetadata>
  <Dataset xml:lang="en-au">
    <Representation>
      <Label xml:lang="en">Genera of Brassicaceae</Label>
    </Representation>
    <TaxonNames>
      <TaxonName id="i0">
        <Representation>
          <Label>Alyssum linifolium</Label>
        </Representation>
      </TaxonName>
      <TaxonName id="i1">
        <Representation>
          <Label>Arabidella</Label>
        </Representation>
      </TaxonName>
      <TaxonName id="i2">
        <Representation>
          <Label>Arabidopsis thaliana</Label>
        </Representation>
      </TaxonName>
      <TaxonName id="i3">
        <Representation>
          <Label>Ballantinia antipoda</Label>
        </Representation>
      </TaxonName>
      <TaxonName id="i4">
        <Representation>
          <Label>Barbarea</Label>
        </Representation>
      </TaxonName>
      <TaxonName id="i5">
        <Representation>
          <Label>Blennodia</Label>
        </Representation>
      </TaxonName>
      <TaxonName id="i6">
        <Representation>
          <Label>Brassica</Label>
        </Representation>
      </TaxonName>
      <TaxonName id="i7">
        <Representation>
          <Label>Cakile</Label>
        </Representation>
      </TaxonName>
      <TaxonName id="i8">
        <Representation>
          <Label>Camelina</Label>
        </Representation>
      </TaxonName>
      <TaxonName id="i9">
        <Representation>
          <Label>Capsella bursapastoris</Label>
        </Representation>
      </TaxonName>
      <TaxonName id="i10">
        <Representation>
          <Label>Cardamine</Label>
        </Representation>
      </TaxonName>
      <TaxonName id="i11">
        <Representation>
          <Label>Cardaria draba</Label>
        </Representation>
      </TaxonName>
      <TaxonName id="i12">
        <Representation>
          <Label>Carinavalva glauca</Label>
        </Representation>
      </TaxonName>
      <TaxonName id="i13">
        <Representation>
          <Label>Carrichtera annua</Label>
        </Representation>
      </TaxonName>
      <TaxonName id="i14">
        <Representation>
          <Label>Cheesemania radicata</Label>
        </Representation>
      </TaxonName>
      <TaxonName id="i15">
        <Representation>
          <Label>Cheiranthus</Label>
        </Representation>
      </TaxonName>
      <TaxonName id="i16">
        <Representation>
          <Label>Conringia orientalis</Label>
        </Representation>
      </TaxonName>
      <TaxonName id="i17">
        <Representation>
          <Label>Coronopus</Label>
        </Representation>
      </TaxonName>
      <TaxonName id="i18">
        <Representation>
          <Label>Crambe abyssinica</Label>
        </Representation>
      </TaxonName>
      <TaxonName id="i19">
        <Representation>
          <Label>Cuphonotus</Label>
        </Representation>
      </TaxonName>
      <TaxonName id="i20">
        <Representation>
          <Label>Descurainea sophia</Label>
        </Representation>
      </TaxonName>
      <TaxonName id="i21">
        <Representation>
          <Label>Diplotaxis</Label>
        </Representation>
      </TaxonName>
      <TaxonName id="i22">
        <Representation>
          <Label>Draba nemorosa</Label>
        </Representation>
      </TaxonName>
      <TaxonName id="i23">
        <Representation>
          <Label>Drabastrum alpestre</Label>
        </Representation>
      </TaxonName>
      <TaxonName id="i24">
        <Representation>
          <Label>Erophila verna</Label>
        </Representation>
      </TaxonName>
      <TaxonName id="i25">
        <Representation>
          <Label>Eruca sativa</Label>
        </Representation>
      </TaxonName>
      <TaxonName id="i26">
        <Representation>
          <Label>Erysimum repandum</Label>
        </Representation>
      </TaxonName>
      <TaxonName id="i27">
        <Representation>
          <Label>Euclideum syriacum</Label>
        </Representation>
      </TaxonName>
      <TaxonName id="i28">
        <Representation>
          <Label>Geococcus pusillus</Label>
        </Representation>
      </TaxonName>
      <TaxonName id="i29">
        <Representation>
          <Label>Harmsiodoxa</Label>
        </Representation>
      </TaxonName>
      <TaxonName id="i30">
        <Representation>
          <Label>Heliophila pusilla</Label>
        </Representation>
      </TaxonName>
      <TaxonName id="i31">
        <Representation>
          <Label>Hirschfeldia incana</Label>
        </Representation>
      </TaxonName>
      <TaxonName id="i32">
        <Representation>
          <Label>Hymenolobus procumbens</Label>
        </Representation>
      </TaxonName>
      <TaxonName id="i33">
        <Representation>
          <Label>Irenepharsus</Label>
        </Representation>
      </TaxonName>
      <TaxonName id="i34">
        <Representation>
          <Label>Lepidium</Label>
        </Representation>
      </TaxonName>
      <TaxonName id="i35">
        <Representation>
          <Label>Lobularia maritima</Label>
        </Representation>
      </TaxonName>
      <TaxonName id="i36">
        <Representation>
          <Label>Lunaria</Label>
        </Representation>
      </TaxonName>
      <TaxonName id="i37">
        <Representation>
          <Label>Malcolmia</Label>
        </Representation>
      </TaxonName>
      <TaxonName id="i38">
        <Representation>
          <Label>Matthiola</Label>
        </Representation>
      </TaxonName>
      <TaxonName id="i39">
        <Representation>
          <Label>Menkea</Label>
        </Representation>
      </TaxonName>
      <TaxonName id="i40">
        <Representation>
          <Label>Microlepidium</Label>
        </Representation>
      </TaxonName>
      <TaxonName id="i41">
        <Representation>
          <Label>Myagrum perfoliatum</Label>
        </Representation>
      </TaxonName>
      <TaxonName id="i42">
        <Representation>
          <Label>Neslia paniculata</Label>
        </Representation>
      </TaxonName>
      <TaxonName id="i43">
        <Representation>
          <Label>Pachymitus cardaminoides</Label>
        </Representation>
      </TaxonName>
      <TaxonName id="i44">
        <Representation>
          <Label>Phlegmatospermum</Label>
        </Representation>
      </TaxonName>
      <TaxonName id="i45">
        <Representation>
          <Label>Raphanus</Label>
        </Representation>
      </TaxonName>
      <TaxonName id="i46">
        <Representation>
          <Label>Rapistrum rugosum</Label>
        </Representation>
      </TaxonName>
      <TaxonName id="i47">
        <Representation>
          <Label>Rorippa</Label>
        </Representation>
      </TaxonName>
      <TaxonName id="i48">
        <Representation>
          <Label>Scambopus curvipes</Label>
        </Representation>
      </TaxonName>
      <TaxonName id="i49">
        <Representation>
          <Label>Sinapis</Label>
        </Representation>
      </TaxonName>
      <TaxonName id="i50">
        <Representation>
          <Label>Sisymbrium</Label>
        </Representation>
      </TaxonName>
      <TaxonName id="i51">
        <Representation>
          <Label>Stenopetalum</Label>
        </Representation>
      </TaxonName>
      <TaxonName id="i52">
        <Representation>
          <Label>Teesdalia nudicaulis</Label>
        </Representation>
      </TaxonName>
      <TaxonName id="i53">
        <Representation>
          <Label>Thlaspi arvense</Label>
        </Representation>
      </TaxonName>
      <TaxonName id="i54">
        <Representation>
          <Label>Turritis glabra</Label>
        </Representation>
      </TaxonName>
    </TaxonNames>
    <IdentificationKeys>
      <IdentificationKey id="k1">
        <Representation>
          <Label xml:lang="en">Genera of Brassicaceae</Label>
        </Representation>
        <Leads>
          <Lead id="k1l1">
            <Statement>Fruit a siliqua (length, excluding beak, at least three times width)</Statement>
          </Lead>
          <Lead id="k1l64">
            <Statement>Fruit a silicula (length, excluding beak, less than three times width)</Statement>
          </Lead>
          <Lead id="k1l2">
            <Parent ref="k1l1"/>
            <Statement>Siliqua differentiated into valve and beak; cotyledons conduplicate</Statement>
          </Lead>
          <Lead id="k1l15">
            <Parent ref="k1l1"/>
            <Statement>Siliqua with valve region only (style persistent or not, but not developed into a beak); cotyledons not conduplicate</Statement>
          </Lead>
          <Lead id="k1l3">
            <Parent ref="k1l2"/>
            <Statement>Seeds in two rows in each locule</Statement>
          </Lead>
          <Lead id="k1l6">
            <Parent ref="k1l2"/>
            <Statement>Seeds in one row in each locule</Statement>
          </Lead>
          <Lead id="k1l4">
            <Parent ref="k1l3"/>
            <Statement>Petals without purple veins; stigma capitate; beak conical to 2-edged</Statement>
            <TaxonName ref="i21"/>
          </Lead>
          <Lead id="k1l5">
            <Parent ref="k1l3"/>
            <Statement>Petals with purple veins; stigma bilobed; beak sabre-like</Statement>
            <TaxonName ref="i25"/>
          </Lead>
          <Lead id="k1l7">
            <Parent ref="k1l6"/>
            <Statement>Siliqua dehiscent, not constricted between seeds, not breaking into 1-seeded units</Statement>
          </Lead>
          <Lead id="k1l14">
            <Parent ref="k1l6"/>
            <Statement>Siliqua indehiscent, constricted between seeds, often breaking into 1-seeded units</Statement>
            <TaxonName ref="i45"/>
          </Lead>
          <Lead id="k1l8">
            <Parent ref="k1l7"/>
            <Statement>Valves with one prominent midvein</Statement>
          </Lead>
          <Lead id="k1l11">
            <Parent ref="k1l7"/>
            <Statement>Valves with three or more prominent veins</Statement>
          </Lead>
          <Lead id="k1l9">
            <Parent ref="k1l8"/>
            <Statement>Valves rounded; at least some leaves not entire or stem-clasping</Statement>
            <TaxonName ref="i6"/>
          </Lead>
          <Lead id="k1l10">
            <Parent ref="k1l8"/>
            <Statement>Valves slightly keeled; all leaves entire and stem-clasping</Statement>
            <TaxonName ref="i16"/>
          </Lead>
          <Lead id="k1l12">
            <Parent ref="k1l11"/>
            <Statement>Siliqua appressed to stem; beak swollen</Statement>
            <TaxonName ref="i31"/>
          </Lead>
          <Lead id="k1l13">
            <Parent ref="k1l11"/>
            <Statement>Siliqua spreading; beak cylindrical, conical or sabre-like</Statement>
            <TaxonName ref="i49"/>
          </Lead>
          <Lead id="k1l16">
            <Parent ref="k1l15"/>
            <Statement>Plants with simple hairs, or glabrous</Statement>
          </Lead>
          <Lead id="k1l35">
            <Parent ref="k1l15"/>
            <Statement>Plants with branched hairs</Statement>
          </Lead>
          <Lead id="k1l17">
            <Parent ref="k1l16"/>
            <Statement>Seeds with incumbent radicle</Statement>
          </Lead>
          <Lead id="k1l28">
            <Parent ref="k1l16"/>
            <Statement>Seeds with accumbent radicle</Statement>
          </Lead>
          <Lead id="k1l18">
            <Parent ref="k1l17"/>
            <Statement>Siliqua not constricted between seeds at replum margin</Statement>
          </Lead>
          <Lead id="k1l27">
            <Parent ref="k1l17"/>
            <Statement>Siliqua constricted between seeds at replum margin</Statement>
            <TaxonName ref="i30"/>
          </Lead>
          <Lead id="k1l19">
            <Parent ref="k1l18"/>
            <Statement>Septum complete</Statement>
          </Lead>
          <Lead id="k1l26">
            <Parent ref="k1l18"/>
            <Statement>Septum incomplete or absent</Statement>
            <TaxonName ref="i39"/>
          </Lead>
          <Lead id="k1l20">
            <Parent ref="k1l19"/>
            <Statement>Seeds mucous</Statement>
          </Lead>
          <Lead id="k1l23">
            <Parent ref="k1l19"/>
            <Statement>Seeds not mucous</Statement>
          </Lead>
          <Lead id="k1l21">
            <Parent ref="k1l20"/>
            <Statement>Seeds finely papillose</Statement>
            <TaxonName ref="i1"/>
          </Lead>
          <Lead id="k1l22">
            <Parent ref="k1l20"/>
            <Statement>Seeds finely reticulate</Statement>
            <TaxonName ref="i33"/>
          </Lead>
          <Lead id="k1l24">
            <Parent ref="k1l23"/>
            <Statement>Valves with 1 indistinct vein</Statement>
            <TaxonName ref="i33"/>
          </Lead>
          <Lead id="k1l25">
            <Parent ref="k1l23"/>
            <Statement>Valves with 3 veins</Statement>
            <TaxonName ref="i50"/>
          </Lead>
          <Lead id="k1l29">
            <Parent ref="k1l28"/>
            <Statement>Siliqua valves flat</Statement>
          </Lead>
          <Lead id="k1l32">
            <Parent ref="k1l28"/>
            <Statement>Siliqua valves convex</Statement>
          </Lead>
          <Lead id="k1l30">
            <Parent ref="k1l29"/>
            <Statement>Valves with no distinct veins; replum margin flanged</Statement>
            <TaxonName ref="i10"/>
          </Lead>
          <Lead id="k1l31">
            <Parent ref="k1l29"/>
            <Statement>Valves with distinct midvein; replum margin not flanged</Statement>
            <TaxonName ref="i14"/>
          </Lead>
          <Lead id="k1l33">
            <Parent ref="k1l32"/>
            <Statement>Valves with midvein distinct to apex</Statement>
            <TaxonName ref="i4"/>
          </Lead>
          <Lead id="k1l34">
            <Parent ref="k1l32"/>
            <Statement>Valves with midvein fading below apex</Statement>
            <TaxonName ref="i47"/>
          </Lead>
          <Lead id="k1l36">
            <Parent ref="k1l35"/>
            <Statement>Seeds in one row in each locule</Statement>
          </Lead>
          <Lead id="k1l47">
            <Parent ref="k1l35"/>
            <Statement>Seeds in two rows in each locule</Statement>
          </Lead>
          <Lead id="k1l37">
            <Parent ref="k1l36"/>
            <Statement>Petals 10 mm long or longer</Statement>
          </Lead>
          <Lead id="k1l42">
            <Parent ref="k1l36"/>
            <Statement>Petals less than 10 mm long</Statement>
          </Lead>
          <Lead id="k1l38">
            <Parent ref="k1l37"/>
            <Statement>Stigma deeply bilobed</Statement>
          </Lead>
          <Lead id="k1l41">
            <Parent ref="k1l37"/>
            <Statement>Stigma not deeply bilobed</Statement>
            <TaxonName ref="i26"/>
          </Lead>
          <Lead id="k1l39">
            <Parent ref="k1l38"/>
            <Statement>Stigmatic lobes spreading, without swelling or horn</Statement>
            <TaxonName ref="i15"/>
          </Lead>
          <Lead id="k1l40">
            <Parent ref="k1l38"/>
            <Statement>Stigmatic lobes erect, each with dorsal swelling or horn</Statement>
            <TaxonName ref="i38"/>
          </Lead>
          <Lead id="k1l43">
            <Parent ref="k1l42"/>
            <Statement>Leaves entire to dentate; petals white</Statement>
          </Lead>
          <Lead id="k1l46">
            <Parent ref="k1l42"/>
            <Statement>Leaves bi- to tri-pinnatisect; petals yellow</Statement>
            <TaxonName ref="i20"/>
          </Lead>
          <Lead id="k1l44">
            <Parent ref="k1l43"/>
            <Statement>Midvein of siliqua prominent; seeds c. 0.5 mm long</Statement>
            <TaxonName ref="i2"/>
          </Lead>
          <Lead id="k1l45">
            <Parent ref="k1l43"/>
            <Statement>Midvein of siliqua indistinct towards apex; seeds 0.75 mm or more long</Statement>
            <TaxonName ref="i33"/>
          </Lead>
          <Lead id="k1l48">
            <Parent ref="k1l47"/>
            <Statement>Siliqua 2 cm long or longer</Statement>
          </Lead>
          <Lead id="k1l53">
            <Parent ref="k1l47"/>
            <Statement>Siliqua less than 2 cm long</Statement>
          </Lead>
          <Lead id="k1l49">
            <Parent ref="k1l48"/>
            <Statement>Stigma not deeply bilobed</Statement>
          </Lead>
          <Lead id="k1l52">
            <Parent ref="k1l48"/>
            <Statement>Stigma deeply bilobed</Statement>
            <TaxonName ref="i37"/>
          </Lead>
          <Lead id="k1l50">
            <Parent ref="k1l49"/>
            <Statement>Petals more than 8 mm long, white to lavender</Statement>
            <TaxonName ref="i5"/>
          </Lead>
          <Lead id="k1l51">
            <Parent ref="k1l49"/>
            <Statement>Petals less than 8 mm long, yellow</Statement>
            <TaxonName ref="i54"/>
          </Lead>
          <Lead id="k1l54">
            <Parent ref="k1l53"/>
            <Statement>Siliqua aerial</Statement>
          </Lead>
          <Lead id="k1l63">
            <Parent ref="k1l53"/>
            <Statement>Siliqua subterranean</Statement>
            <TaxonName ref="i28"/>
          </Lead>
          <Lead id="k1l55">
            <Parent ref="k1l54"/>
            <Statement>Petals obtuse, somewhat clawed</Statement>
          </Lead>
          <Lead id="k1l62">
            <Parent ref="k1l54"/>
            <Statement>Petals thread-like, not clawed</Statement>
            <TaxonName ref="i51"/>
          </Lead>
          <Lead id="k1l56">
            <Parent ref="k1l55"/>
            <Statement>Siliqua fusiform; petals yellow or with some lavender</Statement>
          </Lead>
          <Lead id="k1l61">
            <Parent ref="k1l55"/>
            <Statement>Siliqua linear; petals white</Statement>
            <TaxonName ref="i43"/>
          </Lead>
          <Lead id="k1l57">
            <Parent ref="k1l56"/>
            <Statement>Pedicels erect to spreading; petals with some lavender</Statement>
          </Lead>
          <Lead id="k1l60">
            <Parent ref="k1l56"/>
            <Statement>Pedicels recurved; petals yellow</Statement>
            <TaxonName ref="i48"/>
          </Lead>
          <Lead id="k1l58">
            <Parent ref="k1l57"/>
            <Statement>Siliqua glabrous or with a few scattered hairs</Statement>
            <TaxonName ref="i23"/>
          </Lead>
          <Lead id="k1l59">
            <Parent ref="k1l57"/>
            <Statement>Siliqua densely hairy</Statement>
            <TaxonName ref="i29"/>
          </Lead>
          <Lead id="k1l65">
            <Parent ref="k1l64"/>
            <Statement>Silicula distinctly differentiated into 2 parts (valve region and beak)</Statement>
          </Lead>
          <Lead id="k1l76">
            <Parent ref="k1l64"/>
            <Statement>Silicula not distinctly differentiated into valve region and beak</Statement>
          </Lead>
          <Lead id="k1l66">
            <Parent ref="k1l65"/>
            <Statement>Beak rounded to conical</Statement>
          </Lead>
          <Lead id="k1l75">
            <Parent ref="k1l65"/>
            <Statement>Beak flattened and leaf-like</Statement>
            <TaxonName ref="i13"/>
          </Lead>
          <Lead id="k1l67">
            <Parent ref="k1l66"/>
            <Statement>Silicula less than 10 mm long</Statement>
          </Lead>
          <Lead id="k1l74">
            <Parent ref="k1l66"/>
            <Statement>Silicula more than 10 mm long</Statement>
            <TaxonName ref="i7"/>
          </Lead>
          <Lead id="k1l68">
            <Parent ref="k1l67"/>
            <Statement>Beak or upper segment containing seeds</Statement>
          </Lead>
          <Lead id="k1l71">
            <Parent ref="k1l67"/>
            <Statement>Beak seedless</Statement>
          </Lead>
          <Lead id="k1l69">
            <Parent ref="k1l68"/>
            <Statement>Petals about 3 mm long, white; valves smooth</Statement>
            <TaxonName ref="i18"/>
          </Lead>
          <Lead id="k1l70">
            <Parent ref="k1l68"/>
            <Statement>Petals 5-10 mm long, yellow; valves rough</Statement>
            <TaxonName ref="i46"/>
          </Lead>
          <Lead id="k1l72">
            <Parent ref="k1l71"/>
            <Statement>Plant hairy; silicula not obcordate</Statement>
            <TaxonName ref="i27"/>
          </Lead>
          <Lead id="k1l73">
            <Parent ref="k1l71"/>
            <Statement>Plant glabrous; silicula obcordate</Statement>
            <TaxonName ref="i41"/>
          </Lead>
          <Lead id="k1l77">
            <Parent ref="k1l76"/>
            <Statement>Silicula with one seed per locule</Statement>
          </Lead>
          <Lead id="k1l86">
            <Parent ref="k1l76"/>
            <Statement>Silicula with more than one seed per locule</Statement>
          </Lead>
          <Lead id="k1l78">
            <Parent ref="k1l77"/>
            <Statement>Silicula with a narrow septum and keeled valves</Statement>
          </Lead>
          <Lead id="k1l83">
            <Parent ref="k1l77"/>
            <Statement>Silicula with a broad septum and flat or rounded valves</Statement>
          </Lead>
          <Lead id="k1l79">
            <Parent ref="k1l78"/>
            <Statement>Silicula indehiscent but sometimes breaking into 1-seeded units</Statement>
          </Lead>
          <Lead id="k1l82">
            <Parent ref="k1l78"/>
            <Statement>Silicula dehiscent</Statement>
            <TaxonName ref="i34"/>
          </Lead>
          <Lead id="k1l80">
            <Parent ref="k1l79"/>
            <Statement>Silicula smooth</Statement>
            <TaxonName ref="i11"/>
          </Lead>
          <Lead id="k1l81">
            <Parent ref="k1l79"/>
            <Statement>Silicula warted and/or pitted</Statement>
            <TaxonName ref="i17"/>
          </Lead>
          <Lead id="k1l84">
            <Parent ref="k1l83"/>
            <Statement>Silicula flattened</Statement>
            <TaxonName ref="i35"/>
          </Lead>
          <Lead id="k1l85">
            <Parent ref="k1l83"/>
            <Statement>Silicula globose</Statement>
            <TaxonName ref="i42"/>
          </Lead>
          <Lead id="k1l87">
            <Parent ref="k1l86"/>
            <Statement>Silicula with a narrow replum; valves winged or keeled</Statement>
          </Lead>
          <Lead id="k1l104">
            <Parent ref="k1l86"/>
            <Statement>Silicula with a broad replum; valves not winged or keeled</Statement>
          </Lead>
          <Lead id="k1l88">
            <Parent ref="k1l87"/>
            <Statement>Plants glabrous or with simple hairs only</Statement>
          </Lead>
          <Lead id="k1l99">
            <Parent ref="k1l87"/>
            <Statement>Plants hairy, at least some of the hairs branched</Statement>
          </Lead>
          <Lead id="k1l89">
            <Parent ref="k1l88"/>
            <Statement>Silicula keeled</Statement>
          </Lead>
          <Lead id="k1l94">
            <Parent ref="k1l88"/>
            <Statement>Silicula winged</Statement>
          </Lead>
          <Lead id="k1l90">
            <Parent ref="k1l89"/>
            <Statement>Seeds few, 12 or less per locule</Statement>
          </Lead>
          <Lead id="k1l93">
            <Parent ref="k1l89"/>
            <Statement>Seeds many, up to 70 per locule</Statement>
            <TaxonName ref="i12"/>
          </Lead>
          <Lead id="k1l91">
            <Parent ref="k1l90"/>
            <Statement>Silicula round; branching of the stem not zigzag</Statement>
            <TaxonName ref="i19"/>
          </Lead>
          <Lead id="k1l92">
            <Parent ref="k1l90"/>
            <Statement>Silicula elongate; branching of stem zigzag</Statement>
            <TaxonName ref="i32"/>
          </Lead>
          <Lead id="k1l95">
            <Parent ref="k1l94"/>
            <Statement>Petals all similar, or absent</Statement>
          </Lead>
          <Lead id="k1l98">
            <Parent ref="k1l94"/>
            <Statement>Petals 2 long and 2 short</Statement>
            <TaxonName ref="i52"/>
          </Lead>
          <Lead id="k1l96">
            <Parent ref="k1l95"/>
            <Statement>Petals absent</Statement>
            <TaxonName ref="i40"/>
          </Lead>
          <Lead id="k1l97">
            <Parent ref="k1l95"/>
            <Statement>Petals present</Statement>
            <TaxonName ref="i53"/>
          </Lead>
          <Lead id="k1l100">
            <Parent ref="k1l99"/>
            <Statement>Simple and stellate hairs present</Statement>
          </Lead>
          <Lead id="k1l103">
            <Parent ref="k1l99"/>
            <Statement>Hairs all bifid</Statement>
            <TaxonName ref="i44"/>
          </Lead>
          <Lead id="k1l101">
            <Parent ref="k1l100"/>
            <Statement>Silicula more than 5 mm long</Statement>
            <TaxonName ref="i9"/>
          </Lead>
          <Lead id="k1l102">
            <Parent ref="k1l100"/>
            <Statement>Silicula less than 5 mm long</Statement>
            <TaxonName ref="i40"/>
          </Lead>
          <Lead id="k1l105">
            <Parent ref="k1l104"/>
            <Statement>Petals threadlike, acute, or bifid</Statement>
          </Lead>
          <Lead id="k1l108">
            <Parent ref="k1l104"/>
            <Statement>Petals somewhat obtuse (or emarginate), entire</Statement>
          </Lead>
          <Lead id="k1l106">
            <Parent ref="k1l105"/>
            <Statement>Petals bifid</Statement>
            <TaxonName ref="i24"/>
          </Lead>
          <Lead id="k1l107">
            <Parent ref="k1l105"/>
            <Statement>Petals entire, threadlike and/or acute</Statement>
            <TaxonName ref="i51"/>
          </Lead>
          <Lead id="k1l109">
            <Parent ref="k1l108"/>
            <Statement>Silicula with septum complete</Statement>
          </Lead>
          <Lead id="k1l124">
            <Parent ref="k1l108"/>
            <Statement>Silicula with septum incomplete or absent</Statement>
            <TaxonName ref="i39"/>
          </Lead>
          <Lead id="k1l110">
            <Parent ref="k1l109"/>
            <Statement>Silicula aerial</Statement>
          </Lead>
          <Lead id="k1l123">
            <Parent ref="k1l109"/>
            <Statement>Silicula subterranean</Statement>
            <TaxonName ref="i28"/>
          </Lead>
          <Lead id="k1l111">
            <Parent ref="k1l110"/>
            <Statement>Staminal filaments without appendage; hairs, if stellate, not appressed</Statement>
          </Lead>
          <Lead id="k1l122">
            <Parent ref="k1l110"/>
            <Statement>Staminal filaments with appendage; hairs stellate, appressed</Statement>
            <TaxonName ref="i0"/>
          </Lead>
          <Lead id="k1l112">
            <Parent ref="k1l111"/>
            <Statement>Hairs absent or all simple</Statement>
          </Lead>
          <Lead id="k1l115">
            <Parent ref="k1l111"/>
            <Statement>Hairs present, at least some branched</Statement>
          </Lead>
          <Lead id="k1l113">
            <Parent ref="k1l112"/>
            <Statement>Valves flat</Statement>
            <TaxonName ref="i36"/>
          </Lead>
          <Lead id="k1l114">
            <Parent ref="k1l112"/>
            <Statement>Valves convex</Statement>
            <TaxonName ref="i47"/>
          </Lead>
          <Lead id="k1l116">
            <Parent ref="k1l115"/>
            <Statement>Some or all leaves petiolate, petioles not winged; bases various</Statement>
          </Lead>
          <Lead id="k1l121">
            <Parent ref="k1l115"/>
            <Statement>Leaves all sessile, or winged-petiolate; bases auriculate</Statement>
            <TaxonName ref="i8"/>
          </Lead>
          <Lead id="k1l117">
            <Parent ref="k1l116"/>
            <Statement>Petals less than 4 mm long</Statement>
          </Lead>
          <Lead id="k1l120">
            <Parent ref="k1l116"/>
            <Statement>Petals more than 4 mm long</Statement>
            <TaxonName ref="i23"/>
          </Lead>
          <Lead id="k1l118">
            <Parent ref="k1l117"/>
            <Statement>Seeds up to 6 per loculus</Statement>
            <TaxonName ref="i3"/>
          </Lead>
          <Lead id="k1l119">
            <Parent ref="k1l117"/>
            <Statement>Seeds more than 6 per loculus</Statement>
            <TaxonName ref="i22"/>
          </Lead>
        </Leads>
      </IdentificationKey>
    </IdentificationKeys>
  </Dataset>
</Datasets>
