<?xml version="1.0" encoding="UTF-8"?>
<Datasets xmlns="http://rs.tdwg.org/UBIF/2006/" xmlns:xsi="http://www.w3.org/2001/XMLSchema-instance" xsi:schemaLocation="http://rs.tdwg.org/UBIF/2006/ http://rs.tdwg.org/UBIF/2006/Schema/1.1/SDD.xsd">
  <TechnicalMetadata created="2014-12-08T01:22:16">
    <Generator name="KeyBase SDD export" version="0"/>
  </TechnicalMetadata>
  <Dataset xml:lang="en-au">
    <Representation>
      <Label xml:lang="en">Genera of Atherospermataceae</Label>
    </Representation>
    <TaxonNames>
      <TaxonName id="i0">
        <Representation>
          <Label>Atherosperma moschatum</Label>
        </Representation>
      </TaxonName>
      <TaxonName id="i1">
        <Representation>
          <Label>Daphnandra</Label>
        </Representation>
      </TaxonName>
      <TaxonName id="i2">
        <Representation>
          <Label>Doryphora</Label>
        </Representation>
      </TaxonName>
      <TaxonName id="i3">
        <Representation>
          <Label>Dryadodaphne trachyphloia</Label>
        </Representation>
      </TaxonName>
    </TaxonNames>
    <IdentificationKeys>
      <IdentificationKey id="k1">
        <Representation>
          <Label xml:lang="en">Genera of Atherospermataceae</Label>
        </Representation>
        <Leads>
          <Lead id="k1l1">
            <Statement>Flowers enclosed by 2 large ±persistent bracts; stamens with an elongated connective or if connective lacking then flowers solitary</Statement>
          </Lead>
          <Lead id="k1l4">
            <Statement>Flowers with small non-persistent bracts; stamens without an elongated aristate connective; flowers never solitary</Statement>
          </Lead>
          <Lead id="k1l2">
            <Parent ref="k1l1"/>
            <Statement>Flowers bisexual, in threes; stamens with an elongated aristate connective; leaves glabrous</Statement>
            <TaxonName ref="i2"/>
          </Lead>
          <Lead id="k1l3">
            <Parent ref="k1l1"/>
            <Statement>Flowers unisexual, solitary; stamens lacking an elongated connective; leaves densely grey to white pubescent beneath, rarely glabrescent</Statement>
            <TaxonName ref="i0"/>
          </Lead>
          <Lead id="k1l5">
            <Parent ref="k1l4"/>
            <Statement>Perianth and androecium persistent in fruiting hypanthium; achenes completely silky-hirsute</Statement>
            <TaxonName ref="i1"/>
          </Lead>
          <Lead id="k1l6">
            <Parent ref="k1l4"/>
            <Statement>Perianth and (usually) androecium not persistent in fruiting hypanthium; achenes silky-hirsute down one side</Statement>
            <TaxonName ref="i3"/>
          </Lead>
        </Leads>
      </IdentificationKey>
    </IdentificationKeys>
  </Dataset>
</Datasets>
