<?xml version="1.0" encoding="UTF-8"?>
<Datasets xmlns="http://rs.tdwg.org/UBIF/2006/" xmlns:xsi="http://www.w3.org/2001/XMLSchema-instance" xsi:schemaLocation="http://rs.tdwg.org/UBIF/2006/ http://rs.tdwg.org/UBIF/2006/Schema/1.1/SDD.xsd">
  <TechnicalMetadata created="2014-12-08T01:23:55">
    <Generator name="KeyBase SDD export" version="0"/>
  </TechnicalMetadata>
  <Dataset xml:lang="en-au">
    <Representation>
      <Label xml:lang="en">Genera of Araceae</Label>
    </Representation>
    <TaxonNames>
      <TaxonName id="i0">
        <Representation>
          <Label>Arum</Label>
        </Representation>
      </TaxonName>
      <TaxonName id="i1">
        <Representation>
          <Label>Landoltia</Label>
        </Representation>
      </TaxonName>
      <TaxonName id="i2">
        <Representation>
          <Label>Lemna</Label>
        </Representation>
      </TaxonName>
      <TaxonName id="i3">
        <Representation>
          <Label>Lysichiton</Label>
        </Representation>
      </TaxonName>
      <TaxonName id="i4">
        <Representation>
          <Label>Peltandra virginica</Label>
        </Representation>
      </TaxonName>
      <TaxonName id="i5">
        <Representation>
          <Label>Pistia</Label>
        </Representation>
      </TaxonName>
      <TaxonName id="i6">
        <Representation>
          <Label>Spirodela</Label>
        </Representation>
      </TaxonName>
      <TaxonName id="i7">
        <Representation>
          <Label>Wolffia</Label>
        </Representation>
      </TaxonName>
      <TaxonName id="i8">
        <Representation>
          <Label>Wolffiella</Label>
        </Representation>
      </TaxonName>
      <TaxonName id="i9">
        <Representation>
          <Label>Zantedeschia</Label>
        </Representation>
      </TaxonName>
    </TaxonNames>
    <IdentificationKeys>
      <IdentificationKey id="k1">
        <Representation>
          <Label xml:lang="en">Genera of Araceae</Label>
        </Representation>
        <Leads>
          <Lead id="k1l1">
            <Statement>Plants not reduced, clearly differentiated into stems, leaves; floating aquatics or not; inflorescence a spike, conspicuous; perianth parts 0, 4, 6; stamens 0, 2, 3, 4, 6 (genera treated as Araceae in TJM (1993), minus &lt;i&gt;Acorus&lt;/i&gt;)</Statement>
          </Lead>
          <Lead id="k1l10">
            <Statement>Plants much reduced, not differentiated into stems, leaves; floating aquatics; inflorescence 1-flowered, inconspicuous; perianth parts 0; stamens 1, 2 (genera treated as Lemnaceae in TJM (1993))</Statement>
          </Lead>
          <Lead id="k1l2">
            <Parent ref="k1l1"/>
            <Statement>Plant aquatic, floating; inflorescence +- sessile, inconspicuous among basal leaves</Statement>
            <TaxonName ref="i5"/>
          </Lead>
          <Lead id="k1l3">
            <Parent ref="k1l1"/>
            <Statement>Plant terrestrial or near edge of water; inflorescence peduncled, +- conspicuous</Statement>
          </Lead>
          <Lead id="k1l4">
            <Parent ref="k1l3"/>
            <Statement>Petiole &lt; leaf blade; inflorescence bract yellow</Statement>
            <TaxonName ref="i3"/>
          </Lead>
          <Lead id="k1l5">
            <Parent ref="k1l3"/>
            <Statement>Petiole +- &gt;= leaf blade; inflorescence bract sometimes pale yellow-green but not yellow</Statement>
          </Lead>
          <Lead id="k1l6">
            <Parent ref="k1l5"/>
            <Statement>Peduncle +- &gt;= leaf; inflorescence bract white both surfaces (tip generally pale green)</Statement>
            <TaxonName ref="i9"/>
          </Lead>
          <Lead id="k1l7">
            <Parent ref="k1l5"/>
            <Statement>Peduncle generally &lt;&lt; leaf; inflorescence bract abaxially pale yellow-green, adaxially +- white to pale yellow-green or dark purple, or green both surfaces (margins pale green to white or not)</Statement>
          </Lead>
          <Lead id="k1l8">
            <Parent ref="k1l7"/>
            <Statement>Inflorescence sterile in +- upper 1/2, flowers only in lower 1/2; inflorescence bract abaxially pale yellow-green, adaxially +- white to pale yellow-green or dark purple</Statement>
            <TaxonName ref="i0"/>
          </Lead>
          <Lead id="k1l9">
            <Parent ref="k1l7"/>
            <Statement>Inflorescence fertile throughout; inflorescence bract green both surfaces (margins pale green to white or not)</Statement>
            <TaxonName ref="i4"/>
          </Lead>
          <Lead id="k1l11">
            <Parent ref="k1l10"/>
            <Statement>Roots 0 (see also &lt;i&gt;Lemna trisulca&lt;/i&gt;)</Statement>
          </Lead>
          <Lead id="k1l14">
            <Parent ref="k1l10"/>
            <Statement>Roots present</Statement>
          </Lead>
          <Lead id="k1l12">
            <Parent ref="k1l11"/>
            <Statement>Plant body +- cylindric to nearly spheric, 0.4--1.3 mm</Statement>
            <TaxonName ref="i7"/>
          </Lead>
          <Lead id="k1l13">
            <Parent ref="k1l11"/>
            <Statement>Plant body flat, linear to oblong, 3--10 mm</Statement>
            <TaxonName ref="i8"/>
          </Lead>
          <Lead id="k1l15">
            <Parent ref="k1l14"/>
            <Statement>Root generally 1</Statement>
            <TaxonName ref="i2"/>
          </Lead>
          <Lead id="k1l16">
            <Parent ref="k1l14"/>
            <Statement>Roots generally 2--16</Statement>
          </Lead>
          <Lead id="k1l17">
            <Parent ref="k1l16"/>
            <Statement>Roots generally 2--7; plant body 3--5 mm, veins 3--7; winter buds 0</Statement>
            <TaxonName ref="i1"/>
          </Lead>
          <Lead id="k1l18">
            <Parent ref="k1l16"/>
            <Statement>Roots generally 7--16; plant body 5--10 mm, veins 7--12; winter buds produced</Statement>
            <TaxonName ref="i6"/>
          </Lead>
        </Leads>
      </IdentificationKey>
    </IdentificationKeys>
  </Dataset>
</Datasets>
