<?xml version="1.0" encoding="UTF-8"?>
<Datasets xmlns="http://rs.tdwg.org/UBIF/2006/" xmlns:xsi="http://www.w3.org/2001/XMLSchema-instance" xsi:schemaLocation="http://rs.tdwg.org/UBIF/2006/ http://rs.tdwg.org/UBIF/2006/Schema/1.1/SDD.xsd">
  <TechnicalMetadata created="2014-12-08T01:23:52">
    <Generator name="KeyBase SDD export" version="0"/>
  </TechnicalMetadata>
  <Dataset xml:lang="en-au">
    <Representation>
      <Label xml:lang="en">Genera of Aizoaceae</Label>
    </Representation>
    <TaxonNames>
      <TaxonName id="i0">
        <Representation>
          <Label>Aptenia</Label>
        </Representation>
      </TaxonName>
      <TaxonName id="i1">
        <Representation>
          <Label>Carpobrotus</Label>
        </Representation>
      </TaxonName>
      <TaxonName id="i2">
        <Representation>
          <Label>Conicosia</Label>
        </Representation>
      </TaxonName>
      <TaxonName id="i3">
        <Representation>
          <Label>Cypselea</Label>
        </Representation>
      </TaxonName>
      <TaxonName id="i4">
        <Representation>
          <Label>Delosperma</Label>
        </Representation>
      </TaxonName>
      <TaxonName id="i5">
        <Representation>
          <Label>Drosanthemum</Label>
        </Representation>
      </TaxonName>
      <TaxonName id="i6">
        <Representation>
          <Label>Galenia</Label>
        </Representation>
      </TaxonName>
      <TaxonName id="i7">
        <Representation>
          <Label>Malephora</Label>
        </Representation>
      </TaxonName>
      <TaxonName id="i8">
        <Representation>
          <Label>Mesembryanthemum</Label>
        </Representation>
      </TaxonName>
      <TaxonName id="i9">
        <Representation>
          <Label>Sesuvium</Label>
        </Representation>
      </TaxonName>
      <TaxonName id="i10">
        <Representation>
          <Label>Tetragonia</Label>
        </Representation>
      </TaxonName>
      <TaxonName id="i11">
        <Representation>
          <Label>Trianthema</Label>
        </Representation>
      </TaxonName>
    </TaxonNames>
    <IdentificationKeys>
      <IdentificationKey id="k1">
        <Representation>
          <Label xml:lang="en">Genera of Aizoaceae</Label>
        </Representation>
        <Leads>
          <Lead id="k1l1">
            <Statement>Petals, petal-like stamens 0</Statement>
          </Lead>
          <Lead id="k1l10">
            <Statement>Petals, petal-like stamens many</Statement>
          </Lead>
          <Lead id="k1l2">
            <Parent ref="k1l1"/>
            <Statement>Ovary inferior (subfam. Tetragonioideae)</Statement>
            <TaxonName ref="i10"/>
          </Lead>
          <Lead id="k1l3">
            <Parent ref="k1l1"/>
            <Statement>Ovary +- 1/2-inferior to superior (subfam. Aizooideae)</Statement>
          </Lead>
          <Lead id="k1l4">
            <Parent ref="k1l3"/>
            <Statement>Leaves alternate</Statement>
            <TaxonName ref="i6"/>
          </Lead>
          <Lead id="k1l5">
            <Parent ref="k1l3"/>
            <Statement>Leaves +- opposite</Statement>
          </Lead>
          <Lead id="k1l6">
            <Parent ref="k1l5"/>
            <Statement>Stamens 30; styles (2)3--5; leaves of opposite pair equal</Statement>
            <TaxonName ref="i9"/>
          </Lead>
          <Lead id="k1l7">
            <Parent ref="k1l5"/>
            <Statement>Stamens &lt;= 10; styles 1--2; leaves of opposite pair unequal</Statement>
          </Lead>
          <Lead id="k1l8">
            <Parent ref="k1l7"/>
            <Statement>Stamens generally 3; stipules fringed</Statement>
            <TaxonName ref="i3"/>
          </Lead>
          <Lead id="k1l9">
            <Parent ref="k1l7"/>
            <Statement>Stamens 5--10; stipules of 2 teeth</Statement>
            <TaxonName ref="i11"/>
          </Lead>
          <Lead id="k1l11">
            <Parent ref="k1l10"/>
            <Statement>Placentas axile (subfam. Aptenioideae)</Statement>
          </Lead>
          <Lead id="k1l14">
            <Parent ref="k1l10"/>
            <Statement>Placentas parietal (subfam. Ruschioideae)</Statement>
          </Lead>
          <Lead id="k1l12">
            <Parent ref="k1l11"/>
            <Statement>Sepals, ovary chambers 4</Statement>
            <TaxonName ref="i0"/>
          </Lead>
          <Lead id="k1l13">
            <Parent ref="k1l11"/>
            <Statement>Sepals, ovary chambers (4)5</Statement>
            <TaxonName ref="i8"/>
          </Lead>
          <Lead id="k1l15">
            <Parent ref="k1l14"/>
            <Statement>Fruit fleshy or a capsule, valves separating; stigmas, ovary chambers 8--20</Statement>
          </Lead>
          <Lead id="k1l18">
            <Parent ref="k1l14"/>
            <Statement>Fruit a capsule, valves not separating; stigmas, ovary chambers 4--8(12) (tribe Ruschieae)</Statement>
          </Lead>
          <Lead id="k1l16">
            <Parent ref="k1l15"/>
            <Statement>Basal rosette 0, cauline leaves opposite; fruit fleshy, indehiscent (tribe Carpobroteae)</Statement>
            <TaxonName ref="i1"/>
          </Lead>
          <Lead id="k1l17">
            <Parent ref="k1l15"/>
            <Statement>Basal rosette present, cauline leaves generally alternate; fruit capsule, tardily dehiscent (tribe Apatesieae)</Statement>
            <TaxonName ref="i2"/>
          </Lead>
          <Lead id="k1l19">
            <Parent ref="k1l18"/>
            <Statement>Ovary chambers 8(12)</Statement>
            <TaxonName ref="i7"/>
          </Lead>
          <Lead id="k1l20">
            <Parent ref="k1l18"/>
            <Statement>Ovary chambers 4--6</Statement>
          </Lead>
          <Lead id="k1l21">
            <Parent ref="k1l20"/>
            <Statement>Sepals unequal; stigmas awl-shaped</Statement>
            <TaxonName ref="i4"/>
          </Lead>
          <Lead id="k1l22">
            <Parent ref="k1l20"/>
            <Statement>Sepals equal; stigmas thread-like</Statement>
            <TaxonName ref="i5"/>
          </Lead>
        </Leads>
      </IdentificationKey>
    </IdentificationKeys>
  </Dataset>
</Datasets>
